incident_id,person_id,in_hidden
0,17,0
0,18,0
0,23,0
0,25,0
0,30,0
0,31,0
0,32,0
0,35,0
0,36,0
0,37,0
0,39,0
0,40,0
0,41,0
0,42,0
0,43,0
0,45,0
0,46,0
0,48,0
0,50,0
0,51,0
0,52,0
0,53,0
0,54,0
0,56,0
0,57,0
0,58,0
0,60,0
0,61,0
0,62,0
0,63,0
0,64,0
0,65,0
0,66,0
0,67,0
0,68,0
0,69,0
0,70,0
0,71,0
0,72,0
0,73,0
0,74,0
0,75,0
0,76,0
0,77,0
0,78,0
0,79,0
0,80,0
0,81,0
0,82,0
0,83,0
0,84,0
0,85,0
0,86,0
0,87,0
0,88,0
0,89,0
0,90,0
0,91,0
0,92,0
0,93,0
0,94,1
0,95,0
0,96,0
0,97,0
0,98,0
0,99,0
0,100,0
0,101,0
0,102,0
0,103,0
0,104,0
0,105,1
0,106,0
0,107,1
0,108,0
0,109,0
0,110,1
0,111,0
0,112,1
0,113,1
0,114,1
0,115,0
0,116,1
0,117,0
0,118,1
0,119,1
0,120,0
0,121,0
0,122,0
0,123,0
0,124,1
0,125,0
0,126,0
0,127,1
0,128,0
0,129,1
0,130,1
0,131,0
0,132,0
0,133,0
0,134,0
0,135,0
0,136,0
0,137,0
0,138,0
0,139,1
0,140,1
0,141,0
0,142,1
0,143,0
0,144,0
0,145,1
0,146,0
0,147,0
0,148,0
0,149,0
0,150,0
0,151,1
0,152,0
0,153,0
0,154,0
0,155,0
0,156,0
0,157,0
0,158,0
0,159,0
0,160,0
0,161,0
0,162,0
0,163,0
0,164,0
0,165,0
0,166,0
0,167,0
0,168,0
0,169,0
0,170,0
0,171,0
0,172,0
0,173,0
0,174,0
0,175,0
0,176,0
0,177,0
0,178,0
0,179,0
0,180,0
0,181,0
0,182,0
0,183,0
0,184,0
0,185,0
0,186,0
0,187,0
0,188,0
0,189,0
0,190,0
0,191,0
0,192,0
0,193,0
0,194,0
0,195,0
0,196,0
0,197,0
0,198,0
0,199,0
0,200,0
0,201,0
0,202,0
0,203,0
0,204,0
0,205,0
0,206,0
0,207,0
0,208,0
0,209,0
0,210,0
0,211,0
0,212,0
0,213,0
0,214,0
0,215,0
0,216,0
0,217,0
0,218,0
0,219,0
0,220,0
0,221,0
0,222,0
0,223,0
0,224,0
0,225,0
0,226,0
0,227,0
0,228,0
0,229,0
0,230,0
0,231,0
0,232,0
0,233,0
0,234,0
0,235,0
0,236,0
0,237,0
0,238,0
0,239,0
0,240,0
0,241,0
0,242,0
0,243,0
0,244,0
0,245,0
0,246,0
0,247,0
0,248,0
0,249,0
0,250,0
0,251,0
0,252,0
0,253,0
0,254,0
0,255,0
0,256,0
0,257,0
1,25,0
1,31,0
1,37,0
1,41,0
1,46,0
1,54,0
1,63,0
1,68,0
1,70,0
1,71,0
1,73,0
1,75,0
1,76,0
1,77,0
1,78,0
1,79,0
1,80,0
1,81,0
1,82,0
1,83,0
1,84,0
1,85,0
1,86,0
1,87,0
1,88,0
1,89,0
1,90,0
1,91,0
1,92,0
1,93,0
1,94,0
1,95,0
1,96,0
1,97,0
1,98,0
1,99,0
1,100,0
1,101,0
1,102,0
1,103,0
1,104,0
1,105,0
1,106,0
1,107,0
1,108,0
1,109,0
1,110,0
1,111,0
1,112,0
1,113,0
1,114,1
1,115,0
1,116,0
1,117,0
1,118,0
1,119,0
1,120,0
1,121,0
1,122,0
1,123,0
1,124,0
1,125,0
1,126,0
1,127,0
1,128,0
1,129,0
1,130,0
1,131,0
1,132,0
1,133,1
1,134,0
1,135,1
1,136,0
1,137,1
1,138,0
1,139,0
1,140,0
1,141,0
1,142,0
1,143,0
1,144,0
1,145,0
1,146,0
1,147,0
1,148,1
1,149,0
1,150,0
1,151,0
1,152,0
1,153,0
1,154,0
1,155,0
1,156,0
1,157,1
1,158,1
1,159,0
1,160,0
1,161,0
1,162,1
1,163,0
1,164,1
1,165,0
1,166,0
1,167,0
1,168,0
1,169,0
1,170,0
1,171,1
1,172,1
1,173,1
1,174,0
1,175,0
1,176,0
1,177,0
1,178,0
1,179,0
1,180,0
1,181,0
1,182,1
1,183,0
1,184,0
1,185,0
1,186,0
1,187,1
1,188,0
1,189,0
1,190,0
1,191,0
1,192,0
1,193,0
1,194,0
1,195,0
1,196,0
1,197,0
1,198,0
1,199,0
1,200,0
1,201,0
1,202,0
1,203,0
1,204,0
1,205,0
1,206,0
1,207,0
1,208,0
1,209,0
1,210,0
1,211,0
1,212,0
1,213,0
1,214,0
1,215,0
1,216,0
1,217,0
1,218,0
1,219,0
1,220,0
1,221,0
1,222,0
1,223,0
1,224,0
1,225,0
1,226,0
1,227,0
1,228,0
1,229,0
1,230,0
1,231,0
1,232,0
1,233,0
1,234,0
1,235,0
1,236,0
1,237,0
1,238,0
1,239,0
1,240,0
1,241,0
1,242,0
1,243,0
1,244,0
1,245,0
1,246,0
1,247,0
1,248,0
1,249,0
1,250,0
1,251,0
1,252,0
1,253,0
1,254,0
1,255,0
1,256,0
1,257,0
1,258,0
1,259,0
1,260,0
1,261,0
1,262,0
1,263,0
1,264,0
1,265,0
1,266,0
1,267,0
1,268,0
1,269,0
1,270,0
1,271,0
1,272,0
1,273,0
1,274,0
1,275,0
1,276,0
2,25,0
2,31,0
2,37,0
2,41,0
2,54,0
2,63,0
2,68,0
2,70,0
2,71,0
2,73,0
2,75,0
2,76,0
2,77,0
2,78,0
2,79,0
2,80,0
2,81,0
2,82,0
2,83,0
2,84,0
2,85,0
2,86,0
2,87,0
2,88,0
2,89,0
2,90,0
2,91,0
2,92,0
2,93,0
2,94,0
2,95,0
2,96,0
2,97,0
2,98,0
2,99,0
2,100,0
2,101,0
2,102,0
2,103,0
2,104,0
2,105,0
2,106,0
2,107,0
2,108,0
2,109,0
2,110,0
2,111,0
2,112,0
2,113,0
2,114,1
2,115,0
2,116,0
2,117,0
2,118,0
2,119,0
2,120,0
2,121,0
2,122,0
2,123,0
2,124,0
2,125,0
2,126,0
2,127,0
2,128,0
2,129,0
2,130,0
2,131,0
2,132,0
2,133,1
2,134,0
2,135,1
2,136,0
2,137,1
2,138,0
2,139,0
2,140,0
2,141,0
2,142,0
2,143,0
2,144,0
2,145,0
2,146,0
2,147,0
2,148,1
2,149,0
2,150,0
2,151,0
2,152,0
2,153,0
2,154,1
2,155,1
2,156,0
2,157,1
2,158,1
2,159,1
2,160,0
2,161,0
2,162,1
2,163,1
2,164,1
2,165,0
2,166,0
2,167,0
2,168,0
2,169,0
2,170,1
2,171,1
2,172,1
2,173,1
2,174,0
2,175,0
2,176,0
2,177,0
2,178,0
2,179,0
2,180,0
2,181,0
2,182,1
2,183,0
2,184,0
2,185,0
2,186,0
2,187,1
2,188,0
2,189,0
2,190,0
2,191,0
2,192,0
2,193,0
2,194,0
2,195,0
2,196,0
2,197,0
2,198,0
2,199,0
2,200,0
2,201,0
2,202,0
2,203,0
2,204,0
2,205,0
2,206,0
2,207,0
2,208,0
2,209,0
2,210,0
2,211,0
2,212,0
2,213,0
2,214,0
2,215,0
2,216,0
2,217,0
2,218,0
2,219,0
2,220,0
2,221,0
2,222,0
2,223,0
2,224,0
2,225,0
2,226,0
2,227,0
2,228,0
2,229,0
2,230,0
2,231,0
2,232,0
2,233,0
2,234,0
2,235,0
2,236,0
2,237,0
2,238,0
2,239,0
2,240,0
2,241,0
2,242,0
2,243,0
2,244,0
2,245,0
2,246,0
2,247,0
2,248,0
2,249,0
2,250,0
2,251,0
2,252,0
2,253,0
2,254,0
2,255,0
2,256,0
2,257,0
2,258,0
2,259,0
2,260,0
2,261,0
2,262,0
2,263,0
2,264,0
2,265,0
2,266,0
2,267,0
2,268,0
2,269,0
2,270,0
2,271,0
2,272,0
2,273,0
2,274,0
2,275,0
2,276,0
2,277,0
3,37,0
3,54,0
3,68,0
3,75,0
3,76,0
3,78,0
3,79,0
3,80,0
3,81,0
3,82,0
3,83,0
3,84,0
3,86,0
3,88,0
3,89,0
3,90,0
3,91,0
3,92,0
3,93,0
3,94,0
3,95,0
3,96,0
3,97,0
3,98,0
3,99,0
3,100,0
3,101,0
3,102,0
3,103,0
3,104,0
3,105,0
3,106,0
3,107,0
3,108,0
3,109,0
3,110,0
3,111,0
3,112,0
3,113,0
3,114,0
3,115,0
3,116,0
3,117,0
3,118,0
3,119,0
3,120,0
3,121,0
3,122,0
3,123,0
3,124,0
3,125,0
3,126,0
3,127,0
3,128,0
3,129,0
3,130,0
3,131,0
3,132,0
3,133,0
3,134,0
3,135,0
3,136,0
3,137,1
3,138,0
3,139,0
3,140,0
3,141,0
3,142,0
3,143,0
3,144,0
3,145,0
3,146,0
3,147,0
3,148,1
3,149,0
3,150,0
3,151,0
3,152,0
3,153,0
3,154,1
3,155,1
3,156,0
3,157,0
3,158,0
3,159,0
3,160,0
3,161,0
3,162,0
3,163,1
3,164,0
3,165,0
3,166,0
3,167,0
3,168,0
3,169,1
3,170,0
3,171,0
3,172,0
3,173,0
3,174,1
3,175,1
3,176,1
3,177,0
3,178,0
3,179,1
3,180,1
3,181,0
3,182,0
3,183,0
3,184,0
3,185,0
3,186,0
3,187,0
3,188,0
3,189,0
3,190,1
3,191,1
3,192,1
3,193,1
3,194,1
3,195,0
3,196,0
3,197,1
3,198,1
3,199,0
3,200,0
3,201,1
3,202,0
3,203,1
3,204,1
3,205,0
3,206,0
3,207,0
3,208,0
3,209,0
3,210,0
3,211,0
3,212,0
3,213,0
3,214,1
3,215,1
3,216,1
3,217,0
3,218,0
3,219,0
3,220,0
3,221,0
3,222,0
3,223,0
3,224,0
3,225,0
3,226,0
3,227,0
3,228,0
3,229,0
3,230,0
3,231,0
3,232,0
3,233,0
3,234,0
3,235,0
3,236,0
3,237,0
3,238,0
3,239,0
3,240,0
3,241,0
3,242,0
3,243,0
3,244,0
3,245,0
3,246,0
3,247,0
3,248,0
3,249,0
3,250,0
3,251,0
3,252,0
3,253,0
3,254,0
3,255,0
3,256,0
3,257,0
3,258,0
3,259,0
3,260,0
3,261,0
3,262,0
3,263,0
3,264,0
3,265,0
3,266,0
3,267,0
3,268,0
3,269,0
3,270,0
3,271,0
3,272,0
3,273,0
3,274,0
3,275,0
3,276,0
3,277,0
3,278,0
3,279,0
3,280,0
3,281,0
3,282,0
3,283,0
3,284,0
3,285,0
3,286,0
3,287,0
3,288,0
3,289,0
3,290,0
3,291,0
3,292,0
3,293,0
4,37,0
4,54,0
4,68,0
4,75,0
4,76,0
4,78,0
4,79,0
4,80,0
4,81,0
4,82,0
4,83,0
4,86,0
4,88,0
4,89,0
4,90,0
4,91,0
4,92,0
4,93,0
4,94,0
4,95,0
4,96,0
4,97,0
4,98,0
4,99,0
4,100,0
4,101,0
4,102,0
4,103,0
4,104,0
4,105,0
4,106,0
4,107,0
4,108,0
4,109,0
4,110,0
4,111,0
4,112,0
4,113,0
4,114,0
4,115,0
4,116,0
4,117,0
4,118,0
4,119,0
4,120,0
4,121,0
4,122,0
4,123,0
4,124,0
4,125,0
4,126,0
4,127,0
4,128,0
4,129,0
4,130,0
4,131,0
4,132,0
4,133,0
4,134,0
4,135,0
4,136,0
4,137,1
4,138,0
4,139,0
4,140,0
4,141,0
4,142,0
4,143,0
4,144,0
4,145,0
4,146,0
4,147,0
4,148,0
4,149,0
4,150,0
4,151,0
4,152,0
4,153,0
4,154,1
4,155,0
4,156,0
4,157,0
4,158,0
4,159,0
4,160,0
4,161,0
4,162,0
4,163,0
4,164,0
4,165,0
4,166,0
4,167,0
4,168,0
4,169,1
4,170,0
4,171,0
4,172,0
4,173,0
4,174,1
4,175,1
4,176,0
4,177,0
4,178,0
4,179,1
4,180,1
4,181,0
4,182,0
4,183,0
4,184,0
4,185,0
4,186,0
4,187,0
4,188,0
4,189,0
4,190,1
4,191,1
4,192,1
4,193,1
4,194,0
4,195,1
4,196,0
4,197,1
4,198,1
4,199,0
4,200,0
4,201,0
4,202,0
4,203,1
4,204,1
4,205,0
4,206,0
4,207,0
4,208,1
4,209,0
4,210,0
4,211,1
4,212,0
4,213,0
4,214,1
4,215,1
4,216,1
4,217,0
4,218,0
4,219,0
4,220,0
4,221,0
4,222,0
4,223,0
4,224,0
4,225,0
4,226,0
4,227,0
4,228,0
4,229,0
4,230,0
4,231,0
4,232,0
4,233,0
4,234,0
4,235,0
4,236,0
4,237,0
4,238,0
4,239,0
4,240,0
4,241,0
4,242,0
4,243,0
4,244,0
4,245,0
4,246,0
4,247,0
4,248,0
4,249,0
4,250,0
4,251,0
4,252,0
4,253,0
4,254,0
4,255,0
4,256,0
4,257,0
4,258,0
4,259,0
4,260,0
4,261,0
4,262,0
4,263,0
4,264,0
4,265,0
4,266,0
4,267,0
4,268,0
4,269,0
4,270,0
4,271,0
4,272,0
4,273,0
4,274,0
4,275,0
4,276,0
4,277,0
4,278,0
4,279,0
4,280,0
4,281,0
4,282,0
4,283,0
4,284,0
4,285,0
4,286,0
4,287,0
4,288,0
4,289,0
4,290,0
4,291,0
4,292,0
4,293,0
4,294,0
4,295,0
4,296,0
4,297,0
4,298,0
4,299,0
4,300,0
5,54,0
5,68,0
5,78,0
5,81,0
5,83,0
5,86,0
5,88,0
5,89,0
5,91,0
5,93,0
5,94,0
5,95,0
5,96,0
5,97,0
5,100,0
5,102,0
5,103,0
5,105,0
5,106,0
5,107,0
5,108,0
5,109,0
5,110,0
5,111,0
5,112,0
5,113,0
5,114,0
5,115,0
5,116,0
5,117,0
5,118,0
5,119,0
5,120,0
5,121,0
5,122,0
5,123,0
5,124,0
5,125,0
5,126,0
5,127,0
5,128,0
5,129,0
5,130,0
5,131,0
5,132,0
5,133,0
5,134,0
5,135,0
5,136,0
5,137,0
5,138,0
5,139,0
5,140,0
5,141,0
5,142,0
5,143,0
5,144,0
5,145,0
5,146,0
5,147,0
5,148,0
5,149,0
5,150,0
5,151,0
5,152,0
5,153,0
5,154,0
5,155,0
5,156,0
5,157,0
5,158,0
5,159,0
5,160,0
5,161,0
5,162,0
5,163,0
5,164,0
5,165,0
5,166,0
5,167,0
5,168,0
5,169,1
5,170,0
5,171,0
5,172,0
5,173,0
5,174,0
5,175,1
5,176,0
5,177,0
5,178,0
5,179,0
5,180,1
5,181,0
5,182,0
5,183,0
5,184,0
5,185,0
5,186,0
5,187,0
5,188,0
5,189,0
5,190,1
5,191,1
5,192,1
5,193,0
5,194,0
5,195,1
5,196,0
5,197,0
5,198,1
5,199,0
5,200,0
5,201,0
5,202,0
5,203,0
5,204,1
5,205,0
5,206,0
5,207,0
5,208,1
5,209,1
5,210,0
5,211,1
5,212,0
5,213,0
5,214,1
5,215,1
5,216,1
5,217,1
5,218,0
5,219,0
5,220,0
5,221,0
5,222,0
5,223,0
5,224,0
5,225,0
5,226,1
5,227,0
5,228,0
5,229,0
5,230,0
5,231,1
5,232,0
5,233,0
5,234,0
5,235,0
5,236,0
5,237,0
5,238,0
5,239,0
5,240,0
5,241,0
5,242,0
5,243,0
5,244,0
5,245,0
5,246,0
5,247,0
5,248,0
5,249,0
5,250,0
5,251,0
5,252,0
5,253,0
5,254,0
5,255,0
5,256,0
5,257,0
5,258,0
5,259,0
5,260,0
5,261,0
5,262,0
5,263,0
5,264,0
5,265,0
5,266,0
5,267,0
5,268,0
5,269,0
5,270,0
5,271,0
5,272,0
5,273,0
5,274,0
5,275,0
5,276,0
5,277,0
5,278,0
5,279,0
5,280,0
5,281,0
5,282,0
5,283,0
5,284,0
5,285,0
5,286,0
5,287,0
5,288,0
5,289,0
5,290,0
5,291,0
5,292,0
5,293,0
5,294,0
5,295,0
5,296,0
5,297,0
5,298,0
5,299,0
5,300,0
5,301,0
5,302,0
5,303,0
5,304,0
5,305,0
5,306,0
5,307,0
5,308,0
5,309,0
5,310,0
6,54,0
6,68,0
6,78,0
6,81,0
6,83,0
6,86,0
6,88,0
6,89,0
6,91,0
6,93,0
6,94,0
6,95,0
6,96,0
6,97,0
6,100,0
6,102,0
6,105,0
6,106,0
6,107,0
6,108,0
6,109,0
6,110,0
6,111,0
6,112,0
6,113,0
6,114,0
6,115,0
6,116,0
6,117,0
6,118,0
6,119,0
6,120,0
6,121,0
6,122,0
6,123,0
6,124,0
6,125,0
6,126,0
6,127,0
6,128,0
6,129,0
6,130,0
6,131,0
6,132,0
6,133,0
6,134,0
6,135,0
6,136,0
6,137,0
6,138,0
6,139,0
6,140,0
6,141,0
6,142,0
6,143,0
6,144,0
6,145,0
6,146,0
6,147,0
6,148,0
6,149,0
6,150,0
6,151,0
6,152,0
6,153,0
6,154,0
6,155,0
6,156,0
6,157,0
6,158,0
6,159,0
6,160,0
6,161,0
6,162,0
6,163,0
6,164,0
6,165,0
6,166,0
6,167,0
6,168,0
6,169,1
6,170,0
6,171,0
6,172,0
6,173,0
6,174,0
6,175,1
6,176,0
6,177,0
6,178,0
6,179,0
6,180,0
6,181,0
6,182,0
6,183,0
6,184,0
6,185,0
6,186,0
6,187,0
6,188,0
6,189,0
6,190,1
6,191,1
6,192,1
6,193,0
6,194,0
6,195,1
6,196,0
6,197,0
6,198,1
6,199,0
6,200,0
6,201,0
6,202,0
6,203,0
6,204,1
6,205,0
6,206,0
6,207,0
6,208,1
6,209,1
6,210,0
6,211,1
6,212,1
6,213,0
6,214,1
6,215,0
6,216,1
6,217,1
6,218,0
6,219,0
6,220,0
6,221,0
6,222,1
6,223,0
6,224,0
6,225,0
6,226,1
6,227,0
6,228,0
6,229,0
6,230,0
6,231,1
6,232,0
6,233,0
6,234,0
6,235,0
6,236,0
6,237,0
6,238,0
6,239,0
6,240,0
6,241,0
6,242,0
6,243,0
6,244,0
6,245,0
6,246,0
6,247,0
6,248,0
6,249,0
6,250,0
6,251,0
6,252,0
6,253,0
6,254,0
6,255,0
6,256,0
6,257,0
6,258,0
6,259,0
6,260,0
6,261,0
6,262,0
6,263,0
6,264,0
6,265,0
6,266,0
6,267,0
6,268,0
6,269,0
6,270,0
6,271,0
6,272,0
6,273,0
6,274,0
6,275,0
6,276,0
6,277,0
6,278,0
6,279,0
6,280,0
6,281,0
6,282,0
6,283,0
6,284,0
6,285,0
6,286,0
6,287,0
6,288,0
6,289,0
6,290,0
6,291,0
6,292,0
6,293,0
6,294,0
6,295,0
6,296,0
6,297,0
6,298,0
6,299,0
6,300,0
6,301,0
6,302,0
6,303,0
6,304,0
6,305,0
6,306,0
6,307,0
6,308,0
6,309,0
6,310,0
6,311,0
7,81,0
7,89,0
7,94,0
7,95,0
7,107,0
7,108,0
7,110,0
7,112,0
7,113,0
7,114,0
7,116,0
7,118,0
7,123,0
7,124,0
7,126,0
7,127,0
7,128,0
7,129,0
7,130,0
7,131,0
7,132,0
7,133,0
7,135,0
7,137,0
7,138,0
7,139,0
7,140,0
7,141,0
7,142,0
7,143,0
7,145,0
7,146,0
7,147,0
7,148,0
7,149,0
7,150,0
7,151,0
7,152,0
7,153,0
7,154,0
7,155,0
7,156,0
7,157,0
7,158,0
7,159,0
7,160,0
7,161,0
7,162,0
7,163,0
7,164,0
7,165,0
7,166,0
7,167,0
7,168,0
7,169,0
7,170,0
7,171,0
7,172,0
7,173,0
7,174,0
7,175,0
7,176,0
7,177,0
7,178,0
7,179,0
7,180,0
7,181,0
7,182,0
7,183,0
7,184,0
7,185,0
7,186,0
7,187,0
7,188,0
7,189,0
7,190,0
7,191,0
7,192,0
7,193,0
7,194,0
7,195,0
7,196,0
7,197,0
7,198,0
7,199,0
7,200,0
7,201,0
7,202,0
7,203,0
7,204,0
7,205,0
7,206,0
7,207,1
7,208,0
7,209,0
7,210,0
7,211,0
7,212,1
7,213,0
7,214,0
7,215,0
7,216,0
7,217,0
7,218,0
7,219,0
7,220,0
7,221,0
7,222,1
7,223,0
7,224,0
7,225,0
7,226,0
7,227,0
7,228,0
7,229,0
7,230,0
7,231,0
7,232,1
7,233,0
7,234,1
7,235,1
7,236,0
7,237,0
7,238,0
7,239,1
7,240,1
7,241,1
7,242,0
7,243,0
7,244,0
7,245,0
7,246,0
7,247,0
7,248,0
7,249,0
7,250,0
7,251,1
7,252,0
7,253,0
7,254,0
7,255,0
7,256,0
7,257,1
7,258,1
7,259,0
7,260,0
7,261,1
7,262,0
7,263,0
7,264,0
7,265,0
7,266,0
7,267,0
7,268,0
7,269,0
7,270,0
7,271,0
7,272,0
7,273,0
7,274,0
7,275,0
7,276,0
7,277,0
7,278,0
7,279,0
7,280,0
7,281,0
7,282,0
7,283,0
7,284,0
7,285,0
7,286,0
7,287,0
7,288,0
7,289,0
7,290,0
7,291,0
7,292,0
7,293,0
7,294,0
7,295,0
7,296,0
7,297,0
7,298,0
7,299,0
7,300,0
7,301,0
7,302,0
7,303,0
7,304,0
7,305,0
7,306,0
7,307,0
7,308,0
7,309,0
7,310,0
7,311,0
7,312,0
7,313,0
7,314,0
7,315,0
7,316,0
7,317,0
7,318,0
7,319,0
7,320,0
7,321,0
7,322,0
7,323,0
7,324,0
7,325,0
7,326,0
7,327,0
7,328,0
7,329,0
7,330,0
7,331,0
7,332,0
7,333,0
8,133,0
8,137,0
8,141,0
8,148,0
8,154,0
8,155,0
8,157,0
8,159,0
8,160,0
8,161,0
8,162,0
8,163,0
8,164,0
8,165,0
8,167,0
8,169,0
8,170,0
8,172,0
8,174,0
8,175,0
8,176,0
8,178,0
8,179,0
8,180,0
8,182,0
8,184,0
8,185,0
8,186,0
8,188,0
8,189,0
8,190,0
8,191,0
8,192,0
8,193,0
8,194,0
8,195,0
8,196,0
8,197,0
8,198,0
8,199,0
8,200,0
8,201,0
8,202,0
8,203,0
8,204,0
8,205,0
8,206,0
8,207,0
8,208,0
8,209,0
8,210,0
8,211,0
8,212,0
8,213,0
8,214,0
8,215,0
8,216,0
8,217,0
8,218,0
8,219,0
8,220,0
8,221,0
8,222,0
8,223,0
8,224,0
8,225,0
8,226,0
8,227,0
8,228,0
8,229,0
8,230,0
8,231,0
8,232,0
8,233,0
8,234,0
8,235,0
8,236,0
8,237,0
8,238,0
8,239,0
8,240,0
8,241,0
8,242,0
8,243,0
8,244,0
8,245,1
8,246,0
8,247,0
8,248,0
8,249,0
8,250,1
8,251,0
8,252,0
8,253,0
8,254,1
8,255,1
8,256,0
8,257,0
8,258,0
8,259,0
8,260,1
8,261,0
8,262,0
8,263,0
8,264,0
8,265,0
8,266,1
8,267,1
8,268,1
8,269,1
8,270,0
8,271,1
8,272,0
8,273,1
8,274,1
8,275,0
8,276,0
8,277,0
8,278,0
8,279,0
8,280,0
8,281,0
8,282,0
8,283,0
8,284,0
8,285,0
8,286,0
8,287,0
8,288,0
8,289,0
8,290,0
8,291,0
8,292,0
8,293,0
8,294,0
8,295,0
8,296,0
8,297,0
8,298,0
8,299,0
8,300,0
8,301,0
8,302,0
8,303,0
8,304,0
8,305,0
8,306,0
8,307,0
8,308,0
8,309,0
8,310,0
8,311,0
8,312,0
8,313,0
8,314,0
8,315,0
8,316,0
8,317,0
8,318,0
8,319,0
8,320,0
8,321,0
8,322,0
8,323,0
8,324,0
8,325,0
8,326,0
8,327,0
8,328,0
8,329,0
8,330,0
8,331,0
8,332,0
8,333,0
8,334,0
8,335,0
8,336,0
8,337,0
8,338,0
8,339,0
8,340,0
8,341,0
8,342,0
8,343,0
8,344,0
8,345,0
8,346,0
8,347,0
8,348,0
8,349,0
8,350,0
8,351,0
8,352,0
8,353,0
8,354,0
8,355,0
8,356,0
8,357,0
8,358,0
8,359,0
8,360,0
8,361,0
8,362,0
8,363,0
9,133,0
9,137,0
9,141,0
9,148,0
9,154,0
9,155,0
9,157,0
9,159,0
9,161,0
9,162,0
9,163,0
9,164,0
9,165,0
9,167,0
9,169,0
9,170,0
9,172,0
9,174,0
9,175,0
9,176,0
9,178,0
9,179,0
9,180,0
9,182,0
9,185,0
9,186,0
9,188,0
9,189,0
9,190,0
9,191,0
9,192,0
9,193,0
9,194,0
9,195,0
9,196,0
9,197,0
9,198,0
9,199,0
9,200,0
9,201,0
9,202,0
9,203,0
9,204,0
9,205,0
9,206,0
9,207,0
9,208,0
9,209,0
9,210,0
9,211,0
9,212,0
9,213,0
9,214,0
9,215,0
9,216,0
9,217,0
9,218,0
9,219,0
9,220,0
9,221,0
9,222,0
9,223,0
9,224,0
9,225,0
9,226,0
9,227,0
9,228,0
9,229,0
9,230,0
9,231,0
9,232,0
9,233,0
9,234,0
9,235,0
9,236,0
9,237,0
9,238,0
9,239,0
9,240,0
9,241,0
9,242,0
9,243,0
9,244,0
9,245,1
9,246,0
9,247,0
9,248,0
9,249,0
9,250,1
9,251,0
9,252,0
9,253,0
9,254,1
9,255,0
9,256,0
9,257,0
9,258,0
9,259,0
9,260,1
9,261,0
9,262,0
9,263,0
9,264,0
9,265,0
9,266,1
9,267,1
9,268,1
9,269,1
9,270,0
9,271,1
9,272,0
9,273,1
9,274,1
9,275,1
9,276,0
9,277,0
9,278,0
9,279,0
9,280,0
9,281,0
9,282,0
9,283,0
9,284,0
9,285,0
9,286,0
9,287,0
9,288,0
9,289,0
9,290,0
9,291,0
9,292,0
9,293,0
9,294,0
9,295,0
9,296,0
9,297,0
9,298,0
9,299,0
9,300,0
9,301,0
9,302,0
9,303,0
9,304,0
9,305,0
9,306,0
9,307,0
9,308,0
9,309,0
9,310,0
9,311,0
9,312,0
9,313,0
9,314,0
9,315,0
9,316,0
9,317,0
9,318,0
9,319,0
9,320,0
9,321,0
9,322,0
9,323,0
9,324,0
9,325,0
9,326,0
9,327,0
9,328,0
9,329,0
9,330,0
9,331,0
9,332,0
9,333,0
9,334,0
9,335,0
9,336,0
9,337,0
9,338,0
9,339,0
9,340,0
9,341,0
9,342,0
9,343,0
9,344,0
9,345,0
9,346,0
9,347,0
9,348,0
9,349,0
9,350,0
9,351,0
9,352,0
9,353,0
9,354,0
9,355,0
9,356,0
9,357,0
9,358,0
9,359,0
9,360,0
9,361,0
9,362,0
9,363,0
9,364,0
9,365,0
9,366,0
9,367,0
9,368,0
10,137,0
10,148,0
10,154,0
10,155,0
10,163,0
10,169,0
10,174,0
10,175,0
10,178,0
10,179,0
10,180,0
10,185,0
10,189,0
10,190,0
10,191,0
10,192,0
10,193,0
10,194,0
10,195,0
10,197,0
10,198,0
10,200,0
10,201,0
10,202,0
10,204,0
10,206,0
10,207,0
10,208,0
10,209,0
10,210,0
10,211,0
10,212,0
10,213,0
10,214,0
10,215,0
10,216,0
10,217,0
10,218,0
10,219,0
10,220,0
10,221,0
10,222,0
10,223,0
10,224,0
10,225,0
10,226,0
10,227,0
10,228,0
10,229,0
10,230,0
10,231,0
10,232,0
10,233,0
10,234,0
10,235,0
10,236,0
10,237,0
10,238,0
10,239,0
10,240,0
10,241,0
10,242,0
10,243,0
10,244,0
10,245,0
10,246,0
10,247,0
10,248,0
10,249,0
10,250,1
10,251,0
10,252,0
10,253,0
10,254,1
10,255,0
10,256,0
10,257,0
10,258,0
10,259,0
10,260,1
10,261,0
10,262,0
10,263,0
10,264,0
10,265,0
10,266,0
10,267,0
10,268,0
10,269,0
10,270,0
10,271,0
10,272,1
10,273,0
10,274,0
10,275,1
10,276,0
10,277,0
10,278,0
10,279,0
10,280,1
10,281,0
10,282,1
10,283,0
10,284,0
10,285,0
10,286,0
10,287,0
10,288,1
10,289,0
10,290,0
10,291,0
10,292,0
10,293,0
10,294,0
10,295,0
10,296,0
10,297,0
10,298,0
10,299,1
10,300,0
10,301,0
10,302,0
10,303,0
10,304,0
10,305,0
10,306,0
10,307,0
10,308,0
10,309,0
10,310,0
10,311,0
10,312,0
10,313,0
10,314,0
10,315,0
10,316,0
10,317,0
10,318,0
10,319,0
10,320,0
10,321,0
10,322,0
10,323,0
10,324,0
10,325,0
10,326,0
10,327,0
10,328,0
10,329,0
10,330,0
10,331,0
10,332,0
10,333,0
10,334,0
10,335,0
10,336,0
10,337,0
10,338,0
10,339,0
10,340,0
10,341,0
10,342,0
10,343,0
10,344,0
10,345,0
10,346,0
10,347,0
10,348,0
10,349,0
10,350,0
10,351,0
10,352,0
10,353,0
10,354,0
10,355,0
10,356,0
10,357,0
10,358,0
10,359,0
10,360,0
10,361,0
10,362,0
10,363,0
10,364,0
10,365,0
10,366,0
10,367,0
10,368,0
10,369,0
10,370,0
10,371,0
10,372,0
10,373,0
10,374,0
10,375,0
10,376,0
10,377,0
10,378,0
10,379,0
10,380,0
10,381,0
10,382,0
11,137,0
11,148,0
11,154,0
11,163,0
11,169,0
11,174,0
11,175,0
11,178,0
11,179,0
11,180,0
11,185,0
11,189,0
11,190,0
11,191,0
11,192,0
11,194,0
11,195,0
11,197,0
11,198,0
11,200,0
11,202,0
11,204,0
11,206,0
11,207,0
11,208,0
11,209,0
11,210,0
11,211,0
11,212,0
11,213,0
11,214,0
11,215,0
11,216,0
11,217,0
11,218,0
11,219,0
11,220,0
11,221,0
11,222,0
11,223,0
11,224,0
11,225,0
11,226,0
11,227,0
11,228,0
11,229,0
11,230,0
11,231,0
11,232,0
11,233,0
11,234,0
11,235,0
11,236,0
11,237,0
11,238,0
11,239,0
11,240,0
11,241,0
11,242,0
11,243,0
11,244,0
11,245,0
11,246,0
11,247,0
11,248,0
11,249,0
11,250,0
11,251,0
11,252,0
11,253,0
11,254,0
11,255,0
11,256,0
11,257,0
11,258,0
11,259,0
11,260,1
11,261,0
11,262,0
11,263,0
11,264,0
11,265,0
11,266,0
11,267,0
11,268,0
11,269,0
11,270,0
11,271,0
11,272,1
11,273,0
11,274,0
11,275,1
11,276,0
11,277,0
11,278,0
11,279,0
11,280,1
11,281,0
11,282,1
11,283,0
11,284,0
11,285,0
11,286,0
11,287,0
11,288,1
11,289,0
11,290,0
11,291,0
11,292,0
11,293,0
11,294,0
11,295,0
11,296,0
11,297,0
11,298,0
11,299,1
11,300,0
11,301,0
11,302,0
11,303,0
11,304,0
11,305,0
11,306,0
11,307,0
11,308,0
11,309,0
11,310,0
11,311,0
11,312,0
11,313,0
11,314,0
11,315,0
11,316,0
11,317,0
11,318,0
11,319,0
11,320,0
11,321,0
11,322,0
11,323,0
11,324,0
11,325,0
11,326,0
11,327,0
11,328,0
11,329,0
11,330,0
11,331,0
11,332,0
11,333,0
11,334,0
11,335,0
11,336,0
11,337,0
11,338,0
11,339,0
11,340,0
11,341,0
11,342,0
11,343,0
11,344,0
11,345,0
11,346,0
11,347,0
11,348,0
11,349,0
11,350,0
11,351,0
11,352,0
11,353,0
11,354,0
11,355,0
11,356,0
11,357,0
11,358,0
11,359,0
11,360,0
11,361,0
11,362,0
11,363,0
11,364,0
11,365,0
11,366,0
11,367,0
11,368,0
11,369,0
11,370,0
11,371,0
11,372,0
11,373,0
11,374,0
11,375,0
11,376,0
11,377,0
11,378,0
11,379,0
11,380,0
11,381,0
11,382,0
11,383,0
11,384,0
11,385,0
11,386,0
11,387,0
12,137,0
12,148,0
12,154,0
12,163,0
12,169,0
12,174,0
12,175,0
12,178,0
12,179,0
12,180,0
12,185,0
12,189,0
12,190,0
12,191,0
12,192,0
12,194,0
12,195,0
12,197,0
12,198,0
12,200,0
12,202,0
12,204,0
12,206,0
12,207,0
12,208,0
12,209,0
12,210,0
12,211,0
12,212,0
12,213,0
12,214,0
12,215,0
12,216,0
12,217,0
12,218,0
12,219,0
12,220,0
12,221,0
12,222,0
12,223,0
12,224,0
12,225,0
12,226,0
12,227,0
12,228,0
12,229,0
12,230,0
12,231,0
12,232,0
12,233,0
12,234,0
12,235,0
12,236,0
12,237,0
12,238,0
12,239,0
12,240,0
12,241,0
12,242,0
12,243,0
12,244,0
12,245,0
12,246,0
12,247,0
12,248,0
12,249,0
12,250,0
12,251,0
12,252,0
12,253,0
12,254,0
12,255,0
12,256,0
12,257,0
12,258,0
12,259,0
12,260,1
12,261,0
12,262,0
12,263,0
12,264,0
12,265,0
12,266,0
12,267,0
12,268,0
12,269,0
12,270,0
12,271,0
12,272,1
12,273,0
12,274,0
12,275,1
12,276,0
12,277,0
12,278,0
12,279,0
12,280,1
12,281,0
12,282,1
12,283,0
12,284,0
12,285,0
12,286,0
12,287,0
12,288,1
12,289,0
12,290,0
12,291,0
12,292,0
12,293,0
12,294,0
12,295,0
12,296,0
12,297,0
12,298,0
12,299,1
12,300,0
12,301,0
12,302,0
12,303,0
12,304,0
12,305,0
12,306,0
12,307,0
12,308,0
12,309,0
12,310,0
12,311,0
12,312,0
12,313,0
12,314,0
12,315,0
12,316,0
12,317,0
12,318,0
12,319,0
12,320,0
12,321,0
12,322,0
12,323,0
12,324,0
12,325,0
12,326,0
12,327,0
12,328,0
12,329,0
12,330,0
12,331,0
12,332,0
12,333,0
12,334,0
12,335,0
12,336,0
12,337,0
12,338,0
12,339,0
12,340,0
12,341,0
12,342,0
12,343,0
12,344,0
12,345,0
12,346,0
12,347,0
12,348,0
12,349,0
12,350,0
12,351,0
12,352,0
12,353,0
12,354,0
12,355,0
12,356,0
12,357,0
12,358,0
12,359,0
12,360,0
12,361,0
12,362,0
12,363,0
12,364,0
12,365,0
12,366,0
12,367,0
12,368,0
12,369,0
12,370,0
12,371,0
12,372,0
12,373,0
12,374,0
12,375,0
12,376,0
12,377,0
12,378,0
12,379,0
12,380,0
12,381,0
12,382,0
12,383,0
12,384,0
12,385,0
12,386,0
12,387,0
13,137,0
13,148,0
13,169,0
13,175,0
13,180,0
13,189,0
13,190,0
13,192,0
13,194,0
13,195,0
13,200,0
13,202,0
13,204,0
13,207,0
13,208,0
13,209,0
13,210,0
13,212,0
13,213,0
13,214,0
13,218,0
13,219,0
13,221,0
13,222,0
13,223,0
13,224,0
13,225,0
13,226,0
13,227,0
13,228,0
13,230,0
13,231,0
13,232,0
13,233,0
13,234,0
13,235,0
13,236,0
13,237,0
13,238,0
13,239,0
13,240,0
13,241,0
13,242,0
13,243,0
13,244,0
13,245,0
13,246,0
13,247,0
13,248,0
13,249,0
13,250,0
13,251,0
13,252,0
13,253,0
13,254,0
13,255,0
13,256,0
13,257,0
13,258,0
13,259,0
13,260,0
13,261,0
13,262,0
13,263,0
13,264,0
13,265,0
13,266,0
13,267,0
13,268,0
13,269,0
13,270,0
13,271,0
13,272,0
13,273,0
13,274,0
13,275,0
13,276,0
13,277,0
13,278,0
13,279,0
13,280,0
13,281,0
13,282,1
13,283,0
13,284,0
13,285,0
13,286,0
13,287,0
13,288,1
13,289,0
13,290,0
13,291,0
13,292,0
13,293,0
13,294,0
13,295,1
13,296,0
13,297,0
13,298,0
13,299,1
13,300,1
13,301,0
13,302,0
13,303,0
13,304,0
13,305,0
13,306,0
13,307,0
13,308,0
13,309,0
13,310,0
13,311,0
13,312,0
13,313,0
13,314,0
13,315,0
13,316,0
13,317,0
13,318,0
13,319,0
13,320,0
13,321,0
13,322,0
13,323,0
13,324,0
13,325,0
13,326,0
13,327,0
13,328,0
13,329,0
13,330,0
13,331,0
13,332,0
13,333,0
13,334,0
13,335,0
13,336,0
13,337,0
13,338,0
13,339,0
13,340,0
13,341,0
13,342,0
13,343,0
13,344,0
13,345,0
13,346,0
13,347,0
13,348,0
13,349,0
13,350,0
13,351,0
13,352,0
13,353,0
13,354,0
13,355,0
13,356,0
13,357,0
13,358,0
13,359,0
13,360,0
13,361,0
13,362,0
13,363,0
13,364,0
13,365,0
13,366,0
13,367,0
13,368,0
13,369,0
13,370,0
13,371,0
13,372,0
13,373,0
13,374,0
13,375,0
13,376,0
13,377,0
13,378,0
13,379,0
13,380,0
13,381,0
13,382,0
13,383,0
13,384,0
13,385,0
13,386,0
13,387,0
13,388,0
13,389,0
13,390,0
13,391,0
13,392,0
13,393,0
13,394,0
13,395,0
13,396,0
13,397,0
13,398,0
13,399,0
13,400,0
13,401,0
14,192,0
14,195,0
14,202,0
14,207,0
14,209,0
14,212,0
14,214,0
14,219,0
14,222,0
14,223,0
14,224,0
14,227,0
14,228,0
14,230,0
14,231,0
14,232,0
14,234,0
14,235,0
14,237,0
14,238,0
14,239,0
14,240,0
14,241,0
14,242,0
14,243,0
14,245,0
14,246,0
14,247,0
14,248,0
14,249,0
14,250,0
14,251,0
14,252,0
14,253,0
14,254,0
14,255,0
14,256,0
14,257,0
14,258,0
14,259,0
14,260,0
14,261,0
14,262,0
14,263,0
14,264,0
14,265,0
14,266,0
14,267,0
14,268,0
14,269,0
14,270,0
14,271,0
14,272,0
14,273,0
14,274,0
14,275,0
14,276,0
14,277,0
14,278,0
14,279,0
14,280,0
14,281,0
14,282,0
14,283,0
14,284,0
14,285,1
14,286,1
14,287,0
14,288,1
14,289,1
14,290,0
14,291,0
14,292,0
14,293,0
14,294,0
14,295,1
14,296,1
14,297,1
14,298,0
14,299,0
14,300,1
14,301,0
14,302,0
14,303,1
14,304,0
14,305,0
14,306,0
14,307,1
14,308,0
14,309,1
14,310,1
14,311,0
14,312,0
14,313,0
14,314,0
14,315,0
14,316,0
14,317,0
14,318,0
14,319,0
14,320,0
14,321,1
14,322,0
14,323,0
14,324,0
14,325,0
14,326,0
14,327,0
14,328,0
14,329,0
14,330,0
14,331,0
14,332,0
14,333,0
14,334,0
14,335,0
14,336,0
14,337,0
14,338,0
14,339,0
14,340,0
14,341,0
14,342,0
14,343,0
14,344,0
14,345,0
14,346,0
14,347,0
14,348,0
14,349,0
14,350,0
14,351,0
14,352,0
14,353,0
14,354,0
14,355,0
14,356,0
14,357,0
14,358,0
14,359,0
14,360,0
14,361,0
14,362,0
14,363,0
14,364,0
14,365,0
14,366,0
14,367,0
14,368,0
14,369,0
14,370,0
14,371,0
14,372,0
14,373,0
14,374,0
14,375,0
14,376,0
14,377,0
14,378,0
14,379,0
14,380,0
14,381,0
14,382,0
14,383,0
14,384,0
14,385,0
14,386,0
14,387,0
14,388,0
14,389,0
14,390,0
14,391,0
14,392,0
14,393,0
14,394,0
14,395,0
14,396,0
14,397,0
14,398,0
14,399,0
14,400,0
14,401,0
14,402,0
14,403,0
14,404,0
14,405,0
14,406,0
14,407,0
14,408,0
14,409,0
14,410,0
15,192,0
15,195,0
15,202,0
15,207,0
15,209,0
15,212,0
15,214,0
15,219,0
15,222,0
15,223,0
15,224,0
15,228,0
15,230,0
15,231,0
15,232,0
15,234,0
15,235,0
15,237,0
15,238,0
15,239,0
15,240,0
15,241,0
15,242,0
15,243,0
15,245,0
15,246,0
15,247,0
15,248,0
15,249,0
15,250,0
15,251,0
15,252,0
15,253,0
15,254,0
15,255,0
15,256,0
15,257,0
15,258,0
15,259,0
15,260,0
15,261,0
15,262,0
15,263,0
15,264,0
15,265,0
15,266,0
15,267,0
15,268,0
15,269,0
15,270,0
15,271,0
15,272,0
15,273,0
15,274,0
15,275,0
15,276,0
15,277,0
15,278,0
15,279,0
15,280,0
15,281,0
15,282,0
15,283,0
15,284,0
15,285,1
15,286,1
15,287,0
15,288,1
15,289,1
15,290,0
15,291,0
15,292,0
15,293,0
15,294,0
15,295,0
15,296,1
15,297,1
15,298,0
15,299,0
15,300,1
15,301,0
15,302,0
15,303,1
15,304,0
15,305,0
15,306,0
15,307,1
15,308,0
15,309,1
15,310,1
15,311,0
15,312,0
15,313,0
15,314,0
15,315,0
15,316,0
15,317,0
15,318,0
15,319,0
15,320,0
15,321,1
15,322,0
15,323,0
15,324,0
15,325,0
15,326,0
15,327,0
15,328,0
15,329,0
15,330,0
15,331,0
15,332,0
15,333,0
15,334,0
15,335,0
15,336,0
15,337,0
15,338,0
15,339,0
15,340,0
15,341,0
15,342,0
15,343,0
15,344,0
15,345,0
15,346,0
15,347,0
15,348,0
15,349,0
15,350,0
15,351,0
15,352,0
15,353,0
15,354,0
15,355,0
15,356,0
15,357,0
15,358,0
15,359,0
15,360,0
15,361,0
15,362,0
15,363,0
15,364,0
15,365,0
15,366,0
15,367,0
15,368,0
15,369,0
15,370,0
15,371,0
15,372,0
15,373,0
15,374,0
15,375,0
15,376,0
15,377,0
15,378,0
15,379,0
15,380,0
15,381,0
15,382,0
15,383,0
15,384,0
15,385,0
15,386,0
15,387,0
15,388,0
15,389,0
15,390,0
15,391,0
15,392,0
15,393,0
15,394,0
15,395,0
15,396,0
15,397,0
15,398,0
15,399,0
15,400,0
15,401,0
15,402,0
15,403,0
15,404,0
15,405,0
15,406,0
15,407,0
15,408,0
15,409,0
15,410,0
15,411,0
16,207,0
16,212,0
16,222,0
16,223,0
16,232,0
16,234,0
16,235,0
16,237,0
16,241,0
16,242,0
16,243,0
16,245,0
16,247,0
16,248,0
16,249,0
16,250,0
16,251,0
16,252,0
16,253,0
16,254,0
16,255,0
16,256,0
16,257,0
16,258,0
16,259,0
16,260,0
16,261,0
16,262,0
16,263,0
16,264,0
16,265,0
16,266,0
16,267,0
16,268,0
16,269,0
16,270,0
16,271,0
16,272,0
16,273,0
16,274,0
16,275,0
16,276,0
16,277,0
16,278,0
16,279,0
16,280,0
16,281,0
16,282,0
16,283,0
16,284,0
16,285,1
16,286,1
16,287,0
16,288,0
16,289,1
16,290,0
16,291,0
16,292,0
16,293,0
16,294,0
16,295,0
16,296,1
16,297,0
16,298,0
16,299,0
16,300,0
16,301,0
16,302,0
16,303,1
16,304,0
16,305,0
16,306,0
16,307,0
16,308,0
16,309,0
16,310,0
16,311,1
16,312,1
16,313,1
16,314,0
16,315,0
16,316,0
16,317,0
16,318,1
16,319,1
16,320,1
16,321,0
16,322,1
16,323,1
16,324,0
16,325,1
16,326,1
16,327,1
16,328,0
16,329,0
16,330,0
16,331,0
16,332,1
16,333,0
16,334,0
16,335,0
16,336,0
16,337,0
16,338,0
16,339,0
16,340,0
16,341,0
16,342,0
16,343,0
16,344,0
16,345,0
16,346,0
16,347,0
16,348,0
16,349,0
16,350,0
16,351,0
16,352,0
16,353,0
16,354,0
16,355,0
16,356,0
16,357,0
16,358,0
16,359,0
16,360,0
16,361,0
16,362,0
16,363,0
16,364,0
16,365,0
16,366,0
16,367,0
16,368,0
16,369,0
16,370,0
16,371,0
16,372,0
16,373,0
16,374,0
16,375,0
16,376,0
16,377,0
16,378,0
16,379,0
16,380,0
16,381,0
16,382,0
16,383,0
16,384,0
16,385,0
16,386,0
16,387,0
16,388,0
16,389,0
16,390,0
16,391,0
16,392,0
16,393,0
16,394,0
16,395,0
16,396,0
16,397,0
16,398,0
16,399,0
16,400,0
16,401,0
16,402,0
16,403,0
16,404,0
16,405,0
16,406,0
16,407,0
16,408,0
16,409,0
16,410,0
16,411,0
16,412,0
16,413,0
16,414,0
16,415,0
16,416,0
16,417,0
16,418,0
16,419,0
16,420,0
16,421,0
16,422,0
16,423,0
16,424,0
16,425,0
16,426,0
16,427,0
17,207,0
17,222,0
17,223,0
17,232,0
17,235,0
17,241,0
17,242,0
17,243,0
17,245,0
17,249,0
17,250,0
17,251,0
17,252,0
17,253,0
17,254,0
17,255,0
17,256,0
17,257,0
17,259,0
17,260,0
17,261,0
17,262,0
17,264,0
17,265,0
17,266,0
17,267,0
17,268,0
17,269,0
17,270,0
17,271,0
17,272,0
17,273,0
17,274,0
17,275,0
17,276,0
17,277,0
17,278,0
17,279,0
17,280,0
17,281,0
17,282,0
17,283,0
17,284,0
17,285,0
17,286,1
17,287,0
17,288,0
17,289,0
17,290,0
17,291,0
17,292,0
17,293,0
17,294,0
17,295,0
17,296,0
17,297,0
17,298,0
17,299,0
17,300,0
17,301,0
17,302,0
17,303,1
17,304,0
17,305,0
17,306,0
17,307,0
17,308,0
17,309,0
17,310,0
17,311,1
17,312,0
17,313,1
17,314,0
17,315,0
17,316,0
17,317,0
17,318,1
17,319,1
17,320,1
17,321,0
17,322,1
17,323,1
17,324,0
17,325,1
17,326,1
17,327,0
17,328,0
17,329,0
17,330,0
17,331,0
17,332,1
17,333,1
17,334,1
17,335,0
17,336,0
17,337,0
17,338,0
17,339,0
17,340,0
17,341,0
17,342,0
17,343,0
17,344,0
17,345,0
17,346,0
17,347,0
17,348,0
17,349,0
17,350,0
17,351,0
17,352,0
17,353,0
17,354,0
17,355,0
17,356,0
17,357,0
17,358,0
17,359,0
17,360,0
17,361,0
17,362,0
17,363,0
17,364,0
17,365,0
17,366,0
17,367,0
17,368,0
17,369,0
17,370,0
17,371,0
17,372,0
17,373,0
17,374,0
17,375,0
17,376,0
17,377,0
17,378,0
17,379,0
17,380,0
17,381,0
17,382,0
17,383,0
17,384,0
17,385,0
17,386,0
17,387,0
17,388,0
17,389,0
17,390,0
17,391,0
17,392,0
17,393,0
17,394,0
17,395,0
17,396,0
17,397,0
17,398,0
17,399,0
17,400,0
17,401,0
17,402,0
17,403,0
17,404,0
17,405,0
17,406,0
17,407,0
17,408,0
17,409,0
17,410,0
17,411,0
17,412,0
17,413,0
17,414,0
17,415,0
17,416,0
17,417,0
17,418,0
17,419,0
17,420,0
17,421,0
17,422,0
17,423,0
17,424,0
17,425,0
17,426,0
17,427,0
17,428,0
17,429,0
18,222,0
18,242,0
18,245,0
18,249,0
18,250,0
18,251,0
18,252,0
18,253,0
18,254,0
18,255,0
18,256,0
18,259,0
18,260,0
18,262,0
18,264,0
18,265,0
18,266,0
18,267,0
18,268,0
18,269,0
18,270,0
18,271,0
18,272,0
18,273,0
18,274,0
18,275,0
18,276,0
18,277,0
18,278,0
18,279,0
18,280,0
18,281,0
18,282,0
18,283,0
18,284,0
18,285,0
18,286,0
18,287,0
18,288,0
18,289,0
18,290,0
18,291,0
18,292,0
18,293,0
18,294,0
18,295,0
18,296,0
18,297,0
18,298,0
18,299,0
18,300,0
18,301,0
18,302,0
18,303,0
18,304,0
18,305,0
18,306,0
18,307,0
18,308,0
18,309,0
18,310,0
18,311,0
18,312,0
18,313,1
18,314,0
18,315,0
18,316,0
18,317,0
18,318,1
18,319,1
18,320,0
18,321,0
18,322,1
18,323,0
18,324,0
18,325,1
18,326,0
18,327,0
18,328,0
18,329,0
18,330,0
18,331,0
18,332,1
18,333,1
18,334,1
18,335,1
18,336,0
18,337,0
18,338,0
18,339,0
18,340,0
18,341,0
18,342,0
18,343,0
18,344,0
18,345,0
18,346,0
18,347,0
18,348,1
18,349,0
18,350,0
18,351,0
18,352,0
18,353,0
18,354,0
18,355,0
18,356,0
18,357,0
18,358,0
18,359,0
18,360,0
18,361,0
18,362,0
18,363,0
18,364,0
18,365,0
18,366,0
18,367,0
18,368,0
18,369,0
18,370,0
18,371,0
18,372,0
18,373,0
18,374,0
18,375,0
18,376,0
18,377,0
18,378,0
18,379,0
18,380,0
18,381,0
18,382,0
18,383,0
18,384,0
18,385,0
18,386,0
18,387,0
18,388,0
18,389,0
18,390,0
18,391,0
18,392,0
18,393,0
18,394,0
18,395,0
18,396,0
18,397,0
18,398,0
18,399,0
18,400,0
18,401,0
18,402,0
18,403,0
18,404,0
18,405,0
18,406,0
18,407,0
18,408,0
18,409,0
18,410,0
18,411,0
18,412,0
18,413,0
18,414,0
18,415,0
18,416,0
18,417,0
18,418,0
18,419,0
18,420,0
18,421,0
18,422,0
18,423,0
18,424,0
18,425,0
18,426,0
18,427,0
18,428,0
18,429,0
18,430,0
19,222,0
19,242,0
19,245,0
19,249,0
19,250,0
19,252,0
19,253,0
19,254,0
19,255,0
19,256,0
19,259,0
19,260,0
19,266,0
19,267,0
19,268,0
19,269,0
19,270,0
19,271,0
19,272,0
19,273,0
19,274,0
19,275,0
19,277,0
19,278,0
19,279,0
19,280,0
19,281,0
19,282,0
19,283,0
19,284,0
19,285,0
19,286,0
19,287,0
19,288,0
19,289,0
19,290,0
19,291,0
19,292,0
19,293,0
19,294,0
19,295,0
19,296,0
19,297,0
19,298,0
19,299,0
19,300,0
19,301,0
19,302,0
19,303,0
19,304,0
19,305,0
19,306,0
19,307,0
19,308,0
19,309,0
19,310,0
19,311,0
19,312,0
19,313,0
19,314,0
19,315,0
19,316,0
19,317,0
19,318,1
19,319,1
19,320,0
19,321,0
19,322,0
19,323,0
19,324,0
19,325,1
19,326,0
19,327,0
19,328,0
19,329,0
19,330,0
19,331,0
19,332,1
19,333,1
19,334,0
19,335,1
19,336,0
19,337,0
19,338,0
19,339,0
19,340,0
19,341,0
19,342,0
19,343,0
19,344,1
19,345,0
19,346,1
19,347,0
19,348,1
19,349,0
19,350,0
19,351,0
19,352,0
19,353,0
19,354,1
19,355,0
19,356,0
19,357,0
19,358,0
19,359,0
19,360,0
19,361,0
19,362,0
19,363,0
19,364,0
19,365,0
19,366,0
19,367,0
19,368,0
19,369,0
19,370,0
19,371,0
19,372,0
19,373,0
19,374,0
19,375,0
19,376,0
19,377,0
19,378,0
19,379,0
19,380,0
19,381,0
19,382,0
19,383,0
19,384,0
19,385,0
19,386,0
19,387,0
19,388,0
19,389,0
19,390,0
19,391,0
19,392,0
19,393,0
19,394,0
19,395,0
19,396,0
19,397,0
19,398,0
19,399,0
19,400,0
19,401,0
19,402,0
19,403,0
19,404,0
19,405,0
19,406,0
19,407,0
19,408,0
19,409,0
19,410,0
19,411,0
19,412,0
19,413,0
19,414,0
19,415,0
19,416,0
19,417,0
19,418,0
19,419,0
19,420,0
19,421,0
19,422,0
19,423,0
19,424,0
19,425,0
19,426,0
19,427,0
19,428,0
19,429,0
19,430,0
19,431,0
19,432,0
20,245,0
20,250,0
20,254,0
20,256,0
20,260,0
20,266,0
20,267,0
20,269,0
20,270,0
20,272,0
20,273,0
20,274,0
20,275,0
20,278,0
20,279,0
20,280,0
20,282,0
20,283,0
20,284,0
20,285,0
20,286,0
20,287,0
20,288,0
20,289,0
20,290,0
20,291,0
20,292,0
20,293,0
20,294,0
20,295,0
20,296,0
20,297,0
20,298,0
20,299,0
20,300,0
20,301,0
20,302,0
20,303,0
20,304,0
20,305,0
20,306,0
20,307,0
20,308,0
20,309,0
20,310,0
20,311,0
20,312,0
20,313,0
20,314,0
20,315,0
20,316,0
20,317,0
20,318,0
20,319,0
20,320,0
20,321,0
20,322,0
20,323,0
20,324,0
20,325,0
20,326,0
20,327,0
20,328,0
20,329,0
20,330,0
20,331,0
20,332,0
20,333,0
20,334,0
20,335,0
20,336,0
20,337,0
20,338,1
20,339,0
20,340,1
20,341,0
20,342,1
20,343,0
20,344,0
20,345,1
20,346,0
20,347,1
20,348,0
20,349,0
20,350,1
20,351,0
20,352,0
20,353,0
20,354,0
20,355,0
20,356,1
20,357,0
20,358,1
20,359,0
20,360,0
20,361,0
20,362,1
20,363,0
20,364,0
20,365,0
20,366,0
20,367,0
20,368,0
20,369,0
20,370,0
20,371,0
20,372,0
20,373,0
20,374,0
20,375,0
20,376,0
20,377,0
20,378,0
20,379,0
20,380,0
20,381,0
20,382,0
20,383,0
20,384,0
20,385,0
20,386,0
20,387,0
20,388,0
20,389,0
20,390,0
20,391,0
20,392,0
20,393,0
20,394,0
20,395,0
20,396,0
20,397,0
20,398,0
20,399,0
20,400,0
20,401,0
20,402,0
20,403,0
20,404,0
20,405,0
20,406,0
20,407,0
20,408,0
20,409,0
20,410,0
20,411,0
20,412,0
20,413,0
20,414,0
20,415,0
20,416,0
20,417,0
20,418,0
20,419,0
20,420,0
20,421,0
20,422,0
20,423,0
20,424,0
20,425,0
20,426,0
20,427,0
20,428,0
20,429,0
20,430,0
20,431,0
20,432,0
20,433,0
20,434,0
20,435,0
20,436,0
20,437,0
20,438,0
20,439,0
20,440,0
20,441,0
20,442,0
20,443,0
20,444,0
20,445,0
20,446,0
20,447,0
20,448,0
20,449,0
20,450,0
20,451,0
20,452,0
20,453,0
20,454,0
21,275,0
21,278,0
21,282,0
21,285,0
21,286,0
21,288,0
21,289,0
21,290,0
21,292,0
21,293,0
21,295,0
21,296,0
21,297,0
21,299,0
21,300,0
21,301,0
21,303,0
21,304,0
21,305,0
21,306,0
21,307,0
21,308,0
21,309,0
21,310,0
21,311,0
21,312,0
21,313,0
21,314,0
21,315,0
21,316,0
21,317,0
21,318,0
21,319,0
21,320,0
21,321,0
21,322,0
21,323,0
21,324,0
21,325,0
21,326,0
21,327,0
21,328,0
21,329,0
21,330,0
21,331,0
21,332,0
21,333,0
21,334,0
21,335,0
21,336,0
21,337,0
21,338,0
21,339,0
21,340,0
21,341,0
21,342,0
21,343,0
21,344,0
21,345,0
21,346,0
21,347,0
21,348,0
21,349,0
21,350,0
21,351,1
21,352,0
21,353,0
21,354,0
21,355,0
21,356,1
21,357,0
21,358,0
21,359,0
21,360,1
21,361,1
21,362,0
21,363,1
21,364,1
21,365,1
21,366,0
21,367,1
21,368,0
21,369,0
21,370,0
21,371,1
21,372,1
21,373,1
21,374,1
21,375,1
21,376,1
21,377,0
21,378,0
21,379,1
21,380,0
21,381,1
21,382,0
21,383,0
21,384,1
21,385,1
21,386,0
21,387,0
21,388,0
21,389,1
21,390,0
21,391,0
21,392,0
21,393,1
21,394,0
21,395,0
21,396,0
21,397,0
21,398,0
21,399,0
21,400,0
21,401,1
21,402,1
21,403,0
21,404,0
21,405,0
21,406,0
21,407,0
21,408,0
21,409,0
21,410,0
21,411,0
21,412,0
21,413,0
21,414,0
21,415,0
21,416,0
21,417,0
21,418,0
21,419,0
21,420,0
21,421,0
21,422,0
21,423,0
21,424,0
21,425,0
21,426,0
21,427,0
21,428,0
21,429,0
21,430,0
21,431,0
21,432,0
21,433,0
21,434,0
21,435,0
21,436,0
21,437,0
21,438,0
21,439,0
21,440,0
21,441,0
21,442,0
21,443,0
21,444,0
21,445,0
21,446,0
21,447,0
21,448,0
21,449,0
21,450,0
21,451,0
21,452,0
21,453,0
21,454,0
21,455,0
21,456,0
21,457,0
21,458,0
21,459,0
21,460,0
21,461,0
21,462,0
21,463,0
21,464,0
21,465,0
21,466,0
21,467,0
21,468,0
21,469,0
21,470,0
21,471,0
21,472,0
21,473,0
21,474,0
21,475,0
21,476,0
21,477,0
21,478,0
22,275,0
22,282,0
22,285,0
22,286,0
22,289,0
22,290,0
22,296,0
22,297,0
22,299,0
22,300,0
22,301,0
22,303,0
22,304,0
22,305,0
22,306,0
22,307,0
22,308,0
22,309,0
22,310,0
22,311,0
22,312,0
22,313,0
22,314,0
22,315,0
22,316,0
22,317,0
22,318,0
22,319,0
22,320,0
22,321,0
22,322,0
22,323,0
22,324,0
22,325,0
22,326,0
22,327,0
22,328,0
22,329,0
22,330,0
22,331,0
22,332,0
22,333,0
22,334,0
22,335,0
22,336,0
22,337,0
22,338,0
22,339,0
22,340,0
22,341,0
22,342,0
22,343,0
22,344,0
22,345,0
22,346,0
22,347,0
22,348,0
22,349,0
22,350,0
22,351,1
22,352,0
22,353,0
22,354,0
22,355,0
22,356,0
22,357,0
22,358,0
22,359,0
22,360,1
22,361,1
22,362,0
22,363,1
22,364,1
22,365,1
22,366,0
22,367,1
22,368,0
22,369,0
22,370,0
22,371,0
22,372,1
22,373,1
22,374,1
22,375,0
22,376,1
22,377,0
22,378,0
22,379,1
22,380,0
22,381,1
22,382,0
22,383,0
22,384,1
22,385,1
22,386,0
22,387,1
22,388,1
22,389,0
22,390,0
22,391,0
22,392,0
22,393,1
22,394,0
22,395,0
22,396,1
22,397,0
22,398,0
22,399,0
22,400,1
22,401,1
22,402,1
22,403,0
22,404,0
22,405,0
22,406,0
22,407,0
22,408,0
22,409,0
22,410,0
22,411,0
22,412,0
22,413,0
22,414,0
22,415,0
22,416,0
22,417,0
22,418,0
22,419,0
22,420,0
22,421,0
22,422,0
22,423,0
22,424,0
22,425,0
22,426,0
22,427,0
22,428,0
22,429,0
22,430,0
22,431,0
22,432,0
22,433,0
22,434,0
22,435,0
22,436,0
22,437,0
22,438,0
22,439,0
22,440,0
22,441,0
22,442,0
22,443,0
22,444,0
22,445,0
22,446,0
22,447,0
22,448,0
22,449,0
22,450,0
22,451,0
22,452,0
22,453,0
22,454,0
22,455,0
22,456,0
22,457,0
22,458,0
22,459,0
22,460,0
22,461,0
22,462,0
22,463,0
22,464,0
22,465,0
22,466,0
22,467,0
22,468,0
22,469,0
22,470,0
22,471,0
22,472,0
22,473,0
22,474,0
22,475,0
22,476,0
22,477,0
22,478,0
22,479,0
22,480,0
22,481,0
22,482,0
23,285,0
23,286,0
23,289,0
23,290,0
23,296,0
23,297,0
23,300,0
23,301,0
23,303,0
23,304,0
23,305,0
23,309,0
23,311,0
23,312,0
23,313,0
23,315,0
23,316,0
23,318,0
23,319,0
23,320,0
23,321,0
23,322,0
23,323,0
23,324,0
23,325,0
23,326,0
23,327,0
23,329,0
23,330,0
23,331,0
23,332,0
23,333,0
23,334,0
23,335,0
23,336,0
23,337,0
23,338,0
23,339,0
23,340,0
23,341,0
23,342,0
23,343,0
23,344,0
23,345,0
23,346,0
23,347,0
23,348,0
23,349,0
23,350,0
23,351,0
23,352,0
23,353,0
23,354,0
23,355,0
23,356,0
23,357,0
23,358,0
23,359,0
23,360,0
23,361,0
23,362,0
23,363,0
23,364,0
23,365,0
23,366,0
23,367,0
23,368,0
23,369,0
23,370,0
23,371,0
23,372,0
23,373,1
23,374,0
23,375,0
23,376,0
23,377,1
23,378,0
23,379,0
23,380,0
23,381,0
23,382,0
23,383,0
23,384,1
23,385,0
23,386,0
23,387,1
23,388,1
23,389,0
23,390,0
23,391,1
23,392,0
23,393,0
23,394,0
23,395,0
23,396,1
23,397,1
23,398,1
23,399,1
23,400,1
23,401,0
23,402,0
23,403,0
23,404,0
23,405,0
23,406,0
23,407,1
23,408,0
23,409,0
23,410,0
23,411,0
23,412,0
23,413,0
23,414,1
23,415,1
23,416,0
23,417,0
23,418,0
23,419,0
23,420,0
23,421,1
23,422,1
23,423,0
23,424,0
23,425,0
23,426,0
23,427,0
23,428,0
23,429,0
23,430,0
23,431,0
23,432,0
23,433,0
23,434,0
23,435,0
23,436,0
23,437,0
23,438,0
23,439,0
23,440,0
23,441,0
23,442,0
23,443,0
23,444,0
23,445,0
23,446,0
23,447,0
23,448,0
23,449,0
23,450,0
23,451,0
23,452,0
23,453,0
23,454,0
23,455,0
23,456,0
23,457,0
23,458,0
23,459,0
23,460,0
23,461,0
23,462,0
23,463,0
23,464,0
23,465,0
23,466,0
23,467,0
23,468,0
23,469,0
23,470,0
23,471,0
23,472,0
23,473,0
23,474,0
23,475,0
23,476,0
23,477,0
23,478,0
23,479,0
23,480,0
23,481,0
23,482,0
23,483,0
23,484,0
23,485,0
23,486,0
23,487,0
23,488,0
23,489,0
23,490,0
23,491,0
23,492,0
23,493,0
23,494,0
23,495,0
23,496,0
24,285,0
24,286,0
24,289,0
24,290,0
24,296,0
24,297,0
24,300,0
24,301,0
24,303,0
24,304,0
24,305,0
24,311,0
24,312,0
24,313,0
24,315,0
24,316,0
24,318,0
24,319,0
24,320,0
24,322,0
24,323,0
24,324,0
24,325,0
24,326,0
24,329,0
24,330,0
24,331,0
24,332,0
24,333,0
24,334,0
24,335,0
24,336,0
24,337,0
24,338,0
24,339,0
24,340,0
24,341,0
24,342,0
24,343,0
24,344,0
24,345,0
24,346,0
24,347,0
24,348,0
24,349,0
24,350,0
24,351,0
24,352,0
24,353,0
24,354,0
24,355,0
24,356,0
24,357,0
24,358,0
24,359,0
24,360,0
24,361,0
24,362,0
24,363,0
24,364,0
24,365,0
24,366,0
24,367,0
24,368,0
24,369,0
24,370,0
24,371,0
24,372,0
24,373,1
24,374,0
24,375,0
24,376,0
24,377,1
24,378,0
24,379,0
24,380,0
24,381,0
24,382,0
24,383,0
24,384,1
24,385,0
24,386,0
24,387,1
24,388,1
24,389,0
24,390,0
24,391,1
24,392,0
24,393,0
24,394,0
24,395,0
24,396,0
24,397,1
24,398,1
24,399,1
24,400,0
24,401,0
24,402,0
24,403,0
24,404,1
24,405,0
24,406,1
24,407,1
24,408,0
24,409,0
24,410,1
24,411,0
24,412,0
24,413,0
24,414,1
24,415,1
24,416,1
24,417,1
24,418,0
24,419,0
24,420,0
24,421,1
24,422,1
24,423,0
24,424,0
24,425,0
24,426,0
24,427,0
24,428,0
24,429,0
24,430,0
24,431,0
24,432,0
24,433,0
24,434,0
24,435,0
24,436,0
24,437,0
24,438,0
24,439,0
24,440,0
24,441,0
24,442,0
24,443,0
24,444,0
24,445,0
24,446,0
24,447,0
24,448,0
24,449,0
24,450,0
24,451,0
24,452,0
24,453,0
24,454,0
24,455,0
24,456,0
24,457,0
24,458,0
24,459,0
24,460,0
24,461,0
24,462,0
24,463,0
24,464,0
24,465,0
24,466,0
24,467,0
24,468,0
24,469,0
24,470,0
24,471,0
24,472,0
24,473,0
24,474,0
24,475,0
24,476,0
24,477,0
24,478,0
24,479,0
24,480,0
24,481,0
24,482,0
24,483,0
24,484,0
24,485,0
24,486,0
24,487,0
24,488,0
24,489,0
24,490,0
24,491,0
24,492,0
24,493,0
24,494,0
24,495,0
24,496,0
24,497,0
24,498,0
24,499,0
24,500,0
24,501,0
24,502,0
24,503,0
25,329,0
25,335,0
25,338,0
25,340,0
25,342,0
25,345,0
25,346,0
25,347,0
25,350,0
25,351,0
25,352,0
25,354,0
25,355,0
25,356,0
25,357,0
25,358,0
25,359,0
25,360,0
25,361,0
25,362,0
25,363,0
25,364,0
25,365,0
25,366,0
25,367,0
25,368,0
25,369,0
25,370,0
25,371,0
25,372,0
25,373,0
25,374,0
25,375,0
25,376,0
25,377,0
25,378,0
25,379,0
25,380,0
25,381,0
25,382,0
25,383,0
25,384,0
25,385,0
25,386,0
25,387,0
25,388,0
25,389,0
25,390,0
25,391,0
25,392,0
25,393,0
25,394,0
25,395,0
25,396,0
25,397,0
25,398,0
25,399,0
25,400,0
25,401,0
25,402,0
25,403,0
25,404,0
25,405,0
25,406,0
25,407,0
25,408,0
25,409,0
25,410,0
25,411,1
25,412,0
25,413,0
25,414,0
25,415,0
25,416,0
25,417,0
25,418,0
25,419,0
25,420,0
25,421,0
25,422,0
25,423,0
25,424,0
25,425,1
25,426,1
25,427,1
25,428,0
25,429,1
25,430,0
25,431,0
25,432,1
25,433,0
25,434,1
25,435,0
25,436,0
25,437,1
25,438,0
25,439,0
25,440,0
25,441,0
25,442,0
25,443,1
25,444,1
25,445,1
25,446,0
25,447,0
25,448,0
25,449,0
25,450,0
25,451,0
25,452,0
25,453,0
25,454,0
25,455,0
25,456,0
25,457,0
25,458,0
25,459,0
25,460,0
25,461,0
25,462,0
25,463,0
25,464,0
25,465,0
25,466,0
25,467,0
25,468,0
25,469,0
25,470,0
25,471,0
25,472,0
25,473,0
25,474,0
25,475,0
25,476,0
25,477,0
25,478,0
25,479,0
25,480,0
25,481,0
25,482,0
25,483,0
25,484,0
25,485,0
25,486,0
25,487,0
25,488,0
25,489,0
25,490,0
25,491,0
25,492,0
25,493,0
25,494,0
25,495,0
25,496,0
25,497,0
25,498,0
25,499,0
25,500,0
25,501,0
25,502,0
25,503,0
25,504,0
25,505,0
25,506,0
25,507,0
25,508,0
25,509,0
25,510,0
25,511,0
25,512,0
25,513,0
25,514,0
25,515,0
25,516,0
25,517,0
25,518,0
25,519,0
25,520,0
25,521,0
25,522,0
25,523,0
25,524,0
25,525,0
25,526,0
25,527,0
25,528,0
25,529,0
25,530,0
25,531,0
25,532,0
25,533,0
25,534,0
25,535,0
25,536,0
25,537,0
26,329,0
26,342,0
26,350,0
26,351,0
26,356,0
26,359,0
26,360,0
26,361,0
26,363,0
26,364,0
26,365,0
26,366,0
26,367,0
26,368,0
26,371,0
26,372,0
26,373,0
26,374,0
26,375,0
26,376,0
26,377,0
26,378,0
26,379,0
26,380,0
26,381,0
26,384,0
26,385,0
26,386,0
26,387,0
26,388,0
26,389,0
26,390,0
26,391,0
26,392,0
26,393,0
26,394,0
26,395,0
26,396,0
26,397,0
26,398,0
26,399,0
26,400,0
26,401,0
26,402,0
26,403,0
26,404,0
26,405,0
26,406,0
26,407,0
26,408,0
26,409,0
26,410,0
26,411,0
26,412,0
26,413,0
26,414,0
26,415,0
26,416,0
26,417,0
26,418,0
26,419,0
26,420,0
26,421,0
26,422,0
26,423,0
26,424,0
26,425,0
26,426,0
26,427,0
26,428,0
26,429,0
26,430,0
26,431,0
26,432,0
26,433,0
26,434,0
26,435,0
26,436,0
26,437,0
26,438,1
26,439,0
26,440,1
26,441,0
26,442,0
26,443,0
26,444,0
26,445,0
26,446,1
26,447,1
26,448,1
26,449,0
26,450,1
26,451,0
26,452,0
26,453,0
26,454,0
26,455,0
26,456,0
26,457,0
26,458,1
26,459,0
26,460,1
26,461,0
26,462,0
26,463,0
26,464,0
26,465,0
26,466,0
26,467,0
26,468,0
26,469,0
26,470,0
26,471,0
26,472,0
26,473,0
26,474,0
26,475,0
26,476,0
26,477,0
26,478,0
26,479,0
26,480,0
26,481,0
26,482,0
26,483,0
26,484,0
26,485,0
26,486,0
26,487,0
26,488,0
26,489,0
26,490,0
26,491,0
26,492,0
26,493,0
26,494,0
26,495,0
26,496,0
26,497,0
26,498,0
26,499,0
26,500,0
26,501,0
26,502,0
26,503,0
26,504,0
26,505,0
26,506,0
26,507,0
26,508,0
26,509,0
26,510,0
26,511,0
26,512,0
26,513,0
26,514,0
26,515,0
26,516,0
26,517,0
26,518,0
26,519,0
26,520,0
26,521,0
26,522,0
26,523,0
26,524,0
26,525,0
26,526,0
26,527,0
26,528,0
26,529,0
26,530,0
26,531,0
26,532,0
26,533,0
26,534,0
26,535,0
26,536,0
26,537,0
26,538,0
26,539,0
26,540,0
26,541,0
26,542,0
26,543,0
26,544,0
26,545,0
26,546,0
26,547,0
26,548,0
26,549,0
26,550,0
26,551,0
26,552,0
26,553,0
26,554,0
26,555,0
26,556,0
26,557,0
26,558,0
26,559,0
26,560,0
26,561,0
26,562,0
26,563,0
26,564,0
26,565,0
26,566,0
26,567,0
26,568,0
26,569,0
27,361,0
27,372,0
27,373,0
27,377,0
27,381,0
27,387,0
27,390,0
27,395,0
27,397,0
27,398,0
27,399,0
27,404,0
27,405,0
27,406,0
27,407,0
27,408,0
27,409,0
27,410,0
27,411,0
27,412,0
27,413,0
27,415,0
27,416,0
27,417,0
27,418,0
27,419,0
27,420,0
27,421,0
27,422,0
27,423,0
27,424,0
27,425,0
27,426,0
27,427,0
27,428,0
27,429,0
27,430,0
27,431,0
27,432,0
27,433,0
27,434,0
27,435,0
27,436,0
27,437,0
27,438,0
27,439,0
27,440,0
27,441,0
27,442,0
27,443,0
27,444,0
27,445,0
27,446,0
27,447,0
27,448,0
27,449,0
27,450,0
27,451,0
27,452,0
27,453,0
27,454,0
27,455,0
27,456,1
27,457,0
27,458,0
27,459,1
27,460,0
27,461,1
27,462,0
27,463,0
27,464,0
27,465,1
27,466,0
27,467,1
27,468,0
27,469,0
27,470,0
27,471,0
27,472,1
27,473,0
27,474,1
27,475,1
27,476,1
27,477,0
27,478,1
27,479,0
27,480,0
27,481,0
27,482,0
27,483,0
27,484,0
27,485,1
27,486,1
27,487,0
27,488,0
27,489,1
27,490,0
27,491,0
27,492,0
27,493,0
27,494,0
27,495,1
27,496,0
27,497,0
27,498,0
27,499,0
27,500,0
27,501,0
27,502,0
27,503,0
27,504,1
27,505,0
27,506,0
27,507,0
27,508,0
27,509,0
27,510,0
27,511,0
27,512,0
27,513,0
27,514,0
27,515,0
27,516,0
27,517,0
27,518,0
27,519,0
27,520,0
27,521,0
27,522,0
27,523,0
27,524,0
27,525,0
27,526,0
27,527,0
27,528,0
27,529,0
27,530,0
27,531,0
27,532,0
27,533,0
27,534,0
27,535,0
27,536,0
27,537,0
27,538,0
27,539,0
27,540,0
27,541,0
27,542,0
27,543,0
27,544,0
27,545,0
27,546,0
27,547,0
27,548,0
27,549,0
27,550,0
27,551,0
27,552,0
27,553,0
27,554,0
27,555,0
27,556,0
27,557,0
27,558,0
27,559,0
27,560,0
27,561,0
27,562,0
27,563,0
27,564,0
27,565,0
27,566,0
27,567,0
27,568,0
27,569,0
27,570,0
27,571,0
27,572,0
27,573,0
27,574,0
27,575,0
27,576,0
27,577,0
27,578,0
27,579,0
27,580,0
27,581,0
27,582,0
27,583,0
27,584,0
27,585,0
27,586,0
27,587,0
27,588,0
27,589,0
27,590,0
27,591,0
27,592,0
27,593,0
27,594,0
27,595,0
27,596,0
27,597,0
27,598,0
28,387,0
28,397,0
28,398,0
28,404,0
28,405,0
28,406,0
28,408,0
28,410,0
28,411,0
28,412,0
28,413,0
28,416,0
28,417,0
28,418,0
28,419,0
28,420,0
28,423,0
28,424,0
28,425,0
28,426,0
28,427,0
28,429,0
28,430,0
28,431,0
28,432,0
28,433,0
28,434,0
28,435,0
28,436,0
28,437,0
28,438,0
28,439,0
28,440,0
28,441,0
28,442,0
28,443,0
28,444,0
28,445,0
28,446,0
28,447,0
28,448,0
28,449,0
28,450,0
28,451,0
28,452,0
28,453,0
28,454,0
28,455,0
28,456,0
28,457,0
28,458,0
28,459,0
28,460,0
28,461,0
28,462,0
28,463,0
28,464,0
28,465,0
28,466,0
28,467,0
28,468,0
28,469,0
28,470,0
28,471,0
28,472,1
28,473,0
28,474,1
28,475,1
28,476,1
28,477,0
28,478,1
28,479,0
28,480,0
28,481,0
28,482,0
28,483,0
28,484,0
28,485,0
28,486,1
28,487,0
28,488,0
28,489,1
28,490,1
28,491,1
28,492,0
28,493,1
28,494,0
28,495,0
28,496,0
28,497,0
28,498,0
28,499,1
28,500,1
28,501,0
28,502,0
28,503,1
28,504,1
28,505,0
28,506,0
28,507,0
28,508,1
28,509,0
28,510,0
28,511,0
28,512,0
28,513,0
28,514,0
28,515,0
28,516,0
28,517,0
28,518,0
28,519,0
28,520,0
28,521,0
28,522,0
28,523,0
28,524,0
28,525,0
28,526,0
28,527,0
28,528,0
28,529,0
28,530,0
28,531,0
28,532,0
28,533,0
28,534,0
28,535,0
28,536,0
28,537,0
28,538,0
28,539,0
28,540,0
28,541,0
28,542,0
28,543,0
28,544,0
28,545,0
28,546,0
28,547,0
28,548,0
28,549,0
28,550,0
28,551,0
28,552,0
28,553,0
28,554,0
28,555,0
28,556,0
28,557,0
28,558,0
28,559,0
28,560,0
28,561,0
28,562,0
28,563,0
28,564,0
28,565,0
28,566,0
28,567,0
28,568,0
28,569,0
28,570,0
28,571,0
28,572,0
28,573,0
28,574,0
28,575,0
28,576,0
28,577,0
28,578,0
28,579,0
28,580,0
28,581,0
28,582,0
28,583,0
28,584,0
28,585,0
28,586,0
28,587,0
28,588,0
28,589,0
28,590,0
28,591,0
28,592,0
28,593,0
28,594,0
28,595,0
28,596,0
28,597,0
28,598,0
28,599,0
28,600,0
28,601,0
28,602,0
28,603,0
28,604,0
28,605,0
28,606,0
28,607,0
28,608,0
28,609,0
29,405,0
29,411,0
29,429,0
29,430,0
29,432,0
29,434,0
29,435,0
29,436,0
29,437,0
29,438,0
29,440,0
29,441,0
29,442,0
29,443,0
29,444,0
29,445,0
29,446,0
29,447,0
29,448,0
29,450,0
29,451,0
29,452,0
29,453,0
29,455,0
29,456,0
29,457,0
29,458,0
29,459,0
29,460,0
29,461,0
29,462,0
29,463,0
29,464,0
29,465,0
29,466,0
29,467,0
29,468,0
29,469,0
29,470,0
29,471,0
29,472,0
29,473,0
29,474,0
29,475,0
29,476,0
29,477,0
29,478,0
29,479,0
29,480,0
29,481,0
29,482,0
29,483,0
29,484,0
29,485,0
29,486,0
29,487,0
29,488,0
29,489,0
29,490,0
29,491,1
29,492,0
29,493,0
29,494,0
29,495,0
29,496,0
29,497,0
29,498,0
29,499,0
29,500,0
29,501,1
29,502,0
29,503,0
29,504,0
29,505,0
29,506,0
29,507,0
29,508,0
29,509,0
29,510,0
29,511,0
29,512,0
29,513,0
29,514,1
29,515,1
29,516,1
29,517,0
29,518,1
29,519,0
29,520,1
29,521,0
29,522,0
29,523,0
29,524,1
29,525,0
29,526,0
29,527,0
29,528,0
29,529,0
29,530,0
29,531,0
29,532,0
29,533,0
29,534,0
29,535,1
29,536,0
29,537,1
29,538,1
29,539,0
29,540,0
29,541,1
29,542,1
29,543,0
29,544,0
29,545,0
29,546,0
29,547,0
29,548,0
29,549,0
29,550,0
29,551,0
29,552,0
29,553,0
29,554,0
29,555,0
29,556,0
29,557,0
29,558,0
29,559,0
29,560,0
29,561,0
29,562,0
29,563,0
29,564,0
29,565,0
29,566,0
29,567,0
29,568,0
29,569,0
29,570,0
29,571,0
29,572,0
29,573,0
29,574,0
29,575,0
29,576,0
29,577,0
29,578,0
29,579,0
29,580,0
29,581,0
29,582,0
29,583,0
29,584,0
29,585,0
29,586,0
29,587,0
29,588,0
29,589,0
29,590,0
29,591,0
29,592,0
29,593,0
29,594,0
29,595,0
29,596,0
29,597,0
29,598,0
29,599,0
29,600,0
29,601,0
29,602,0
29,603,0
29,604,0
29,605,0
29,606,0
29,607,0
29,608,0
29,609,0
29,610,0
29,611,0
29,612,0
29,613,0
29,614,0
29,615,0
29,616,0
29,617,0
29,618,0
29,619,0
29,620,0
29,621,0
29,622,0
29,623,0
29,624,0
29,625,0
29,626,0
29,627,0
29,628,0
29,629,0
29,630,0
29,631,0
29,632,0
29,633,0
29,634,0
30,435,0
30,438,0
30,440,0
30,445,0
30,446,0
30,447,0
30,448,0
30,450,0
30,451,0
30,453,0
30,455,0
30,456,0
30,458,0
30,459,0
30,461,0
30,462,0
30,463,0
30,465,0
30,466,0
30,467,0
30,468,0
30,469,0
30,470,0
30,471,0
30,472,0
30,473,0
30,474,0
30,475,0
30,476,0
30,477,0
30,478,0
30,479,0
30,480,0
30,481,0
30,482,0
30,483,0
30,484,0
30,485,0
30,486,0
30,487,0
30,488,0
30,489,0
30,490,0
30,491,0
30,492,0
30,493,0
30,494,0
30,495,0
30,496,0
30,497,0
30,498,0
30,499,0
30,500,0
30,501,0
30,502,0
30,503,0
30,504,0
30,505,0
30,506,0
30,507,0
30,508,0
30,509,0
30,510,0
30,511,0
30,512,0
30,513,0
30,514,0
30,515,0
30,516,0
30,517,0
30,518,0
30,519,0
30,520,1
30,521,0
30,522,1
30,523,0
30,524,0
30,525,0
30,526,0
30,527,0
30,528,0
30,529,0
30,530,0
30,531,1
30,532,0
30,533,0
30,534,0
30,535,0
30,536,0
30,537,1
30,538,0
30,539,0
30,540,0
30,541,0
30,542,0
30,543,0
30,544,0
30,545,1
30,546,0
30,547,0
30,548,0
30,549,0
30,550,0
30,551,0
30,552,0
30,553,0
30,554,1
30,555,0
30,556,0
30,557,0
30,558,0
30,559,0
30,560,0
30,561,1
30,562,0
30,563,0
30,564,0
30,565,0
30,566,0
30,567,0
30,568,0
30,569,0
30,570,0
30,571,0
30,572,0
30,573,0
30,574,0
30,575,0
30,576,0
30,577,0
30,578,0
30,579,0
30,580,0
30,581,0
30,582,0
30,583,0
30,584,0
30,585,0
30,586,0
30,587,0
30,588,0
30,589,0
30,590,0
30,591,0
30,592,0
30,593,0
30,594,0
30,595,0
30,596,0
30,597,0
30,598,0
30,599,0
30,600,0
30,601,0
30,602,0
30,603,0
30,604,0
30,605,0
30,606,0
30,607,0
30,608,0
30,609,0
30,610,0
30,611,0
30,612,0
30,613,0
30,614,0
30,615,0
30,616,0
30,617,0
30,618,0
30,619,0
30,620,0
30,621,0
30,622,0
30,623,0
30,624,0
30,625,0
30,626,0
30,627,0
30,628,0
30,629,0
30,630,0
30,631,0
30,632,0
30,633,0
30,634,0
30,635,0
30,636,0
30,637,0
30,638,0
30,639,0
30,640,0
30,641,0
30,642,0
30,643,0
30,644,0
30,645,0
30,646,0
30,647,0
30,648,0
30,649,0
30,650,0
31,456,0
31,459,0
31,461,0
31,465,0
31,466,0
31,467,0
31,468,0
31,469,0
31,472,0
31,473,0
31,474,0
31,475,0
31,476,0
31,477,0
31,478,0
31,481,0
31,482,0
31,483,0
31,484,0
31,485,0
31,486,0
31,487,0
31,488,0
31,489,0
31,490,0
31,491,0
31,492,0
31,493,0
31,494,0
31,495,0
31,496,0
31,497,0
31,498,0
31,499,0
31,500,0
31,501,0
31,502,0
31,503,0
31,504,0
31,505,0
31,506,0
31,507,0
31,508,0
31,509,0
31,510,0
31,511,0
31,512,0
31,513,0
31,514,0
31,515,0
31,516,0
31,517,0
31,518,0
31,519,0
31,520,0
31,521,0
31,522,0
31,523,0
31,524,0
31,525,0
31,526,0
31,527,0
31,528,0
31,529,0
31,530,0
31,531,0
31,532,0
31,533,0
31,534,0
31,535,0
31,536,0
31,537,0
31,538,0
31,539,0
31,540,0
31,541,0
31,542,0
31,543,0
31,544,0
31,545,0
31,546,0
31,547,0
31,548,0
31,549,0
31,550,0
31,551,1
31,552,0
31,553,0
31,554,0
31,555,0
31,556,0
31,557,1
31,558,1
31,559,1
31,560,0
31,561,0
31,562,0
31,563,0
31,564,0
31,565,1
31,566,1
31,567,1
31,568,0
31,569,1
31,570,0
31,571,0
31,572,0
31,573,0
31,574,0
31,575,1
31,576,0
31,577,1
31,578,0
31,579,0
31,580,0
31,581,0
31,582,1
31,583,0
31,584,1
31,585,0
31,586,0
31,587,0
31,588,0
31,589,0
31,590,0
31,591,0
31,592,0
31,593,0
31,594,0
31,595,0
31,596,0
31,597,0
31,598,0
31,599,0
31,600,0
31,601,0
31,602,0
31,603,0
31,604,0
31,605,0
31,606,0
31,607,0
31,608,0
31,609,0
31,610,0
31,611,0
31,612,0
31,613,0
31,614,0
31,615,0
31,616,0
31,617,0
31,618,0
31,619,0
31,620,0
31,621,0
31,622,0
31,623,0
31,624,0
31,625,0
31,626,0
31,627,0
31,628,0
31,629,0
31,630,0
31,631,0
31,632,0
31,633,0
31,634,0
31,635,0
31,636,0
31,637,0
31,638,0
31,639,0
31,640,0
31,641,0
31,642,0
31,643,0
31,644,0
31,645,0
31,646,0
31,647,0
31,648,0
31,649,0
31,650,0
31,651,0
31,652,0
31,653,0
31,654,0
31,655,0
31,656,0
31,657,0
31,658,0
31,659,0
31,660,0
31,661,0
31,662,0
31,663,0
31,664,0
31,665,0
31,666,0
32,456,0
32,459,0
32,461,0
32,465,0
32,466,0
32,467,0
32,468,0
32,469,0
32,472,0
32,473,0
32,474,0
32,475,0
32,476,0
32,477,0
32,478,0
32,481,0
32,482,0
32,483,0
32,484,0
32,485,0
32,486,0
32,487,0
32,488,0
32,489,0
32,490,0
32,491,0
32,492,0
32,493,0
32,494,0
32,495,0
32,496,0
32,497,0
32,498,0
32,499,0
32,500,0
32,501,0
32,502,0
32,503,0
32,504,0
32,505,0
32,506,0
32,507,0
32,508,0
32,509,0
32,510,0
32,511,0
32,512,0
32,513,0
32,514,0
32,515,0
32,516,0
32,517,0
32,518,0
32,519,0
32,520,0
32,521,0
32,522,0
32,523,0
32,524,0
32,525,0
32,526,0
32,527,0
32,528,0
32,529,0
32,530,0
32,531,0
32,532,0
32,533,0
32,534,0
32,535,0
32,536,0
32,537,0
32,538,0
32,539,0
32,540,0
32,541,0
32,542,0
32,543,0
32,544,0
32,545,0
32,546,0
32,547,0
32,548,0
32,549,1
32,550,0
32,551,1
32,552,0
32,553,0
32,554,0
32,555,0
32,556,0
32,557,1
32,558,1
32,559,1
32,560,0
32,561,0
32,562,0
32,563,0
32,564,0
32,565,1
32,566,1
32,567,1
32,568,0
32,569,1
32,570,0
32,571,0
32,572,0
32,573,0
32,574,0
32,575,1
32,576,0
32,577,1
32,578,0
32,579,0
32,580,0
32,581,0
32,582,1
32,583,0
32,584,1
32,585,0
32,586,0
32,587,0
32,588,0
32,589,0
32,590,0
32,591,0
32,592,0
32,593,0
32,594,0
32,595,0
32,596,0
32,597,0
32,598,0
32,599,0
32,600,0
32,601,0
32,602,0
32,603,0
32,604,0
32,605,0
32,606,0
32,607,0
32,608,0
32,609,0
32,610,0
32,611,0
32,612,0
32,613,0
32,614,0
32,615,0
32,616,0
32,617,0
32,618,0
32,619,0
32,620,0
32,621,0
32,622,0
32,623,0
32,624,0
32,625,0
32,626,0
32,627,0
32,628,0
32,629,0
32,630,0
32,631,0
32,632,0
32,633,0
32,634,0
32,635,0
32,636,0
32,637,0
32,638,0
32,639,0
32,640,0
32,641,0
32,642,0
32,643,0
32,644,0
32,645,0
32,646,0
32,647,0
32,648,0
32,649,0
32,650,0
32,651,0
32,652,0
32,653,0
32,654,0
32,655,0
32,656,0
32,657,0
32,658,0
32,659,0
32,660,0
32,661,0
32,662,0
32,663,0
32,664,0
32,665,0
32,666,0
32,667,0
33,483,0
33,490,0
33,491,0
33,496,0
33,500,0
33,501,0
33,503,0
33,507,0
33,514,0
33,515,0
33,516,0
33,517,0
33,518,0
33,519,0
33,520,0
33,522,0
33,523,0
33,524,0
33,525,0
33,527,0
33,528,0
33,529,0
33,530,0
33,531,0
33,532,0
33,533,0
33,534,0
33,535,0
33,536,0
33,537,0
33,538,0
33,539,0
33,540,0
33,541,0
33,542,0
33,543,0
33,544,0
33,545,0
33,546,0
33,547,0
33,548,0
33,549,0
33,550,0
33,551,0
33,552,0
33,553,0
33,554,0
33,555,0
33,556,0
33,557,0
33,558,0
33,559,0
33,560,0
33,561,0
33,562,0
33,563,0
33,564,1
33,565,0
33,566,0
33,567,0
33,568,0
33,569,0
33,570,0
33,571,0
33,572,0
33,573,0
33,574,0
33,575,0
33,576,0
33,577,0
33,578,0
33,579,0
33,580,0
33,581,0
33,582,0
33,583,0
33,584,0
33,585,1
33,586,0
33,587,0
33,588,0
33,589,0
33,590,0
33,591,1
33,592,0
33,593,1
33,594,0
33,595,0
33,596,0
33,597,0
33,598,0
33,599,0
33,600,0
33,601,0
33,602,1
33,603,0
33,604,1
33,605,1
33,606,1
33,607,1
33,608,1
33,609,1
33,610,0
33,611,0
33,612,1
33,613,0
33,614,0
33,615,1
33,616,1
33,617,0
33,618,0
33,619,0
33,620,1
33,621,0
33,622,1
33,623,0
33,624,1
33,625,0
33,626,0
33,627,0
33,628,0
33,629,0
33,630,0
33,631,0
33,632,0
33,633,0
33,634,0
33,635,0
33,636,0
33,637,0
33,638,0
33,639,0
33,640,0
33,641,0
33,642,0
33,643,0
33,644,0
33,645,0
33,646,0
33,647,0
33,648,0
33,649,0
33,650,0
33,651,0
33,652,0
33,653,0
33,654,0
33,655,0
33,656,0
33,657,0
33,658,0
33,659,0
33,660,0
33,661,0
33,662,0
33,663,0
33,664,0
33,665,0
33,666,0
33,667,0
33,668,0
33,669,0
33,670,0
33,671,0
33,672,0
33,673,0
33,674,0
33,675,0
33,676,0
33,677,0
33,678,0
33,679,0
33,680,0
33,681,0
33,682,0
33,683,0
33,684,0
33,685,0
33,686,0
33,687,0
33,688,0
33,689,0
33,690,0
33,691,0
33,692,0
33,693,0
33,694,0
33,695,0
33,696,0
33,697,0
33,698,0
33,699,0
33,700,0
33,701,0
33,702,0
33,703,0
34,483,0
34,491,0
34,501,0
34,503,0
34,514,0
34,516,0
34,518,0
34,520,0
34,522,0
34,524,0
34,525,0
34,531,0
34,533,0
34,534,0
34,535,0
34,536,0
34,537,0
34,538,0
34,539,0
34,540,0
34,541,0
34,543,0
34,544,0
34,545,0
34,546,0
34,547,0
34,548,0
34,549,0
34,550,0
34,551,0
34,552,0
34,553,0
34,554,0
34,555,0
34,556,0
34,557,0
34,558,0
34,559,0
34,560,0
34,561,0
34,562,0
34,563,0
34,564,0
34,565,0
34,566,0
34,567,0
34,568,0
34,569,0
34,570,0
34,571,0
34,572,0
34,573,0
34,574,0
34,575,0
34,576,0
34,577,0
34,578,0
34,579,0
34,580,0
34,581,0
34,582,0
34,583,0
34,584,0
34,585,0
34,586,0
34,587,0
34,588,0
34,589,0
34,590,0
34,591,1
34,592,0
34,593,0
34,594,0
34,595,0
34,596,0
34,597,0
34,598,0
34,599,0
34,600,0
34,601,0
34,602,1
34,603,0
34,604,1
34,605,0
34,606,1
34,607,1
34,608,1
34,609,0
34,610,1
34,611,0
34,612,1
34,613,0
34,614,0
34,615,1
34,616,1
34,617,0
34,618,0
34,619,0
34,620,1
34,621,0
34,622,1
34,623,0
34,624,1
34,625,0
34,626,0
34,627,0
34,628,0
34,629,0
34,630,0
34,631,0
34,632,0
34,633,0
34,634,0
34,635,0
34,636,0
34,637,0
34,638,0
34,639,0
34,640,0
34,641,0
34,642,0
34,643,0
34,644,0
34,645,0
34,646,0
34,647,0
34,648,0
34,649,0
34,650,0
34,651,0
34,652,0
34,653,0
34,654,0
34,655,0
34,656,0
34,657,0
34,658,0
34,659,0
34,660,0
34,661,0
34,662,0
34,663,0
34,664,0
34,665,0
34,666,0
34,667,0
34,668,0
34,669,0
34,670,0
34,671,0
34,672,0
34,673,0
34,674,0
34,675,0
34,676,0
34,677,0
34,678,0
34,679,0
34,680,0
34,681,0
34,682,0
34,683,0
34,684,0
34,685,0
34,686,0
34,687,0
34,688,0
34,689,0
34,690,0
34,691,0
34,692,0
34,693,0
34,694,0
34,695,0
34,696,0
34,697,0
34,698,0
34,699,0
34,700,0
34,701,0
34,702,0
34,703,0
34,704,0
34,705,0
34,706,0
34,707,0
34,708,0
34,709,0
34,710,0
34,711,0
34,712,0
34,713,0
34,714,0
34,715,0
34,716,0
34,717,0
35,520,0
35,522,0
35,531,0
35,533,0
35,534,0
35,537,0
35,543,0
35,544,0
35,545,0
35,546,0
35,548,0
35,549,0
35,551,0
35,552,0
35,554,0
35,555,0
35,556,0
35,557,0
35,558,0
35,559,0
35,560,0
35,561,0
35,562,0
35,563,0
35,564,0
35,565,0
35,566,0
35,567,0
35,568,0
35,569,0
35,570,0
35,571,0
35,572,0
35,573,0
35,574,0
35,575,0
35,576,0
35,577,0
35,578,0
35,579,0
35,580,0
35,581,0
35,582,0
35,583,0
35,584,0
35,585,0
35,586,0
35,587,0
35,588,0
35,589,0
35,590,0
35,591,0
35,592,0
35,593,0
35,594,0
35,595,0
35,596,0
35,597,0
35,598,0
35,599,0
35,600,0
35,601,0
35,602,0
35,603,0
35,604,0
35,605,0
35,606,0
35,607,0
35,608,0
35,609,0
35,610,1
35,611,0
35,612,0
35,613,0
35,614,0
35,615,0
35,616,0
35,617,0
35,618,0
35,619,0
35,620,1
35,621,0
35,622,1
35,623,0
35,624,1
35,625,1
35,626,0
35,627,1
35,628,0
35,629,0
35,630,0
35,631,0
35,632,0
35,633,0
35,634,0
35,635,0
35,636,0
35,637,0
35,638,0
35,639,0
35,640,0
35,641,0
35,642,0
35,643,0
35,644,0
35,645,0
35,646,0
35,647,0
35,648,0
35,649,0
35,650,0
35,651,0
35,652,0
35,653,0
35,654,0
35,655,0
35,656,0
35,657,0
35,658,0
35,659,0
35,660,0
35,661,0
35,662,0
35,663,0
35,664,0
35,665,0
35,666,0
35,667,0
35,668,0
35,669,0
35,670,0
35,671,0
35,672,0
35,673,0
35,674,0
35,675,0
35,676,0
35,677,0
35,678,0
35,679,0
35,680,0
35,681,0
35,682,0
35,683,0
35,684,0
35,685,0
35,686,0
35,687,0
35,688,0
35,689,0
35,690,0
35,691,0
35,692,0
35,693,0
35,694,0
35,695,0
35,696,0
35,697,0
35,698,0
35,699,0
35,700,0
35,701,0
35,702,0
35,703,0
35,704,0
35,705,0
35,706,0
35,707,0
35,708,0
35,709,0
35,710,0
35,711,0
35,712,0
35,713,0
35,714,0
35,715,0
35,716,0
35,717,0
35,718,0
35,719,0
35,720,0
35,721,0
35,722,0
35,723,0
35,724,0
35,725,0
35,726,0
35,727,0
35,728,0
36,520,0
36,522,0
36,534,0
36,537,0
36,544,0
36,546,0
36,548,0
36,549,0
36,551,0
36,552,0
36,555,0
36,557,0
36,558,0
36,559,0
36,560,0
36,561,0
36,562,0
36,563,0
36,564,0
36,565,0
36,566,0
36,567,0
36,568,0
36,569,0
36,570,0
36,571,0
36,572,0
36,573,0
36,574,0
36,575,0
36,576,0
36,577,0
36,578,0
36,579,0
36,580,0
36,581,0
36,582,0
36,583,0
36,584,0
36,585,0
36,586,0
36,587,0
36,588,0
36,589,0
36,590,0
36,591,0
36,592,0
36,593,0
36,594,0
36,595,0
36,596,0
36,597,0
36,598,0
36,599,0
36,600,0
36,601,0
36,602,0
36,603,0
36,604,0
36,605,0
36,606,0
36,607,0
36,608,0
36,609,0
36,610,0
36,611,0
36,612,0
36,613,0
36,614,0
36,615,0
36,616,0
36,617,0
36,618,0
36,619,0
36,620,0
36,621,0
36,622,0
36,623,0
36,624,0
36,625,0
36,626,0
36,627,1
36,628,1
36,629,0
36,630,0
36,631,0
36,632,1
36,633,0
36,634,1
36,635,0
36,636,1
36,637,0
36,638,0
36,639,0
36,640,0
36,641,1
36,642,0
36,643,0
36,644,1
36,645,1
36,646,0
36,647,0
36,648,0
36,649,0
36,650,1
36,651,0
36,652,0
36,653,0
36,654,0
36,655,0
36,656,0
36,657,0
36,658,0
36,659,0
36,660,0
36,661,0
36,662,0
36,663,0
36,664,0
36,665,0
36,666,0
36,667,0
36,668,0
36,669,0
36,670,0
36,671,0
36,672,0
36,673,0
36,674,0
36,675,0
36,676,0
36,677,0
36,678,0
36,679,0
36,680,0
36,681,0
36,682,0
36,683,0
36,684,0
36,685,0
36,686,0
36,687,0
36,688,0
36,689,0
36,690,0
36,691,0
36,692,0
36,693,0
36,694,0
36,695,0
36,696,0
36,697,0
36,698,0
36,699,0
36,700,0
36,701,0
36,702,0
36,703,0
36,704,0
36,705,0
36,706,0
36,707,0
36,708,0
36,709,0
36,710,0
36,711,0
36,712,0
36,713,0
36,714,0
36,715,0
36,716,0
36,717,0
36,718,0
36,719,0
36,720,0
36,721,0
36,722,0
36,723,0
36,724,0
36,725,0
36,726,0
36,727,0
36,728,0
36,729,0
36,730,0
36,731,0
36,732,0
36,733,0
36,734,0
36,735,0
36,736,0
37,522,0
37,537,0
37,546,0
37,548,0
37,549,0
37,551,0
37,552,0
37,555,0
37,557,0
37,558,0
37,559,0
37,560,0
37,563,0
37,564,0
37,565,0
37,566,0
37,567,0
37,568,0
37,569,0
37,570,0
37,571,0
37,572,0
37,574,0
37,575,0
37,576,0
37,577,0
37,578,0
37,579,0
37,581,0
37,582,0
37,583,0
37,584,0
37,585,0
37,586,0
37,587,0
37,588,0
37,589,0
37,590,0
37,591,0
37,592,0
37,593,0
37,594,0
37,595,0
37,596,0
37,597,0
37,598,0
37,599,0
37,600,0
37,601,0
37,602,0
37,603,0
37,604,0
37,605,0
37,606,0
37,607,0
37,608,0
37,609,0
37,610,0
37,611,0
37,612,0
37,613,0
37,614,0
37,615,0
37,616,0
37,617,0
37,618,0
37,619,0
37,620,0
37,621,0
37,622,0
37,623,0
37,624,0
37,625,0
37,626,0
37,627,0
37,628,1
37,629,0
37,630,0
37,631,0
37,632,1
37,633,0
37,634,1
37,635,0
37,636,1
37,637,0
37,638,0
37,639,0
37,640,1
37,641,1
37,642,0
37,643,1
37,644,1
37,645,1
37,646,0
37,647,0
37,648,0
37,649,0
37,650,1
37,651,0
37,652,1
37,653,1
37,654,0
37,655,0
37,656,0
37,657,0
37,658,0
37,659,0
37,660,0
37,661,0
37,662,0
37,663,0
37,664,0
37,665,0
37,666,0
37,667,0
37,668,0
37,669,0
37,670,0
37,671,0
37,672,0
37,673,0
37,674,0
37,675,0
37,676,0
37,677,0
37,678,0
37,679,0
37,680,0
37,681,0
37,682,0
37,683,0
37,684,0
37,685,0
37,686,0
37,687,0
37,688,0
37,689,0
37,690,0
37,691,0
37,692,0
37,693,0
37,694,0
37,695,0
37,696,0
37,697,0
37,698,0
37,699,0
37,700,0
37,701,0
37,702,0
37,703,0
37,704,0
37,705,0
37,706,0
37,707,0
37,708,0
37,709,0
37,710,0
37,711,0
37,712,0
37,713,0
37,714,0
37,715,0
37,716,0
37,717,0
37,718,0
37,719,0
37,720,0
37,721,0
37,722,0
37,723,0
37,724,0
37,725,0
37,726,0
37,727,0
37,728,0
37,729,0
37,730,0
37,731,0
37,732,0
37,733,0
37,734,0
37,735,0
37,736,0
37,737,0
37,738,0
37,739,0
37,740,0
37,741,0
38,522,0
38,537,0
38,546,0
38,548,0
38,549,0
38,551,0
38,552,0
38,555,0
38,557,0
38,558,0
38,559,0
38,560,0
38,563,0
38,564,0
38,565,0
38,566,0
38,567,0
38,568,0
38,569,0
38,571,0
38,572,0
38,574,0
38,575,0
38,577,0
38,578,0
38,579,0
38,581,0
38,582,0
38,583,0
38,584,0
38,585,0
38,586,0
38,587,0
38,588,0
38,589,0
38,590,0
38,591,0
38,592,0
38,593,0
38,594,0
38,595,0
38,596,0
38,597,0
38,598,0
38,599,0
38,600,0
38,601,0
38,602,0
38,603,0
38,604,0
38,605,0
38,606,0
38,607,0
38,608,0
38,609,0
38,610,0
38,611,0
38,612,0
38,613,0
38,614,0
38,615,0
38,616,0
38,617,0
38,618,0
38,619,0
38,620,0
38,621,0
38,622,0
38,623,0
38,624,0
38,625,0
38,626,0
38,627,0
38,628,1
38,629,0
38,630,0
38,631,0
38,632,1
38,633,0
38,634,1
38,635,0
38,636,1
38,637,0
38,638,0
38,639,0
38,640,1
38,641,0
38,642,0
38,643,1
38,644,1
38,645,1
38,646,0
38,647,0
38,648,0
38,649,0
38,650,1
38,651,0
38,652,1
38,653,1
38,654,0
38,655,0
38,656,0
38,657,0
38,658,0
38,659,0
38,660,0
38,661,0
38,662,0
38,663,0
38,664,0
38,665,0
38,666,0
38,667,0
38,668,0
38,669,0
38,670,0
38,671,0
38,672,0
38,673,0
38,674,0
38,675,0
38,676,0
38,677,0
38,678,0
38,679,0
38,680,0
38,681,0
38,682,0
38,683,0
38,684,0
38,685,0
38,686,0
38,687,0
38,688,0
38,689,0
38,690,0
38,691,0
38,692,0
38,693,0
38,694,0
38,695,0
38,696,0
38,697,0
38,698,0
38,699,0
38,700,0
38,701,0
38,702,0
38,703,0
38,704,0
38,705,0
38,706,0
38,707,0
38,708,0
38,709,0
38,710,0
38,711,0
38,712,0
38,713,0
38,714,0
38,715,0
38,716,0
38,717,0
38,718,0
38,719,0
38,720,0
38,721,0
38,722,0
38,723,0
38,724,0
38,725,0
38,726,0
38,727,0
38,728,0
38,729,0
38,730,0
38,731,0
38,732,0
38,733,0
38,734,0
38,735,0
38,736,0
38,737,0
38,738,0
38,739,0
38,740,0
38,741,0
38,742,0
39,563,0
39,564,0
39,572,0
39,585,0
39,586,0
39,590,0
39,591,0
39,593,0
39,595,0
39,598,0
39,602,0
39,604,0
39,605,0
39,606,0
39,607,0
39,608,0
39,610,0
39,612,0
39,614,0
39,615,0
39,616,0
39,618,0
39,619,0
39,620,0
39,621,0
39,622,0
39,623,0
39,624,0
39,625,0
39,626,0
39,627,0
39,628,0
39,629,0
39,630,0
39,631,0
39,632,0
39,633,0
39,634,0
39,635,0
39,636,0
39,637,0
39,638,0
39,639,0
39,640,0
39,641,0
39,642,0
39,643,0
39,644,0
39,645,0
39,646,0
39,647,0
39,648,0
39,649,0
39,650,0
39,651,0
39,652,0
39,653,0
39,654,0
39,655,1
39,656,1
39,657,0
39,658,0
39,659,0
39,660,0
39,661,0
39,662,0
39,663,0
39,664,0
39,665,0
39,666,0
39,667,0
39,668,0
39,669,0
39,670,0
39,671,0
39,672,0
39,673,0
39,674,1
39,675,1
39,676,0
39,677,0
39,678,1
39,679,0
39,680,0
39,681,0
39,682,0
39,683,1
39,684,0
39,685,1
39,686,1
39,687,1
39,688,0
39,689,0
39,690,0
39,691,0
39,692,0
39,693,0
39,694,0
39,695,0
39,696,0
39,697,0
39,698,0
39,699,0
39,700,0
39,701,0
39,702,0
39,703,0
39,704,0
39,705,0
39,706,0
39,707,0
39,708,0
39,709,0
39,710,0
39,711,0
39,712,0
39,713,0
39,714,0
39,715,0
39,716,0
39,717,0
39,718,0
39,719,0
39,720,0
39,721,0
39,722,0
39,723,0
39,724,0
39,725,0
39,726,0
39,727,0
39,728,0
39,729,0
39,730,0
39,731,0
39,732,0
39,733,0
39,734,0
39,735,0
39,736,0
39,737,0
39,738,0
39,739,0
39,740,0
39,741,0
39,742,0
39,743,0
39,744,0
39,745,0
39,746,0
39,747,0
39,748,0
39,749,0
39,750,0
39,751,0
39,752,0
39,753,0
39,754,0
39,755,0
39,756,0
39,757,0
39,758,0
39,759,0
39,760,0
39,761,0
39,762,0
39,763,0
39,764,0
39,765,0
39,766,0
39,767,0
39,768,0
39,769,0
39,770,0
39,771,0
39,772,0
39,773,0
39,774,0
39,775,0
39,776,0
39,777,0
39,778,0
39,779,0
39,780,0
39,781,0
39,782,0
39,783,0
39,784,0
39,785,0
39,786,0
39,787,0
39,788,0
39,789,0
39,790,0
39,791,0
39,792,0
39,793,0
40,638,0
40,640,0
40,648,0
40,649,0
40,651,0
40,653,0
40,654,0
40,655,0
40,656,0
40,657,0
40,658,0
40,659,0
40,660,0
40,661,0
40,662,0
40,663,0
40,664,0
40,665,0
40,666,0
40,667,0
40,668,0
40,669,0
40,670,0
40,671,0
40,672,0
40,673,0
40,674,0
40,675,0
40,676,0
40,677,0
40,678,0
40,679,0
40,680,0
40,681,0
40,682,0
40,683,0
40,684,0
40,685,0
40,686,0
40,687,0
40,688,0
40,689,0
40,690,0
40,691,0
40,692,0
40,693,0
40,694,0
40,695,0
40,696,0
40,697,0
40,698,0
40,699,0
40,700,0
40,701,0
40,702,0
40,703,0
40,704,0
40,705,0
40,706,0
40,707,0
40,708,0
40,709,0
40,710,0
40,711,0
40,712,0
40,713,0
40,714,0
40,715,0
40,716,0
40,717,0
40,718,0
40,719,1
40,720,0
40,721,0
40,722,1
40,723,0
40,724,0
40,725,0
40,726,0
40,727,1
40,728,0
40,729,1
40,730,1
40,731,0
40,732,0
40,733,0
40,734,1
40,735,0
40,736,0
40,737,0
40,738,0
40,739,0
40,740,0
40,741,0
40,742,0
40,743,0
40,744,0
40,745,0
40,746,0
40,747,0
40,748,0
40,749,0
40,750,0
40,751,0
40,752,0
40,753,1
40,754,0
40,755,0
40,756,1
40,757,1
40,758,0
40,759,0
40,760,1
40,761,0
40,762,0
40,763,0
40,764,0
40,765,0
40,766,0
40,767,0
40,768,0
40,769,0
40,770,0
40,771,0
40,772,0
40,773,0
40,774,0
40,775,0
40,776,0
40,777,0
40,778,0
40,779,0
40,780,0
40,781,0
40,782,0
40,783,0
40,784,0
40,785,0
40,786,0
40,787,0
40,788,0
40,789,0
40,790,0
40,791,0
40,792,0
40,793,0
40,794,0
40,795,0
40,796,0
40,797,0
40,798,0
40,799,0
40,800,0
40,801,0
40,802,0
40,803,0
40,804,0
40,805,0
40,806,0
40,807,0
40,808,0
40,809,0
40,810,0
40,811,0
40,812,0
40,813,0
40,814,0
40,815,0
40,816,0
40,817,0
40,818,0
40,819,0
40,820,0
40,821,0
40,822,0
40,823,0
40,824,0
40,825,0
40,826,0
40,827,0
40,828,0
40,829,0
40,830,0
40,831,0
40,832,0
40,833,0
40,834,0
40,835,0
40,836,0
40,837,0
40,838,0
40,839,0
40,840,0
40,841,0
40,842,0
40,843,0
40,844,0
41,638,0
41,648,0
41,649,0
41,653,0
41,654,0
41,655,0
41,656,0
41,657,0
41,658,0
41,659,0
41,660,0
41,661,0
41,662,0
41,665,0
41,668,0
41,669,0
41,670,0
41,671,0
41,672,0
41,673,0
41,674,0
41,675,0
41,676,0
41,677,0
41,678,0
41,679,0
41,680,0
41,682,0
41,683,0
41,684,0
41,685,0
41,686,0
41,687,0
41,688,0
41,689,0
41,690,0
41,691,0
41,692,0
41,693,0
41,694,0
41,695,0
41,696,0
41,697,0
41,698,0
41,699,0
41,700,0
41,701,0
41,702,0
41,703,0
41,704,0
41,705,0
41,706,0
41,707,0
41,708,0
41,709,0
41,710,0
41,711,0
41,712,0
41,713,0
41,714,0
41,715,0
41,716,0
41,717,0
41,718,0
41,719,0
41,720,0
41,721,0
41,722,1
41,723,0
41,724,0
41,725,0
41,726,0
41,727,0
41,728,0
41,729,0
41,730,1
41,731,0
41,732,0
41,733,0
41,734,0
41,735,0
41,736,0
41,737,0
41,738,0
41,739,0
41,740,0
41,741,0
41,742,1
41,743,0
41,744,0
41,745,1
41,746,1
41,747,0
41,748,0
41,749,0
41,750,1
41,751,1
41,752,0
41,753,1
41,754,0
41,755,0
41,756,0
41,757,0
41,758,0
41,759,0
41,760,1
41,761,0
41,762,0
41,763,0
41,764,1
41,765,0
41,766,0
41,767,0
41,768,0
41,769,0
41,770,0
41,771,0
41,772,0
41,773,0
41,774,0
41,775,0
41,776,0
41,777,0
41,778,0
41,779,0
41,780,0
41,781,0
41,782,0
41,783,0
41,784,0
41,785,0
41,786,0
41,787,0
41,788,0
41,789,0
41,790,0
41,791,0
41,792,0
41,793,0
41,794,0
41,795,0
41,796,0
41,797,0
41,798,0
41,799,0
41,800,0
41,801,0
41,802,0
41,803,0
41,804,0
41,805,0
41,806,0
41,807,0
41,808,0
41,809,0
41,810,0
41,811,0
41,812,0
41,813,0
41,814,0
41,815,0
41,816,0
41,817,0
41,818,0
41,819,0
41,820,0
41,821,0
41,822,0
41,823,0
41,824,0
41,825,0
41,826,0
41,827,0
41,828,0
41,829,0
41,830,0
41,831,0
41,832,0
41,833,0
41,834,0
41,835,0
41,836,0
41,837,0
41,838,0
41,839,0
41,840,0
41,841,0
41,842,0
41,843,0
41,844,0
41,845,0
41,846,0
41,847,0
41,848,0
41,849,0
41,850,0
41,851,0
41,852,0
41,853,0
42,648,0
42,649,0
42,654,0
42,655,0
42,656,0
42,657,0
42,658,0
42,660,0
42,661,0
42,662,0
42,665,0
42,668,0
42,670,0
42,671,0
42,672,0
42,673,0
42,674,0
42,675,0
42,677,0
42,678,0
42,679,0
42,680,0
42,682,0
42,683,0
42,684,0
42,685,0
42,686,0
42,687,0
42,688,0
42,689,0
42,690,0
42,691,0
42,692,0
42,693,0
42,694,0
42,695,0
42,696,0
42,697,0
42,698,0
42,699,0
42,700,0
42,701,0
42,702,0
42,703,0
42,704,0
42,705,0
42,706,0
42,707,0
42,708,0
42,709,0
42,710,0
42,711,0
42,712,0
42,713,0
42,714,0
42,715,0
42,716,0
42,717,0
42,718,0
42,719,0
42,720,0
42,721,0
42,722,1
42,723,0
42,724,0
42,725,0
42,726,0
42,727,0
42,728,0
42,729,0
42,730,1
42,731,0
42,732,0
42,733,0
42,734,0
42,735,0
42,736,0
42,737,0
42,738,0
42,739,0
42,740,0
42,741,0
42,742,1
42,743,0
42,744,0
42,745,1
42,746,1
42,747,0
42,748,1
42,749,0
42,750,1
42,751,1
42,752,0
42,753,1
42,754,0
42,755,0
42,756,0
42,757,0
42,758,0
42,759,0
42,760,1
42,761,0
42,762,0
42,763,1
42,764,1
42,765,0
42,766,0
42,767,1
42,768,0
42,769,0
42,770,0
42,771,0
42,772,0
42,773,0
42,774,0
42,775,0
42,776,0
42,777,0
42,778,0
42,779,1
42,780,0
42,781,0
42,782,0
42,783,0
42,784,0
42,785,0
42,786,0
42,787,0
42,788,0
42,789,0
42,790,0
42,791,0
42,792,0
42,793,0
42,794,0
42,795,0
42,796,0
42,797,0
42,798,0
42,799,0
42,800,0
42,801,0
42,802,0
42,803,0
42,804,0
42,805,0
42,806,0
42,807,0
42,808,0
42,809,0
42,810,0
42,811,0
42,812,0
42,813,0
42,814,0
42,815,0
42,816,0
42,817,0
42,818,0
42,819,0
42,820,0
42,821,0
42,822,0
42,823,0
42,824,0
42,825,0
42,826,0
42,827,0
42,828,0
42,829,0
42,830,0
42,831,0
42,832,0
42,833,0
42,834,0
42,835,0
42,836,0
42,837,0
42,838,0
42,839,0
42,840,0
42,841,0
42,842,0
42,843,0
42,844,0
42,845,0
42,846,0
42,847,0
42,848,0
42,849,0
42,850,0
42,851,0
42,852,0
42,853,0
42,854,0
42,855,0
42,856,0
42,857,0
43,648,0
43,649,0
43,654,0
43,655,0
43,656,0
43,657,0
43,658,0
43,660,0
43,661,0
43,665,0
43,674,0
43,675,0
43,678,0
43,680,0
43,682,0
43,683,0
43,684,0
43,685,0
43,686,0
43,687,0
43,688,0
43,690,0
43,692,0
43,693,0
43,694,0
43,695,0
43,696,0
43,697,0
43,698,0
43,699,0
43,700,0
43,701,0
43,702,0
43,703,0
43,704,0
43,705,0
43,706,0
43,707,0
43,708,0
43,709,0
43,710,0
43,711,0
43,712,0
43,713,0
43,714,0
43,715,0
43,716,0
43,717,0
43,718,0
43,719,0
43,720,0
43,721,0
43,722,0
43,723,0
43,724,0
43,725,0
43,726,0
43,727,0
43,728,0
43,729,0
43,730,0
43,731,0
43,732,0
43,733,0
43,734,0
43,735,0
43,736,0
43,737,0
43,738,0
43,739,0
43,740,0
43,741,1
43,742,1
43,743,0
43,744,0
43,745,0
43,746,1
43,747,1
43,748,1
43,749,0
43,750,1
43,751,1
43,752,0
43,753,1
43,754,1
43,755,0
43,756,0
43,757,0
43,758,0
43,759,0
43,760,0
43,761,0
43,762,0
43,763,1
43,764,0
43,765,1
43,766,0
43,767,1
43,768,0
43,769,0
43,770,0
43,771,0
43,772,0
43,773,0
43,774,1
43,775,1
43,776,0
43,777,0
43,778,0
43,779,1
43,780,1
43,781,0
43,782,0
43,783,0
43,784,0
43,785,0
43,786,0
43,787,0
43,788,0
43,789,0
43,790,0
43,791,0
43,792,0
43,793,0
43,794,0
43,795,0
43,796,0
43,797,0
43,798,0
43,799,0
43,800,0
43,801,0
43,802,0
43,803,0
43,804,0
43,805,0
43,806,0
43,807,0
43,808,0
43,809,0
43,810,0
43,811,0
43,812,0
43,813,0
43,814,0
43,815,0
43,816,0
43,817,0
43,818,0
43,819,0
43,820,0
43,821,0
43,822,0
43,823,0
43,824,0
43,825,0
43,826,0
43,827,0
43,828,0
43,829,0
43,830,0
43,831,0
43,832,0
43,833,0
43,834,0
43,835,0
43,836,0
43,837,0
43,838,0
43,839,0
43,840,0
43,841,0
43,842,0
43,843,0
43,844,0
43,845,0
43,846,0
43,847,0
43,848,0
43,849,0
43,850,0
43,851,0
43,852,0
43,853,0
43,854,0
43,855,0
43,856,0
43,857,0
43,858,0
43,859,0
43,860,0
43,861,0
43,862,0
43,863,0
43,864,0
44,649,0
44,655,0
44,678,0
44,682,0
44,684,0
44,685,0
44,688,0
44,690,0
44,692,0
44,694,0
44,695,0
44,696,0
44,697,0
44,698,0
44,699,0
44,700,0
44,701,0
44,702,0
44,704,0
44,705,0
44,706,0
44,708,0
44,709,0
44,711,0
44,712,0
44,714,0
44,715,0
44,716,0
44,717,0
44,718,0
44,719,0
44,720,0
44,721,0
44,722,0
44,723,0
44,724,0
44,725,0
44,726,0
44,727,0
44,728,0
44,729,0
44,730,0
44,731,0
44,732,0
44,733,0
44,734,0
44,735,0
44,736,0
44,737,0
44,738,0
44,739,0
44,740,0
44,741,0
44,742,0
44,743,0
44,744,0
44,745,0
44,746,0
44,747,1
44,748,0
44,749,0
44,750,0
44,751,0
44,752,0
44,753,0
44,754,0
44,755,1
44,756,0
44,757,0
44,758,0
44,759,1
44,760,0
44,761,0
44,762,1
44,763,1
44,764,0
44,765,0
44,766,0
44,767,0
44,768,0
44,769,0
44,770,1
44,771,0
44,772,1
44,773,0
44,774,0
44,775,0
44,776,1
44,777,0
44,778,1
44,779,0
44,780,1
44,781,1
44,782,1
44,783,1
44,784,0
44,785,1
44,786,0
44,787,1
44,788,0
44,789,1
44,790,0
44,791,1
44,792,0
44,793,1
44,794,1
44,795,0
44,796,0
44,797,0
44,798,1
44,799,0
44,800,0
44,801,0
44,802,1
44,803,0
44,804,1
44,805,0
44,806,0
44,807,0
44,808,0
44,809,0
44,810,0
44,811,0
44,812,0
44,813,0
44,814,0
44,815,0
44,816,0
44,817,0
44,818,0
44,819,0
44,820,0
44,821,0
44,822,0
44,823,0
44,824,0
44,825,0
44,826,0
44,827,0
44,828,0
44,829,0
44,830,0
44,831,0
44,832,0
44,833,0
44,834,0
44,835,0
44,836,0
44,837,0
44,838,0
44,839,0
44,840,0
44,841,0
44,842,0
44,843,0
44,844,0
44,845,0
44,846,0
44,847,0
44,848,0
44,849,0
44,850,0
44,851,0
44,852,0
44,853,0
44,854,0
44,855,0
44,856,0
44,857,0
44,858,0
44,859,0
44,860,0
44,861,0
44,862,0
44,863,0
44,864,0
44,865,0
44,866,0
44,867,0
44,868,0
44,869,0
44,870,0
44,871,0
44,872,0
44,873,0
44,874,0
44,875,0
44,876,0
44,877,0
44,878,0
44,879,0
44,880,0
44,881,0
44,882,0
44,883,0
44,884,0
44,885,0
44,886,0
44,887,0
44,888,0
45,682,0
45,692,0
45,695,0
45,696,0
45,701,0
45,704,0
45,712,0
45,717,0
45,719,0
45,722,0
45,724,0
45,726,0
45,727,0
45,728,0
45,729,0
45,730,0
45,731,0
45,732,0
45,733,0
45,734,0
45,735,0
45,736,0
45,737,0
45,739,0
45,740,0
45,741,0
45,742,0
45,743,0
45,744,0
45,745,0
45,746,0
45,747,0
45,748,0
45,749,0
45,750,0
45,751,0
45,752,0
45,753,0
45,754,0
45,755,0
45,756,0
45,757,0
45,758,0
45,759,0
45,760,0
45,761,0
45,762,0
45,763,0
45,764,0
45,765,0
45,766,0
45,767,0
45,768,0
45,769,0
45,770,0
45,771,0
45,772,0
45,773,0
45,774,0
45,775,0
45,776,0
45,777,0
45,778,0
45,779,0
45,780,0
45,781,0
45,782,0
45,783,0
45,784,0
45,785,0
45,786,0
45,787,0
45,788,0
45,789,0
45,790,0
45,791,0
45,792,0
45,793,0
45,794,0
45,795,0
45,796,0
45,797,1
45,798,0
45,799,0
45,800,0
45,801,0
45,802,0
45,803,0
45,804,0
45,805,1
45,806,0
45,807,0
45,808,1
45,809,0
45,810,0
45,811,0
45,812,0
45,813,0
45,814,1
45,815,1
45,816,1
45,817,1
45,818,1
45,819,1
45,820,1
45,821,1
45,822,1
45,823,0
45,824,0
45,825,0
45,826,0
45,827,1
45,828,0
45,829,0
45,830,0
45,831,1
45,832,0
45,833,0
45,834,1
45,835,0
45,836,1
45,837,0
45,838,0
45,839,0
45,840,0
45,841,0
45,842,0
45,843,0
45,844,0
45,845,0
45,846,0
45,847,0
45,848,0
45,849,0
45,850,0
45,851,0
45,852,0
45,853,0
45,854,0
45,855,0
45,856,0
45,857,0
45,858,0
45,859,0
45,860,0
45,861,0
45,862,0
45,863,0
45,864,0
45,865,0
45,866,0
45,867,0
45,868,0
45,869,0
45,870,0
45,871,0
45,872,0
45,873,0
45,874,0
45,875,0
45,876,0
45,877,0
45,878,0
45,879,0
45,880,0
45,881,0
45,882,0
45,883,0
45,884,0
45,885,0
45,886,0
45,887,0
45,888,0
45,889,0
45,890,0
45,891,0
45,892,0
45,893,0
45,894,0
45,895,0
45,896,0
45,897,0
45,898,0
45,899,0
45,900,0
45,901,0
45,902,0
45,903,0
45,904,0
45,905,0
45,906,0
45,907,0
45,908,0
45,909,0
45,910,0
45,911,0
45,912,0
45,913,0
45,914,0
45,915,0
45,916,0
45,917,0
45,918,0
45,919,0
45,920,0
46,682,0
46,695,0
46,696,0
46,701,0
46,719,0
46,722,0
46,727,0
46,728,0
46,729,0
46,730,0
46,732,0
46,733,0
46,734,0
46,736,0
46,739,0
46,740,0
46,741,0
46,742,0
46,743,0
46,744,0
46,745,0
46,746,0
46,747,0
46,748,0
46,749,0
46,750,0
46,751,0
46,752,0
46,753,0
46,754,0
46,755,0
46,756,0
46,757,0
46,758,0
46,759,0
46,760,0
46,761,0
46,762,0
46,763,0
46,764,0
46,765,0
46,766,0
46,767,0
46,768,0
46,769,0
46,770,0
46,771,0
46,772,0
46,773,0
46,774,0
46,775,0
46,776,0
46,777,0
46,778,0
46,779,0
46,780,0
46,781,0
46,782,0
46,783,0
46,784,0
46,785,0
46,786,0
46,787,0
46,788,0
46,789,0
46,790,0
46,791,0
46,792,0
46,793,0
46,794,0
46,795,0
46,796,0
46,797,0
46,798,0
46,799,0
46,800,0
46,801,0
46,802,0
46,803,0
46,804,0
46,805,1
46,806,0
46,807,0
46,808,1
46,809,0
46,810,0
46,811,0
46,812,0
46,813,0
46,814,0
46,815,1
46,816,1
46,817,1
46,818,0
46,819,0
46,820,1
46,821,1
46,822,1
46,823,0
46,824,0
46,825,0
46,826,0
46,827,0
46,828,0
46,829,0
46,830,0
46,831,1
46,832,0
46,833,0
46,834,1
46,835,0
46,836,1
46,837,0
46,838,0
46,839,1
46,840,0
46,841,0
46,842,0
46,843,0
46,844,0
46,845,0
46,846,0
46,847,0
46,848,0
46,849,0
46,850,0
46,851,0
46,852,0
46,853,0
46,854,0
46,855,0
46,856,0
46,857,0
46,858,0
46,859,0
46,860,0
46,861,0
46,862,0
46,863,0
46,864,0
46,865,0
46,866,0
46,867,0
46,868,0
46,869,0
46,870,0
46,871,0
46,872,0
46,873,0
46,874,0
46,875,0
46,876,0
46,877,0
46,878,0
46,879,0
46,880,0
46,881,0
46,882,0
46,883,0
46,884,0
46,885,0
46,886,0
46,887,0
46,888,0
46,889,0
46,890,0
46,891,0
46,892,0
46,893,0
46,894,0
46,895,0
46,896,0
46,897,0
46,898,0
46,899,0
46,900,0
46,901,0
46,902,0
46,903,0
46,904,0
46,905,0
46,906,0
46,907,0
46,908,0
46,909,0
46,910,0
46,911,0
46,912,0
46,913,0
46,914,0
46,915,0
46,916,0
46,917,0
46,918,0
46,919,0
46,920,0
46,921,0
46,922,0
46,923,0
46,924,0
46,925,0
46,926,0
46,927,0
46,928,0
46,929,0
46,930,0
46,931,0
46,932,0
46,933,0
46,934,0
47,722,0
47,730,0
47,736,0
47,741,0
47,742,0
47,743,0
47,746,0
47,747,0
47,748,0
47,749,0
47,750,0
47,751,0
47,752,0
47,753,0
47,754,0
47,755,0
47,759,0
47,760,0
47,761,0
47,762,0
47,763,0
47,764,0
47,765,0
47,766,0
47,767,0
47,768,0
47,769,0
47,770,0
47,771,0
47,772,0
47,773,0
47,774,0
47,775,0
47,776,0
47,777,0
47,778,0
47,779,0
47,780,0
47,781,0
47,782,0
47,783,0
47,784,0
47,785,0
47,786,0
47,787,0
47,788,0
47,789,0
47,790,0
47,791,0
47,792,0
47,793,0
47,794,0
47,795,0
47,796,0
47,797,0
47,798,0
47,799,0
47,800,0
47,801,0
47,802,0
47,803,0
47,804,0
47,805,0
47,806,0
47,807,0
47,808,0
47,809,0
47,810,0
47,811,0
47,812,0
47,813,0
47,814,0
47,815,0
47,816,0
47,817,0
47,818,0
47,819,0
47,820,0
47,821,0
47,822,0
47,823,1
47,824,0
47,825,1
47,826,0
47,827,0
47,828,0
47,829,0
47,830,0
47,831,0
47,832,1
47,833,0
47,834,0
47,835,1
47,836,0
47,837,1
47,838,1
47,839,1
47,840,1
47,841,0
47,842,1
47,843,1
47,844,0
47,845,0
47,846,0
47,847,1
47,848,0
47,849,0
47,850,0
47,851,1
47,852,0
47,853,0
47,854,0
47,855,1
47,856,0
47,857,0
47,858,0
47,859,0
47,860,0
47,861,0
47,862,0
47,863,0
47,864,0
47,865,0
47,866,0
47,867,0
47,868,0
47,869,0
47,870,0
47,871,0
47,872,0
47,873,0
47,874,0
47,875,0
47,876,0
47,877,0
47,878,0
47,879,0
47,880,0
47,881,0
47,882,0
47,883,0
47,884,0
47,885,0
47,886,0
47,887,0
47,888,0
47,889,0
47,890,0
47,891,0
47,892,0
47,893,0
47,894,0
47,895,0
47,896,0
47,897,0
47,898,0
47,899,0
47,900,0
47,901,0
47,902,0
47,903,0
47,904,0
47,905,0
47,906,0
47,907,0
47,908,0
47,909,0
47,910,0
47,911,0
47,912,0
47,913,0
47,914,0
47,915,0
47,916,0
47,917,0
47,918,0
47,919,0
47,920,0
47,921,0
47,922,0
47,923,0
47,924,0
47,925,0
47,926,0
47,927,0
47,928,0
47,929,0
47,930,0
47,931,0
47,932,0
47,933,0
47,934,0
47,935,0
47,936,0
47,937,0
47,938,0
47,939,0
47,940,0
47,941,0
47,942,0
47,943,0
47,944,0
47,945,0
47,946,0
47,947,0
47,948,0
47,949,0
47,950,0
47,951,0
47,952,0
47,953,0
47,954,0
47,955,0
47,956,0
47,957,0
47,958,0
47,959,0
48,742,0
48,747,0
48,755,0
48,759,0
48,762,0
48,772,0
48,774,0
48,780,0
48,781,0
48,782,0
48,783,0
48,786,0
48,788,0
48,789,0
48,790,0
48,794,0
48,795,0
48,797,0
48,798,0
48,799,0
48,800,0
48,801,0
48,802,0
48,803,0
48,804,0
48,805,0
48,808,0
48,809,0
48,810,0
48,811,0
48,812,0
48,813,0
48,814,0
48,815,0
48,816,0
48,817,0
48,818,0
48,819,0
48,820,0
48,821,0
48,822,0
48,823,0
48,824,0
48,825,0
48,826,0
48,827,0
48,828,0
48,829,0
48,830,0
48,831,0
48,832,0
48,833,0
48,834,0
48,835,0
48,836,0
48,837,0
48,838,0
48,839,0
48,840,0
48,841,0
48,842,0
48,843,0
48,844,0
48,845,0
48,846,0
48,847,0
48,848,0
48,849,0
48,850,1
48,851,0
48,852,1
48,853,0
48,854,0
48,855,0
48,856,0
48,857,0
48,858,0
48,859,0
48,860,0
48,861,1
48,862,1
48,863,0
48,864,0
48,865,1
48,866,0
48,867,0
48,868,0
48,869,1
48,870,1
48,871,1
48,872,0
48,873,0
48,874,1
48,875,0
48,876,0
48,877,1
48,878,0
48,879,0
48,880,0
48,881,0
48,882,1
48,883,1
48,884,0
48,885,0
48,886,0
48,887,0
48,888,0
48,889,0
48,890,0
48,891,0
48,892,0
48,893,0
48,894,0
48,895,1
48,896,0
48,897,0
48,898,0
48,899,0
48,900,0
48,901,0
48,902,0
48,903,0
48,904,0
48,905,0
48,906,0
48,907,0
48,908,0
48,909,0
48,910,0
48,911,0
48,912,0
48,913,0
48,914,0
48,915,0
48,916,0
48,917,0
48,918,0
48,919,0
48,920,0
48,921,0
48,922,0
48,923,0
48,924,0
48,925,0
48,926,0
48,927,0
48,928,0
48,929,0
48,930,0
48,931,0
48,932,0
48,933,0
48,934,0
48,935,0
48,936,0
48,937,0
48,938,0
48,939,0
48,940,0
48,941,0
48,942,0
48,943,0
48,944,0
48,945,0
48,946,0
48,947,0
48,948,0
48,949,0
48,950,0
48,951,0
48,952,0
48,953,0
48,954,0
48,955,0
48,956,0
48,957,0
48,958,0
48,959,0
48,960,0
48,961,0
48,962,0
48,963,0
48,964,0
48,965,0
48,966,0
48,967,0
48,968,0
48,969,0
48,970,0
48,971,0
48,972,0
48,973,0
48,974,0
48,975,0
48,976,0
48,977,0
48,978,0
48,979,0
48,980,0
48,981,0
48,982,0
48,983,0
48,984,0
48,985,0
48,986,0
48,987,0
48,988,0
48,989,0
48,990,0
48,991,0
49,742,0
49,747,0
49,755,0
49,759,0
49,762,0
49,772,0
49,774,0
49,780,0
49,781,0
49,783,0
49,786,0
49,788,0
49,789,0
49,790,0
49,794,0
49,795,0
49,797,0
49,798,0
49,799,0
49,800,0
49,801,0
49,803,0
49,804,0
49,805,0
49,808,0
49,809,0
49,810,0
49,811,0
49,812,0
49,813,0
49,814,0
49,815,0
49,816,0
49,817,0
49,818,0
49,819,0
49,820,0
49,821,0
49,822,0
49,823,0
49,824,0
49,825,0
49,826,0
49,827,0
49,828,0
49,829,0
49,830,0
49,831,0
49,832,0
49,833,0
49,834,0
49,835,0
49,836,0
49,837,0
49,838,0
49,839,0
49,840,0
49,841,0
49,842,0
49,843,0
49,844,0
49,845,0
49,846,0
49,847,0
49,848,0
49,849,0
49,850,1
49,851,0
49,852,0
49,853,0
49,854,0
49,855,0
49,856,0
49,857,0
49,858,0
49,859,0
49,860,0
49,861,1
49,862,1
49,863,0
49,864,0
49,865,1
49,866,0
49,867,0
49,868,0
49,869,1
49,870,1
49,871,1
49,872,0
49,873,0
49,874,1
49,875,0
49,876,0
49,877,0
49,878,0
49,879,0
49,880,1
49,881,0
49,882,1
49,883,1
49,884,0
49,885,0
49,886,0
49,887,0
49,888,0
49,889,0
49,890,0
49,891,0
49,892,0
49,893,0
49,894,0
49,895,1
49,896,0
49,897,0
49,898,0
49,899,0
49,900,0
49,901,0
49,902,0
49,903,0
49,904,0
49,905,0
49,906,0
49,907,0
49,908,0
49,909,0
49,910,0
49,911,0
49,912,0
49,913,0
49,914,0
49,915,0
49,916,0
49,917,0
49,918,0
49,919,0
49,920,0
49,921,0
49,922,0
49,923,0
49,924,0
49,925,0
49,926,0
49,927,0
49,928,0
49,929,0
49,930,0
49,931,0
49,932,0
49,933,0
49,934,0
49,935,0
49,936,0
49,937,0
49,938,0
49,939,0
49,940,0
49,941,0
49,942,0
49,943,0
49,944,0
49,945,0
49,946,0
49,947,0
49,948,0
49,949,0
49,950,0
49,951,0
49,952,0
49,953,0
49,954,0
49,955,0
49,956,0
49,957,0
49,958,0
49,959,0
49,960,0
49,961,0
49,962,0
49,963,0
49,964,0
49,965,0
49,966,0
49,967,0
49,968,0
49,969,0
49,970,0
49,971,0
49,972,0
49,973,0
49,974,0
49,975,0
49,976,0
49,977,0
49,978,0
49,979,0
49,980,0
49,981,0
49,982,0
49,983,0
49,984,0
49,985,0
49,986,0
49,987,0
49,988,0
49,989,0
49,990,0
49,991,0
49,992,0
50,759,0
50,772,0
50,788,0
50,790,0
50,797,0
50,801,0
50,805,0
50,808,0
50,811,0
50,814,0
50,815,0
50,816,0
50,817,0
50,818,0
50,820,0
50,821,0
50,822,0
50,823,0
50,824,0
50,825,0
50,827,0
50,829,0
50,830,0
50,831,0
50,832,0
50,834,0
50,835,0
50,836,0
50,837,0
50,838,0
50,839,0
50,840,0
50,841,0
50,842,0
50,843,0
50,844,0
50,845,0
50,846,0
50,847,0
50,848,0
50,849,0
50,850,0
50,851,0
50,852,0
50,853,0
50,854,0
50,855,0
50,856,0
50,857,0
50,858,0
50,859,0
50,860,0
50,861,0
50,862,1
50,863,0
50,864,0
50,865,0
50,866,0
50,867,0
50,868,0
50,869,0
50,870,0
50,871,0
50,872,0
50,873,0
50,874,0
50,875,0
50,876,1
50,877,0
50,878,1
50,879,1
50,880,0
50,881,0
50,882,1
50,883,0
50,884,1
50,885,1
50,886,1
50,887,0
50,888,0
50,889,1
50,890,1
50,891,0
50,892,0
50,893,1
50,894,0
50,895,0
50,896,0
50,897,1
50,898,0
50,899,1
50,900,0
50,901,0
50,902,1
50,903,1
50,904,0
50,905,0
50,906,0
50,907,0
50,908,1
50,909,0
50,910,0
50,911,0
50,912,0
50,913,1
50,914,0
50,915,0
50,916,0
50,917,0
50,918,0
50,919,0
50,920,0
50,921,0
50,922,0
50,923,0
50,924,0
50,925,0
50,926,0
50,927,0
50,928,0
50,929,0
50,930,0
50,931,0
50,932,0
50,933,0
50,934,0
50,935,0
50,936,0
50,937,0
50,938,0
50,939,0
50,940,0
50,941,0
50,942,0
50,943,0
50,944,0
50,945,0
50,946,0
50,947,0
50,948,0
50,949,0
50,950,0
50,951,0
50,952,0
50,953,0
50,954,0
50,955,0
50,956,0
50,957,0
50,958,0
50,959,0
50,960,0
50,961,0
50,962,0
50,963,0
50,964,0
50,965,0
50,966,0
50,967,0
50,968,0
50,969,0
50,970,0
50,971,0
50,972,0
50,973,0
50,974,0
50,975,0
50,976,0
50,977,0
50,978,0
50,979,0
50,980,0
50,981,0
50,982,0
50,983,0
50,984,0
50,985,0
50,986,0
50,987,0
50,988,0
50,989,0
50,990,0
50,991,0
50,992,0
50,993,0
50,994,0
50,995,0
50,996,0
50,997,0
50,998,0
50,999,0
50,1000,0
50,1001,0
50,1002,0
50,1003,0
50,1004,0
50,1005,0
50,1006,0
50,1007,0
50,1008,0
50,1009,0
50,1010,0
50,1011,0
50,1012,0
50,1013,0
50,1014,0
51,759,0
51,772,0
51,788,0
51,797,0
51,805,0
51,808,0
51,811,0
51,814,0
51,815,0
51,816,0
51,817,0
51,820,0
51,821,0
51,822,0
51,823,0
51,824,0
51,825,0
51,827,0
51,829,0
51,830,0
51,831,0
51,832,0
51,834,0
51,835,0
51,836,0
51,837,0
51,838,0
51,839,0
51,840,0
51,841,0
51,842,0
51,843,0
51,844,0
51,845,0
51,846,0
51,847,0
51,848,0
51,849,0
51,850,0
51,851,0
51,852,0
51,853,0
51,854,0
51,855,0
51,856,0
51,857,0
51,858,0
51,859,0
51,860,0
51,861,0
51,862,1
51,863,0
51,864,0
51,865,0
51,866,0
51,867,0
51,868,0
51,869,0
51,870,0
51,871,0
51,872,0
51,873,0
51,874,0
51,875,0
51,876,1
51,877,0
51,878,1
51,879,1
51,880,0
51,881,0
51,882,0
51,883,0
51,884,1
51,885,1
51,886,1
51,887,0
51,888,0
51,889,1
51,890,1
51,891,0
51,892,0
51,893,1
51,894,0
51,895,0
51,896,0
51,897,1
51,898,1
51,899,1
51,900,0
51,901,0
51,902,1
51,903,1
51,904,0
51,905,0
51,906,1
51,907,0
51,908,1
51,909,0
51,910,0
51,911,0
51,912,0
51,913,1
51,914,0
51,915,0
51,916,1
51,917,0
51,918,0
51,919,0
51,920,0
51,921,0
51,922,1
51,923,0
51,924,0
51,925,0
51,926,0
51,927,0
51,928,0
51,929,0
51,930,0
51,931,0
51,932,0
51,933,0
51,934,0
51,935,0
51,936,0
51,937,0
51,938,0
51,939,0
51,940,0
51,941,0
51,942,0
51,943,0
51,944,0
51,945,0
51,946,0
51,947,0
51,948,0
51,949,0
51,950,0
51,951,0
51,952,0
51,953,0
51,954,0
51,955,0
51,956,0
51,957,0
51,958,0
51,959,0
51,960,0
51,961,0
51,962,0
51,963,0
51,964,0
51,965,0
51,966,0
51,967,0
51,968,0
51,969,0
51,970,0
51,971,0
51,972,0
51,973,0
51,974,0
51,975,0
51,976,0
51,977,0
51,978,0
51,979,0
51,980,0
51,981,0
51,982,0
51,983,0
51,984,0
51,985,0
51,986,0
51,987,0
51,988,0
51,989,0
51,990,0
51,991,0
51,992,0
51,993,0
51,994,0
51,995,0
51,996,0
51,997,0
51,998,0
51,999,0
51,1000,0
51,1001,0
51,1002,0
51,1003,0
51,1004,0
51,1005,0
51,1006,0
51,1007,0
51,1008,0
51,1009,0
51,1010,0
51,1011,0
51,1012,0
51,1013,0
51,1014,0
51,1015,0
51,1016,0
51,1017,0
52,759,0
52,788,0
52,797,0
52,805,0
52,808,0
52,811,0
52,817,0
52,820,0
52,822,0
52,823,0
52,824,0
52,825,0
52,830,0
52,831,0
52,832,0
52,835,0
52,836,0
52,837,0
52,838,0
52,839,0
52,840,0
52,841,0
52,842,0
52,843,0
52,844,0
52,845,0
52,846,0
52,847,0
52,848,0
52,849,0
52,850,0
52,851,0
52,852,0
52,853,0
52,854,0
52,855,0
52,856,0
52,857,0
52,858,0
52,859,0
52,860,0
52,861,0
52,862,0
52,863,0
52,864,0
52,865,0
52,866,0
52,867,0
52,868,0
52,869,0
52,870,0
52,871,0
52,872,0
52,873,0
52,874,0
52,875,0
52,876,1
52,877,0
52,878,0
52,879,1
52,880,0
52,881,0
52,882,0
52,883,0
52,884,1
52,885,1
52,886,1
52,887,0
52,888,0
52,889,0
52,890,0
52,891,1
52,892,0
52,893,0
52,894,0
52,895,0
52,896,0
52,897,1
52,898,1
52,899,1
52,900,0
52,901,0
52,902,0
52,903,1
52,904,0
52,905,1
52,906,1
52,907,1
52,908,0
52,909,0
52,910,0
52,911,0
52,912,0
52,913,1
52,914,0
52,915,0
52,916,1
52,917,0
52,918,0
52,919,1
52,920,0
52,921,0
52,922,1
52,923,0
52,924,0
52,925,0
52,926,0
52,927,1
52,928,0
52,929,0
52,930,0
52,931,0
52,932,0
52,933,0
52,934,1
52,935,0
52,936,1
52,937,0
52,938,0
52,939,0
52,940,0
52,941,0
52,942,0
52,943,0
52,944,0
52,945,0
52,946,1
52,947,0
52,948,0
52,949,0
52,950,0
52,951,0
52,952,0
52,953,0
52,954,0
52,955,0
52,956,0
52,957,0
52,958,0
52,959,0
52,960,0
52,961,0
52,962,0
52,963,0
52,964,0
52,965,0
52,966,0
52,967,0
52,968,0
52,969,0
52,970,0
52,971,0
52,972,0
52,973,0
52,974,0
52,975,0
52,976,0
52,977,0
52,978,0
52,979,0
52,980,0
52,981,0
52,982,0
52,983,0
52,984,0
52,985,0
52,986,0
52,987,0
52,988,0
52,989,0
52,990,0
52,991,0
52,992,0
52,993,0
52,994,0
52,995,0
52,996,0
52,997,0
52,998,0
52,999,0
52,1000,0
52,1001,0
52,1002,0
52,1003,0
52,1004,0
52,1005,0
52,1006,0
52,1007,0
52,1008,0
52,1009,0
52,1010,0
52,1011,0
52,1012,0
52,1013,0
52,1014,0
52,1015,0
52,1016,0
52,1017,0
52,1018,0
52,1019,0
52,1020,0
52,1021,0
52,1022,0
52,1023,0
52,1024,0
52,1025,0
52,1026,0
52,1027,0
52,1028,0
52,1029,0
52,1030,0
52,1031,0
52,1032,0
52,1033,0
53,822,0
53,825,0
53,832,0
53,835,0
53,838,0
53,839,0
53,840,0
53,842,0
53,843,0
53,844,0
53,845,0
53,846,0
53,847,0
53,849,0
53,850,0
53,851,0
53,852,0
53,853,0
53,854,0
53,855,0
53,856,0
53,857,0
53,858,0
53,859,0
53,860,0
53,861,0
53,862,0
53,863,0
53,864,0
53,865,0
53,866,0
53,867,0
53,868,0
53,869,0
53,870,0
53,871,0
53,872,0
53,873,0
53,874,0
53,875,0
53,876,0
53,877,0
53,878,0
53,879,0
53,880,0
53,881,0
53,882,0
53,883,0
53,884,0
53,885,0
53,886,0
53,887,0
53,888,0
53,889,0
53,890,0
53,891,1
53,892,0
53,893,0
53,894,0
53,895,0
53,896,0
53,897,0
53,898,0
53,899,0
53,900,0
53,901,0
53,902,0
53,903,0
53,904,0
53,905,0
53,906,0
53,907,0
53,908,0
53,909,0
53,910,1
53,911,0
53,912,0
53,913,0
53,914,0
53,915,0
53,916,0
53,917,0
53,918,0
53,919,0
53,920,1
53,921,0
53,922,0
53,923,1
53,924,1
53,925,0
53,926,1
53,927,0
53,928,1
53,929,1
53,930,1
53,931,1
53,932,1
53,933,0
53,934,0
53,935,1
53,936,0
53,937,0
53,938,0
53,939,0
53,940,1
53,941,1
53,942,0
53,943,1
53,944,0
53,945,1
53,946,0
53,947,1
53,948,0
53,949,0
53,950,0
53,951,0
53,952,0
53,953,0
53,954,1
53,955,0
53,956,1
53,957,0
53,958,0
53,959,1
53,960,0
53,961,0
53,962,0
53,963,1
53,964,0
53,965,0
53,966,0
53,967,0
53,968,0
53,969,0
53,970,0
53,971,0
53,972,0
53,973,0
53,974,0
53,975,0
53,976,0
53,977,0
53,978,0
53,979,0
53,980,0
53,981,0
53,982,0
53,983,0
53,984,0
53,985,0
53,986,0
53,987,0
53,988,0
53,989,0
53,990,0
53,991,0
53,992,0
53,993,0
53,994,0
53,995,0
53,996,0
53,997,0
53,998,0
53,999,0
53,1000,0
53,1001,0
53,1002,0
53,1003,0
53,1004,0
53,1005,0
53,1006,0
53,1007,0
53,1008,0
53,1009,0
53,1010,0
53,1011,0
53,1012,0
53,1013,0
53,1014,0
53,1015,0
53,1016,0
53,1017,0
53,1018,0
53,1019,0
53,1020,0
53,1021,0
53,1022,0
53,1023,0
53,1024,0
53,1025,0
53,1026,0
53,1027,0
53,1028,0
53,1029,0
53,1030,0
53,1031,0
53,1032,0
53,1033,0
53,1034,0
53,1035,0
53,1036,0
53,1037,0
53,1038,0
53,1039,0
53,1040,0
53,1041,0
53,1042,0
53,1043,0
53,1044,0
53,1045,0
53,1046,0
53,1047,0
53,1048,0
53,1049,0
53,1050,0
53,1051,0
53,1052,0
53,1053,0
53,1054,0
54,822,0
54,825,0
54,832,0
54,835,0
54,838,0
54,839,0
54,840,0
54,842,0
54,843,0
54,844,0
54,845,0
54,846,0
54,847,0
54,849,0
54,850,0
54,851,0
54,852,0
54,853,0
54,854,0
54,855,0
54,856,0
54,857,0
54,858,0
54,859,0
54,860,0
54,861,0
54,862,0
54,863,0
54,864,0
54,865,0
54,866,0
54,867,0
54,868,0
54,869,0
54,870,0
54,871,0
54,872,0
54,873,0
54,874,0
54,875,0
54,876,0
54,877,0
54,878,0
54,879,0
54,880,0
54,881,0
54,882,0
54,883,0
54,884,0
54,885,0
54,886,0
54,887,0
54,888,0
54,889,0
54,890,0
54,891,1
54,892,0
54,893,0
54,894,0
54,895,0
54,896,0
54,897,0
54,898,0
54,899,0
54,900,0
54,901,0
54,902,0
54,903,0
54,904,0
54,905,0
54,906,0
54,907,0
54,908,0
54,909,0
54,910,1
54,911,0
54,912,0
54,913,0
54,914,0
54,915,0
54,916,0
54,917,0
54,918,0
54,919,0
54,920,1
54,921,0
54,922,0
54,923,0
54,924,1
54,925,0
54,926,1
54,927,0
54,928,0
54,929,1
54,930,1
54,931,1
54,932,1
54,933,0
54,934,0
54,935,1
54,936,0
54,937,0
54,938,0
54,939,0
54,940,1
54,941,1
54,942,0
54,943,1
54,944,0
54,945,0
54,946,0
54,947,1
54,948,0
54,949,0
54,950,0
54,951,0
54,952,1
54,953,0
54,954,1
54,955,0
54,956,1
54,957,0
54,958,0
54,959,1
54,960,0
54,961,0
54,962,0
54,963,1
54,964,0
54,965,0
54,966,0
54,967,0
54,968,0
54,969,0
54,970,0
54,971,0
54,972,0
54,973,0
54,974,0
54,975,0
54,976,0
54,977,0
54,978,0
54,979,0
54,980,0
54,981,0
54,982,0
54,983,0
54,984,0
54,985,0
54,986,0
54,987,0
54,988,0
54,989,0
54,990,0
54,991,0
54,992,0
54,993,0
54,994,0
54,995,0
54,996,0
54,997,0
54,998,0
54,999,0
54,1000,0
54,1001,0
54,1002,0
54,1003,0
54,1004,0
54,1005,0
54,1006,0
54,1007,0
54,1008,0
54,1009,0
54,1010,0
54,1011,0
54,1012,0
54,1013,0
54,1014,0
54,1015,0
54,1016,0
54,1017,0
54,1018,0
54,1019,0
54,1020,0
54,1021,0
54,1022,0
54,1023,0
54,1024,0
54,1025,0
54,1026,0
54,1027,0
54,1028,0
54,1029,0
54,1030,0
54,1031,0
54,1032,0
54,1033,0
54,1034,0
54,1035,0
54,1036,0
54,1037,0
54,1038,0
54,1039,0
54,1040,0
54,1041,0
54,1042,0
54,1043,0
54,1044,0
54,1045,0
54,1046,0
54,1047,0
54,1048,0
54,1049,0
54,1050,0
54,1051,0
54,1052,0
54,1053,0
54,1054,0
54,1055,0
54,1056,0
55,825,0
55,832,0
55,835,0
55,845,0
55,847,0
55,849,0
55,850,0
55,851,0
55,852,0
55,853,0
55,854,0
55,856,0
55,858,0
55,859,0
55,860,0
55,861,0
55,862,0
55,863,0
55,864,0
55,865,0
55,866,0
55,867,0
55,868,0
55,869,0
55,870,0
55,871,0
55,872,0
55,873,0
55,874,0
55,875,0
55,876,0
55,877,0
55,878,0
55,879,0
55,880,0
55,881,0
55,882,0
55,883,0
55,884,0
55,885,0
55,886,0
55,887,0
55,888,0
55,889,0
55,890,0
55,891,0
55,892,0
55,893,0
55,894,0
55,895,0
55,896,0
55,897,0
55,898,0
55,899,0
55,900,0
55,901,0
55,902,0
55,903,0
55,904,0
55,905,0
55,906,0
55,907,0
55,908,0
55,909,0
55,910,0
55,911,0
55,912,0
55,913,0
55,914,0
55,915,0
55,916,0
55,917,0
55,918,0
55,919,0
55,920,1
55,921,0
55,922,0
55,923,0
55,924,1
55,925,0
55,926,1
55,927,0
55,928,0
55,929,1
55,930,0
55,931,0
55,932,1
55,933,0
55,934,0
55,935,0
55,936,0
55,937,0
55,938,0
55,939,0
55,940,1
55,941,0
55,942,0
55,943,0
55,944,0
55,945,0
55,946,0
55,947,1
55,948,0
55,949,0
55,950,0
55,951,1
55,952,1
55,953,1
55,954,1
55,955,0
55,956,1
55,957,0
55,958,0
55,959,1
55,960,0
55,961,0
55,962,0
55,963,1
55,964,0
55,965,0
55,966,0
55,967,0
55,968,1
55,969,0
55,970,0
55,971,1
55,972,1
55,973,0
55,974,0
55,975,0
55,976,0
55,977,0
55,978,0
55,979,0
55,980,0
55,981,0
55,982,0
55,983,0
55,984,0
55,985,0
55,986,0
55,987,0
55,988,0
55,989,0
55,990,0
55,991,0
55,992,0
55,993,0
55,994,0
55,995,0
55,996,0
55,997,0
55,998,0
55,999,0
55,1000,0
55,1001,0
55,1002,0
55,1003,0
55,1004,0
55,1005,0
55,1006,0
55,1007,0
55,1008,0
55,1009,0
55,1010,0
55,1011,0
55,1012,0
55,1013,0
55,1014,0
55,1015,0
55,1016,0
55,1017,0
55,1018,0
55,1019,0
55,1020,0
55,1021,0
55,1022,0
55,1023,0
55,1024,0
55,1025,0
55,1026,0
55,1027,0
55,1028,0
55,1029,0
55,1030,0
55,1031,0
55,1032,0
55,1033,0
55,1034,0
55,1035,0
55,1036,0
55,1037,0
55,1038,0
55,1039,0
55,1040,0
55,1041,0
55,1042,0
55,1043,0
55,1044,0
55,1045,0
55,1046,0
55,1047,0
55,1048,0
55,1049,0
55,1050,0
55,1051,0
55,1052,0
55,1053,0
55,1054,0
55,1055,0
55,1056,0
55,1057,0
55,1058,0
55,1059,0
55,1060,0
55,1061,0
55,1062,0
56,832,0
56,835,0
56,845,0
56,850,0
56,852,0
56,853,0
56,854,0
56,856,0
56,858,0
56,859,0
56,861,0
56,862,0
56,864,0
56,865,0
56,866,0
56,867,0
56,868,0
56,869,0
56,870,0
56,871,0
56,872,0
56,874,0
56,875,0
56,876,0
56,877,0
56,878,0
56,879,0
56,880,0
56,881,0
56,882,0
56,883,0
56,884,0
56,885,0
56,886,0
56,887,0
56,888,0
56,889,0
56,890,0
56,891,0
56,892,0
56,893,0
56,894,0
56,895,0
56,896,0
56,897,0
56,898,0
56,899,0
56,900,0
56,901,0
56,902,0
56,903,0
56,904,0
56,905,0
56,906,0
56,907,0
56,908,0
56,909,0
56,910,0
56,911,0
56,912,0
56,913,0
56,914,0
56,915,0
56,916,0
56,917,0
56,918,0
56,919,0
56,920,1
56,921,0
56,922,0
56,923,0
56,924,0
56,925,0
56,926,1
56,927,0
56,928,0
56,929,0
56,930,0
56,931,0
56,932,1
56,933,0
56,934,0
56,935,0
56,936,0
56,937,0
56,938,0
56,939,0
56,940,0
56,941,0
56,942,0
56,943,0
56,944,0
56,945,0
56,946,0
56,947,0
56,948,0
56,949,0
56,950,0
56,951,1
56,952,1
56,953,1
56,954,0
56,955,0
56,956,1
56,957,0
56,958,0
56,959,1
56,960,1
56,961,0
56,962,0
56,963,1
56,964,0
56,965,0
56,966,1
56,967,0
56,968,1
56,969,0
56,970,1
56,971,1
56,972,1
56,973,1
56,974,1
56,975,0
56,976,0
56,977,0
56,978,0
56,979,1
56,980,0
56,981,0
56,982,0
56,983,0
56,984,0
56,985,0
56,986,0
56,987,0
56,988,0
56,989,0
56,990,0
56,991,0
56,992,0
56,993,0
56,994,0
56,995,0
56,996,0
56,997,0
56,998,0
56,999,0
56,1000,0
56,1001,0
56,1002,0
56,1003,0
56,1004,0
56,1005,0
56,1006,0
56,1007,0
56,1008,0
56,1009,0
56,1010,0
56,1011,0
56,1012,0
56,1013,0
56,1014,0
56,1015,0
56,1016,0
56,1017,0
56,1018,0
56,1019,0
56,1020,0
56,1021,0
56,1022,0
56,1023,0
56,1024,0
56,1025,0
56,1026,0
56,1027,0
56,1028,0
56,1029,0
56,1030,0
56,1031,0
56,1032,0
56,1033,0
56,1034,0
56,1035,0
56,1036,0
56,1037,0
56,1038,0
56,1039,0
56,1040,0
56,1041,0
56,1042,0
56,1043,0
56,1044,0
56,1045,0
56,1046,0
56,1047,0
56,1048,0
56,1049,0
56,1050,0
56,1051,0
56,1052,0
56,1053,0
56,1054,0
56,1055,0
56,1056,0
56,1057,0
56,1058,0
56,1059,0
56,1060,0
56,1061,0
56,1062,0
56,1063,0
56,1064,0
56,1065,0
56,1066,0
56,1067,0
56,1068,0
56,1069,0
57,862,0
57,865,0
57,874,0
57,876,0
57,878,0
57,879,0
57,880,0
57,882,0
57,884,0
57,885,0
57,886,0
57,889,0
57,890,0
57,891,0
57,893,0
57,894,0
57,897,0
57,898,0
57,899,0
57,900,0
57,901,0
57,902,0
57,903,0
57,904,0
57,905,0
57,906,0
57,907,0
57,908,0
57,909,0
57,910,0
57,911,0
57,912,0
57,913,0
57,914,0
57,915,0
57,916,0
57,917,0
57,918,0
57,919,0
57,920,0
57,921,0
57,922,0
57,923,0
57,924,0
57,925,0
57,926,0
57,927,0
57,928,0
57,929,0
57,930,0
57,931,0
57,932,0
57,933,0
57,934,0
57,935,0
57,936,0
57,937,0
57,938,0
57,939,0
57,940,0
57,941,0
57,942,0
57,943,0
57,944,0
57,945,0
57,946,0
57,947,0
57,948,0
57,949,0
57,950,0
57,951,0
57,952,0
57,953,0
57,954,0
57,955,0
57,956,0
57,957,1
57,958,0
57,959,0
57,960,0
57,961,0
57,962,0
57,963,0
57,964,0
57,965,1
57,966,0
57,967,0
57,968,0
57,969,0
57,970,0
57,971,0
57,972,0
57,973,0
57,974,0
57,975,0
57,976,0
57,977,0
57,978,1
57,979,0
57,980,0
57,981,1
57,982,0
57,983,1
57,984,0
57,985,0
57,986,0
57,987,0
57,988,0
57,989,1
57,990,0
57,991,1
57,992,0
57,993,1
57,994,1
57,995,0
57,996,0
57,997,0
57,998,1
57,999,1
57,1000,1
57,1001,1
57,1002,0
57,1003,0
57,1004,0
57,1005,0
57,1006,0
57,1007,0
57,1008,0
57,1009,0
57,1010,0
57,1011,0
57,1012,0
57,1013,0
57,1014,0
57,1015,0
57,1016,0
57,1017,0
57,1018,0
57,1019,0
57,1020,0
57,1021,0
57,1022,0
57,1023,0
57,1024,0
57,1025,0
57,1026,0
57,1027,0
57,1028,0
57,1029,0
57,1030,0
57,1031,0
57,1032,0
57,1033,0
57,1034,0
57,1035,0
57,1036,0
57,1037,0
57,1038,0
57,1039,0
57,1040,0
57,1041,0
57,1042,0
57,1043,0
57,1044,0
57,1045,0
57,1046,0
57,1047,0
57,1048,0
57,1049,0
57,1050,0
57,1051,0
57,1052,0
57,1053,0
57,1054,0
57,1055,0
57,1056,0
57,1057,0
57,1058,0
57,1059,0
57,1060,0
57,1061,0
57,1062,0
57,1063,0
57,1064,0
57,1065,0
57,1066,0
57,1067,0
57,1068,0
57,1069,0
57,1070,0
57,1071,0
57,1072,0
57,1073,0
57,1074,0
57,1075,0
57,1076,0
57,1077,0
57,1078,0
57,1079,0
57,1080,0
57,1081,0
57,1082,0
57,1083,0
57,1084,0
57,1085,0
57,1086,0
57,1087,0
57,1088,0
57,1089,0
57,1090,0
57,1091,0
57,1092,0
57,1093,0
57,1094,0
57,1095,0
57,1096,0
57,1097,0
57,1098,0
57,1099,0
57,1100,0
57,1101,0
58,876,0
58,878,0
58,879,0
58,884,0
58,885,0
58,886,0
58,890,0
58,891,0
58,897,0
58,898,0
58,899,0
58,905,0
58,906,0
58,907,0
58,909,0
58,910,0
58,911,0
58,912,0
58,913,0
58,914,0
58,915,0
58,916,0
58,917,0
58,918,0
58,919,0
58,920,0
58,921,0
58,922,0
58,923,0
58,924,0
58,926,0
58,927,0
58,928,0
58,929,0
58,930,0
58,931,0
58,932,0
58,933,0
58,934,0
58,935,0
58,936,0
58,937,0
58,938,0
58,939,0
58,940,0
58,941,0
58,942,0
58,943,0
58,944,0
58,945,0
58,946,0
58,947,0
58,948,0
58,949,0
58,950,0
58,951,0
58,952,0
58,953,0
58,954,0
58,955,0
58,956,0
58,957,0
58,958,0
58,959,0
58,960,0
58,961,0
58,962,0
58,963,0
58,964,0
58,965,0
58,966,0
58,967,0
58,968,0
58,969,0
58,970,0
58,971,0
58,972,0
58,973,0
58,974,0
58,975,0
58,976,0
58,977,0
58,978,1
58,979,0
58,980,0
58,981,1
58,982,0
58,983,1
58,984,0
58,985,1
58,986,0
58,987,0
58,988,1
58,989,0
58,990,0
58,991,0
58,992,0
58,993,0
58,994,0
58,995,0
58,996,0
58,997,1
58,998,0
58,999,0
58,1000,0
58,1001,0
58,1002,0
58,1003,0
58,1004,0
58,1005,0
58,1006,0
58,1007,0
58,1008,1
58,1009,0
58,1010,0
58,1011,0
58,1012,0
58,1013,0
58,1014,1
58,1015,1
58,1016,1
58,1017,0
58,1018,0
58,1019,0
58,1020,0
58,1021,1
58,1022,1
58,1023,0
58,1024,1
58,1025,1
58,1026,0
58,1027,0
58,1028,0
58,1029,0
58,1030,0
58,1031,0
58,1032,0
58,1033,0
58,1034,0
58,1035,0
58,1036,0
58,1037,0
58,1038,0
58,1039,0
58,1040,0
58,1041,0
58,1042,0
58,1043,0
58,1044,0
58,1045,0
58,1046,0
58,1047,0
58,1048,0
58,1049,0
58,1050,0
58,1051,0
58,1052,0
58,1053,0
58,1054,0
58,1055,0
58,1056,0
58,1057,0
58,1058,0
58,1059,0
58,1060,0
58,1061,0
58,1062,0
58,1063,0
58,1064,0
58,1065,0
58,1066,0
58,1067,0
58,1068,0
58,1069,0
58,1070,0
58,1071,0
58,1072,0
58,1073,0
58,1074,0
58,1075,0
58,1076,0
58,1077,0
58,1078,0
58,1079,0
58,1080,0
58,1081,0
58,1082,0
58,1083,0
58,1084,0
58,1085,0
58,1086,0
58,1087,0
58,1088,0
58,1089,0
58,1090,0
58,1091,0
58,1092,0
58,1093,0
58,1094,0
58,1095,0
58,1096,0
58,1097,0
58,1098,0
58,1099,0
58,1100,0
58,1101,0
58,1102,0
58,1103,0
58,1104,0
58,1105,0
58,1106,0
58,1107,0
58,1108,0
58,1109,0
58,1110,0
58,1111,0
58,1112,0
58,1113,0
58,1114,0
58,1115,0
58,1116,0
58,1117,0
58,1118,0
58,1119,0
59,876,0
59,878,0
59,879,0
59,884,0
59,885,0
59,886,0
59,890,0
59,891,0
59,897,0
59,898,0
59,899,0
59,905,0
59,906,0
59,907,0
59,909,0
59,910,0
59,911,0
59,912,0
59,913,0
59,914,0
59,915,0
59,916,0
59,917,0
59,918,0
59,919,0
59,920,0
59,921,0
59,922,0
59,923,0
59,924,0
59,926,0
59,927,0
59,928,0
59,929,0
59,930,0
59,931,0
59,932,0
59,933,0
59,934,0
59,935,0
59,936,0
59,937,0
59,938,0
59,939,0
59,940,0
59,941,0
59,942,0
59,943,0
59,944,0
59,945,0
59,946,0
59,947,0
59,948,0
59,949,0
59,950,0
59,951,0
59,952,0
59,953,0
59,954,0
59,955,0
59,956,0
59,957,0
59,958,0
59,959,0
59,960,0
59,961,0
59,962,0
59,963,0
59,964,0
59,965,0
59,966,0
59,967,0
59,968,0
59,969,0
59,970,0
59,971,0
59,972,0
59,973,0
59,974,0
59,975,0
59,976,0
59,977,0
59,978,1
59,979,0
59,980,0
59,981,1
59,982,0
59,983,1
59,984,0
59,985,1
59,986,0
59,987,0
59,988,1
59,989,0
59,990,0
59,991,0
59,992,0
59,993,0
59,994,0
59,995,0
59,996,0
59,997,1
59,998,0
59,999,0
59,1000,0
59,1001,0
59,1002,0
59,1003,0
59,1004,0
59,1005,0
59,1006,0
59,1007,0
59,1008,1
59,1009,0
59,1010,0
59,1011,0
59,1012,0
59,1013,0
59,1014,1
59,1015,1
59,1016,1
59,1017,0
59,1018,0
59,1019,0
59,1020,0
59,1021,1
59,1022,1
59,1023,0
59,1024,1
59,1025,1
59,1026,0
59,1027,0
59,1028,0
59,1029,0
59,1030,0
59,1031,0
59,1032,0
59,1033,0
59,1034,0
59,1035,0
59,1036,0
59,1037,0
59,1038,0
59,1039,0
59,1040,0
59,1041,0
59,1042,0
59,1043,0
59,1044,0
59,1045,0
59,1046,0
59,1047,0
59,1048,0
59,1049,0
59,1050,0
59,1051,0
59,1052,0
59,1053,0
59,1054,0
59,1055,0
59,1056,0
59,1057,0
59,1058,0
59,1059,0
59,1060,0
59,1061,0
59,1062,0
59,1063,0
59,1064,0
59,1065,0
59,1066,0
59,1067,0
59,1068,0
59,1069,0
59,1070,0
59,1071,0
59,1072,0
59,1073,0
59,1074,0
59,1075,0
59,1076,0
59,1077,0
59,1078,0
59,1079,0
59,1080,0
59,1081,0
59,1082,0
59,1083,0
59,1084,0
59,1085,0
59,1086,0
59,1087,0
59,1088,0
59,1089,0
59,1090,0
59,1091,0
59,1092,0
59,1093,0
59,1094,0
59,1095,0
59,1096,0
59,1097,0
59,1098,0
59,1099,0
59,1100,0
59,1101,0
59,1102,0
59,1103,0
59,1104,0
59,1105,0
59,1106,0
59,1107,0
59,1108,0
59,1109,0
59,1110,0
59,1111,0
59,1112,0
59,1113,0
59,1114,0
59,1115,0
59,1116,0
59,1117,0
59,1118,0
59,1119,0
