person_id,path_id,enter,exit
0,P2,7.469915986159492,117.36874725794073
0,P3,117.36874725794073,311.6570276666165
0,P4,311.6570276666165,619.6819027484992
0,P7,619.6819027484992,773.5861056091977
1,P1,17.75610017147713,119.66498143776475
1,P2,119.66498143776475,271.3540119653622
1,P3,271.3540119653622,490.6421514517939
1,P5,490.6421514517939,691.2909828188575
1,P6,691.2909828188575,806.6595442917719
1,P7,806.6595442917719,911.62329932342
2,P2,23.914190517127665,121.07469180713852
2,P3,121.07469180713852,274.7070372434779
2,P4,274.7070372434779,526.0037551745559
2,P6,526.0037551745559,640.6978066407527
3,P1,33.24632524908484,136.0020004958758
3,P2,136.0020004958758,256.64143735117915
3,P3,256.64143735117915,429.26163551458944
3,P4,429.26163551458944,671.8176104262272
3,P6,671.8176104262272,777.4312039930858
4,P2,57.709508160088774,155.9151644182445
4,P3,155.9151644182445,302.46395965403764
4,P4,302.46395965403764,560.6891387064095
4,P7,560.6891387064095,654.3033923607129
5,P1,64.80179913109137,182.45532300006388
5,P2,182.45532300006388,311.9925523537602
5,P3,311.9925523537602,541.428196714734
5,P4,541.428196714734,917.2732025191765
5,P6,917.2732025191765,1088.2369569366779
6,P2,68.27605793098445,195.74109415096268
6,P3,195.74109415096268,345.95550236303484
6,P4,345.95550236303484,559.4881868759682
6,P7,559.4881868759682,669.9982015517749
7,P3,78.18961145328664,191.15481996630447
7,P4,191.15481996630447,385.62927373953534
7,P7,385.62927373953534,477.93764921737375
8,P2,105.32817061942517,234.88723187933834
8,P3,234.88723187933834,398.16424992674513
8,P5,398.16424992674513,558.3459001877866
9,P3,106.01668441447939,326.36007450694103
9,P4,326.36007450694103,649.6675715445707
9,P6,649.6675715445707,805.1897683858995
10,P1,108.10127231999812,199.793520376065
10,P2,199.793520376065,295.1955044091975
10,P3,295.1955044091975,458.1600123194961
10,P5,458.1600123194961,589.5191878490969
11,P1,133.34085822417717,268.07481122454783
11,P2,268.07481122454783,409.2465733164579
11,P3,409.2465733164579,584.1837719806992
11,P5,584.1837719806992,741.4118746725353
11,P6,741.4118746725353,862.1322279334433
12,P1,154.4780876497379,259.45701444639565
12,P2,259.45701444639565,394.40034939811665
12,P3,394.40034939811665,597.4747629914023
12,P4,597.4747629914023,905.494877251791
12,P6,905.494877251791,1027.7529173554333
13,P3,177.15867679588087,331.23362892366504
13,P5,331.23362892366504,441.17118900014725
14,P3,179.5662423534706,313.70378947720087
14,P4,313.70378947720087,515.9786094457629
14,P6,515.9786094457629,642.9885098465797
15,P1,200.68254299810224,313.12370016635145
15,P2,313.12370016635145,507.936368458418
15,P3,507.936368458418,730.1884102285698
15,P5,730.1884102285698,916.0788917996044
16,P3,211.43294726501907,348.00194543601435
16,P4,348.00194543601435,558.7189970989266
16,P6,558.7189970989266,643.0857840708672
17,P1,238.7491473248197,354.4074087913419
17,P2,354.4074087913419,475.9784369282022
17,P3,475.9784369282022,674.8826432286721
17,P4,674.8826432286721,990.8279104860792
17,P7,990.8279104860792,1131.1258757969913
18,P1,254.43044639873574,366.23225587290216
18,P2,366.23225587290216,470.8237561004276
18,P3,470.8237561004276,644.4818713099165
18,P4,644.4818713099165,887.8123761116415
18,P6,887.8123761116415,1006.2106414622858
18,P7,1006.2106414622858,1122.5969755758715
19,P2,256.84968926862337,353.40452597469346
19,P3,353.40452597469346,501.24379390129343
19,P5,501.24379390129343,643.8738891954471
19,P6,643.8738891954471,762.769728105163
20,P1,261.51183236684244,330.5244214680407
20,P2,330.5244214680407,407.40290175518123
20,P3,407.40290175518123,516.1454259575177
20,P4,516.1454259575177,684.9737627036837
20,P7,684.9737627036837,762.4852035644336
21,P3,274.09172857180675,406.4664814619826
21,P4,406.4664814619826,635.8067479164849
21,P5,635.8067479164849,764.5093175211223
21,P6,764.5093175211223,877.5770390409332
22,P1,284.6368129347601,368.3402298908971
22,P2,368.3402298908971,462.95699242845166
22,P3,462.95699242845166,627.7406113962868
22,P5,627.7406113962868,764.1533913068063
23,P3,304.5314352447365,557.2256661200886
23,P4,557.2256661200886,998.5838654113295
23,P6,998.5838654113295,1187.9695825281538
24,P1,311.2139502767581,429.5888655914598
24,P2,429.5888655914598,547.1218679418936
24,P3,547.1218679418936,712.3157646305126
24,P5,712.3157646305126,875.0744803493129
25,P1,327.05385312759086,698.8315290077403
25,P2,698.8315290077403,837.1529109323623
25,P3,837.1529109323623,1042.0798669503672
25,P5,1042.0798669503672,1191.3630843042054
25,P6,1191.3630843042054,1330.6034762306713
25,P7,1330.6034762306713,1452.1743703256295
26,P1,328.375742827644,480.4878383464388
26,P2,480.4878383464388,690.7590059848967
26,P3,690.7590059848967,844.6997764568542
26,P5,844.6997764568542,985.4791276234034
27,P2,333.21736198002867,468.251029133982
27,P3,468.251029133982,620.7983444170485
27,P5,620.7983444170485,850.3573547662915
28,P1,334.4771857933221,401.75889141992104
28,P2,401.75889141992104,494.53813607246025
28,P3,494.53813607246025,615.0182481250185
28,P4,615.0182481250185,798.6384710339305
28,P7,798.6384710339305,868.9534880870148
29,P2,357.4530978994446,482.52023208178355
29,P3,482.52023208178355,668.0040630482882
29,P5,668.0040630482882,820.5447257608366
29,P6,820.5447257608366,963.4424224521237
30,P1,357.97667596209095,448.6783282776413
30,P2,448.6783282776413,567.29654513099
30,P3,567.29654513099,726.0796345034007
30,P4,726.0796345034007,1029.519632960008
30,P5,1029.519632960008,1224.0296210360393
30,P6,1224.0296210360393,1360.6781569677782
31,P3,417.59284614435967,681.0182425304704
31,P4,681.0182425304704,1150.3945897871902
31,P5,1150.3945897871902,1375.3632832689636
31,P6,1375.3632832689636,1590.1096464042553
32,P1,426.34496345203024,545.8614934210308
32,P2,545.8614934210308,683.0762347288294
32,P3,683.0762347288294,868.1113555946189
32,P4,868.1113555946189,1178.6912152345938
32,P6,1178.6912152345938,1315.6047492779112
33,P2,429.6206894356437,546.5476162068725
33,P3,546.5476162068725,733.7365141945384
33,P4,733.7365141945384,967.5511680958466
33,P7,967.5511680958466,1068.209135096148
34,P1,432.78593416097453,532.5683615795608
34,P2,532.5683615795608,680.588546036953
34,P3,680.588546036953,850.0450699731608
34,P5,850.0450699731608,1011.8905281756251
35,P1,443.7768177783274,552.1495456911118
35,P2,552.1495456911118,666.3579041287628
35,P3,666.3579041287628,799.1339958765218
35,P4,799.1339958765218,1117.7492656729787
35,P7,1117.7492656729787,1235.0130407485558
36,P1,450.48258578368154,530.9973553893176
36,P2,530.9973553893176,637.1634664049272
36,P3,637.1634664049272,786.8351206327278
36,P4,786.8351206327278,1056.0602933194239
36,P7,1056.0602933194239,1155.265743535323
37,P1,501.6722440307856,624.792232664336
37,P2,624.792232664336,782.4595162459382
37,P3,782.4595162459382,996.262212466245
37,P4,996.262212466245,1386.7094066706695
37,P5,1386.7094066706695,1577.2052896447942
37,P6,1577.2052896447942,1740.9161593880533
38,P3,516.1356204215498,663.0452061437876
38,P4,663.0452061437876,924.6501738859549
38,P5,924.6501738859549,1042.699474040365
39,P1,519.2616135940373,641.840690228967
39,P2,641.840690228967,856.4919756783181
39,P3,856.4919756783181,1061.7311752004616
39,P5,1061.7311752004616,1231.24413098768
40,P1,520.7430311236255,587.2248172860792
40,P2,587.2248172860792,684.3953670564517
40,P3,684.3953670564517,798.970447831157
40,P4,798.970447831157,1024.6297795352389
40,P6,1024.6297795352389,1136.9718721343875
41,P2,532.3784716969088,679.3403976732438
41,P3,679.3403976732438,959.5570646704281
41,P4,959.5570646704281,1277.3926837697652
41,P5,1277.3926837697652,1445.587545263716
42,P1,538.7408089369889,608.3335714348735
42,P2,608.3335714348735,687.9663256348638
42,P3,687.9663256348638,812.0800627152507
42,P4,812.0800627152507,1008.7644299762096
42,P5,1008.7644299762096,1117.6768964465723
42,P6,1117.6768964465723,1222.5237083175625
43,P3,578.1787134777564,732.1920033034706
43,P4,732.1920033034706,1034.8626589828027
43,P5,1034.8626589828027,1193.572326449932
44,P2,579.6538551349022,672.336758559849
44,P3,672.336758559849,806.4113430947815
44,P5,806.4113430947815,936.9846075184153
44,P6,936.9846075184153,1069.4591635802649
45,P2,589.6362281143645,693.365214997995
45,P3,693.365214997995,822.3585316465972
45,P4,822.3585316465972,1034.9205005344568
45,P7,1034.9205005344568,1131.9523179802961
46,P1,591.5389435897958,712.8827603332295
46,P2,712.8827603332295,875.0662093722183
46,P3,875.0662093722183,1078.414270725657
46,P5,1078.414270725657,1234.8757930144823
46,P6,1234.8757930144823,1392.2958043094627
47,P1,599.2441036112517,673.458509097764
47,P2,673.458509097764,766.182869107406
47,P3,766.182869107406,888.5384234876183
47,P5,888.5384234876183,989.1707677904221
48,P1,609.8479427544062,700.9753607711416
48,P2,700.9753607711416,864.8678264441996
48,P3,864.8678264441996,1013.3549438079278
48,P4,1013.3549438079278,1254.234295139339
48,P6,1254.234295139339,1377.8575809974677
49,P3,626.040892984204,749.427037445568
49,P4,749.427037445568,952.9834869484814
49,P6,952.9834869484814,1080.8400294866606
50,P2,630.7742273360943,769.8533986170564
50,P3,769.8533986170564,985.4069614069283
50,P5,985.4069614069283,1131.963856803028
50,P6,1131.963856803028,1318.0553691922928
51,P3,642.9468812296159,817.4855804138608
51,P4,817.4855804138608,1144.1302674940434
51,P5,1144.1302674940434,1319.96440176679
52,P3,646.7129192495374,801.0447676725483
52,P5,801.0447676725483,923.5947774425965
52,P6,923.5947774425965,1137.3975488051901
53,P3,650.49288464774,808.9434356455906
53,P4,808.9434356455906,999.3176081728744
53,P6,999.3176081728744,1106.3524819096635
54,P1,682.1858880789387,828.6491025887606
54,P2,828.6491025887606,1025.68330370059
54,P3,1025.68330370059,1282.8578152827663
54,P4,1282.8578152827663,1643.1163933070945
54,P5,1643.1163933070945,1860.1161694331754
54,P6,1860.1161694331754,2048.2875685634913
55,P2,699.3977737961962,789.3986072642016
55,P3,789.3986072642016,896.6132966529686
55,P5,896.6132966529686,1036.8523220787424
56,P3,701.2580013194583,862.1991033414365
56,P4,862.1991033414365,1172.4274380655788
56,P6,1172.4274380655788,1306.0126918198926
57,P3,705.0774214552212,838.078120546583
57,P4,838.078120546583,1046.8583173806069
57,P5,1046.8583173806069,1142.769500760288
57,P6,1142.769500760288,1254.6530876656968
58,P1,709.2593269573534,799.7997706807575
58,P2,799.7997706807575,903.4798063443077
58,P3,903.4798063443077,1092.6683875430301
58,P5,1092.6683875430301,1225.576148329114
59,P3,721.5363316358463,831.2596673884003
59,P5,831.2596673884003,946.5566036748343
60,P2,727.4836277568742,883.1093502487166
60,P3,883.1093502487166,1083.9667444621389
60,P5,1083.9667444621389,1274.2848104272919
61,P3,733.8309490783593,881.5031299058759
61,P4,881.5031299058759,1120.5376971255025
61,P5,1120.5376971255025,1271.2991293148589
61,P6,1271.2991293148589,1380.149833642225
62,P3,740.4358256197828,907.2748383402721
62,P4,907.2748383402721,1168.1486657699716
62,P5,1168.1486657699716,1317.9121682294647
63,P1,743.8740050073445,888.498813165477
63,P2,888.498813165477,1055.5317216375397
63,P3,1055.5317216375397,1359.075055772709
63,P5,1359.075055772709,1550.9310458818536
64,P2,748.2508770975013,840.7670677083476
64,P3,840.7670677083476,970.9530919661454
64,P4,970.9530919661454,1120.2065086997322
64,P7,1120.2065086997322,1199.3681835998789
65,P3,760.4222601615892,923.4618934666574
65,P4,923.4618934666574,1170.3678272686573
65,P7,1170.3678272686573,1284.8661841495689
66,P2,768.6998298313256,884.0168154827971
66,P3,884.0168154827971,1035.6155137039107
66,P5,1035.6155137039107,1171.79821199526
67,P3,784.8045358746566,909.9912754245532
67,P4,909.9912754245532,1135.4330421031523
67,P6,1135.4330421031523,1336.529434396753
68,P1,797.6938919653456,965.8527873679894
68,P2,965.8527873679894,1155.875073169004
68,P3,1155.875073169004,1434.3010075566172
68,P5,1434.3010075566172,1679.1311843116152
68,P6,1679.1311843116152,1912.5636906768864
69,P3,800.1780034590417,929.0545883117591
69,P5,929.0545883117591,1087.2452180799041
69,P6,1087.2452180799041,1180.8246487020358
70,P1,824.1399382069495,1056.2956398614858
70,P2,1056.2956398614858,1176.884991403418
70,P3,1176.884991403418,1328.523410011189
70,P5,1328.523410011189,1456.9198600741543
70,P6,1456.9198600741543,1569.673537117731
71,P2,836.7621367888416,949.8352025681714
71,P3,949.8352025681714,1102.6172832425414
71,P4,1102.6172832425414,1326.0330230839725
71,P6,1326.0330230839725,1453.9763367004891
72,P2,839.5594803225506,955.9553909022126
72,P3,955.9553909022126,1098.1117620672026
72,P5,1098.1117620672026,1240.4844024100212
73,P1,871.6096919021203,954.9942462991212
73,P2,954.9942462991212,1090.8988694754662
73,P3,1090.8988694754662,1231.6556090892977
73,P5,1231.6556090892977,1380.8166097008138
73,P6,1380.8166097008138,1497.0638520937632
74,P3,893.7087341782353,1036.3830728167284
74,P4,1036.3830728167284,1247.7503826898972
74,P6,1247.7503826898972,1367.2075270040568
75,P1,918.9684879001246,1018.9629953014627
75,P2,1018.9629953014627,1153.5178129098604
75,P3,1153.5178129098604,1318.6421609970212
75,P4,1318.6421609970212,1612.545304169906
75,P6,1612.545304169906,1761.6902772797591
76,P1,943.638248424707,1031.0249795383795
76,P2,1031.0249795383795,1170.137396776603
76,P3,1170.137396776603,1333.224417660566
76,P4,1333.224417660566,1602.3013765179844
76,P7,1602.3013765179844,1755.9746992687003
77,P3,958.4475401545654,1095.0618993994212
77,P4,1095.0618993994212,1326.3774390975818
77,P5,1326.3774390975818,1424.7702394897292
77,P6,1424.7702394897292,1542.4615809691636
78,P1,967.2000314078433,1085.9801025602005
78,P2,1085.9801025602005,1214.6908700124932
78,P3,1214.6908700124932,1399.9204315461832
78,P4,1399.9204315461832,1697.307050066979
78,P7,1697.307050066979,1851.1164051741966
79,P1,972.2661146987763,1089.9539997273414
79,P2,1089.9539997273414,1248.6652138534887
79,P3,1248.6652138534887,1447.3775737071526
79,P5,1447.3775737071526,1617.859938730803
79,P6,1617.859938730803,1776.8998583116938
80,P1,1002.8251669160827,1079.3163611949171
80,P2,1079.3163611949171,1188.7815628123965
80,P3,1188.7815628123965,1334.8447708706406
80,P4,1334.8447708706406,1536.0274879783026
80,P5,1536.0274879783026,1672.5630583258396
80,P6,1672.5630583258396,1803.9860513515246
81,P1,1034.238823241535,1152.174418631959
81,P2,1152.174418631959,1389.5892603409075
81,P3,1389.5892603409075,1584.3494308494805
81,P4,1584.3494308494805,1887.7296715076263
81,P5,1887.7296715076263,2055.7496582987906
81,P6,2055.7496582987906,2206.7477633774424
82,P1,1037.6517178503893,1121.3918663240645
82,P2,1121.3918663240645,1259.1417524590004
82,P3,1259.1417524590004,1409.8552127771632
82,P4,1409.8552127771632,1674.1407613002032
82,P7,1674.1407613002032,1794.9151243141837
83,P1,1124.7608603572398,1243.0051459526524
83,P2,1243.0051459526524,1381.6379493889465
83,P3,1381.6379493889465,1556.6408962069038
83,P4,1556.6408962069038,1780.75848648785
83,P6,1780.75848648785,1934.8083747383378
84,P3,1152.7096845050644,1262.21090010419
84,P4,1262.21090010419,1438.703690257114
84,P5,1438.703690257114,1544.6011782555815
84,P6,1544.6011782555815,1639.3433627902166
85,P2,1191.3119988831154,1295.980409604308
85,P3,1295.980409604308,1453.8595599433822
85,P5,1453.8595599433822,1588.0925187934674
86,P1,1211.260817619101,1286.4496757534512
86,P2,1286.4496757534512,1424.9518605834437
86,P3,1424.9518605834437,1549.935316738965
86,P4,1549.935316738965,1762.5873279682914
86,P7,1762.5873279682914,1846.5261377385673
87,P3,1215.9982244144028,1351.5293565763927
87,P5,1351.5293565763927,1470.8700991398562
88,P2,1216.7023510586914,1316.3828257235432
88,P3,1316.3828257235432,1446.3393486146235
88,P4,1446.3393486146235,1671.5368691134313
88,P6,1671.5368691134313,1765.6999369355606
88,P7,1765.6999369355606,1849.6324526285164
89,P1,1221.2869137949885,1326.571857881958
89,P2,1326.571857881958,1484.3294277948012
89,P3,1484.3294277948012,1668.980570047767
89,P4,1668.980570047767,1969.7486649225325
89,P5,1969.7486649225325,2162.9481230640918
89,P6,2162.9481230640918,2326.824398035202
90,P1,1221.3975212903817,1306.6493081151332
90,P2,1306.6493081151332,1421.5554541148258
90,P3,1421.5554541148258,1563.2452307056765
90,P5,1563.2452307056765,1699.4962061245562
90,P6,1699.4962061245562,1808.3400930363564
91,P3,1238.14584159761,1378.9613844230876
91,P4,1378.9613844230876,1589.7550155166557
91,P6,1589.7550155166557,1696.716288797196
91,P7,1696.716288797196,1854.9551063819092
92,P2,1262.1588381518543,1359.8596888041527
92,P3,1359.8596888041527,1501.330066364285
92,P4,1501.330066364285,1690.4441297362337
92,P6,1690.4441297362337,1782.9551722658455
93,P1,1263.009771515065,1376.542313281594
93,P2,1376.542313281594,1463.7104059785604
93,P3,1463.7104059785604,1591.2237866553892
93,P4,1591.2237866553892,1791.7678272671496
93,P5,1791.7678272671496,1911.7133610269764
93,P6,1911.7133610269764,2001.305599605192
94,P1,1296.6891951692412,1420.3603332481937
94,P2,1420.3603332481937,1574.8198168960366
94,P3,1574.8198168960366,1758.6549750673971
94,P4,1758.6549750673971,2118.7418339143455
94,P5,2118.7418339143455,2306.0756023964755
95,P2,1302.3464685715117,1463.2757907149867
95,P3,1463.2757907149867,1649.1518119029256
95,P4,1649.1518119029256,1955.3724603304654
95,P6,1955.3724603304654,2124.8586496067974
95,P7,2124.8586496067974,2273.859091786792
96,P2,1320.7824838684521,1475.464045284749
96,P3,1475.464045284749,1676.3549153668891
96,P4,1676.3549153668891,1980.084043866655
96,P7,1980.084043866655,2153.5415582335686
97,P1,1320.8209784496964,1419.9923352658216
97,P2,1419.9923352658216,1581.728340034102
97,P3,1581.728340034102,1760.8166196524114
97,P4,1760.8166196524114,1985.737939946456
97,P6,1985.737939946456,2104.302721604232
98,P1,1335.6875149127245,1444.2238606128974
98,P2,1444.2238606128974,1560.3681766209234
98,P3,1560.3681766209234,1692.3911675166505
98,P5,1692.3911675166505,1821.858159957898
99,P1,1354.6362684872995,1414.3835690945027
99,P2,1414.3835690945027,1493.5704640156841
99,P3,1493.5704640156841,1620.4998668094854
99,P5,1620.4998668094854,1728.8331922671728
99,P6,1728.8331922671728,1821.605789880463
100,P2,1356.1538095821534,1515.2547031316992
100,P3,1515.2547031316992,1685.2887489440752
100,P5,1685.2887489440752,1804.9979674220258
100,P6,1804.9979674220258,1927.2970430205767
101,P3,1360.3200200858198,1484.4135107741747
101,P5,1484.4135107741747,1592.243594654963
101,P6,1592.243594654963,1671.7450537748498
101,P7,1671.7450537748498,1755.1359647920867
102,P1,1368.7084449273775,1460.7320758195713
102,P2,1460.7320758195713,1574.8845954694923
102,P3,1574.8845954694923,1707.2059248539551
102,P4,1707.2059248539551,1911.2891288762462
102,P7,1911.2891288762462,1998.9941329537658
103,P3,1369.3787745110583,1483.1715821637085
103,P4,1483.1715821637085,1726.9240481608058
103,P6,1726.9240481608058,1834.1693354159702
104,P3,1370.8668522364414,1513.0905689217402
104,P4,1513.0905689217402,1683.8525942772576
104,P7,1683.8525942772576,1778.1762926323483
105,P2,1383.7713547950902,1529.1223647437857
105,P3,1529.1223647437857,1704.666574144127
105,P4,1704.666574144127,2012.6063224748946
105,P6,2012.6063224748946,2142.8068325416507
106,P3,1388.0298550103898,1530.6599265803852
106,P4,1530.6599265803852,1776.875531669996
106,P7,1776.875531669996,1864.836853854467
107,P1,1396.4815973589018,1501.1456778924698
107,P2,1501.1456778924698,1653.646362328153
107,P3,1653.646362328153,1828.9379304278252
107,P4,1828.9379304278252,2107.104635319316
107,P7,2107.104635319316,2332.2005735453768
108,P3,1424.5128735094413,1614.8698522933773
108,P4,1614.8698522933773,1991.682632300237
108,P6,1991.682632300237,2195.5729896453145
108,P7,2195.5729896453145,2323.4527321808164
109,P3,1427.229238750207,1594.2822881017985
109,P5,1594.2822881017985,1789.7876530082553
109,P6,1789.7876530082553,1937.4992928707118
110,P1,1438.0196711145047,1529.5887676704906
110,P2,1529.5887676704906,1628.3253562049103
110,P3,1628.3253562049103,1809.9986840899512
110,P4,1809.9986840899512,2082.9209496694625
110,P5,2082.9209496694625,2237.480284465931
111,P1,1445.6972973572538,1534.5219571558248
111,P2,1534.5219571558248,1658.5201045885542
111,P3,1658.5201045885542,1800.6777892311356
111,P5,1800.6777892311356,1920.0733320036834
111,P6,1920.0733320036834,2038.4972638259096
112,P1,1464.07540181351,1569.033594653468
112,P2,1569.033594653468,1678.9372896503905
112,P3,1678.9372896503905,1828.095273567707
112,P4,1828.095273567707,2085.9002700174633
112,P5,2085.9002700174633,2254.4371189626463
113,P3,1467.275865329446,1697.0338109905106
113,P4,1697.0338109905106,2052.4734103784103
113,P6,2052.4734103784103,2212.404338641355
114,P1,1483.2386514742866,1632.8288671665555
114,P2,1632.8288671665555,1785.6472036568555
114,P3,1785.6472036568555,1973.7517606814583
114,P4,1973.7517606814583,2321.796413548605
114,P5,2321.796413548605,2520.269385928774
115,P2,1489.0027352047437,1612.759481558031
115,P3,1612.759481558031,1784.6053151657993
115,P4,1784.6053151657993,1985.4076489593685
115,P5,1985.4076489593685,2112.646290546192
116,P1,1506.457393988763,1665.2372778200133
116,P2,1665.2372778200133,1782.7941524016605
116,P3,1782.7941524016605,1924.4601526746724
116,P4,1924.4601526746724,2162.728772130792
116,P6,2162.728772130792,2287.9377132080685
116,P7,2287.9377132080685,2371.2741588340805
117,P1,1511.7079089034164,1571.032371145845
117,P2,1571.032371145845,1650.473751116092
117,P3,1650.473751116092,1747.0706533910266
117,P4,1747.0706533910266,1930.3029031981243
117,P5,1930.3029031981243,2025.232584426408
118,P2,1516.0043498993994,1667.626798664648
118,P3,1667.626798664648,1868.6430849613464
118,P4,1868.6430849613464,2176.4809261600026
118,P6,2176.4809261600026,2332.370524176386
119,P1,1524.9226140108474,1591.2705949694189
119,P2,1591.2705949694189,1694.8542941676362
119,P3,1694.8542941676362,1839.8913232923207
119,P4,1839.8913232923207,2032.4789276548286
119,P7,2032.4789276548286,2109.0332611057593
120,P3,1532.4412589479132,1694.350769785118
120,P5,1694.350769785118,1820.1909201081817
120,P6,1820.1909201081817,1931.5456225191083
120,P7,1931.5456225191083,2059.2890350235757
121,P2,1551.4696217649105,1654.7356233364376
121,P3,1654.7356233364376,1799.8810363333114
121,P5,1799.8810363333114,1915.4453062581167
122,P3,1563.490672350387,1660.4841133722182
122,P5,1660.4841133722182,1753.6944320433079
122,P6,1753.6944320433079,1845.4648499297953
123,P3,1571.673553426583,1793.8802731913913
123,P5,1793.8802731913913,2010.9613686760692
123,P6,2010.9613686760692,2190.5338035723844
124,P1,1573.6649920496352,1652.8309257355713
124,P2,1652.8309257355713,1745.964709117806
124,P3,1745.964709117806,1895.2663501837555
124,P4,1895.2663501837555,2114.7831223277
124,P5,2114.7831223277,2221.9704948211424
125,P2,1592.4731183439912,1724.430988849908
125,P3,1724.430988849908,1840.2026999490163
125,P5,1840.2026999490163,1952.6398879561875
126,P3,1593.064332895727,1719.3346689415355
126,P5,1719.3346689415355,1847.7978061164433
126,P6,1847.7978061164433,1980.602484498656
126,P7,1980.602484498656,2359.9476162807064
127,P2,1593.965866026472,1709.3373161025415
127,P3,1709.3373161025415,1849.3453714092486
127,P4,1849.3453714092486,2072.2578844087907
127,P7,2072.2578844087907,2177.346124099162
128,P1,1607.0453027888645,1707.9195708745362
128,P2,1707.9195708745362,1843.4648611421514
128,P3,1843.4648611421514,2028.1240824075533
128,P5,2028.1240824075533,2178.0079260559146
128,P6,2178.0079260559146,2329.9334084376464
129,P1,1610.5651542817513,1703.6125401012548
129,P2,1703.6125401012548,1807.1065190907827
129,P3,1807.1065190907827,1959.555098530542
129,P4,1959.555098530542,2201.0987897180707
129,P5,2201.0987897180707,2333.0221639101005
129,P6,2333.0221639101005,2441.3306311128117
130,P3,1613.8133423812446,1788.6651167302584
130,P4,1788.6651167302584,2061.1283546337177
130,P5,2061.1283546337177,2212.4862045058344
131,P2,1643.0986250443755,1776.5110976795806
131,P3,1776.5110976795806,1928.8429527733733
131,P5,1928.8429527733733,2202.2118247036274
131,P6,2202.2118247036274,2330.8324511928813
132,P1,1649.2330589180176,1745.0481294770711
132,P2,1745.0481294770711,1854.1381381162391
132,P3,1854.1381381162391,2043.2054796320901
132,P5,2043.2054796320901,2167.95731970498
133,P1,1663.0569167811116,1778.0733236775218
133,P2,1778.0733236775218,1927.6395231551742
133,P3,1927.6395231551742,2141.832014636152
133,P4,2141.832014636152,2456.1229102885727
133,P7,2456.1229102885727,2577.6048620648135
134,P3,1666.1400092557842,1785.879846595664
134,P5,1785.879846595664,1883.3080780395285
135,P1,1668.336830427865,1766.7286078827033
135,P2,1766.7286078827033,1888.2482195306295
135,P3,1888.2482195306295,2094.55626188251
135,P4,2094.55626188251,2349.141935521948
135,P6,2349.141935521948,2463.4007958755187
136,P3,1686.2913489615912,1836.5855039412552
136,P5,1836.5855039412552,2007.385633472518
136,P6,2007.385633472518,2133.1058657783683
137,P1,1699.2849905354205,1847.8183904878788
137,P2,1847.8183904878788,2016.8124206032792
137,P3,2016.8124206032792,2277.2755548893683
137,P4,2277.2755548893683,2710.715221730558
137,P5,2710.715221730558,2954.520086505518
138,P1,1706.0915119253955,1790.743695277291
138,P2,1790.743695277291,1883.9947187534844
138,P3,1883.9947187534844,2016.8406465507567
138,P4,2016.8406465507567,2264.4181664560924
138,P6,2264.4181664560924,2376.9110097150606
139,P3,1712.3090116890312,1885.405945593117
139,P4,1885.405945593117,2192.7686477651832
139,P7,2192.7686477651832,2320.535683285454
140,P2,1712.9276746590429,1789.725256744731
140,P3,1789.725256744731,1888.5959771566306
140,P4,1888.5959771566306,2064.7306861487095
140,P5,2064.7306861487095,2154.65177002425
140,P6,2154.65177002425,2242.546164407333
141,P1,1716.7323772475224,1898.9799215214355
141,P2,1898.9799215214355,2036.167231218798
141,P3,2036.167231218798,2298.6440405409935
141,P5,2298.6440405409935,2549.8228072068623
141,P6,2549.8228072068623,2732.0702385141126
142,P3,1723.2848044544785,1892.9795294560772
142,P4,1892.9795294560772,2169.013476985795
142,P5,2169.013476985795,2321.0898497461067
143,P1,1724.1636744161685,1792.0217915376836
143,P2,1792.0217915376836,1876.4158599104464
143,P3,1876.4158599104464,1980.5192601877586
143,P5,1980.5192601877586,2068.827209566464
143,P6,2068.827209566464,2193.761091022285
144,P3,1737.436859189084,1917.240673296486
144,P5,1917.240673296486,2065.8873815401444
145,P3,1754.3880666508483,1875.1663532838381
145,P4,1875.1663532838381,2119.8992106485316
145,P5,2119.8992106485316,2248.529723776843
145,P6,2248.529723776843,2371.548859019055
146,P2,1755.6721680256212,1871.752922363888
146,P3,1871.752922363888,2036.3767509388767
146,P4,2036.3767509388767,2260.830302730773
146,P6,2260.830302730773,2370.58211000439
146,P7,2370.58211000439,2477.073873091874
147,P2,1767.7142267253987,1868.7852069479748
147,P3,1868.7852069479748,1979.3747712073985
147,P5,1979.3747712073985,2115.5978648898335
147,P6,2115.5978648898335,2223.9936524100885
148,P1,1782.0547725649624,1881.5422850203415
148,P2,1881.5422850203415,2045.7884360364255
148,P3,2045.7884360364255,2270.629776723578
148,P4,2270.629776723578,2571.4917592250936
148,P5,2571.4917592250936,2822.1192012869487
148,P6,2822.1192012869487,2992.460879508221
149,P2,1783.7247580447827,1930.2043898414815
149,P3,1930.2043898414815,2105.6094335717703
149,P5,2105.6094335717703,2265.7600134000645
149,P6,2265.7600134000645,2399.0600756738795
150,P1,1798.9009820012602,1868.633710447511
150,P2,1868.633710447511,1945.6693054801656
150,P3,1945.6693054801656,2056.182803741012
150,P4,2056.182803741012,2203.2468266501132
150,P7,2203.2468266501132,2276.9826463943696
151,P2,1809.559481306918,1890.4932896250612
151,P3,1890.4932896250612,1992.589970198613
151,P4,1992.589970198613,2170.1572145437176
151,P5,2170.1572145437176,2246.2501878781095
151,P6,2246.2501878781095,2337.940784193586
152,P1,1811.6210636969076,1903.525190333471
152,P2,1903.525190333471,2011.9437163244113
152,P3,2011.9437163244113,2151.234292817097
152,P5,2151.234292817097,2426.888067770658
153,P1,1814.779321151422,1887.3286209215669
153,P2,1887.3286209215669,1985.0985788629437
153,P3,1985.0985788629437,2105.547898650769
153,P5,2105.547898650769,2211.1506910659396
154,P2,1827.503647466589,1995.793065208105
154,P3,1995.793065208105,2297.325921886488
154,P4,2297.325921886488,2686.097921305914
154,P6,2686.097921305914,2870.399513162636
155,P1,1844.8363105278606,1973.7769214016353
155,P2,1973.7769214016353,2127.8520479739022
155,P3,2127.8520479739022,2294.4103919837366
155,P4,2294.4103919837366,2566.7783076638007
155,P5,2566.7783076638007,2755.1417375179826
156,P1,1858.0328234214012,1922.8967831056154
156,P2,1922.8967831056154,2012.997538834847
156,P3,2012.997538834847,2115.279704857119
156,P5,2115.279704857119,2202.960236994981
156,P6,2202.960236994981,2291.71128818458
157,P1,1862.824369799152,1940.623888900563
157,P2,1940.623888900563,2051.7440287948602
157,P3,2051.7440287948602,2176.2972704854883
157,P4,2176.2972704854883,2453.8502708553974
157,P7,2453.8502708553974,2564.617823246246
158,P1,1870.8696768307916,1950.071127028556
158,P2,1950.071127028556,2049.395120487241
158,P3,2049.395120487241,2185.426198689326
158,P4,2185.426198689326,2399.5289226478844
158,P5,2399.5289226478844,2514.970068179728
159,P1,1887.231622425311,1996.6202143135101
159,P2,1996.6202143135101,2122.4076635304746
159,P3,2122.4076635304746,2285.826194988442
159,P4,2285.826194988442,2504.5650203016053
159,P5,2504.5650203016053,2632.343484706465
160,P3,1887.965179577566,2042.0288161653539
160,P4,2042.0288161653539,2265.8858522876576
160,P5,2265.8858522876576,2404.285061489053
160,P6,2404.285061489053,2549.745190429548
161,P1,1897.2695936457715,1986.5273828080035
161,P2,1986.5273828080035,2108.1348398514147
161,P3,2108.1348398514147,2260.4640039559945
161,P5,2260.4640039559945,2405.9125312949136
161,P6,2405.9125312949136,2509.22612355547
161,P7,2509.22612355547,2620.4930358907964
162,P3,1898.239936125903,2098.0801605467386
162,P4,2098.0801605467386,2475.6934353940887
162,P7,2475.6934353940887,2649.688892230209
163,P1,1902.2808571422327,2006.7752139621834
163,P2,2006.7752139621834,2134.491118211298
163,P3,2134.491118211298,2283.4173504036767
163,P4,2283.4173504036767,2571.898953373035
163,P6,2571.898953373035,2696.776219968214
163,P7,2696.776219968214,2802.416480990263
164,P3,1930.9623821678208,2128.373098727036
164,P4,2128.373098727036,2457.170309204991
164,P7,2457.170309204991,2578.17401456209
165,P1,1934.8835517080856,2022.91751906087
165,P2,2022.91751906087,2134.489640415231
165,P3,2134.489640415231,2281.2409979903064
165,P5,2281.2409979903064,2425.7843029372284
165,P6,2425.7843029372284,2559.1470353315704
166,P1,1937.551801149318,2018.0754533809247
166,P2,2018.0754533809247,2139.842683074027
166,P3,2139.842683074027,2279.2454987412066
166,P5,2279.2454987412066,2383.341377333822
167,P1,1970.2264036266185,2054.0016364664802
167,P2,2054.0016364664802,2169.674203874406
167,P3,2169.674203874406,2323.8055074428894
167,P5,2323.8055074428894,2449.624444229472
167,P6,2449.624444229472,2586.919567737943
168,P3,1975.8421121848182,2181.3001160590334
168,P5,2181.3001160590334,2332.492816428691
169,P1,1978.6741925443512,2093.023455285435
169,P2,2093.023455285435,2236.7996752933664
169,P3,2236.7996752933664,2439.3308870106475
169,P4,2439.3308870106475,2762.473883721553
169,P6,2762.473883721553,2906.115529596861
170,P1,1984.2269173603947,2066.2844459361872
170,P2,2066.2844459361872,2167.5300617118737
170,P3,2167.5300617118737,2290.380700709621
170,P4,2290.380700709621,2487.60286350644
170,P6,2487.60286350644,2587.967975198962
171,P3,1987.1642498098367,2124.89973521837
171,P4,2124.89973521837,2341.8243493062605
171,P7,2341.8243493062605,2461.507438889968
172,P3,1990.1573515948428,2145.3494986733363
172,P4,2145.3494986733363,2382.3391497307307
172,P5,2382.3391497307307,2516.9814282354328
172,P6,2516.9814282354328,2640.964101386735
173,P2,1991.938609671109,2079.053948644299
173,P3,2079.053948644299,2234.54664838829
173,P4,2234.54664838829,2416.782189400832
173,P6,2416.782189400832,2523.9113429174226
174,P3,1996.6247457612412,2325.287138334921
174,P4,2325.287138334921,2677.9943843246147
174,P6,2677.9943843246147,2863.6227762304898
175,P1,2012.4357639740613,2130.037147491863
175,P2,2130.037147491863,2257.834200359578
175,P3,2257.834200359578,2491.4449243943072
175,P4,2491.4449243943072,2800.332461273225
175,P7,2800.332461273225,2941.7888711086266
176,P1,2012.6651177369788,2111.4054195146496
176,P2,2111.4054195146496,2209.6255981628187
176,P3,2209.6255981628187,2354.3922543773533
176,P4,2354.3922543773533,2575.8285080277146
176,P7,2575.8285080277146,2657.8922440158926
177,P3,2013.0767730382672,2152.107187831316
177,P5,2152.107187831316,2248.989534501399
177,P6,2248.989534501399,2365.257698523035
178,P1,2019.5868815799952,2184.31350287087
178,P2,2184.31350287087,2329.4200325796137
178,P3,2329.4200325796137,2534.863064607728
178,P5,2534.863064607728,2713.1418316952754
178,P6,2713.1418316952754,2875.9814802318006
179,P1,2020.890197720342,2118.8213042515463
179,P2,2118.8213042515463,2231.074752213007
179,P3,2231.074752213007,2442.1475957646576
179,P4,2442.1475957646576,2718.6598236700065
179,P6,2718.6598236700065,2837.207287088053
180,P1,2038.9807953903555,2146.1608347735187
180,P2,2146.1608347735187,2267.4885128015894
180,P3,2267.4885128015894,2447.225851120268
180,P4,2447.225851120268,2740.8566117255946
180,P6,2740.8566117255946,2916.6698345912314
181,P3,2059.515002399544,2243.08529863983
181,P5,2243.08529863983,2372.5260247915835
181,P6,2372.5260247915835,2494.209688776268
182,P3,2069.5487249596918,2260.9492567476977
182,P4,2260.9492567476977,2494.5586080090798
182,P5,2494.5586080090798,2682.5924164994904
183,P3,2071.7558347844542,2247.111691307943
183,P5,2247.111691307943,2388.717579120446
184,P1,2072.124036738011,2135.2617276171973
184,P2,2135.2617276171973,2212.691545165359
184,P3,2212.691545165359,2313.281434476857
184,P4,2313.281434476857,2469.1165777577576
184,P6,2469.1165777577576,2546.7150346696635
185,P1,2072.2852235312394,2178.4692055057135
185,P2,2178.4692055057135,2361.429715019494
185,P3,2361.429715019494,2564.320575531009
185,P5,2564.320575531009,2784.759164037144
186,P1,2081.148319671075,2153.9154169759922
186,P2,2153.9154169759922,2281.433238369944
186,P3,2281.433238369944,2399.728205587176
186,P5,2399.728205587176,2503.3233417986858
186,P6,2503.3233417986858,2597.0543456290134
187,P3,2089.8756671767155,2200.270504666771
187,P4,2200.270504666771,2383.854460359521
187,P6,2383.854460359521,2482.637851752126
188,P1,2104.8947163748553,2186.9776838576854
188,P2,2186.9776838576854,2295.729440879237
188,P3,2295.729440879237,2456.6523189651075
188,P5,2456.6523189651075,2614.1372255737006
189,P1,2114.837781428221,2228.03019197875
189,P2,2228.03019197875,2360.7219626826504
189,P3,2360.7219626826504,2569.126721227727
189,P5,2569.126721227727,2752.8969249164393
189,P6,2752.8969249164393,2927.239882861957
190,P1,2128.0805646075596,2222.385266353752
190,P2,2222.385266353752,2354.334657793032
190,P3,2354.334657793032,2522.1741317148094
190,P4,2522.1741317148094,2800.4912174842407
190,P7,2800.4912174842407,2908.68900943356
191,P2,2137.521454848835,2256.8554386899877
191,P3,2256.8554386899877,2405.282034007632
191,P4,2405.282034007632,2790.63138414204
191,P7,2790.63138414204,2884.717951285828
192,P1,2150.9878517013713,2243.1748769973688
192,P2,2243.1748769973688,2357.6158379693557
192,P3,2357.6158379693557,2512.513920384898
192,P4,2512.513920384898,2781.726958051818
192,P5,2781.726958051818,2904.4576723110413
192,P6,2904.4576723110413,3021.609053633509
192,P7,3021.609053633509,3110.9219172195244
193,P3,2166.5377664276266,2343.1815679132415
193,P4,2343.1815679132415,2615.425706673222
193,P7,2615.425706673222,2757.9859042730054
194,P3,2169.690822910659,2342.741932799351
194,P4,2342.741932799351,2551.8449057452817
194,P6,2551.8449057452817,2701.548680687735
194,P7,2701.548680687735,2908.836779902286
195,P2,2193.294279069625,2340.378679900956
195,P3,2340.378679900956,2569.6592683657154
195,P4,2569.6592683657154,2870.302972275932
195,P5,2870.302972275932,3068.5969315942057
195,P6,3068.5969315942057,3211.838393347574
196,P3,2193.5046262690903,2375.863485595513
196,P5,2375.863485595513,2500.6973441958316
196,P6,2500.6973441958316,2620.8534560295698
197,P3,2201.430558619238,2392.4077614529315
197,P4,2392.4077614529315,2660.6062524523077
197,P6,2660.6062524523077,2791.267421471876
198,P2,2207.2941593927144,2328.357153410408
198,P3,2328.357153410408,2493.5619163053275
198,P4,2493.5619163053275,2751.3767234387965
198,P7,2751.3767234387965,2864.2402795844714
199,P2,2210.76751758644,2329.1080170151095
199,P3,2329.1080170151095,2523.298367137148
199,P5,2523.298367137148,2660.9347414503864
200,P1,2212.025746473141,2382.081251239009
200,P2,2382.081251239009,2516.0480241361906
200,P3,2516.0480241361906,2693.5924262712556
200,P5,2693.5924262712556,2860.6346142738594
200,P6,2860.6346142738594,2994.5866659651274
201,P3,2212.0328907656444,2322.250206178782
201,P4,2322.250206178782,2534.6643352069223
201,P6,2534.6643352069223,2673.4957393416285
201,P7,2673.4957393416285,2765.0667921591184
202,P1,2217.0755891178205,2351.942058151867
202,P2,2351.942058151867,2495.996650976303
202,P3,2495.996650976303,2735.1941541620595
202,P5,2735.1941541620595,2937.366268091755
202,P6,2937.366268091755,3107.8921269165376
203,P2,2221.7686857726885,2299.385858251157
203,P3,2299.385858251157,2403.538405045975
203,P4,2403.538405045975,2611.185236820454
203,P6,2611.185236820454,2707.1581469625294
204,P3,2235.0670911517086,2424.627253267122
204,P4,2424.627253267122,2760.9580106532053
204,P5,2760.9580106532053,2914.6080581146743
205,P3,2238.3585228012835,2452.9498793511852
205,P5,2452.9498793511852,2588.5586696171185
206,P1,2269.607740199995,2350.4151981723485
206,P2,2350.4151981723485,2515.403549003515
206,P3,2515.403549003515,2655.696970924751
206,P5,2655.696970924751,2777.0721464584676
206,P6,2777.0721464584676,2868.910073022316
207,P2,2308.493159744516,2506.935660036812
207,P3,2506.935660036812,2777.220082156835
207,P4,2777.220082156835,3146.0364937341756
207,P5,3146.0364937341756,3386.3222745709577
208,P2,2322.0585050677073,2421.0302244578834
208,P3,2421.0302244578834,2559.8190391096146
208,P4,2559.8190391096146,2811.6621033629153
208,P5,2811.6621033629153,2950.8145942224014
209,P1,2322.313618083866,2410.7184648952057
209,P2,2410.7184648952057,2540.8074365892603
209,P3,2540.8074365892603,2681.145990871724
209,P4,2681.145990871724,2922.763382917774
209,P5,2922.763382917774,3040.34926179306
209,P6,3040.34926179306,3204.461995196076
210,P1,2343.506199911389,2431.312538752425
210,P2,2431.312538752425,2541.2705574740644
210,P3,2541.2705574740644,2699.564401912159
210,P5,2699.564401912159,2843.1322885709246
210,P6,2843.1322885709246,2990.4785740854495
211,P2,2345.3496079855904,2442.443113050639
211,P3,2442.443113050639,2547.713788518432
211,P4,2547.713788518432,2748.17331730803
211,P5,2748.17331730803,2896.6149675627457
212,P2,2355.5070390255837,2513.136648418932
212,P3,2513.136648418932,2737.5437980087977
212,P4,2737.5437980087977,3101.9568225562375
212,P7,3101.9568225562375,3265.9370355097744
213,P1,2358.0187813194607,2446.122820772645
213,P2,2446.122820772645,2572.515755763554
213,P3,2572.515755763554,2742.448854465194
213,P5,2742.448854465194,2889.6896540347207
213,P6,2889.6896540347207,3003.4263432841144
214,P3,2370.3525731810614,2523.5588590424823
214,P4,2523.5588590424823,2851.0033738224492
214,P6,2851.0033738224492,3030.101975263149
215,P3,2380.4830564889926,2509.437276782669
215,P4,2509.437276782669,2736.116587575207
215,P5,2736.116587575207,2860.4193255094797
216,P3,2383.0237091775602,2508.552575827455
216,P4,2508.552575827455,2746.147001660239
216,P5,2746.147001660239,2861.5310094702754
217,P2,2383.6568073880057,2481.8607031992083
217,P3,2481.8607031992083,2601.599248852075
217,P4,2601.599248852075,2798.27377021537
217,P7,2798.27377021537,2884.7029198044243
218,P1,2389.0588974220846,2484.0893782383378
218,P2,2484.0893782383378,2601.6833706681086
218,P3,2601.6833706681086,2744.68209520421
218,P5,2744.68209520421,2876.9184286831864
218,P6,2876.9184286831864,2997.7417833657
219,P1,2404.4100466709365,2542.2514784357268
219,P2,2542.2514784357268,2650.564320265397
219,P3,2650.564320265397,2797.4613280070157
219,P4,2797.4613280070157,3011.658624918933
219,P7,3011.658624918933,3118.5661706980195
220,P1,2414.8730833600457,2488.872591732192
220,P2,2488.872591732192,2567.227055860501
220,P3,2567.227055860501,2703.2647066519953
220,P5,2703.2647066519953,2850.280533751618
221,P1,2419.212219521344,2528.777441966061
221,P2,2528.777441966061,2653.973641304544
221,P3,2653.973641304544,2794.5127252904313
221,P5,2794.5127252904313,2930.543571040691
222,P3,2456.53874693116,2722.9730028312333
222,P4,2722.9730028312333,3126.7017119774696
222,P5,3126.7017119774696,3340.2020845200836
222,P6,3340.2020845200836,3528.085970554006
223,P1,2466.594778936159,2549.684523019046
223,P2,2549.684523019046,2643.4612313296907
223,P3,2643.4612313296907,2788.7268661566013
223,P4,2788.7268661566013,3024.937608392018
223,P5,3024.937608392018,3161.0004759999106
223,P6,3161.0004759999106,3258.019343707623
223,P7,3258.019343707623,3345.9503944846733
224,P1,2490.392684765924,2584.5720954291533
224,P2,2584.5720954291533,2704.625948053792
224,P3,2704.625948053792,2919.4286024595685
224,P5,2919.4286024595685,3047.4415854077884
225,P1,2491.1200107589507,2571.190692553291
225,P2,2571.190692553291,2692.0284188415717
225,P3,2692.0284188415717,2807.281158815462
225,P5,2807.281158815462,2917.4990396625494
225,P6,2917.4990396625494,3002.198999126985
226,P3,2493.0409884840465,2631.975572003693
226,P4,2631.975572003693,2897.6142173586145
226,P6,2897.6142173586145,2994.572614034102
227,P2,2514.8371814762786,2639.1262170962436
227,P3,2639.1262170962436,2769.197439135799
227,P5,2769.197439135799,2894.2100070090596
227,P6,2894.2100070090596,3019.766357969708
228,P1,2524.9897649364752,2626.0845535083827
228,P2,2626.0845535083827,2749.955600384304
228,P3,2749.955600384304,2984.864837541287
228,P5,2984.864837541287,3154.9249837697917
229,P1,2538.595656318674,2600.649279984237
229,P2,2600.649279984237,2662.3543528253113
229,P3,2662.3543528253113,2763.398536231436
229,P5,2763.398536231436,2852.6538092637606
230,P3,2539.531872116292,2718.1456686969636
230,P5,2718.1456686969636,2854.1893922236586
230,P6,2854.1893922236586,2990.440511854355
230,P7,2990.440511854355,3106.118959884089
231,P3,2545.528074324937,2680.594642218638
231,P4,2680.594642218638,2906.808347742747
231,P6,2906.808347742747,3016.8202930861194
231,P7,3016.8202930861194,3109.0187911913017
232,P1,2552.191217989525,2623.685232866517
232,P2,2623.685232866517,2716.9618110336237
232,P3,2716.9618110336237,2850.8994375744464
232,P4,2850.8994375744464,3114.4875697419047
232,P5,3114.4875697419047,3224.3706533062464
232,P6,3224.3706533062464,3326.6322994579878
233,P3,2556.094787092332,2765.565407560886
233,P5,2765.565407560886,2869.7773007370465
233,P6,2869.7773007370465,2992.0849808172343
234,P1,2569.5613702343653,2660.2458793657665
234,P2,2660.2458793657665,2826.656609718929
234,P3,2826.656609718929,2957.5281211024526
234,P4,2957.5281211024526,3165.3310505474824
234,P7,3165.3310505474824,3272.343580703628
235,P1,2581.463637471443,2680.348585462001
235,P2,2680.348585462001,2778.9643315608046
235,P3,2778.9643315608046,2905.9518308313977
235,P4,2905.9518308313977,3126.917441369691
235,P5,3126.917441369691,3240.543715528511
235,P6,3240.543715528511,3344.4411967096335
236,P3,2584.6858417836593,2701.119955433929
236,P5,2701.119955433929,2817.98961237763
236,P6,2817.98961237763,2913.508603472131
237,P1,2605.343792124501,2678.1855160603527
237,P2,2678.1855160603527,2763.1312276742133
237,P3,2763.1312276742133,2897.9242253389034
237,P5,2897.9242253389034,3012.162418442563
237,P6,3012.162418442563,3138.143453517219
237,P7,3138.143453517219,3239.5056575378067
238,P3,2613.577098189947,2779.11232711204
238,P4,2779.11232711204,3007.937174042404
238,P6,3007.937174042404,3119.745057708978
239,P1,2642.878495876593,2716.3466412187067
239,P2,2716.3466412187067,2821.5522487891662
239,P3,2821.5522487891662,2946.55415377196
239,P4,2946.55415377196,3114.7047597146384
239,P7,3114.7047597146384,3199.881509630024
240,P3,2666.582567331373,2823.245023999468
240,P4,2823.245023999468,3067.817190907213
240,P7,3067.817190907213,3222.550704153369
241,P1,2675.032342143655,2760.541257482011
241,P2,2760.541257482011,2860.7803305987786
241,P3,2860.7803305987786,2992.3647603424956
241,P4,2992.3647603424956,3251.9774019360607
241,P7,3251.9774019360607,3359.695249529888
242,P1,2696.240802460918,2865.1024209086663
242,P2,2865.1024209086663,2979.84616280443
242,P3,2979.84616280443,3151.3652400576916
242,P5,3151.3652400576916,3371.956037590505
242,P6,3371.956037590505,3483.412905311058
243,P1,2701.3490199286753,2819.212173445076
243,P2,2819.212173445076,3000.6803058263336
243,P3,3000.6803058263336,3179.1273680283593
243,P5,3179.1273680283593,3356.2258739014833
244,P3,2711.8364372834662,2820.7096263010503
244,P5,2820.7096263010503,2917.3563620407767
244,P6,2917.3563620407767,2997.9283086751284
245,P1,2728.387570813714,2844.436623227755
245,P2,2844.436623227755,2986.4412302255937
245,P3,2986.4412302255937,3217.1486071993804
245,P4,3217.1486071993804,3567.4692399630767
245,P6,3567.4692399630767,3725.9769837110744
246,P3,2759.083339142878,2904.17470638406
246,P5,2904.17470638406,3046.1226986668926
247,P1,2769.1297781059156,2872.0412134887224
247,P2,2872.0412134887224,2955.4871188409466
247,P3,2955.4871188409466,3060.6711810619104
247,P5,3060.6711810619104,3175.99817693981
247,P6,3175.99817693981,3288.27445031245
248,P2,2773.3078545251014,2913.88035792425
248,P3,2913.88035792425,3092.0938321931944
248,P5,3092.0938321931944,3250.230588288006
249,P1,2779.797468512219,2872.6826957992316
249,P2,2872.6826957992316,2980.8655874034002
249,P3,2980.8655874034002,3146.6939522819557
249,P4,3146.6939522819557,3356.349302777091
249,P5,3356.349302777091,3479.943861924529
249,P6,3479.943861924529,3604.4302921606627
250,P1,2802.797393068333,2915.8715193356484
250,P2,2915.8715193356484,3073.17302973193
250,P3,3073.17302973193,3299.2236267385265
250,P4,3299.2236267385265,3648.6128850048085
250,P6,3648.6128850048085,3818.5582650589636
251,P3,2828.659186289855,2985.7759333225777
251,P4,2985.7759333225777,3193.156438128041
251,P5,3193.156438128041,3309.140932544127
251,P6,3309.140932544127,3411.9832082050216
252,P2,2833.087402809091,2918.350358792747
252,P3,2918.350358792747,3071.753408935129
252,P4,3071.753408935129,3303.2192687467073
252,P5,3303.2192687467073,3436.995712274286
252,P6,3436.995712274286,3542.878316948253
253,P1,2848.4618005324355,2911.8830199193562
253,P2,2911.8830199193562,2990.5140802934666
253,P3,2990.5140802934666,3112.232796787123
253,P4,3112.232796787123,3269.395594845852
253,P6,3269.395594845852,3360.2461284671213
253,P7,3360.2461284671213,3444.579218871235
254,P1,2854.1408718657294,2942.8843819403155
254,P2,2942.8843819403155,3086.920810896289
254,P3,3086.920810896289,3308.2342845375038
254,P4,3308.2342845375038,3651.198458193172
254,P6,3651.198458193172,3783.3103695539585
255,P2,2873.4046977526614,3003.482258646921
255,P3,3003.482258646921,3178.3046901162356
255,P4,3178.3046901162356,3452.3962212628903
255,P7,3452.3962212628903,3579.089753336796
256,P3,2876.7693839048297,3226.965350169996
256,P5,3226.965350169996,3513.9236665272138
256,P6,3513.9236665272138,3759.6959115115887
257,P3,2878.67811564156,3006.816242015909
257,P4,3006.816242015909,3254.3381785139895
257,P7,3254.3381785139895,3370.707211693992
258,P3,2905.6623943543977,3017.6510662181518
258,P4,3017.6510662181518,3158.0441133543704
258,P5,3158.0441133543704,3272.67371116458
259,P1,2908.4981427184543,2986.490705715709
259,P2,2986.490705715709,3056.9896336987636
259,P3,3056.9896336987636,3192.460921294179
259,P4,3192.460921294179,3383.3663816150824
259,P6,3383.3663816150824,3466.3979676206
260,P1,2910.0686636948826,3043.2765761305486
260,P2,3043.2765761305486,3175.6608371450725
260,P3,3175.6608371450725,3378.1431509807344
260,P4,3378.1431509807344,3691.783841918812
260,P7,3691.783841918812,3826.7482058085225
261,P3,2914.0324530513167,3038.1524134390406
261,P4,3038.1524134390406,3247.0700206812407
261,P7,3247.0700206812407,3364.383815871163
262,P1,2914.6261410103443,2990.4915506504303
262,P2,2990.4915506504303,3093.6209902686774
262,P3,3093.6209902686774,3198.6467034734487
262,P5,3198.6467034734487,3304.7984828606855
262,P6,3304.7984828606855,3411.263754338714
263,P3,2916.322674108278,3031.851503458652
263,P5,3031.851503458652,3155.0829217172522
263,P6,3155.0829217172522,3248.5901404792794
264,P2,2943.32208597258,3030.800473634202
264,P3,3030.800473634202,3136.4672381452247
264,P4,3136.4672381452247,3337.8797502523507
264,P6,3337.8797502523507,3423.5566656786937
265,P3,2978.1147962020564,3123.7305133836526
265,P4,3123.7305133836526,3309.4717291189263
265,P7,3309.4717291189263,3409.973951278311
266,P3,2981.0957979572922,3216.4429182419153
266,P4,3216.4429182419153,3490.1227831225615
266,P7,3490.1227831225615,3727.721015448697
267,P2,2991.128448262165,3117.698416190099
267,P3,3117.698416190099,3266.75816625977
267,P4,3266.75816625977,3608.0026026295272
267,P5,3608.0026026295272,3764.1439069220164
268,P3,3000.662516664216,3165.5832547718474
268,P4,3165.5832547718474,3459.094910361884
268,P6,3459.094910361884,3593.2401021473593
269,P3,3010.430283872277,3211.1738358253365
269,P4,3211.1738358253365,3567.0769258639093
269,P7,3567.0769258639093,3715.6809885638354
270,P1,3052.1463995598133,3169.686797104415
270,P2,3169.686797104415,3303.737325030561
270,P3,3303.737325030561,3511.1873186579046
270,P5,3511.1873186579046,3683.979518512932
270,P6,3683.979518512932,3845.3879966492095
271,P2,3054.9226683355405,3150.508844695046
271,P3,3150.508844695046,3281.6632128792307
271,P4,3281.6632128792307,3532.34683340988
271,P6,3532.34683340988,3673.7044753744144
272,P1,3090.0192886012205,3176.0154057021023
272,P2,3176.0154057021023,3290.5263236881797
272,P3,3290.5263236881797,3474.1169695965295
272,P4,3474.1169695965295,3764.6236185458047
272,P6,3764.6236185458047,3923.6501689142315
273,P3,3115.5220112457805,3285.1342451296705
273,P4,3285.1342451296705,3561.3381290590305
273,P6,3561.3381290590305,3679.170843601904
273,P7,3679.170843601904,3802.8195582985813
274,P3,3133.8507844362525,3307.2787565696667
274,P4,3307.2787565696667,3639.6316586605008
274,P6,3639.6316586605008,3774.7447270176726
275,P2,3151.5351666427036,3283.165177900202
275,P3,3283.165177900202,3439.1306813627584
275,P4,3439.1306813627584,3705.0647527109586
275,P5,3705.0647527109586,3879.6279096520943
275,P6,3879.6279096520943,4029.7618235887085
275,P7,4029.7618235887085,4135.129317300601
276,P3,3156.324717292305,3295.5419924240573
276,P5,3295.5419924240573,3419.2245822284403
277,P1,3179.49006540865,3246.5477604688126
277,P2,3246.5477604688126,3329.915759248151
277,P3,3329.915759248151,3434.4846635381314
277,P5,3434.4846635381314,3536.2425573510013
277,P6,3536.2425573510013,3649.733851307188
278,P1,3248.537302140638,3333.1337916364437
278,P2,3333.1337916364437,3453.434669758125
278,P3,3453.434669758125,3609.93248756246
278,P5,3609.93248756246,3782.4336337475484
278,P6,3782.4336337475484,3885.81855127078
278,P7,3885.81855127078,3984.3083976308617
279,P1,3267.494626332731,3365.561724072067
279,P2,3365.561724072067,3482.371484452036
279,P3,3482.371484452036,3636.105138166927
279,P5,3636.105138166927,3753.2586559195383
279,P6,3753.2586559195383,3862.8745809671805
279,P7,3862.8745809671805,3950.4295732395663
280,P2,3272.2375937007873,3401.1721162273802
280,P3,3401.1721162273802,3556.404239909603
280,P4,3556.404239909603,3792.3294255946444
280,P6,3792.3294255946444,3923.947848512958
281,P3,3286.8414066732557,3418.7620629129933
281,P5,3418.7620629129933,3516.002694738774
282,P3,3307.046831983516,3563.3199900803966
282,P4,3563.3199900803966,3891.4576922095976
282,P5,3891.4576922095976,4114.167795234514
283,P2,3315.081468886284,3441.1725920660683
283,P3,3441.1725920660683,3599.5340459217246
283,P5,3599.5340459217246,3779.3494906203323
284,P3,3330.4397714906722,3492.0945633350743
284,P5,3492.0945633350743,3635.9553776246726
284,P6,3635.9553776246726,3755.1767014748684
284,P7,3755.1767014748684,3888.5107274879038
285,P1,3349.0071436157814,3484.515904875587
285,P2,3484.515904875587,3627.672690628445
285,P3,3627.672690628445,3834.9546538266377
285,P4,3834.9546538266377,4134.481408133871
285,P7,4134.481408133871,4257.5309058953935
286,P1,3350.026684316645,3479.4996638489633
286,P2,3479.4996638489633,3633.1847755692256
286,P3,3633.1847755692256,3877.185583185049
286,P4,3877.185583185049,4273.268607837248
286,P6,4273.268607837248,4431.372651656742
287,P3,3353.0729031893698,3537.782332413648
287,P5,3537.782332413648,3700.9024394358407
287,P6,3700.9024394358407,3855.997048835618
288,P2,3368.728596460907,3484.7695442147547
288,P3,3484.7695442147547,3638.2519534069747
288,P4,3638.2519534069747,3922.9555935021226
288,P6,3922.9555935021226,4020.711943965618
289,P1,3377.3061663546996,3535.0678314351226
289,P2,3535.0678314351226,3721.1019429655635
289,P3,3721.1019429655635,3890.193187983471
289,P4,3890.193187983471,4172.954266101965
289,P7,4172.954266101965,4294.719412992176
290,P1,3385.3984830814966,3526.7664852686553
290,P2,3526.7664852686553,3662.6751499286547
290,P3,3662.6751499286547,3864.483590002239
290,P5,3864.483590002239,4049.803468777371
290,P6,4049.803468777371,4221.224098800254
290,P7,4221.224098800254,4344.866306655836
291,P3,3407.9380271651685,3549.5733816710444
291,P5,3549.5733816710444,3705.1658670770985
292,P1,3409.126143903303,3481.258329080998
292,P2,3481.258329080998,3592.0960754658017
292,P3,3592.0960754658017,3773.6301764639006
292,P5,3773.6301764639006,3905.846994811827
292,P6,3905.846994811827,4028.270767993727
293,P2,3422.280432392601,3544.6178521700226
293,P3,3544.6178521700226,3699.2502072291218
293,P5,3699.2502072291218,3807.2274886549785
293,P6,3807.2274886549785,3911.4555538231043
293,P7,3911.4555538231043,4007.3540679708485
294,P1,3435.160617034394,3538.9604652308644
294,P2,3538.9604652308644,3683.134020349476
294,P3,3683.134020349476,3821.875153470209
294,P5,3821.875153470209,3957.118099283294
295,P2,3459.2583765456457,3603.3077009207163
295,P3,3603.3077009207163,3737.1208891758815
295,P4,3737.1208891758815,3920.7294246684364
295,P5,3920.7294246684364,4019.817101272454
296,P1,3467.9240357925173,3556.441035391896
296,P2,3556.441035391896,3685.6335447004735
296,P3,3685.6335447004735,3846.8530986522433
296,P4,3846.8530986522433,4136.436377961065
296,P6,4136.436377961065,4260.992691013289
297,P1,3469.9762800818603,3552.779705029928
297,P2,3552.779705029928,3655.885232546847
297,P3,3655.885232546847,3805.0548968237854
297,P4,3805.0548968237854,4118.519849032441
297,P7,4118.519849032441,4237.063426920813
298,P3,3475.7576874239458,3663.143326465813
298,P5,3663.143326465813,3804.2306367295278
298,P6,3804.2306367295278,3942.771481012796
299,P3,3479.600285842835,3615.7351319417544
299,P4,3615.7351319417544,3853.00255156276
299,P5,3853.00255156276,3973.5057692175596
299,P6,3973.5057692175596,4093.258355449372
300,P3,3491.7530836079914,3711.7993819380167
300,P4,3711.7993819380167,4080.8727727574
300,P5,4080.8727727574,4257.4634108380105
300,P6,4257.4634108380105,4414.140997663385
301,P1,3507.793133163947,3614.0062655621737
301,P2,3614.0062655621737,3745.3491786080485
301,P3,3745.3491786080485,3930.834863039764
301,P5,3930.834863039764,4095.936079891383
301,P6,4095.936079891383,4237.364781241454
302,P1,3508.811338402275,3575.5426776999084
302,P2,3575.5426776999084,3665.4857032792484
302,P3,3665.4857032792484,3776.7550513462925
302,P5,3776.7550513462925,3884.572761132809
302,P6,3884.572761132809,3964.515651757056
303,P1,3516.5520110287907,3632.476049430245
303,P2,3632.476049430245,3748.3290510559923
303,P3,3748.3290510559923,3910.6468369796794
303,P4,3910.6468369796794,4229.698664660184
303,P7,4229.698664660184,4357.360694033161
304,P1,3525.0696223220943,3624.790911074491
304,P2,3624.790911074491,3763.9840611774935
304,P3,3763.9840611774935,3910.283681943558
304,P5,3910.283681943558,4053.1679045288097
304,P6,4053.1679045288097,4183.931204311084
304,P7,4183.931204311084,4279.431668328056
305,P1,3531.729211534219,3641.965506222239
305,P2,3641.965506222239,3746.842067223994
305,P3,3746.842067223994,3913.6830751540574
305,P5,3913.6830751540574,4107.103787192718
305,P6,4107.103787192718,4264.963958882345
306,P1,3543.359205671114,3631.60766993098
306,P2,3631.60766993098,3733.9956605697384
306,P3,3733.9956605697384,3842.4815359176264
306,P5,3842.4815359176264,3949.268498609503
306,P6,3949.268498609503,4042.819941218475
307,P2,3552.1974320565214,3671.116390394656
307,P3,3671.116390394656,3830.702951237591
307,P4,3830.702951237591,4070.1351337834417
307,P7,4070.1351337834417,4180.882598431533
308,P1,3568.8897064995567,3662.0897497689957
308,P2,3662.0897497689957,3770.2316958411634
308,P3,3770.2316958411634,3903.311443480658
308,P5,3903.311443480658,4008.5179105558773
308,P6,4008.5179105558773,4119.497921323682
309,P2,3577.0522156653815,3671.73733507282
309,P3,3671.73733507282,3797.2160486242537
309,P4,3797.2160486242537,4000.624136222225
309,P5,4000.624136222225,4096.464734513545
309,P6,4096.464734513545,4189.704992072889
310,P2,3591.1810919838504,3685.410051266631
310,P3,3685.410051266631,3841.971731452527
310,P4,3841.971731452527,4038.7186010781375
310,P7,4038.7186010781375,4149.957657418673
311,P2,3635.0825839140566,3790.8657626325
311,P3,3790.8657626325,3992.0524669430374
311,P4,3992.0524669430374,4265.035481144086
311,P6,4265.035481144086,4396.167950872162
312,P1,3645.858328223062,3722.4818489705463
312,P2,3722.4818489705463,3818.07755533446
312,P3,3818.07755533446,3934.3689219113403
312,P4,3934.3689219113403,4135.925946451843
312,P6,4135.925946451843,4246.190216822897
313,P2,3646.878831362842,3786.2095479843492
313,P3,3786.2095479843492,3957.7256497891626
313,P4,3957.7256497891626,4319.966618721433
313,P6,4319.966618721433,4465.212925314513
314,P3,3648.720295284296,3850.621057246999
314,P5,3850.621057246999,4023.5317417847964
314,P6,4023.5317417847964,4181.073909630084
315,P1,3652.7688944903302,3765.3197909825367
315,P2,3765.3197909825367,3897.0030523774203
315,P3,3897.0030523774203,4101.044307559202
315,P5,4101.044307559202,4273.889580813619
315,P6,4273.889580813619,4414.236117936019
316,P1,3661.3941660598653,3795.0737161573816
316,P2,3795.0737161573816,3908.543352570192
316,P3,3908.543352570192,4038.925097007331
316,P5,4038.925097007331,4173.201134893312
316,P6,4173.201134893312,4307.963277658606
317,P1,3673.539806794282,3729.6945426907205
317,P2,3729.6945426907205,3804.0424369929115
317,P3,3804.0424369929115,3925.7203126244226
317,P4,3925.7203126244226,4081.1112828108003
317,P6,4081.1112828108003,4159.98534601788
318,P1,3685.8973041734794,3808.1006845610377
318,P2,3808.1006845610377,3944.764234888381
318,P3,3944.764234888381,4108.279962855434
318,P4,4108.279962855434,4405.253710603897
318,P5,4405.253710603897,4546.286973891421
318,P6,4546.286973891421,4673.267189529661
319,P2,3707.3082142650724,3850.6600106212263
319,P3,3850.6600106212263,4051.8395161181447
319,P4,4051.8395161181447,4350.728112225917
319,P6,4350.728112225917,4504.208372855445
320,P1,3712.4410997139034,3885.8120429612
320,P2,3885.8120429612,3959.985810549767
320,P3,3959.985810549767,4072.4023993981455
320,P4,4072.4023993981455,4233.172519350657
320,P6,4233.172519350657,4370.629580735708
321,P3,3735.933693905293,3852.451486240069
321,P4,3852.451486240069,4078.107574523991
321,P7,4078.107574523991,4185.562464662437
322,P1,3749.0190251796007,3832.9477917235904
322,P2,3832.9477917235904,3954.501925974969
322,P3,3954.501925974969,4100.096278618247
322,P4,4100.096278618247,4303.046757025479
322,P7,4303.046757025479,4399.0197071613575
323,P1,3779.4314292892514,3854.0799789206253
323,P2,3854.0799789206253,3946.9090368717852
323,P3,3946.9090368717852,4086.557211557828
323,P4,4086.557211557828,4274.7417451729125
323,P6,4274.7417451729125,4375.463149262261
324,P3,3809.3732805788795,4162.692420473809
324,P5,4162.692420473809,4392.307821036205
324,P6,4392.307821036205,4626.021864953445
325,P3,3828.527445017082,4006.7775952917605
325,P4,4006.7775952917605,4367.243756382869
325,P5,4367.243756382869,4529.950790116571
326,P3,3837.0717720121834,3968.55410043762
326,P4,3968.55410043762,4231.525949267138
326,P5,4231.525949267138,4374.460601641848
327,P3,3844.4495485232674,3973.991194746409
327,P4,3973.991194746409,4142.303282173641
327,P7,4142.303282173641,4226.650796364736
328,P3,3895.7031491065304,4038.482984512288
328,P5,4038.482984512288,4173.855667362617
329,P1,3897.1029927003906,4030.7619092270734
329,P2,4030.7619092270734,4311.898695386147
329,P3,4311.898695386147,4587.157875268401
329,P5,4587.157875268401,4793.900574003856
329,P6,4793.900574003856,4970.655383707656
329,P7,4970.655383707656,5161.225437878624
330,P1,3898.9260189763236,4008.269509301892
330,P2,4008.269509301892,4117.930814583114
330,P3,4117.930814583114,4282.360691857803
330,P5,4282.360691857803,4434.792125446211
330,P6,4434.792125446211,4590.789077960771
331,P3,3920.2784905702897,4100.012584732703
331,P5,4100.012584732703,4239.621756630195
332,P3,3933.895557612619,4123.331175912795
332,P4,4123.331175912795,4463.783133106596
332,P6,4463.783133106596,4612.092151897278
333,P1,3957.480730872965,4016.676235113193
333,P2,4016.676235113193,4096.323572411434
333,P3,4096.323572411434,4209.738097053642
333,P4,4209.738097053642,4391.364555829708
333,P7,4391.364555829708,4466.209216915403
334,P2,3962.196368664672,4062.628747060079
334,P3,4062.628747060079,4147.006728511329
334,P4,4147.006728511329,4314.108749314645
334,P5,4314.108749314645,4403.902015424875
335,P2,4003.518335051719,4109.723761543172
335,P3,4109.723761543172,4240.957530893263
335,P4,4240.957530893263,4471.156858019512
335,P5,4471.156858019512,4586.005896674982
335,P6,4586.005896674982,4682.43492322951
336,P3,4004.287859250106,4143.221721343962
336,P5,4143.221721343962,4259.501757097356
337,P1,4004.8323389494253,4116.559835236427
337,P2,4116.559835236427,4229.302891557498
337,P3,4229.302891557498,4406.585873003338
337,P5,4406.585873003338,4534.681348102796
338,P1,4040.8046803246452,4143.625923417701
338,P2,4143.625923417701,4256.842477639109
338,P3,4256.842477639109,4397.19751741265
338,P4,4397.19751741265,4615.412033216682
338,P6,4615.412033216682,4731.666154435813
339,P3,4044.9079578838337,4197.751442771383
339,P5,4197.751442771383,4360.17983909963
339,P6,4360.17983909963,4523.597175583616
340,P1,4049.76648728172,4138.308198565219
340,P2,4138.308198565219,4273.504880895819
340,P3,4273.504880895819,4445.499460433769
340,P4,4445.499460433769,4708.285186971174
340,P5,4708.285186971174,4879.683280863543
341,P3,4051.92804511675,4198.90630951416
341,P5,4198.90630951416,4319.975273361634
342,P1,4078.7558388016428,4199.155129626434
342,P2,4199.155129626434,4331.874478706816
342,P3,4331.874478706816,4520.358453755172
342,P4,4520.358453755172,4800.685847099568
342,P5,4800.685847099568,5018.44493820457
342,P6,5018.44493820457,5187.630475867394
343,P1,4082.6990390289006,4181.636283737688
343,P2,4181.636283737688,4312.647655622033
343,P3,4312.647655622033,4506.693836488542
343,P5,4506.693836488542,4647.270908740903
344,P2,4088.281505242161,4194.954563838552
344,P3,4194.954563838552,4322.358853294504
344,P4,4322.358853294504,4512.173948573713
344,P7,4512.173948573713,4600.2445576612245
345,P1,4097.388601610283,4185.669099349691
345,P2,4185.669099349691,4285.577332186144
345,P3,4285.577332186144,4470.983286694381
345,P4,4470.983286694381,4702.659733068823
345,P5,4702.659733068823,4801.283525142609
345,P6,4801.283525142609,4904.03877642698
346,P2,4099.969185666272,4208.162398880543
346,P3,4208.162398880543,4335.804858626153
346,P4,4335.804858626153,4575.204917158328
346,P7,4575.204917158328,4682.515674772666
347,P2,4124.825667101592,4256.94369904947
347,P3,4256.94369904947,4433.978664461632
347,P4,4433.978664461632,4741.772801484419
347,P5,4741.772801484419,4933.5782001279995
348,P3,4149.440844227449,4275.453076697633
348,P4,4275.453076697633,4446.582121576587
348,P7,4446.582121576587,4545.73707575481
349,P2,4150.4867350258355,4292.105166377625
349,P3,4292.105166377625,4390.806838012513
349,P5,4390.806838012513,4483.421593853835
349,P6,4483.421593853835,4575.654566643256
350,P1,4151.924696595515,4254.088573002104
350,P2,4254.088573002104,4362.145244101737
350,P3,4362.145244101737,4519.273023201287
350,P4,4519.273023201287,4805.620171959915
350,P6,4805.620171959915,4946.780069808545
350,P7,4946.780069808545,5071.262142955927
351,P1,4162.803575589961,4286.802853154461
351,P2,4286.802853154461,4416.598355631237
351,P3,4416.598355631237,4628.578674456281
351,P4,4628.578674456281,4982.951454262471
351,P7,4982.951454262471,5129.589561668333
352,P2,4166.209959873618,4308.825670301218
352,P3,4308.825670301218,4536.036480148744
352,P5,4536.036480148744,4701.297342163708
353,P3,4189.216869217708,4312.374768158373
353,P5,4312.374768158373,4432.188688999262
354,P3,4205.654356529209,4333.998500496049
354,P4,4333.998500496049,4510.96185240416
354,P5,4510.96185240416,4631.7120590048
354,P6,4631.7120590048,4786.122193175468
354,P7,4786.122193175468,4988.769193186959
355,P2,4227.750111840244,4447.837554594135
355,P3,4447.837554594135,4580.378356647916
355,P4,4580.378356647916,4784.771762350273
355,P7,4784.771762350273,4885.814449092073
356,P3,4244.474782119787,4471.577109399425
356,P4,4471.577109399425,4881.33910934918
356,P6,4881.33910934918,5064.6034232960965
357,P2,4244.744873873416,4363.591007866363
357,P3,4363.591007866363,4504.1587985868055
357,P5,4504.1587985868055,4678.249753106702
357,P6,4678.249753106702,4796.183421443372
358,P2,4253.169964954894,4378.3292052048655
358,P3,4378.3292052048655,4542.203646269281
358,P4,4542.203646269281,4834.4294484983575
358,P7,4834.4294484983575,4946.189526956133
359,P1,4262.873225904371,4383.192745384117
359,P2,4383.192745384117,4507.7760803923575
359,P3,4507.7760803923575,4727.642656499119
359,P5,4727.642656499119,4905.66840380613
359,P6,4905.66840380613,5056.804674702293
359,P7,5056.804674702293,5223.440437965882
360,P1,4267.613620960775,4415.759592694627
360,P2,4415.759592694627,4534.416128463164
360,P3,4534.416128463164,4684.162959529496
360,P4,4684.162959529496,4928.261996975625
360,P5,4928.261996975625,5089.750038994791
360,P6,5089.750038994791,5228.0727282920225
361,P2,4275.021233826508,4438.664455578189
361,P3,4438.664455578189,4626.519884336342
361,P4,4626.519884336342,4947.176499742187
361,P5,4947.176499742187,5120.3807769384275
361,P6,5120.3807769384275,5291.375836067646
361,P7,5291.375836067646,5432.080563955069
362,P3,4304.78857611224,4471.090836367269
362,P4,4471.090836367269,4721.62072882664
362,P6,4721.62072882664,4831.63211275641
362,P7,4831.63211275641,4950.481545790601
363,P1,4311.119397813488,4405.201443488701
363,P2,4405.201443488701,4563.094111238869
363,P3,4563.094111238869,4724.883564848273
363,P4,4724.883564848273,5015.860425149743
363,P6,5015.860425149743,5162.65698433843
364,P1,4333.661161645532,4410.559521027767
364,P2,4410.559521027767,4515.039654404359
364,P3,4515.039654404359,4726.517505511128
364,P4,4726.517505511128,4927.7818237232605
364,P6,4927.7818237232605,5047.82981922585
365,P1,4339.333908211938,4446.597525575539
365,P2,4446.597525575539,4564.48195537563
365,P3,4564.48195537563,4740.636746113437
365,P4,4740.636746113437,5003.799930196318
365,P6,5003.799930196318,5152.7203080000045
366,P1,4341.774083729422,4456.3486894816815
366,P2,4456.3486894816815,4639.678385914374
366,P3,4639.678385914374,4837.260592845412
366,P5,4837.260592845412,5013.682909049812
366,P6,5013.682909049812,5159.290163406
366,P7,5159.290163406,5299.1434912455925
367,P1,4347.754436771879,4448.545941148647
367,P2,4448.545941148647,4571.216864095883
367,P3,4571.216864095883,4703.936199732691
367,P4,4703.936199732691,4955.115671370607
367,P6,4955.115671370607,5090.370384706497
368,P1,4349.830590484395,4457.594297812181
368,P2,4457.594297812181,4645.375730206369
368,P3,4645.375730206369,4822.792230719284
368,P5,4822.792230719284,5169.4588408053005
369,P1,4355.716048386165,4437.99291990019
369,P2,4437.99291990019,4545.449499560927
369,P3,4545.449499560927,4676.865790218053
369,P5,4676.865790218053,4792.576234984846
370,P2,4376.881412101616,4482.725756504856
370,P3,4482.725756504856,4608.972912793773
370,P5,4608.972912793773,4709.1828996717795
371,P3,4384.317981254873,4587.314078490375
371,P4,4587.314078490375,4895.8461498106735
371,P5,4895.8461498106735,5048.700326014682
371,P6,5048.700326014682,5180.117713379769
371,P7,5180.117713379769,5283.468034057506
372,P1,4387.746294155971,4487.104807558814
372,P2,4487.104807558814,4625.275147268573
372,P3,4625.275147268573,4756.582997104463
372,P4,4756.582997104463,5074.68782653213
372,P5,5074.68782653213,5203.094202306295
372,P6,5203.094202306295,5334.336166135531
373,P1,4405.775387769396,4516.189240343004
373,P2,4516.189240343004,4629.226623753472
373,P3,4629.226623753472,4821.134933206011
373,P4,4821.134933206011,5165.889939329711
373,P6,5165.889939329711,5295.690826091645
373,P7,5295.690826091645,5423.354093486769
374,P1,4428.50504285932,4509.0516706122935
374,P2,4509.0516706122935,4643.862039251242
374,P3,4643.862039251242,4777.503833329423
374,P4,4777.503833329423,5023.758370765029
374,P7,5023.758370765029,5118.772674921471
375,P3,4468.660889761365,4621.87197755515
375,P4,4621.87197755515,4919.920820747208
375,P7,4919.920820747208,5071.88549563619
376,P2,4468.819304506672,4572.043285855688
376,P3,4572.043285855688,4730.553993724085
376,P4,4730.553993724085,4926.637148150801
376,P6,4926.637148150801,5054.846443825093
377,P1,4477.845742859034,4581.563956569087
377,P2,4581.563956569087,4745.812025715179
377,P3,4745.812025715179,4940.901797052421
377,P4,4940.901797052421,5220.196799476907
377,P6,5220.196799476907,5363.565084739648
378,P3,4498.079635901391,4633.925437723707
378,P4,4633.925437723707,4828.643872962936
378,P6,4828.643872962936,4926.557775462575
378,P7,4926.557775462575,5028.699879867332
379,P2,4501.007266011608,4601.333809871856
379,P3,4601.333809871856,4755.133028490452
379,P4,4755.133028490452,5042.888986825017
379,P7,5042.888986825017,5156.348661029981
380,P1,4520.064525148645,4647.708252787722
380,P2,4647.708252787722,4819.029592235199
380,P3,4819.029592235199,4982.3819464595845
380,P5,4982.3819464595845,5167.720065033514
380,P6,5167.720065033514,5293.874624436775
381,P2,4527.935714941385,4646.634941826063
381,P3,4646.634941826063,4806.392365101954
381,P4,4806.392365101954,5013.436595793193
381,P5,5013.436595793193,5206.267581565073
381,P6,5206.267581565073,5353.374349849154
381,P7,5353.374349849154,5448.741996924128
382,P1,4528.089961116498,4587.068369672412
382,P2,4587.068369672412,4658.981104280714
382,P3,4658.981104280714,4766.789632365916
382,P5,4766.789632365916,4860.734899783307
382,P6,4860.734899783307,4947.565484515046
383,P2,4549.378346363419,4642.058815522855
383,P3,4642.058815522855,4755.785693636287
383,P5,4755.785693636287,4860.212011398895
383,P6,4860.212011398895,4972.783165434735
384,P3,4553.483786266221,4761.970546550777
384,P4,4761.970546550777,5146.03381897458
384,P6,5146.03381897458,5299.946168761199
385,P3,4565.389122968226,4743.581961928274
385,P4,4743.581961928274,4972.673647870251
385,P5,4972.673647870251,5104.203059467827
385,P6,5104.203059467827,5234.966627763707
386,P3,4566.800056647101,4730.378600310173
386,P5,4730.378600310173,4884.61932640907
386,P6,4884.61932640907,5006.402226535408
387,P2,4567.0056642716945,4703.909416346396
387,P3,4703.909416346396,4893.756194922227
387,P4,4893.756194922227,5248.942588100792
387,P6,5248.942588100792,5392.279507794995
387,P7,5392.279507794995,5545.734576366424
388,P1,4573.953134835288,4652.639942259742
388,P2,4652.639942259742,4760.577464255279
388,P3,4760.577464255279,4900.771637894464
388,P4,4900.771637894464,5132.440365899021
388,P6,5132.440365899021,5239.669158821515
389,P3,4579.0717961095115,4705.932003741169
389,P4,4705.932003741169,4896.7164717707465
389,P5,4896.7164717707465,5009.127319425915
390,P1,4583.899981857892,4684.685497657156
390,P2,4684.685497657156,4794.066914787391
390,P3,4794.066914787391,4942.941962699426
390,P5,4942.941962699426,5069.929223734109
390,P6,5069.929223734109,5222.507644261438
390,P7,5222.507644261438,5328.189672527887
391,P1,4584.947296729819,4679.003732673075
391,P2,4679.003732673075,4780.4181304541125
391,P3,4780.4181304541125,4946.257459159193
391,P4,4946.257459159193,5184.439359913494
391,P7,5184.439359913494,5318.45134244653
392,P2,4595.507835835191,4749.629815614935
392,P3,4749.629815614935,4929.934274338502
392,P5,4929.934274338502,5093.826754713759
392,P6,5093.826754713759,5251.884991964749
393,P3,4595.8535223562085,4752.782100793801
393,P4,4752.782100793801,4988.0303727999035
393,P7,4988.0303727999035,5099.206623374833
394,P1,4615.072728163433,4696.049668235892
394,P2,4696.049668235892,4829.3630045417585
394,P3,4829.3630045417585,4971.141785048745
394,P5,4971.141785048745,5098.426135158068
395,P1,4630.075077345577,4756.386045016948
395,P2,4756.386045016948,4923.957659476276
395,P3,4923.957659476276,5124.845346990674
395,P5,5124.845346990674,5343.488811483977
396,P2,4630.257824268953,4749.832857799815
396,P3,4749.832857799815,4891.752097038627
396,P4,4891.752097038627,5083.96572352502
396,P7,5083.96572352502,5222.241062096054
397,P2,4639.905703050311,4784.572120187283
397,P3,4784.572120187283,4955.965038662844
397,P4,4955.965038662844,5313.936945824291
397,P5,5313.936945824291,5453.438256502088
397,P6,5453.438256502088,5581.798265873108
398,P1,4643.86234993531,4728.969236038349
398,P2,4728.969236038349,4849.075878955654
398,P3,4849.075878955654,5004.797064696215
398,P4,5004.797064696215,5257.187910299461
398,P5,5257.187910299461,5386.978696625972
398,P6,5386.978696625972,5523.377133867511
399,P2,4643.889799228779,4775.657185685715
399,P3,4775.657185685715,4950.888846779847
399,P4,4950.888846779847,5235.9104544278225
399,P6,5235.9104544278225,5346.142124530039
400,P2,4684.935319440149,4781.100496420458
400,P3,4781.100496420458,4906.807342894607
400,P4,4906.807342894607,5105.165083772238
400,P5,5105.165083772238,5219.738515963413
401,P3,4691.885157189388,4832.5045532528375
401,P4,4832.5045532528375,5049.520772015712
401,P7,5049.520772015712,5137.37415898585
402,P3,4702.27453447363,4808.509531666072
402,P4,4808.509531666072,4990.968726934848
402,P6,4990.968726934848,5086.006638227994
403,P3,4715.9361275406545,4873.121517221507
403,P5,4873.121517221507,5010.55794126112
403,P6,5010.55794126112,5154.625849550083
404,P1,4728.401352067519,4824.104527694331
404,P2,4824.104527694331,4947.848360633744
404,P3,4947.848360633744,5102.281640213253
404,P4,5102.281640213253,5381.59030933446
404,P7,5381.59030933446,5498.539316107492
405,P1,4750.001457592109,4859.31190392274
405,P2,4859.31190392274,5008.894598513201
405,P3,5008.894598513201,5217.687416594078
405,P4,5217.687416594078,5536.817746784434
405,P5,5536.817746784434,5687.033462420302
405,P6,5687.033462420302,5870.818016325388
406,P1,4762.59468559008,4826.973494970068
406,P2,4826.973494970068,4925.981010874258
406,P3,4925.981010874258,5090.785129188202
406,P4,5090.785129188202,5306.798736688243
406,P5,5306.798736688243,5426.903671983233
406,P6,5426.903671983233,5541.613634399113
407,P1,4774.593561732751,4848.047119300634
407,P2,4848.047119300634,4942.307482952256
407,P3,4942.307482952256,5078.70417821815
407,P4,5078.70417821815,5297.76227476307
407,P7,5297.76227476307,5397.472442588114
408,P1,4796.555918553185,4877.938046243507
408,P2,4877.938046243507,4968.26799902465
408,P3,4968.26799902465,5149.307059256285
408,P4,5149.307059256285,5380.779199418583
408,P5,5380.779199418583,5507.239441916052
408,P6,5507.239441916052,5610.633377451519
409,P1,4804.38371992663,4897.015263094172
409,P2,4897.015263094172,5025.740238034991
409,P3,5025.740238034991,5199.181828795728
409,P5,5199.181828795728,5340.6629167602
410,P2,4811.202244206081,4945.267284736894
410,P3,4945.267284736894,5129.755337029801
410,P4,5129.755337029801,5399.963056024562
410,P7,5399.963056024562,5508.896540626787
411,P1,4811.47258322226,4938.547914964614
411,P2,4938.547914964614,5112.441384059294
411,P3,5112.441384059294,5326.444874874027
411,P4,5326.444874874027,5749.397293536294
411,P7,5749.397293536294,5905.630497342995
412,P1,4840.271546822982,4923.5741150812
412,P2,4923.5741150812,5040.185320156208
412,P3,5040.185320156208,5210.489272138467
412,P4,5210.489272138467,5487.60899750541
412,P7,5487.60899750541,5634.412321608972
413,P1,4873.7733594814945,4977.026808656575
413,P2,4977.026808656575,5058.452530574496
413,P3,5058.452530574496,5167.671400839962
413,P4,5167.671400839962,5395.424735173248
413,P6,5395.424735173248,5472.660251799484
413,P7,5472.660251799484,5563.086950500713
414,P3,4879.521152778311,5007.589919144556
414,P4,5007.589919144556,5181.490911777769
414,P6,5181.490911777769,5287.7823425431125
415,P3,4886.238898606478,5006.717379023231
415,P4,5006.717379023231,5215.238006145104
415,P5,5215.238006145104,5314.775870751374
415,P6,5314.775870751374,5427.5813677158985
416,P2,4888.479660608199,4999.452041882531
416,P3,4999.452041882531,5125.710261501869
416,P4,5125.710261501869,5333.267054577099
416,P5,5333.267054577099,5448.67125650563
416,P6,5448.67125650563,5577.445819632407
417,P3,4904.507456517949,5093.645199345182
417,P4,5093.645199345182,5392.89551307976
417,P5,5392.89551307976,5608.845271959493
418,P2,4915.973770296878,5013.921380544487
418,P3,5013.921380544487,5204.278548043789
418,P4,5204.278548043789,5414.234563455132
418,P5,5414.234563455132,5523.619886138959
419,P2,4923.747915057509,5054.054294924334
419,P3,5054.054294924334,5219.310992997677
419,P4,5219.310992997677,5499.500940592803
419,P7,5499.500940592803,5600.9948647864685
420,P2,4930.019039520779,5046.735553052759
420,P3,5046.735553052759,5207.896617259283
420,P4,5207.896617259283,5436.663642970795
420,P7,5436.663642970795,5519.012656976298
421,P3,4930.612946073053,5077.392406689075
421,P4,5077.392406689075,5323.086264660912
421,P7,5323.086264660912,5405.608104827638
422,P3,4935.076455671365,5056.241660214678
422,P4,5056.241660214678,5250.9304314092815
422,P7,5250.9304314092815,5333.468633000841
423,P3,4943.4114582562715,5161.5196915187535
423,P4,5161.5196915187535,5494.1227677989555
423,P6,5494.1227677989555,5664.673596853211
424,P1,4989.292637863406,5092.697329071427
424,P2,5092.697329071427,5238.232940573288
424,P3,5238.232940573288,5406.138712954977
424,P5,5406.138712954977,5545.209749384618
424,P6,5545.209749384618,5670.070407946343
425,P1,4989.497202907903,5085.050133963732
425,P2,5085.050133963732,5240.915664364215
425,P3,5240.915664364215,5386.280524675641
425,P4,5386.280524675641,5640.52901734791
425,P6,5640.52901734791,5774.192986279844
426,P2,4994.925185301654,5134.919670024191
426,P3,5134.919670024191,5315.184418715008
426,P4,5315.184418715008,5596.932011925463
426,P6,5596.932011925463,5748.350839604706
427,P1,5011.652497097006,5114.754511516268
427,P2,5114.754511516268,5231.122987517569
427,P3,5231.122987517569,5369.037008721596
427,P4,5369.037008721596,5604.126292022741
427,P7,5604.126292022741,5703.019455023876
428,P3,5088.0628089859365,5218.997145895196
428,P5,5218.997145895196,5393.331364226584
429,P1,5105.173941070105,5211.791913050796
429,P2,5211.791913050796,5333.126376400499
429,P3,5333.126376400499,5500.16504359775
429,P4,5500.16504359775,5833.05500990974
429,P5,5833.05500990974,6004.761584856623
430,P1,5193.465616083661,5299.50661394501
430,P2,5299.50661394501,5434.503544022574
430,P3,5434.503544022574,5575.427606583272
430,P4,5575.427606583272,5842.7517908492255
430,P6,5842.7517908492255,5977.841680602418
431,P3,5206.11953240447,5315.839043181425
431,P4,5315.839043181425,5516.8269549182
431,P5,5516.8269549182,5619.513351294691
431,P6,5619.513351294691,5711.3560826752255
431,P7,5711.3560826752255,5795.116608346178
432,P3,5210.1015919688225,5396.927963779835
432,P4,5396.927963779835,5660.307990760982
432,P5,5660.307990760982,5841.002342966205
433,P3,5244.365055917578,5391.612052911766
433,P5,5391.612052911766,5532.306950637226
434,P1,5254.838799526836,5333.043241762662
434,P2,5333.043241762662,5431.330688300367
434,P3,5431.330688300367,5568.86421667596
434,P4,5568.86421667596,5770.463400287628
434,P6,5770.463400287628,5888.426193576073
435,P1,5261.449870067522,5390.832365218311
435,P2,5390.832365218311,5595.604631116889
435,P3,5595.604631116889,5848.090121886321
435,P5,5848.090121886321,6062.712085919427
436,P1,5275.231035214123,5349.309252001974
436,P2,5349.309252001974,5438.985086805025
436,P3,5438.985086805025,5585.207164432997
436,P5,5585.207164432997,5731.734672049259
436,P6,5731.734672049259,5837.74728404421
437,P3,5276.0512774979625,5463.711542092632
437,P4,5463.711542092632,5818.169867453979
437,P6,5818.169867453979,5951.404120376435
438,P1,5279.160743029618,5359.425471641294
438,P2,5359.425471641294,5517.477577812291
438,P3,5517.477577812291,5666.984482280386
438,P4,5666.984482280386,5973.864057047082
438,P7,5973.864057047082,6074.925293872615
439,P3,5292.170065657843,5451.735244989423
439,P5,5451.735244989423,5591.532965433123
440,P1,5297.822499194173,5403.928166552185
440,P2,5403.928166552185,5548.2023270168365
440,P3,5548.2023270168365,5736.176872479516
440,P4,5736.176872479516,6041.717169826977
440,P6,6041.717169826977,6196.21851108794
441,P1,5334.619766902112,5444.71740092081
441,P2,5444.71740092081,5553.570235904943
441,P3,5553.570235904943,5703.372652831732
441,P5,5703.372652831732,5854.772358079427
441,P6,5854.772358079427,5987.9738562004595
442,P1,5339.49154894917,5427.104191146716
442,P2,5427.104191146716,5560.81932255049
442,P3,5560.81932255049,5706.295103972863
442,P5,5706.295103972863,5830.626640772163
442,P6,5830.626640772163,5944.498557868375
443,P3,5341.280887619118,5460.314107856469
443,P4,5460.314107856469,5678.688832390955
443,P5,5678.688832390955,5799.904023129386
443,P6,5799.904023129386,5889.846509386666
444,P3,5346.0379740711915,5495.087758019779
444,P4,5495.087758019779,5738.641711088509
444,P7,5738.641711088509,5911.742868716596
445,P3,5360.5666539582935,5487.2660432489165
445,P4,5487.2660432489165,5773.423283589868
445,P5,5773.423283589868,5860.204540925712
445,P6,5860.204540925712,5962.184702722322
445,P7,5962.184702722322,6057.549894319038
446,P1,5366.913714816972,5470.254373635712
446,P2,5470.254373635712,5618.791757864974
446,P3,5618.791757864974,5770.460976126603
446,P4,5770.460976126603,6033.691198681621
446,P7,6033.691198681621,6154.186288302984
447,P1,5380.043593817831,5504.316670775161
447,P2,5504.316670775161,5643.887525524538
447,P3,5643.887525524538,5804.478164550205
447,P4,5804.478164550205,6077.864167791004
447,P7,6077.864167791004,6173.494827801034
448,P1,5380.671295781425,5458.306360514071
448,P2,5458.306360514071,5560.492214203444
448,P3,5560.492214203444,5748.492555031128
448,P4,5748.492555031128,5938.956403440501
448,P5,5938.956403440501,6054.712485527312
448,P6,6054.712485527312,6158.305418471591
449,P3,5388.250225063431,5486.1673031269365
449,P5,5486.1673031269365,5592.034352295681
449,P6,5592.034352295681,5672.765289414036
450,P1,5419.576418123897,5502.249089826843
450,P2,5502.249089826843,5603.965497164728
450,P3,5603.965497164728,5748.116656284386
450,P4,5748.116656284386,5943.762489215413
450,P6,5943.762489215413,6039.159660798873
450,P7,6039.159660798873,6131.471672050284
451,P1,5430.883397121803,5529.398446649332
451,P2,5529.398446649332,5732.246758252363
451,P3,5732.246758252363,5872.168283936732
451,P5,5872.168283936732,6004.699751970242
451,P6,6004.699751970242,6131.7781550801665
451,P7,6131.7781550801665,6240.990532551828
452,P1,5431.766153515256,5518.747526536569
452,P2,5518.747526536569,5624.647655524185
452,P3,5624.647655524185,5760.985831133746
452,P5,5760.985831133746,5885.448152961233
452,P6,5885.448152961233,5991.260254899913
453,P3,5458.358808537195,5620.517621261733
453,P4,5620.517621261733,5881.574438835158
453,P6,5881.574438835158,5991.833361148703
453,P7,5991.833361148703,6111.686999885213
454,P3,5464.282748067777,5619.135826418822
454,P5,5619.135826418822,5706.935442601894
454,P6,5706.935442601894,5792.446156484613
455,P1,5486.7056557893475,5571.925388754367
455,P2,5571.925388754367,5649.585871623191
455,P3,5649.585871623191,5742.454211109857
455,P4,5742.454211109857,5869.498553521528
455,P5,5869.498553521528,5957.5379165052045
455,P6,5957.5379165052045,6024.939011108756
456,P1,5519.805447994701,5634.1990069151325
456,P2,5634.1990069151325,5791.365288510534
456,P3,5791.365288510534,5957.787084855008
456,P4,5957.787084855008,6220.525527225929
456,P7,6220.525527225929,6347.67370417159
457,P3,5536.863043054965,5650.673545520701
457,P4,5650.673545520701,5827.89683534371
457,P6,5827.89683534371,5928.422310969736
457,P7,5928.422310969736,5999.218671144056
458,P1,5545.28874384509,5628.340442884015
458,P2,5628.340442884015,5712.638106579101
458,P3,5712.638106579101,5846.340973877228
458,P4,5846.340973877228,6001.37112290037
458,P6,6001.37112290037,6094.915285780059
459,P1,5579.688658034513,5674.31719166536
459,P2,5674.31719166536,5790.866917893681
459,P3,5790.866917893681,5940.6779069118165
459,P4,5940.6779069118165,6236.897545439614
459,P5,6236.897545439614,6392.87948857691
459,P6,6392.87948857691,6524.818034420458
459,P7,6524.818034420458,6665.995338803976
460,P3,5584.920410356556,5710.91022495212
460,P4,5710.91022495212,5896.990363740623
460,P7,5896.990363740623,5977.191334040576
461,P1,5616.901298254021,5719.668262646078
461,P2,5719.668262646078,5832.295269091013
461,P3,5832.295269091013,6085.99630389757
461,P4,6085.99630389757,6312.567834198171
461,P7,6312.567834198171,6432.305866786166
462,P3,5650.114938073833,5845.981683765583
462,P5,5845.981683765583,6024.3974349296805
462,P6,6024.3974349296805,6158.068173827422
463,P2,5653.0471081236465,5758.517217904074
463,P3,5758.517217904074,5908.069611466516
463,P4,5908.069611466516,6135.9016026307545
463,P7,6135.9016026307545,6220.919845196683
464,P2,5658.021744437865,5739.687943123474
464,P3,5739.687943123474,5877.499523790214
464,P5,5877.499523790214,5985.707656873324
465,P2,5658.154438611359,5822.12706902771
465,P3,5822.12706902771,6017.727288215192
465,P4,6017.727288215192,6306.92444430332
465,P5,6306.92444430332,6463.2147289914365
465,P6,6463.2147289914365,6605.194421303564
466,P1,5668.278578381207,5736.063221190415
466,P2,5736.063221190415,5828.078892896678
466,P3,5828.078892896678,5962.734850288061
466,P4,5962.734850288061,6178.954019643936
466,P6,6178.954019643936,6278.238236734796
466,P7,6278.238236734796,6383.332208206026
467,P1,5675.1405493409075,5779.45869181227
467,P2,5779.45869181227,5926.155656719069
467,P3,5926.155656719069,6089.4840821637135
467,P4,6089.4840821637135,6332.355488257238
467,P5,6332.355488257238,6473.8746344450865
468,P1,5675.411191364604,5760.008754263444
468,P2,5760.008754263444,5871.741351901026
468,P3,5871.741351901026,6031.156367212044
468,P5,6031.156367212044,6170.267665052022
468,P6,6170.267665052022,6280.597278627818
469,P2,5680.533858318064,5810.668840461975
469,P3,5810.668840461975,5967.30219305977
469,P5,5967.30219305977,6112.550917015737
469,P6,6112.550917015737,6257.1792660297615
469,P7,6257.1792660297615,6384.6528848519565
470,P1,5682.670389361185,5752.039102178226
470,P2,5752.039102178226,5838.431031379023
470,P3,5838.431031379023,5942.809278695078
470,P5,5942.809278695078,6037.724996828582
470,P6,6037.724996828582,6131.58368525061
471,P3,5688.104256584013,5846.851791106422
471,P5,5846.851791106422,6001.899887663902
471,P6,6001.899887663902,6133.553863454392
472,P1,5704.797600853184,5826.361899435751
472,P2,5826.361899435751,5969.030294838567
472,P3,5969.030294838567,6174.000197344788
472,P4,6174.000197344788,6458.0011184386285
472,P7,6458.0011184386285,6592.853847324726
473,P1,5715.93697556881,5817.407136732434
473,P2,5817.407136732434,5922.307746589568
473,P3,5922.307746589568,6078.18624538808
473,P5,6078.18624538808,6213.827066426929
473,P6,6213.827066426929,6362.881082469695
474,P1,5725.125991079145,5847.627719142032
474,P2,5847.627719142032,5999.831431376548
474,P3,5999.831431376548,6218.509649234062
474,P4,6218.509649234062,6568.493422315568
474,P6,6568.493422315568,6750.167037811362
475,P1,5738.495378028659,5847.774835879115
475,P2,5847.774835879115,5989.891216264751
475,P3,5989.891216264751,6157.71170724158
475,P4,6157.71170724158,6514.419181170854
475,P6,6514.419181170854,6671.952585260761
476,P1,5739.156096502185,5851.348877872535
476,P2,5851.348877872535,5975.92310400671
476,P3,5975.92310400671,6139.873893427634
476,P4,6139.873893427634,6450.762134714727
476,P7,6450.762134714727,6560.875624626111
477,P1,5755.336346356371,5837.320772212568
477,P2,5837.320772212568,5930.890618488994
477,P3,5930.890618488994,6079.865788146969
477,P5,6079.865788146969,6199.246198652145
477,P6,6199.246198652145,6318.50716581215
477,P7,6318.50716581215,6473.329776189252
478,P1,5760.884824340477,5852.344262344445
478,P2,5852.344262344445,5993.993336154803
478,P3,5993.993336154803,6175.181333903378
478,P4,6175.181333903378,6464.477790177201
478,P6,6464.477790177201,6628.488755990897
479,P2,5766.497931532008,5865.843367536787
479,P3,5865.843367536787,5976.477379710948
479,P5,5976.477379710948,6068.1988241426
479,P6,6068.1988241426,6173.058281712822
480,P3,5779.520028768786,5890.231551033807
480,P5,5890.231551033807,6041.199670997248
481,P2,5805.218939314779,5926.674964243109
481,P3,5926.674964243109,6138.172612816873
481,P5,6138.172612816873,6282.773083152894
481,P6,6282.773083152894,6418.279430614324
482,P1,5818.09522666703,5912.736868064661
482,P2,5912.736868064661,6031.758295530037
482,P3,6031.758295530037,6221.891498931997
482,P5,6221.891498931997,6355.756784580411
483,P1,5829.911487742087,5961.538365362501
483,P2,5961.538365362501,6160.884009723467
483,P3,6160.884009723467,6395.790766003844
483,P4,6395.790766003844,6689.826185218741
483,P5,6689.826185218741,6863.070539976559
483,P6,6863.070539976559,7021.930603433787
484,P2,5851.970804737016,5982.219928379834
484,P3,5982.219928379834,6147.636664431601
484,P5,6147.636664431601,6312.947231785149
484,P6,6312.947231785149,6446.297334367121
485,P3,5874.364096290464,6044.460555995676
485,P4,6044.460555995676,6331.932778339552
485,P6,6331.932778339552,6461.841749126799
486,P2,5874.6445971921385,5988.807331887253
486,P3,5988.807331887253,6149.646173290661
486,P4,6149.646173290661,6480.202311823781
486,P7,6480.202311823781,6602.9898681575005
487,P2,5877.456022526588,6022.132572500126
487,P3,6022.132572500126,6225.786921991321
487,P5,6225.786921991321,6429.083774469638
487,P6,6429.083774469638,6640.296910434345
488,P2,5882.81246963476,5976.201679025256
488,P3,5976.201679025256,6124.440838736707
488,P5,6124.440838736707,6267.100531907016
488,P6,6267.100531907016,6383.673537411536
489,P1,5886.476775773239,5959.496005747388
489,P2,5959.496005747388,6054.628053704119
489,P3,6054.628053704119,6177.769451846612
489,P4,6177.769451846612,6371.039260339551
489,P6,6371.039260339551,6481.58937708606
490,P1,5891.615677797079,5976.7189464387275
490,P2,5976.7189464387275,6102.722217078156
490,P3,6102.722217078156,6242.861300513883
490,P4,6242.861300513883,6519.845569016731
490,P7,6519.845569016731,6761.677691765164
491,P1,5903.746390440622,6015.4406611760405
491,P2,6015.4406611760405,6152.0312801596565
491,P3,6152.0312801596565,6337.811957002639
491,P4,6337.811957002639,6736.382467980544
491,P7,6736.382467980544,6892.807104822883
492,P1,5926.694431594462,6009.111770775604
492,P2,6009.111770775604,6137.916663734361
492,P3,6137.916663734361,6293.091828230441
492,P5,6293.091828230441,6447.316083988309
493,P1,5930.076910832211,6025.830207945355
493,P2,6025.830207945355,6136.063340718273
493,P3,6136.063340718273,6306.9224091820415
493,P4,6306.9224091820415,6593.563301864187
493,P7,6593.563301864187,6680.466130365678
494,P1,5941.0305975409965,6020.162083403999
494,P2,6020.162083403999,6116.823029664383
494,P3,6116.823029664383,6259.084298360178
494,P5,6259.084298360178,6384.629083506951
495,P3,5955.378210863565,6088.313442186853
495,P4,6088.313442186853,6334.496847692642
495,P5,6334.496847692642,6444.899754460156
496,P1,5961.975750565004,6063.358229812109
496,P2,6063.358229812109,6210.605623422607
496,P3,6210.605623422607,6373.558121616219
496,P4,6373.558121616219,6655.77236574225
496,P7,6655.77236574225,6791.766370550885
497,P1,5987.626591256779,6054.330163100627
497,P2,6054.330163100627,6149.420701251108
497,P3,6149.420701251108,6269.674073824647
497,P5,6269.674073824647,6374.442183770873
498,P1,5994.178930125969,6085.726156817538
498,P2,6085.726156817538,6202.388162190876
498,P3,6202.388162190876,6352.18516665557
498,P5,6352.18516665557,6483.4096750288745
498,P6,6483.4096750288745,6620.071814219219
499,P1,5999.17871619573,6075.788796757768
499,P2,6075.788796757768,6175.467599843204
499,P3,6175.467599843204,6318.586725330577
499,P4,6318.586725330577,6563.66351946737
499,P7,6563.66351946737,6642.551296863836
500,P2,5999.990371774274,6152.620470431766
500,P3,6152.620470431766,6316.34138745969
500,P4,6316.34138745969,6638.019433155731
500,P7,6638.019433155731,6807.72105336124
501,P1,6003.206907766345,6143.941735365405
501,P2,6143.941735365405,6284.261155473596
501,P3,6284.261155473596,6471.557603744101
501,P4,6471.557603744101,6763.800756494194
501,P6,6763.800756494194,6880.177921011909
501,P7,6880.177921011909,7018.730282318694
502,P2,6024.96063585879,6148.3038479234465
502,P3,6148.3038479234465,6372.841755455551
502,P5,6372.841755455551,6523.975509344594
503,P2,6027.959531381464,6171.905002058898
503,P3,6171.905002058898,6338.517780799937
503,P4,6338.517780799937,6566.836182988371
503,P5,6566.836182988371,6712.889743775556
503,P6,6712.889743775556,6822.044425809553
503,P7,6822.044425809553,6917.021805372267
504,P3,6035.246198154775,6184.622279049462
504,P4,6184.622279049462,6403.424723079499
504,P6,6403.424723079499,6529.45164331397
505,P1,6037.522385771594,6120.437802811449
505,P2,6120.437802811449,6231.448270862454
505,P3,6231.448270862454,6362.605668599276
505,P5,6362.605668599276,6545.666225649385
506,P2,6037.934226160467,6141.925455329219
506,P3,6141.925455329219,6280.182674102741
506,P5,6280.182674102741,6397.688729217234
507,P2,6053.497509675991,6207.18371578909
507,P3,6207.18371578909,6399.6542257965775
507,P4,6399.6542257965775,6668.965019434825
507,P5,6668.965019434825,6829.438078154551
508,P3,6088.324788673826,6229.425513599583
508,P4,6229.425513599583,6434.726349540183
508,P6,6434.726349540183,6556.47046592872
509,P1,6098.333683387014,6180.944892086231
509,P2,6180.944892086231,6274.547829517716
509,P3,6274.547829517716,6405.270989497272
509,P4,6405.270989497272,6602.772848860097
509,P5,6602.772848860097,6727.224718957386
510,P1,6116.787717342565,6186.933514247721
510,P2,6186.933514247721,6261.520529371636
510,P3,6261.520529371636,6374.454133857642
510,P4,6374.454133857642,6577.618162386756
510,P7,6577.618162386756,6646.051598383836
511,P3,6132.702043778542,6286.649349018982
511,P5,6286.649349018982,6446.575660556626
511,P6,6446.575660556626,6572.646027077051
512,P1,6161.806277011439,6222.197157463367
512,P2,6222.197157463367,6319.569441946553
512,P3,6319.569441946553,6443.892293390667
512,P4,6443.892293390667,6638.01063089256
512,P6,6638.01063089256,6730.9682808482185
513,P2,6211.109090108875,6311.428093063503
513,P3,6311.428093063503,6452.701310178056
513,P5,6452.701310178056,6582.3549899911595
514,P3,6212.422010590418,6432.039502914208
514,P4,6432.039502914208,6762.8219500679525
514,P7,6762.8219500679525,6911.916533358211
515,P1,6222.139772761493,6312.4992885428
515,P2,6312.4992885428,6411.781735318759
515,P3,6411.781735318759,6533.799472453051
515,P4,6533.799472453051,6766.145198734138
515,P7,6766.145198734138,6870.268026106216
516,P1,6234.8038972958475,6304.744151838419
516,P2,6304.744151838419,6384.9009769768445
516,P3,6384.9009769768445,6545.718040263569
516,P4,6545.718040263569,6742.496270869711
516,P5,6742.496270869711,6854.771194530564
516,P6,6854.771194530564,6947.78471503512
517,P3,6246.417993445339,6392.92978745331
517,P4,6392.92978745331,6668.828674453591
517,P5,6668.828674453591,6797.0843926818
518,P1,6257.708419646741,6343.654778156313
518,P2,6343.654778156313,6508.350007572481
518,P3,6508.350007572481,6670.708837922663
518,P4,6670.708837922663,6877.9268039900735
518,P6,6877.9268039900735,6994.937488238976
519,P3,6265.397664043747,6411.863663828682
519,P4,6411.863663828682,6700.648802289485
519,P7,6700.648802289485,6821.563970414606
520,P3,6282.959899597389,6586.134024382411
520,P4,6586.134024382411,6956.893233089894
520,P5,6956.893233089894,7155.879839506095
521,P3,6288.730404946018,6398.312723999819
521,P4,6398.312723999819,6613.355176633776
521,P6,6613.355176633776,6685.650763862956
522,P1,6294.987631761563,6405.24588617864
522,P2,6405.24588617864,6550.964683617853
522,P3,6550.964683617853,6754.911971258187
522,P4,6754.911971258187,7056.487220215763
522,P5,7056.487220215763,7256.064763628864
522,P6,7256.064763628864,7409.29803076343
523,P1,6305.818135662047,6378.955596039488
523,P2,6378.955596039488,6466.8653608340155
523,P3,6466.8653608340155,6576.876232203499
523,P5,6576.876232203499,6683.026258895747
523,P6,6683.026258895747,6773.81716651641
524,P3,6307.050282053366,6427.6850467331515
524,P4,6427.6850467331515,6799.240884951751
524,P7,6799.240884951751,6892.085703145626
525,P2,6312.762123612378,6394.875409061039
525,P3,6394.875409061039,6512.87500065361
525,P4,6512.87500065361,6723.160489005159
525,P5,6723.160489005159,6819.733712544489
525,P6,6819.733712544489,6903.67262994201
526,P3,6319.849532429554,6478.713791224854
526,P5,6478.713791224854,6625.770626678436
527,P3,6320.325028392673,6504.199795421002
527,P4,6504.199795421002,6701.914987786733
527,P7,6701.914987786733,6806.0937203711455
528,P1,6336.721558563155,6427.703509250939
528,P2,6427.703509250939,6552.801593567216
528,P3,6552.801593567216,6689.0293365318
528,P5,6689.0293365318,6832.972047208561
529,P3,6337.277273194108,6458.4060669574965
529,P5,6458.4060669574965,6556.59694691559
529,P6,6556.59694691559,6665.597963675345
529,P7,6665.597963675345,6753.084776082174
530,P3,6369.323429777662,6557.669880310301
530,P5,6557.669880310301,6721.436771700482
530,P6,6721.436771700482,6838.795784093022
531,P1,6385.164463113569,6489.816074598315
531,P2,6489.816074598315,6609.0543202133695
531,P3,6609.0543202133695,6759.021933937557
531,P4,6759.021933937557,6982.0112525330505
531,P7,6982.0112525330505,7074.812106009397
532,P3,6392.777564102059,6537.916188499418
532,P5,6537.916188499418,6667.15138060408
532,P6,6667.15138060408,6794.691282944111
533,P1,6424.650368266042,6550.059040907714
533,P2,6550.059040907714,6669.4296500328255
533,P3,6669.4296500328255,6859.269947642992
533,P5,6859.269947642992,7045.739951372533
534,P2,6454.185526898949,6613.032496899697
534,P3,6613.032496899697,6831.862687686388
534,P5,6831.862687686388,7004.090639517769
534,P6,7004.090639517769,7164.800078599161
535,P3,6454.736830862656,6590.638043404895
535,P4,6590.638043404895,6861.0068363197925
535,P7,6861.0068363197925,6981.190253891575
536,P2,6461.704903698009,6614.5419389202925
536,P3,6614.5419389202925,6835.093288621317
536,P5,6835.093288621317,6999.231671380633
537,P3,6470.805630870557,6683.10030217629
537,P4,6683.10030217629,6995.7301571278
537,P5,6995.7301571278,7162.198710456074
537,P6,7162.198710456074,7296.72516901141
538,P3,6474.7107132866,6628.163632213329
538,P4,6628.163632213329,6820.384232326917
538,P6,6820.384232326917,6954.217591446922
539,P2,6477.973919195418,6583.116606997773
539,P3,6583.116606997773,6739.038009093335
539,P5,6739.038009093335,6846.6900716274995
539,P6,6846.6900716274995,6955.494773031645
540,P3,6485.557505696167,6647.688141099115
540,P5,6647.688141099115,6762.024347786779
540,P6,6762.024347786779,6866.149550583137
540,P7,6866.149550583137,6976.20401152975
541,P2,6527.230797602353,6606.67879490223
541,P3,6606.67879490223,6718.70373281737
541,P4,6718.70373281737,6890.818708001832
541,P6,6890.818708001832,6990.235938699249
542,P3,6536.115101898717,6637.048618881887
542,P4,6637.048618881887,6783.5212300923295
542,P6,6783.5212300923295,6880.08688826732
543,P1,6542.17865052115,6623.149321700198
543,P2,6623.149321700198,6889.985386535969
543,P3,6889.985386535969,7006.8909164629285
543,P5,7006.8909164629285,7132.185563889721
544,P1,6544.186996300673,6655.1147384832175
544,P2,6655.1147384832175,6780.786587932668
544,P3,6780.786587932668,6941.891693979645
544,P5,6941.891693979645,7108.627686046793
544,P6,7108.627686046793,7229.724943117061
545,P3,6553.6969307293775,6731.251177108453
545,P4,6731.251177108453,6977.558723505461
545,P6,6977.558723505461,7085.7780954156015
546,P1,6563.178573603999,6677.798453360247
546,P2,6677.798453360247,6828.991101569127
546,P3,6828.991101569127,7028.726741145816
546,P5,7028.726741145816,7327.513985589563
547,P3,6572.911601005512,6721.803497513272
547,P5,6721.803497513272,6866.601243555841
547,P6,6866.601243555841,7009.00915756688
548,P2,6598.9733981258005,6723.133569289167
548,P3,6723.133569289167,6877.398480151362
548,P5,6877.398480151362,7074.4246492002485
548,P6,7074.4246492002485,7217.324513602379
548,P7,7217.324513602379,7356.521271336854
549,P1,6603.092377899136,6732.577675633112
549,P2,6732.577675633112,6937.278898100342
549,P3,6937.278898100342,7163.792432848583
549,P4,7163.792432848583,7485.268007356565
549,P5,7485.268007356565,7675.746165933735
550,P3,6603.273251402254,6799.357519810539
550,P5,6799.357519810539,6984.2684362895725
551,P1,6608.387167752096,6706.584174075962
551,P2,6706.584174075962,6823.347808113125
551,P3,6823.347808113125,6988.539193230177
551,P4,6988.539193230177,7257.907322320504
551,P7,7257.907322320504,7365.1808384833275
552,P1,6635.082315449754,6704.292022826972
552,P2,6704.292022826972,6789.174666260243
552,P3,6789.174666260243,6952.857730573576
552,P4,6952.857730573576,7147.2928081174905
552,P5,7147.2928081174905,7266.0592358027525
552,P6,7266.0592358027525,7373.841037225154
553,P3,6639.831794230669,6778.595360090011
553,P5,6778.595360090011,6917.982455624391
554,P2,6641.407956061063,6714.9970422998995
554,P3,6714.9970422998995,6798.571342990655
554,P4,6798.571342990655,6949.068942230609
554,P7,6949.068942230609,7132.73407352096
555,P1,6651.032115619978,6768.247877262658
555,P2,6768.247877262658,6923.344483358798
555,P3,6923.344483358798,7143.600274729944
555,P5,7143.600274729944,7308.89737609131
556,P1,6664.310864546628,6737.156594174718
556,P2,6737.156594174718,6837.388999312888
556,P3,6837.388999312888,6976.525637978802
556,P5,6976.525637978802,7123.211096672864
557,P1,6691.386785145546,6792.758367293024
557,P2,6792.758367293024,6923.760792367296
557,P3,6923.760792367296,7053.903149109976
557,P4,7053.903149109976,7336.548565935343
557,P6,7336.548565935343,7461.7621631280335
558,P1,6695.617769188604,6791.60974313442
558,P2,6791.60974313442,6935.998522056687
558,P3,6935.998522056687,7096.711015717291
558,P4,7096.711015717291,7393.6459761603655
558,P5,7393.6459761603655,7522.551986940032
558,P6,7522.551986940032,7642.128291892364
559,P3,6696.203500645531,6950.566301728375
559,P4,6950.566301728375,7312.372432348244
559,P5,7312.372432348244,7498.52082095558
560,P1,6710.1862029296735,6814.3410597527745
560,P2,6814.3410597527745,6950.539484365236
560,P3,6950.539484365236,7100.820944407118
560,P5,7100.820944407118,7262.412191082405
561,P3,6720.782453669292,6846.242623227226
561,P4,6846.242623227226,7063.849406612734
561,P5,7063.849406612734,7212.613632520671
562,P1,6730.295062396198,6821.298302111177
562,P2,6821.298302111177,6943.359098866294
562,P3,6943.359098866294,7075.676312447165
562,P5,7075.676312447165,7200.199998071848
563,P1,6734.01969542299,6834.388414874422
563,P2,6834.388414874422,6956.216257816343
563,P3,6956.216257816343,7130.34345306082
563,P5,7130.34345306082,7285.3019884046325
563,P6,7285.3019884046325,7450.690632782634
563,P7,7450.690632782634,7805.7811589411895
564,P1,6745.199633953502,6861.054883190491
564,P2,6861.054883190491,7123.434392417707
564,P3,7123.434392417707,7311.057820792977
564,P4,7311.057820792977,7695.318570631065
564,P6,7695.318570631065,7933.709135332359
565,P1,6750.133877000915,6820.517215952854
565,P2,6820.517215952854,6929.427148117022
565,P3,6929.427148117022,7091.944094977185
565,P4,7091.944094977185,7318.921019685578
565,P7,7318.921019685578,7469.63391434917
566,P3,6758.307852341778,6955.77402944085
566,P4,6955.77402944085,7228.092425896995
566,P6,7228.092425896995,7369.429566395274
567,P2,6761.603682371634,6897.515758460597
567,P3,6897.515758460597,7108.4434441873345
567,P4,7108.4434441873345,7376.577445345302
567,P6,7376.577445345302,7514.266435602917
568,P1,6765.1327897175215,6886.58696476526
568,P2,6886.58696476526,7018.602440917625
568,P3,7018.602440917625,7234.049741476716
568,P5,7234.049741476716,7468.307730382791
569,P3,6783.785368461108,6945.01841692262
569,P4,6945.01841692262,7215.243151906626
569,P7,7215.243151906626,7314.48645520704
570,P3,6808.089207729574,6951.450256484729
570,P4,6951.450256484729,7148.803489566447
570,P7,7148.803489566447,7238.724630302586
571,P1,6818.247375220135,6906.277619528872
571,P2,6906.277619528872,7015.886201615428
571,P3,7015.886201615428,7188.89486692577
571,P4,7188.89486692577,7479.123630985579
571,P7,7479.123630985579,7583.281190085731
572,P1,6827.510521298453,6955.043927363136
572,P2,6955.043927363136,7131.704342964327
572,P3,7131.704342964327,7323.421227612015
572,P4,7323.421227612015,7562.900006379892
572,P5,7562.900006379892,7730.287893531217
572,P6,7730.287893531217,7893.80896396736
573,P3,6828.029704549701,6922.5697619747525
573,P5,6922.5697619747525,7010.966149435124
573,P6,7010.966149435124,7094.654944841594
573,P7,7094.654944841594,7166.207788788327
574,P1,6850.150937653446,6912.705099555399
574,P2,6912.705099555399,7076.273402939763
574,P3,7076.273402939763,7216.640352908884
574,P4,7216.640352908884,7393.672423327543
574,P5,7393.672423327543,7519.028337816946
574,P6,7519.028337816946,7623.747963880427
574,P7,7623.747963880427,7724.7362840117175
575,P1,6858.10524364885,6926.706686051873
575,P2,6926.706686051873,7031.0828898187965
575,P3,7031.0828898187965,7139.442335903
575,P4,7139.442335903,7357.597383596335
575,P5,7357.597383596335,7458.86941590822
575,P6,7458.86941590822,7584.190418562276
576,P1,6876.084580239352,6950.933020543226
576,P2,6950.933020543226,7033.0427363696435
576,P3,7033.0427363696435,7122.569031096655
576,P5,7122.569031096655,7231.63702896383
577,P2,6881.432745941939,6975.401511094174
577,P3,6975.401511094174,7117.4055964574845
577,P4,7117.4055964574845,7333.235607955553
577,P6,7333.235607955553,7445.355203312315
578,P1,6902.921723393381,6998.995898838016
578,P2,6998.995898838016,7110.030760330631
578,P3,7110.030760330631,7257.342574430531
578,P5,7257.342574430531,7379.860032469082
579,P1,6910.032967935338,6976.510773648707
579,P2,6976.510773648707,7081.757662476409
579,P3,7081.757662476409,7213.705071394588
579,P5,7213.705071394588,7329.840203474158
579,P6,7329.840203474158,7402.215954111329
579,P7,7402.215954111329,7490.2728229610675
580,P2,6920.749885569214,7002.2151180179135
580,P3,7002.2151180179135,7107.258853776505
580,P5,7107.258853776505,7219.857408217025
581,P3,6925.110167521131,7172.0550095857225
581,P5,7172.0550095857225,7351.014700954389
582,P3,6933.475300698442,7064.037155865695
582,P4,7064.037155865695,7255.527143488228
582,P6,7255.527143488228,7429.139665286226
582,P7,7429.139665286226,7525.447683916763
583,P1,6941.242938043448,7029.648024451805
583,P2,7029.648024451805,7148.6118940891265
583,P3,7148.6118940891265,7273.267580254314
583,P4,7273.267580254314,7615.754436638229
583,P5,7615.754436638229,7720.329049811434
584,P3,6945.169491977764,7076.097353083923
584,P4,7076.097353083923,7279.869514182729
584,P5,7279.869514182729,7368.367076193691
585,P1,6949.044123657033,7070.3772729417615
585,P2,7070.3772729417615,7258.653200900616
585,P3,7258.653200900616,7449.734448630499
585,P4,7449.734448630499,7764.033728243769
585,P5,7764.033728243769,7923.997353069528
585,P6,7923.997353069528,8069.468131866863
586,P1,7007.879964069509,7087.280401598493
586,P2,7087.280401598493,7192.278103259676
586,P3,7192.278103259676,7332.505159528084
586,P4,7332.505159528084,7577.988091116309
586,P5,7577.988091116309,7738.607766378387
586,P6,7738.607766378387,7865.291827803567
586,P7,7865.291827803567,8020.839283808432
587,P1,7035.61025306208,7103.967997188906
587,P2,7103.967997188906,7200.822960273042
587,P3,7200.822960273042,7305.994169348189
587,P4,7305.994169348189,7483.083187326925
587,P6,7483.083187326925,7571.193219522618
587,P7,7571.193219522618,7659.89779391762
588,P2,7048.828893703797,7124.779067749871
588,P3,7124.779067749871,7246.866018356916
588,P4,7246.866018356916,7417.18589257564
588,P6,7417.18589257564,7497.714768026375
589,P2,7051.676282163445,7178.465400005501
589,P3,7178.465400005501,7299.98425439139
589,P4,7299.98425439139,7533.594555874905
589,P6,7533.594555874905,7634.93394630171
590,P3,7053.469287731463,7186.00761164544
590,P4,7186.00761164544,7460.476783984389
590,P5,7460.476783984389,7575.1240304010935
590,P6,7575.1240304010935,7670.673966582442
590,P7,7670.673966582442,7777.3640983109135
591,P1,7058.844610582844,7182.46623420372
591,P2,7182.46623420372,7312.2100229434745
591,P3,7312.2100229434745,7510.976517086125
591,P4,7510.976517086125,7918.937725803306
591,P7,7918.937725803306,8074.167342208373
592,P1,7064.753983370955,7160.129365280953
592,P2,7160.129365280953,7293.293618430603
592,P3,7293.293618430603,7450.578148819118
592,P5,7450.578148819118,7563.794773288165
593,P1,7066.180718705101,7158.9523227622385
593,P2,7158.9523227622385,7282.357366297731
593,P3,7282.357366297731,7442.536544385317
593,P4,7442.536544385317,7714.775044458715
593,P6,7714.775044458715,7852.445242796722
593,P7,7852.445242796722,7984.646364880559
594,P1,7074.107228035673,7184.546052907294
594,P2,7184.546052907294,7320.172622212322
594,P3,7320.172622212322,7466.433148624868
594,P5,7466.433148624868,7624.886403064997
595,P1,7087.006304286179,7190.010822956785
595,P2,7190.010822956785,7322.2203802355125
595,P3,7322.2203802355125,7493.342704830822
595,P5,7493.342704830822,7666.724355427234
595,P6,7666.724355427234,7814.502055798587
596,P1,7103.375652249599,7185.985379218698
596,P2,7185.985379218698,7278.701247086084
596,P3,7278.701247086084,7400.970278047664
596,P5,7400.970278047664,7512.5167290064965
596,P6,7512.5167290064965,7606.000853677618
596,P7,7606.000853677618,7699.86132925687
597,P2,7113.467797121072,7230.80717868139
597,P3,7230.80717868139,7398.976823677603
597,P5,7398.976823677603,7539.467464535541
598,P3,7115.639709850897,7271.264214518276
598,P4,7271.264214518276,7611.380573472185
598,P6,7611.380573472185,7782.35866009232
599,P3,7135.294415452106,7297.600298568086
599,P5,7297.600298568086,7446.442127416115
599,P6,7446.442127416115,7678.64526167928
600,P3,7155.598984277032,7319.961330091753
600,P4,7319.961330091753,7631.782681237875
600,P6,7631.782681237875,7765.8169396386065
601,P1,7182.964202853387,7238.220190419939
601,P2,7238.220190419939,7297.137080350628
601,P3,7297.137080350628,7377.498321182522
601,P4,7377.498321182522,7501.301551135691
601,P6,7501.301551135691,7575.379197986612
601,P7,7575.379197986612,7633.848875711091
602,P1,7210.673081313729,7303.336202619406
602,P2,7303.336202619406,7447.79366262186
602,P3,7447.79366262186,7603.41614520011
602,P4,7603.41614520011,7854.271106202529
602,P7,7854.271106202529,7988.796922144233
603,P3,7211.032546756007,7375.748497360926
603,P5,7375.748497360926,7529.6602339920755
603,P6,7529.6602339920755,7663.400051214984
604,P1,7215.044761488435,7316.43152237573
604,P2,7316.43152237573,7429.147201755826
604,P3,7429.147201755826,7572.2266844754295
604,P4,7572.2266844754295,7840.771822227606
604,P5,7840.771822227606,7995.155121867677
604,P6,7995.155121867677,8105.294756113499
605,P3,7252.314122636629,7402.552066355678
605,P4,7402.552066355678,7654.194694221896
605,P5,7654.194694221896,7797.03035598292
606,P2,7260.17190322772,7363.67744912867
606,P3,7363.67744912867,7554.115736057079
606,P4,7554.115736057079,7853.011704497218
606,P7,7853.011704497218,7968.55372324215
607,P2,7265.177813120114,7412.231559780784
607,P3,7412.231559780784,7596.3451021663805
607,P4,7596.3451021663805,7905.746576776737
607,P7,7905.746576776737,8114.168424674857
608,P1,7265.246258779006,7372.222163741329
608,P2,7372.222163741329,7485.545512340921
608,P3,7485.545512340921,7636.801975319117
608,P4,7636.801975319117,7909.24187401436
608,P6,7909.24187401436,8032.040718298702
609,P3,7268.997353810372,7415.852464502645
609,P4,7415.852464502645,7657.90013773468
609,P7,7657.90013773468,7762.611986879412
610,P1,7291.1510153371155,7390.603658649435
610,P2,7390.603658649435,7538.529435163561
610,P3,7538.529435163561,7723.493109318324
610,P4,7723.493109318324,8003.128383360762
610,P5,8003.128383360762,8215.706157502402
611,P2,7305.014902781424,7499.763719549366
611,P3,7499.763719549366,7629.326139680967
611,P5,7629.326139680967,7751.47733616251
612,P1,7317.609923705401,7392.47545665605
612,P2,7392.47545665605,7509.698473803818
612,P3,7509.698473803818,7637.917383179088
612,P4,7637.917383179088,7864.770047238969
612,P7,7864.770047238969,7969.936299419509
613,P3,7320.279433635966,7473.209046749077
613,P5,7473.209046749077,7624.425322155806
614,P3,7328.651785219501,7557.015942504172
614,P5,7557.015942504172,7666.967043203821
614,P6,7666.967043203821,7831.912198939967
614,P7,7831.912198939967,7930.765531094712
615,P2,7383.341725921603,7495.6942950212915
615,P3,7495.6942950212915,7632.144116909667
615,P4,7632.144116909667,7867.391001309393
615,P6,7867.391001309393,7984.571708470876
616,P2,7383.445122337319,7505.307151727989
616,P3,7505.307151727989,7649.117093257505
616,P4,7649.117093257505,7880.563385090295
616,P6,7880.563385090295,7996.492240053314
617,P3,7404.809330741969,7545.814969938312
617,P5,7545.814969938312,7715.152493574088
618,P1,7409.995947151645,7473.167024969727
618,P2,7473.167024969727,7548.46103763098
618,P3,7548.46103763098,7682.789893517969
618,P5,7682.789893517969,7777.8917914360345
619,P1,7410.6625264754375,7473.544677529738
619,P2,7473.544677529738,7566.762971825057
619,P3,7566.762971825057,7758.598898575241
619,P5,7758.598898575241,7857.954401158419
619,P6,7857.954401158419,7952.248253480149
620,P3,7416.822660936689,7625.117549183107
620,P4,7625.117549183107,7940.894807741369
620,P6,7940.894807741369,8082.558436380478
621,P1,7431.664338102419,7543.201987616107
621,P2,7543.201987616107,7692.378366466747
621,P3,7692.378366466747,7896.978376512834
621,P5,7896.978376512834,8049.326090495664
622,P3,7437.01539795323,7629.426836175758
622,P4,7629.426836175758,7970.524595413435
622,P6,7970.524595413435,8131.784091885324
623,P1,7445.0806106317805,7564.969517784694
623,P2,7564.969517784694,7725.528885110409
623,P3,7725.528885110409,7919.997228268789
623,P5,7919.997228268789,8104.133875404844
624,P3,7454.325906543298,7644.456250387579
624,P4,7644.456250387579,7983.471241637419
624,P6,7983.471241637419,8135.624458308915
625,P1,7471.5603895648665,7550.645416467732
625,P2,7550.645416467732,7666.221951724955
625,P3,7666.221951724955,7804.486311909351
625,P4,7804.486311909351,8010.5988890170065
625,P5,8010.5988890170065,8145.5146469407355
625,P6,8145.5146469407355,8268.923557600352
626,P1,7491.312965462312,7601.103055516129
626,P2,7601.103055516129,7741.04796585669
626,P3,7741.04796585669,7954.616049099611
626,P5,7954.616049099611,8157.561088836333
627,P1,7491.9616522641945,7573.256099377779
627,P2,7573.256099377779,7699.782131875699
627,P3,7699.782131875699,7860.658935932524
627,P4,7860.658935932524,8125.787802871423
627,P5,8125.787802871423,8269.51316892359
628,P1,7497.682595590144,7614.249723911587
628,P2,7614.249723911587,7723.479244264433
628,P3,7723.479244264433,7926.481464956507
628,P4,7926.481464956507,8216.521564204659
628,P5,8216.521564204659,8356.740002643859
629,P3,7516.977139677778,7688.582124035746
629,P5,7688.582124035746,7841.167325561024
629,P6,7841.167325561024,8002.755795705022
630,P3,7525.897567388968,7665.955027863467
630,P5,7665.955027863467,7778.866968352926
630,P6,7778.866968352926,7914.558232209278
631,P3,7542.042461533976,7687.325445252175
631,P5,7687.325445252175,7810.105992572371
632,P1,7561.271562728561,7668.4842675969385
632,P2,7668.4842675969385,7798.7542536896535
632,P3,7798.7542536896535,7967.128145244264
632,P4,7967.128145244264,8295.744980746349
632,P6,8295.744980746349,8447.962281289583
633,P1,7625.405596105042,7723.467161010489
633,P2,7723.467161010489,7839.79252332995
633,P3,7839.79252332995,8026.539628717421
633,P5,8026.539628717421,8157.145901702798
633,P6,8157.145901702798,8292.164268664417
634,P1,7628.337593027971,7725.276247555238
634,P2,7725.276247555238,7813.611007103796
634,P3,7813.611007103796,7975.786324142005
634,P4,7975.786324142005,8250.96526249867
634,P6,8250.96526249867,8375.925600944136
635,P2,7643.08210462637,7780.091606948693
635,P3,7780.091606948693,7962.056241328397
635,P5,7962.056241328397,8114.6316432558815
635,P6,8114.6316432558815,8259.095434379355
636,P1,7644.245677744528,7746.1365392128155
636,P2,7746.1365392128155,7860.901671759785
636,P3,7860.901671759785,7982.338421229339
636,P4,7982.338421229339,8212.722791434428
636,P6,8212.722791434428,8306.399474716774
637,P1,7652.318990465918,7749.337017659771
637,P2,7749.337017659771,7856.7336302044605
637,P3,7856.7336302044605,7987.432221134529
637,P5,7987.432221134529,8121.175439391578
637,P6,8121.175439391578,8221.925234416678
638,P1,7652.3588870003105,7794.5797372448205
638,P2,7794.5797372448205,7947.774058506259
638,P3,7947.774058506259,8202.821501612852
638,P5,8202.821501612852,8397.536677833212
638,P6,8397.536677833212,8608.924737115738
639,P1,7659.159715383381,7750.055193879231
639,P2,7750.055193879231,7854.515741587179
639,P3,7854.515741587179,7992.8880583226655
639,P5,7992.8880583226655,8102.0210658062515
640,P1,7671.200775346659,7776.803740569309
640,P2,7776.803740569309,7933.172166933634
640,P3,7933.172166933634,8100.972937920372
640,P4,8100.972937920372,8384.761503994083
640,P6,8384.761503994083,8504.447690172516
641,P2,7687.296191145029,7770.1430068948475
641,P3,7770.1430068948475,7946.685593101215
641,P4,7946.685593101215,8139.219960499056
641,P7,8139.219960499056,8233.808536666796
642,P3,7710.2609735520455,7892.898474548453
642,P5,7892.898474548453,8045.630755402699
643,P1,7719.3797176459775,7818.383277089114
643,P2,7818.383277089114,7944.306506622703
643,P3,7944.306506622703,8107.888465613597
643,P4,8107.888465613597,8355.177158965564
643,P7,8355.177158965564,8466.13631771028
644,P2,7721.285948803803,7806.087554553539
644,P3,7806.087554553539,7943.065307859555
644,P4,7943.065307859555,8155.168193342011
644,P5,8155.168193342011,8287.244301339028
644,P6,8287.244301339028,8405.533461033607
645,P3,7726.579395510085,7941.7319259652
645,P4,7941.7319259652,8269.209128065997
645,P5,8269.209128065997,8439.172015437385
646,P2,7760.761434204291,7899.286999390792
646,P3,7899.286999390792,8114.928641493783
646,P5,8114.928641493783,8298.018427217821
647,P1,7769.1950677681725,7875.355245152918
647,P2,7875.355245152918,7976.7361090472705
647,P3,7976.7361090472705,8111.133237861968
647,P5,8111.133237861968,8228.33093667884
647,P6,8228.33093667884,8324.628714165134
648,P1,7788.335572007298,7895.240331835929
648,P2,7895.240331835929,8036.220371540567
648,P3,8036.220371540567,8243.63299227012
648,P4,8243.63299227012,8501.671883857607
648,P5,8501.671883857607,8639.91681505714
648,P6,8639.91681505714,8777.298111758584
648,P7,8777.298111758584,8894.789256887585
649,P1,7805.938103290357,7947.965283126817
649,P2,7947.965283126817,8089.1376365481265
649,P3,8089.1376365481265,8289.06062684195
649,P4,8289.06062684195,8623.6534421374
649,P5,8623.6534421374,8811.155040547834
649,P6,8811.155040547834,8965.264219033255
649,P7,8965.264219033255,9099.863051209917
650,P3,7810.047393151752,8021.909139248587
650,P4,8021.909139248587,8264.335789032273
650,P5,8264.335789032273,8415.469616480998
651,P2,7841.49698939529,7979.186205870535
651,P3,7979.186205870535,8179.019986338464
651,P5,8179.019986338464,8351.477273698249
651,P6,8351.477273698249,8605.986110766493
652,P3,7907.6791238353835,8067.198839690022
652,P4,8067.198839690022,8321.925290570667
652,P7,8321.925290570667,8418.587188883334
653,P3,7951.462971254352,8122.367753730029
653,P4,8122.367753730029,8432.081725927957
653,P5,8432.081725927957,8614.618189427949
654,P1,7961.734858528245,8089.656532184461
654,P2,8089.656532184461,8239.47983400421
654,P3,8239.47983400421,8453.751991895064
654,P5,8453.751991895064,8648.66915902838
654,P6,8648.66915902838,8805.676669022576
654,P7,8805.676669022576,8947.586705723415
655,P1,7963.100139641759,8077.532755281697
655,P2,8077.532755281697,8246.073944483678
655,P3,8246.073944483678,8448.543695150764
655,P4,8448.543695150764,8785.88398394708
655,P5,8785.88398394708,9006.187334840006
655,P6,9006.187334840006,9158.80180807543
656,P1,7964.694754722363,8073.384002419973
656,P2,8073.384002419973,8187.507915260869
656,P3,8187.507915260869,8353.47098717338
656,P4,8353.47098717338,8679.695683656058
656,P6,8679.695683656058,8791.018723376106
657,P1,7970.988097290405,8080.674965163605
657,P2,8080.674965163605,8192.448489078968
657,P3,8192.448489078968,8347.27357809902
657,P4,8347.27357809902,8553.731792288296
657,P5,8553.731792288296,8744.046005995937
657,P6,8744.046005995937,8864.289381715917
658,P2,7971.54336947514,8100.663081251408
658,P3,8100.663081251408,8249.446088652816
658,P4,8249.446088652816,8562.30047089418
658,P5,8562.30047089418,8744.188741748862
658,P6,8744.188741748862,8887.599594917756
659,P1,7978.120466962311,8085.314422998743
659,P2,8085.314422998743,8237.044140460086
659,P3,8237.044140460086,8420.02797913445
659,P5,8420.02797913445,8610.137585145389
660,P1,7983.598349375044,8125.170959726193
660,P2,8125.170959726193,8251.736257026536
660,P3,8251.736257026536,8400.327094229258
660,P4,8400.327094229258,8654.943969499147
660,P5,8654.943969499147,8798.098324115408
661,P3,7986.020933028021,8181.683554494866
661,P4,8181.683554494866,8550.085224070044
661,P5,8550.085224070044,8706.435161439354
661,P6,8706.435161439354,8857.514441767253
662,P1,7989.87555923736,8071.523601187668
662,P2,8071.523601187668,8169.785832783195
662,P3,8169.785832783195,8314.267958711805
662,P4,8314.267958711805,8534.159545728984
662,P5,8534.159545728984,8668.836273427623
663,P2,7994.8518095062755,8126.5418260412025
663,P3,8126.5418260412025,8276.305553074126
663,P5,8276.305553074126,8425.339454309213
663,P6,8425.339454309213,8550.508059607131
664,P1,7998.6486259838,8049.176638453966
664,P2,8049.176638453966,8144.443831923954
664,P3,8144.443831923954,8248.548566747944
664,P4,8248.548566747944,8422.492022868071
664,P5,8422.492022868071,8510.011819755902
664,P6,8510.011819755902,8589.578305470644
665,P1,8005.959763609657,8090.631180861203
665,P2,8090.631180861203,8206.64231336257
665,P3,8206.64231336257,8413.567478289395
665,P4,8413.567478289395,8643.725554876846
665,P5,8643.725554876846,8764.91086347222
665,P6,8764.91086347222,8880.290953788857
666,P1,8021.262993714408,8131.809317484273
666,P2,8131.809317484273,8226.195877413824
666,P3,8226.195877413824,8354.156677144389
666,P5,8354.156677144389,8466.199082273033
666,P6,8466.199082273033,8567.987471497621
667,P1,8052.583114733955,8154.289539969962
667,P2,8154.289539969962,8267.33712918888
667,P3,8267.33712918888,8422.95544782961
667,P5,8422.95544782961,8553.60878433075
668,P2,8085.447279567138,8197.51201553088
668,P3,8197.51201553088,8342.789746227963
668,P4,8342.789746227963,8596.091674800136
668,P7,8596.091674800136,8688.204174788476
669,P3,8090.19259290719,8245.182241383372
669,P4,8245.182241383372,8519.105420904998
669,P5,8519.105420904998,8645.956385339356
670,P3,8095.25856582104,8266.751408314436
670,P4,8266.751408314436,8556.478823447222
670,P7,8556.478823447222,8678.23157760913
671,P1,8135.288805203163,8228.201535608412
671,P2,8228.201535608412,8353.22251803772
671,P3,8353.22251803772,8498.13835378564
671,P5,8498.13835378564,8626.687031713082
671,P6,8626.687031713082,8730.369094641863
672,P1,8139.399933329119,8210.318485334265
672,P2,8210.318485334265,8297.377019288297
672,P3,8297.377019288297,8428.977035385973
672,P4,8428.977035385973,8658.940909458901
672,P6,8658.940909458901,8762.765179019336
673,P1,8147.115366219661,8217.474548078375
673,P2,8217.474548078375,8303.929552199927
673,P3,8303.929552199927,8417.739080508114
673,P5,8417.739080508114,8540.144420590137
673,P6,8540.144420590137,8745.750433803494
674,P1,8163.90425259917,8255.926549882934
674,P2,8255.926549882934,8391.491688845357
674,P3,8391.491688845357,8541.339448446206
674,P4,8541.339448446206,8829.523095460645
674,P7,8829.523095460645,8969.756313121123
675,P1,8189.87322172167,8278.078641323591
675,P2,8278.078641323591,8402.2893259716
675,P3,8402.2893259716,8540.73291883623
675,P4,8540.73291883623,8752.933923664614
675,P7,8752.933923664614,8863.971191653898
676,P3,8196.653526201746,8325.432385956725
676,P4,8325.432385956725,8515.134049958353
676,P7,8515.134049958353,8607.036180611929
677,P1,8207.04698843798,8295.757416294307
677,P2,8295.757416294307,8425.796384479161
677,P3,8425.796384479161,8598.16576675044
677,P5,8598.16576675044,8722.000369626296
678,P2,8225.750185095927,8358.720321776455
678,P3,8358.720321776455,8546.309489504634
678,P4,8546.309489504634,8829.619799381993
678,P5,8829.619799381993,8961.394237016493
678,P6,8961.394237016493,9103.855149247056
679,P3,8232.883954215486,8362.008816587482
679,P4,8362.008816587482,8590.685816453732
679,P7,8590.685816453732,8679.448400343097
680,P2,8242.749359404377,8389.680102382634
680,P3,8389.680102382634,8533.729190253494
680,P5,8533.729190253494,8696.506583583192
680,P6,8696.506583583192,8798.069123258923
681,P3,8242.999402087436,8372.889147566704
681,P5,8372.889147566704,8483.207586029886
681,P6,8483.207586029886,8587.547291167797
682,P1,8243.394236958466,8412.314327727434
682,P2,8412.314327727434,8678.197649600346
682,P3,8678.197649600346,8957.918811227173
682,P4,8957.918811227173,9351.625308606928
682,P5,9351.625308606928,9672.767464196299
683,P3,8278.155786571684,8436.552614474573
683,P4,8436.552614474573,8705.403051637468
683,P6,8705.403051637468,8838.170789357395
684,P1,8323.447907628608,8477.482886228674
684,P2,8477.482886228674,8610.350835528721
684,P3,8610.350835528721,8780.285460386882
684,P4,8780.285460386882,9087.61916899509
684,P7,9087.61916899509,9238.826279114846
685,P2,8340.761792763302,8444.478107098545
685,P3,8444.478107098545,8587.986722641735
685,P4,8587.986722641735,8781.740766027828
685,P6,8781.740766027828,8989.751800184413
685,P7,8989.751800184413,9086.12548639636
686,P3,8366.24698197193,8520.758791099764
686,P4,8520.758791099764,8790.993724356367
686,P5,8790.993724356367,8927.88385335951
687,P1,8367.280411685688,8423.703453387985
687,P2,8423.703453387985,8484.000310471296
687,P3,8484.000310471296,8586.889645941372
687,P4,8586.889645941372,8795.291803553191
687,P5,8795.291803553191,8889.064257253358
687,P6,8889.064257253358,8979.342981388843
688,P2,8368.079172780994,8513.337022951122
688,P3,8513.337022951122,8719.14715518595
688,P4,8719.14715518595,9017.33412190652
688,P6,9017.33412190652,9149.39916593976
689,P3,8411.010752343393,8540.891558482524
689,P5,8540.891558482524,8645.13674894173
689,P6,8645.13674894173,8752.738913263147
690,P1,8412.881184881542,8507.918037872954
690,P2,8507.918037872954,8639.947375180169
690,P3,8639.947375180169,8774.911959350393
690,P5,8774.911959350393,8927.29670020275
690,P6,8927.29670020275,9062.083194608016
691,P3,8418.799211531983,8588.125123661006
691,P5,8588.125123661006,8733.332961688517
692,P1,8437.843786983189,8559.967404378389
692,P2,8559.967404378389,8722.638832591294
692,P3,8722.638832591294,8901.582802176817
692,P4,8901.582802176817,9189.287476898231
692,P5,9189.287476898231,9342.84070324057
692,P6,9342.84070324057,9461.921388097651
693,P1,8444.810491413062,8516.942834549875
693,P2,8516.942834549875,8615.03071562355
693,P3,8615.03071562355,8745.692173718384
693,P5,8745.692173718384,8854.47646600489
694,P1,8454.584743732521,8585.66837222887
694,P2,8585.66837222887,8696.631844906304
694,P3,8696.631844906304,8816.748753993486
694,P5,8816.748753993486,8962.355799514595
694,P6,8962.355799514595,9054.700164446973
694,P7,9054.700164446973,9146.09207757647
695,P1,8462.081839359053,8599.63049689724
695,P2,8599.63049689724,8751.71626255265
695,P3,8751.71626255265,8998.59562436145
695,P4,8998.59562436145,9334.532762717197
695,P6,9334.532762717197,9514.738022525582
696,P2,8470.915199556777,8672.815433934307
696,P3,8672.815433934307,8919.687957700302
696,P4,8919.687957700302,9296.41934710662
696,P6,9296.41934710662,9506.050323853424
697,P1,8471.609977089718,8585.133224426592
697,P2,8585.133224426592,8713.60687541751
697,P3,8713.60687541751,8867.9926261392
697,P4,8867.9926261392,9125.359447098208
697,P6,9125.359447098208,9276.618720663551
698,P1,8497.092893159652,8613.6874073592
698,P2,8613.6874073592,8804.795960134352
698,P3,8804.795960134352,9040.247114085694
698,P5,9040.247114085694,9251.675754017637
699,P2,8498.813511832217,8650.829345901257
699,P3,8650.829345901257,8941.436793298843
699,P5,8941.436793298843,9140.685096943336
700,P3,8500.611612717345,8673.850103125493
700,P4,8673.850103125493,8944.547673861654
700,P6,8944.547673861654,9083.358195062638
701,P2,8506.725035958232,8639.93350313772
701,P3,8639.93350313772,8838.83714609186
701,P4,8838.83714609186,9211.676279939253
701,P5,9211.676279939253,9388.29369599815
701,P6,9388.29369599815,9540.088288854533
702,P2,8509.183077332402,8589.931734709384
702,P3,8589.931734709384,8732.770125793513
702,P4,8732.770125793513,8978.456336505375
702,P6,8978.456336505375,9069.636321835154
703,P2,8512.470951997986,8622.072023963829
703,P3,8622.072023963829,8779.811860735652
703,P5,8779.811860735652,8912.697787517429
704,P1,8549.020864315498,8776.281286319894
704,P2,8776.281286319894,8912.78593586408
704,P3,8912.78593586408,9062.642171182506
704,P4,9062.642171182506,9288.07928367232
704,P6,9288.07928367232,9411.95051239471
705,P1,8551.159891609645,8597.516831571742
705,P2,8597.516831571742,8657.448852423351
705,P3,8657.448852423351,8738.321847328445
705,P4,8738.321847328445,8889.712074800735
705,P5,8889.712074800735,8976.27686547581
705,P6,8976.27686547581,9040.451970062039
706,P1,8559.844758092906,8669.348101555943
706,P2,8669.348101555943,8782.745048333247
706,P3,8782.745048333247,8916.273209190258
706,P4,8916.273209190258,9143.754535576432
706,P7,9143.754535576432,9274.00687465937
707,P2,8561.773568028446,8689.425917287568
707,P3,8689.425917287568,8855.589140735852
707,P5,8855.589140735852,8996.39918717395
708,P2,8571.064901952554,8642.007038222651
708,P3,8642.007038222651,8776.240721620172
708,P4,8776.240721620172,8967.423309891066
708,P7,8967.423309891066,9056.75928054297
709,P2,8578.278355474475,8663.683905501477
709,P3,8663.683905501477,8801.386122559754
709,P4,8801.386122559754,9006.940197552272
709,P5,9006.940197552272,9126.17001434551
709,P6,9126.17001434551,9256.419511308191
710,P1,8583.01276657497,8649.443639865018
710,P2,8649.443639865018,8742.308400722559
710,P3,8742.308400722559,8854.48359079829
710,P5,8854.48359079829,8953.217211238072
711,P3,8618.071558431408,8750.487407029117
711,P4,8750.487407029117,9007.747623866055
711,P7,9007.747623866055,9138.886866708923
712,P1,8631.112197900147,8727.649936078586
712,P2,8727.649936078586,8860.444200942564
712,P3,8860.444200942564,9037.660431320759
712,P4,9037.660431320759,9255.832257190885
712,P6,9255.832257190885,9376.479572836775
713,P3,8634.145557925616,8768.717579365928
713,P5,8768.717579365928,8910.35814437484
714,P3,8635.61313671026,8786.408497495086
714,P4,8786.408497495086,8986.237042672657
714,P6,8986.237042672657,9098.990652809514
715,P3,8650.568431622052,8850.933761356993
715,P4,8850.933761356993,9198.282093630567
715,P7,9198.282093630567,9324.53688876312
716,P3,8652.101874409165,8870.834222909813
716,P4,8870.834222909813,9227.817190362564
716,P7,9227.817190362564,9377.766599072327
717,P1,8665.556484495002,8755.883187818792
717,P2,8755.883187818792,8869.804521005635
717,P3,8869.804521005635,9017.000188388089
717,P4,9017.000188388089,9230.80337064231
717,P6,9230.80337064231,9350.86739369553
717,P7,9350.86739369553,9451.927476263225
718,P3,8684.743065677649,8912.573896777676
718,P4,8912.573896777676,9181.420095392305
718,P7,9181.420095392305,9316.966099514482
719,P1,8689.31214239983,8801.144362959665
719,P2,8801.144362959665,8927.419812440181
719,P3,8927.419812440181,9144.23573846295
719,P4,9144.23573846295,9474.255266038643
719,P5,9474.255266038643,9651.61155566978
720,P3,8725.322558127278,8883.03169338717
720,P4,8883.03169338717,9087.758609915596
720,P7,9087.758609915596,9192.305850207005
721,P2,8726.627818080156,8844.626797800138
721,P3,8844.626797800138,8988.257564651985
721,P4,8988.257564651985,9193.204955232366
721,P5,9193.204955232366,9335.84178456241
722,P1,8757.060651570118,8905.043076540267
722,P2,8905.043076540267,9069.852320841108
722,P3,9069.852320841108,9308.66026447287
722,P4,9308.66026447287,9647.278227960822
722,P5,9647.278227960822,9856.780611592358
723,P3,8765.872256134753,8917.848829189108
723,P4,8917.848829189108,9154.695060951657
723,P7,9154.695060951657,9262.942569166013
724,P1,8784.870953575304,8917.3564012071
724,P2,8917.3564012071,9005.457087262237
724,P3,9005.457087262237,9164.58803334272
724,P4,9164.58803334272,9366.7733590282
724,P6,9366.7733590282,9465.753271177444
725,P1,8787.27519983874,8833.742841331512
725,P2,8833.742841331512,8907.577004671582
725,P3,8907.577004671582,9035.118045283236
725,P4,9035.118045283236,9177.62520835928
725,P6,9177.62520835928,9273.525115846476
726,P3,8795.089918590023,8964.368596083732
726,P4,8964.368596083732,9242.729814551367
726,P6,9242.729814551367,9414.69765815105
727,P1,8798.220677327447,8887.024164361446
727,P2,8887.024164361446,9019.830749643927
727,P3,9019.830749643927,9194.973584579648
727,P4,9194.973584579648,9414.360390339774
727,P7,9414.360390339774,9525.594184267698
728,P1,8806.227926069801,8899.950793075206
728,P2,8899.950793075206,9013.168937652174
728,P3,9013.168937652174,9149.884263969268
728,P5,9149.884263969268,9289.324266568441
728,P6,9289.324266568441,9417.222006826572
728,P7,9417.222006826572,9533.405543003517
729,P2,8847.068263803645,8966.030451625846
729,P3,8966.030451625846,9118.644225233196
729,P4,9118.644225233196,9424.663526210305
729,P7,9424.663526210305,9556.936116814622
730,P1,8872.786080347347,8972.144868832866
730,P2,8972.144868832866,9068.318686589268
730,P3,9068.318686589268,9236.306021078013
730,P4,9236.306021078013,9577.081800842287
730,P5,9577.081800842287,9789.412371935872
731,P1,8874.849166956472,8936.746303834629
731,P2,8936.746303834629,9024.566801073952
731,P3,9024.566801073952,9140.199671544779
731,P4,9140.199671544779,9338.80472112347
731,P7,9338.80472112347,9427.66834563955
732,P2,8881.28897871325,8986.183900855856
732,P3,8986.183900855856,9128.393044982138
732,P4,9128.393044982138,9355.829516500597
732,P6,9355.829516500597,9469.163201247802
733,P1,8915.314844548426,8987.613939730225
733,P2,8987.613939730225,9089.72240571222
733,P3,9089.72240571222,9202.592403502207
733,P5,9202.592403502207,9294.250910052413
733,P6,9294.250910052413,9387.242798619593
733,P7,9387.242798619593,9530.344529498787
734,P2,8923.226773966006,9041.284756349207
734,P3,9041.284756349207,9201.695830195973
734,P4,9201.695830195973,9457.668287268587
734,P5,9457.668287268587,9601.974329679053
735,P3,8930.149727447466,9113.846106455236
735,P5,9113.846106455236,9282.980707762936
735,P6,9282.980707762936,9417.05620909286
736,P1,8933.151019075834,9068.79145807423
736,P2,9068.79145807423,9266.371622728217
736,P3,9266.371622728217,9542.892108675536
736,P5,9542.892108675536,9750.568566935597
737,P2,8953.805229994894,9058.093516142511
737,P3,9058.093516142511,9194.07855047147
737,P5,9194.07855047147,9323.711380354465
737,P6,9323.711380354465,9441.036912209009
738,P3,8955.327936603539,9090.941852983482
738,P5,9090.941852983482,9204.881324562439
739,P3,8967.005927830198,9151.321758211641
739,P4,9151.321758211641,9386.153047217693
739,P6,9386.153047217693,9513.075190809592
739,P7,9513.075190809592,9595.999832209307
740,P1,9006.885459560683,9074.5303958648
740,P2,9074.5303958648,9263.067951239767
740,P3,9263.067951239767,9379.566388818519
740,P5,9379.566388818519,9499.92773755918
740,P6,9499.92773755918,9622.914638541602
741,P1,9014.579725551223,9146.365495514368
741,P2,9146.365495514368,9264.276865383274
741,P3,9264.276865383274,9561.702617996589
741,P4,9561.702617996589,9885.477037851417
741,P7,9885.477037851417,10025.534063957917
742,P2,9033.247306115181,9167.494213107686
742,P3,9167.494213107686,9440.255384771572
742,P4,9440.255384771572,9739.004537089399
742,P5,9739.004537089399,9908.418026595129
742,P6,9908.418026595129,10061.725788034428
742,P7,10061.725788034428,10220.587042394378
743,P1,9072.17056190014,9168.657903980687
743,P2,9168.657903980687,9276.077368544156
743,P3,9276.077368544156,9436.212557492716
743,P5,9436.212557492716,9617.286006885326
743,P6,9617.286006885326,9735.391801416052
744,P1,9076.069340911994,9157.335791199544
744,P2,9157.335791199544,9319.71015570311
744,P3,9319.71015570311,9448.132598591423
744,P5,9448.132598591423,9579.505064845298
744,P6,9579.505064845298,9715.076751609837
745,P1,9083.98426125229,9153.379117016142
745,P2,9153.379117016142,9261.704079106166
745,P3,9261.704079106166,9404.058708778966
745,P4,9404.058708778966,9587.277047368241
745,P5,9587.277047368241,9707.148846331485
746,P1,9095.967347357733,9178.915798402673
746,P2,9178.915798402673,9293.581906972579
746,P3,9293.581906972579,9460.303598925693
746,P4,9460.303598925693,9725.952821036102
746,P7,9725.952821036102,9827.451831186178
747,P1,9103.716001654018,9237.155263570696
747,P2,9237.155263570696,9391.925603628575
747,P3,9391.925603628575,9645.245759546971
747,P4,9645.245759546971,10009.194251394885
747,P5,10009.194251394885,10175.743492584694
748,P1,9104.872507635026,9208.024579412155
748,P2,9208.024579412155,9352.238394000839
748,P3,9352.238394000839,9510.39122982295
748,P4,9510.39122982295,9767.73322265779
748,P7,9767.73322265779,9901.155035834594
749,P1,9114.013861453739,9264.562319252878
749,P2,9264.562319252878,9446.322186119392
749,P3,9446.322186119392,9682.38825717216
749,P5,9682.38825717216,9903.714986022862
750,P1,9126.284732197386,9216.240928901205
750,P2,9216.240928901205,9346.248597348183
750,P3,9346.248597348183,9476.490781351573
750,P4,9476.490781351573,9709.342456783652
750,P5,9709.342456783652,9833.230677152305
750,P6,9833.230677152305,9952.446439249443
751,P2,9129.241608207625,9279.148131849675
751,P3,9279.148131849675,9464.0078960588
751,P4,9464.0078960588,9749.734632130747
751,P7,9749.734632130747,9875.541942181448
752,P1,9137.37981530588,9222.868682262766
752,P2,9222.868682262766,9341.293072097995
752,P3,9341.293072097995,9507.096824376098
752,P5,9507.096824376098,9647.865159528963
752,P6,9647.865159528963,9766.577780664222
753,P3,9138.659290822987,9338.839777154917
753,P4,9338.839777154917,9820.253835668791
753,P5,9820.253835668791,10008.701995064454
754,P1,9139.943808008507,9236.097298341863
754,P2,9236.097298341863,9371.174605883234
754,P3,9371.174605883234,9573.601826464315
754,P4,9573.601826464315,9845.175707339129
754,P6,9845.175707339129,9963.157445214818
754,P7,9963.157445214818,10093.061553666339
755,P1,9164.280126351987,9281.036284565347
755,P2,9281.036284565347,9518.466363481391
755,P3,9518.466363481391,9754.405714205426
755,P4,9754.405714205426,10062.257105337629
755,P5,10062.257105337629,10286.237127634076
756,P3,9173.86392947339,9294.422179038187
756,P4,9294.422179038187,9502.905462433797
756,P6,9502.905462433797,9613.688412868114
757,P3,9181.27728688981,9297.468633486198
757,P4,9297.468633486198,9476.42879181346
757,P7,9476.42879181346,9550.129894992759
758,P3,9201.79654940397,9366.266631087472
758,P5,9366.266631087472,9510.204375008896
759,P1,9209.711105814386,9342.824836073387
759,P2,9342.824836073387,9510.611434963253
759,P3,9510.611434963253,9788.84672595912
759,P4,9788.84672595912,10164.08627219319
759,P5,10164.08627219319,10393.004699251363
759,P6,10393.004699251363,10535.480711844533
759,P7,10535.480711844533,10714.842471524542
760,P3,9228.796338040696,9387.504566628211
760,P4,9387.504566628211,9617.72195493472
760,P6,9617.72195493472,9737.872956427696
761,P1,9251.759174335886,9383.412081816137
761,P2,9383.412081816137,9545.555367298814
761,P3,9545.555367298814,9777.957165694681
761,P5,9777.957165694681,9949.12027878101
761,P6,9949.12027878101,10084.563363661407
762,P1,9271.657729161569,9470.639004540551
762,P2,9470.639004540551,9635.720143804805
762,P3,9635.720143804805,9871.84527618717
762,P4,9871.84527618717,10126.118889772964
762,P5,10126.118889772964,10286.581068527905
762,P6,10286.581068527905,10415.726290509245
763,P3,9285.396398773782,9516.062586204212
763,P4,9516.062586204212,9940.85204645365
763,P5,9940.85204645365,10147.257447474876
764,P3,9317.833893263882,9446.966438332885
764,P4,9446.966438332885,9659.075955799297
764,P6,9659.075955799297,9761.17423212084
765,P1,9330.458143697424,9441.984132860429
765,P2,9441.984132860429,9508.27651296269
765,P3,9508.27651296269,9598.524103501204
765,P4,9598.524103501204,9736.561893483571
765,P7,9736.561893483571,9800.486267642551
766,P1,9347.746321933551,9438.395484460725
766,P2,9438.395484460725,9543.294447459639
766,P3,9543.294447459639,9706.391409615288
766,P5,9706.391409615288,9807.731648724695
766,P6,9807.731648724695,9909.316544422392
767,P3,9348.957435532448,9552.106651135524
767,P4,9552.106651135524,9800.041876495454
767,P7,9800.041876495454,9911.75382147396
768,P2,9357.791062389408,9537.469719923436
768,P3,9537.469719923436,9742.267703268044
768,P5,9742.267703268044,9953.668207587436
769,P2,9361.800224046676,9506.084969495963
769,P3,9506.084969495963,9704.372950700492
769,P5,9704.372950700492,9886.483876427936
770,P1,9387.806768351627,9465.777496076
770,P2,9465.777496076,9624.173544663789
770,P3,9624.173544663789,9747.849147995285
770,P4,9747.849147995285,9981.133010115545
770,P6,9981.133010115545,10091.850716123312
771,P1,9392.509533108318,9476.507766485576
771,P2,9476.507766485576,9588.743555390205
771,P3,9588.743555390205,9708.499179531977
771,P4,9708.499179531977,9897.576347663095
771,P6,9897.576347663095,9981.429413396765
772,P1,9395.036013902854,9521.146870941166
772,P2,9521.146870941166,9655.847891215204
772,P3,9655.847891215204,9884.340003531413
772,P4,9884.340003531413,10171.245037106675
772,P5,10171.245037106675,10344.895560585459
772,P6,10344.895560585459,10486.93649997357
773,P2,9396.27649083835,9483.550925458427
773,P3,9483.550925458427,9617.669306338432
773,P5,9617.669306338432,9723.2019974994
773,P6,9723.2019974994,9816.727783933296
774,P2,9397.257704065469,9521.581062883492
774,P3,9521.581062883492,9653.93791441068
774,P4,9653.93791441068,9885.804254887007
774,P5,9885.804254887007,10030.187018887842
774,P6,10030.187018887842,10133.527497251116
774,P7,10133.527497251116,10225.206051933841
775,P2,9398.688982117275,9511.457690378777
775,P3,9511.457690378777,9649.731794366298
775,P4,9649.731794366298,9875.689766583679
775,P6,9875.689766583679,9985.133813707927
776,P2,9402.078622521576,9566.690530563877
776,P3,9566.690530563877,9724.40333162553
776,P4,9724.40333162553,9927.317829263291
776,P7,9927.317829263291,10034.670841950996
777,P1,9409.52460973673,9491.044863345627
777,P2,9491.044863345627,9597.086500653828
777,P3,9597.086500653828,9727.014823097754
777,P5,9727.014823097754,9883.298731902407
778,P1,9410.973489988464,9503.005998389148
778,P2,9503.005998389148,9616.364294645968
778,P3,9616.364294645968,9773.969805874707
778,P4,9773.969805874707,9987.495116502741
778,P6,9987.495116502741,10099.30808983566
779,P3,9419.074696545937,9546.095789046329
779,P4,9546.095789046329,9792.821460192086
779,P7,9792.821460192086,9906.899908778994
780,P3,9439.455432139952,9650.88373405608
780,P4,9650.88373405608,9992.338646811315
780,P5,9992.338646811315,10197.87853492229
780,P6,10197.87853492229,10319.359420499975
781,P1,9447.463858968911,9538.277143116908
781,P2,9538.277143116908,9643.822697823472
781,P3,9643.822697823472,9819.459341811085
781,P4,9819.459341811085,10078.238706846925
781,P5,10078.238706846925,10216.003809916841
782,P1,9450.274166315858,9532.522062043348
782,P2,9532.522062043348,9617.643323122285
782,P3,9617.643323122285,9761.147149216531
782,P4,9761.147149216531,9935.400400083876
782,P5,9935.400400083876,10058.656852260394
782,P6,10058.656852260394,10148.26155770186
783,P2,9473.2313045836,9640.02217325723
783,P3,9640.02217325723,9823.343449833133
783,P4,9823.343449833133,10149.724041344249
783,P7,10149.724041344249,10258.394468180584
784,P1,9495.685939563386,9587.75906523488
784,P2,9587.75906523488,9697.594112392388
784,P3,9697.594112392388,9822.857408709106
784,P5,9822.857408709106,9951.394177917773
784,P6,9951.394177917773,10068.02693822603
785,P1,9503.298736261615,9585.525018063785
785,P2,9585.525018063785,9704.139829997914
785,P3,9704.139829997914,9824.78559426289
785,P4,9824.78559426289,10025.324385601485
785,P7,10025.324385601485,10111.0347557799
786,P1,9503.938350736578,9593.526571244518
786,P2,9593.526571244518,9733.72014655721
786,P3,9733.72014655721,9980.63782513228
786,P4,9980.63782513228,10183.915396789815
786,P6,10183.915396789815,10306.102848338645
787,P1,9527.92218961576,9591.002656542289
787,P2,9591.002656542289,9660.241996183793
787,P3,9660.241996183793,9757.48912968571
787,P4,9757.48912968571,9926.197243242153
787,P5,9926.197243242153,10019.060584322124
787,P6,10019.060584322124,10098.73738218332
788,P1,9531.597812067288,9650.45214489163
788,P2,9650.45214489163,9763.675203442435
788,P3,9763.675203442435,9956.531734659506
788,P4,9956.531734659506,10244.044542512964
788,P5,10244.044542512964,10384.89736417329
788,P6,10384.89736417329,10599.138225215134
788,P7,10599.138225215134,10735.609797428993
789,P1,9545.244663795587,9626.316964773658
789,P2,9626.316964773658,9737.189666356535
789,P3,9737.189666356535,9889.439333910055
789,P4,9889.439333910055,10118.131532870137
789,P7,10118.131532870137,10248.049392780873
790,P1,9545.899884625373,9627.866103606959
790,P2,9627.866103606959,9791.673275868203
790,P3,9791.673275868203,9952.026549212958
790,P4,9952.026549212958,10253.594402212568
790,P7,10253.594402212568,10429.093851544802
791,P1,9553.72690409885,9648.429969595612
791,P2,9648.429969595612,9734.817789857465
791,P3,9734.817789857465,9841.699352416814
791,P4,9841.699352416814,10036.504569225006
791,P6,10036.504569225006,10120.666808736785
792,P3,9556.143071909068,9757.512108469044
792,P5,9757.512108469044,9947.819508651637
792,P6,9947.819508651637,10085.864657291526
793,P2,9566.114980714381,9633.181960034057
793,P3,9633.181960034057,9734.281587151449
793,P4,9734.281587151449,9933.249434743799
793,P6,9933.249434743799,10012.122256902509
794,P2,9573.852334925263,9721.179411114565
794,P3,9721.179411114565,9868.377003824056
794,P4,9868.377003824056,10139.344099688133
794,P6,10139.344099688133,10258.991347691384
795,P1,9585.860199934132,9669.60356543909
795,P2,9669.60356543909,9791.698261414651
795,P3,9791.698261414651,9949.604772017989
795,P4,9949.604772017989,10182.571853159681
795,P5,10182.571853159681,10297.716620115354
796,P3,9611.854893313313,9708.386443324105
796,P5,9708.386443324105,9784.766453878281
797,P1,9617.027887411003,9711.624096884083
797,P2,9711.624096884083,9833.442578066335
797,P3,9833.442578066335,10052.078584548952
797,P4,10052.078584548952,10337.126462687762
797,P5,10337.126462687762,10467.514632934588
797,P6,10467.514632934588,10585.451435143548
798,P3,9625.002649782791,9832.93557760478
798,P4,9832.93557760478,10113.411419049591
798,P5,10113.411419049591,10297.331126864909
799,P1,9645.321523428149,9725.20284882799
799,P2,9725.20284882799,9815.729753955406
799,P3,9815.729753955406,9938.867353989805
799,P5,9938.867353989805,10099.450026477654
799,P6,10099.450026477654,10181.504732306921
800,P2,9650.926877059512,9794.464876736762
800,P3,9794.464876736762,10027.510313665493
800,P5,10027.510313665493,10204.897008109709
801,P1,9665.732351643734,9748.993739364854
801,P2,9748.993739364854,9861.480981566594
801,P3,9861.480981566594,10025.970566620612
801,P5,10025.970566620612,10218.844487721124
801,P6,10218.844487721124,10338.11704937526
801,P7,10338.11704937526,10442.442683306444
802,P3,9671.224447524366,9831.128973755498
802,P4,9831.128973755498,10069.44021201584
802,P7,10069.44021201584,10161.011235337903
803,P2,9680.257339773289,9815.93320850612
803,P3,9815.93320850612,10002.127287672698
803,P5,10002.127287672698,10170.197017684892
803,P6,10170.197017684892,10315.935568725836
804,P3,9680.607809617606,9804.358033058732
804,P4,9804.358033058732,10051.024501324588
804,P5,10051.024501324588,10167.551940101755
804,P6,10167.551940101755,10280.15111083941
805,P1,9714.203668497947,9843.998871006199
805,P2,9843.998871006199,9981.903058029167
805,P3,9981.903058029167,10155.318095911916
805,P4,10155.318095911916,10480.362274551811
805,P5,10480.362274551811,10656.889026325482
805,P6,10656.889026325482,10826.474127213492
806,P2,9716.206281829602,9837.805814362098
806,P3,9837.805814362098,9984.843421259493
806,P5,9984.843421259493,10116.668652590415
807,P2,9724.40105281177,9820.566033841702
807,P3,9820.566033841702,9945.044666871465
807,P5,9945.044666871465,10065.174297707308
808,P1,9752.938550847319,9918.38568317095
808,P2,9918.38568317095,10035.936524393948
808,P3,10035.936524393948,10207.623053478228
808,P4,10207.623053478228,10501.226177149842
808,P7,10501.226177149842,10624.829743992304
809,P3,9757.738995837035,9910.589982566396
809,P5,9910.589982566396,10047.904563903337
809,P6,10047.904563903337,10172.98379132928
810,P1,9758.284900025148,9859.258734636707
810,P2,9859.258734636707,9987.553529536764
810,P3,9987.553529536764,10127.574386282286
810,P5,10127.574386282286,10287.441778973038
811,P1,9764.554476669528,9906.018338506015
811,P2,9906.018338506015,10062.719996220922
811,P3,10062.719996220922,10245.585997890448
811,P5,10245.585997890448,10478.933658435517
811,P6,10478.933658435517,10625.677400239796
812,P3,9802.289185912892,9929.875559127322
812,P4,9929.875559127322,10131.017798782654
812,P7,10131.017798782654,10229.274013221266
813,P2,9827.935257239647,9948.714728331788
813,P3,9948.714728331788,10077.662249115487
813,P4,10077.662249115487,10255.138027171743
813,P6,10255.138027171743,10358.708821271544
814,P2,9829.175014212773,9948.543888671096
814,P3,9948.543888671096,10085.987141728972
814,P4,10085.987141728972,10334.779266049338
814,P5,10334.779266049338,10459.246732077241
815,P3,9835.904926691346,10052.640072760158
815,P4,10052.640072760158,10386.83044519518
815,P6,10386.83044519518,10539.249046732635
816,P3,9838.920350286906,10090.60654587612
816,P4,10090.60654587612,10391.166280730922
816,P6,10391.166280730922,10549.381866172911
817,P2,9857.693856868953,10014.086703078763
817,P3,10014.086703078763,10257.526850483819
817,P4,10257.526850483819,10600.535899936192
817,P7,10600.535899936192,10738.088844737349
818,P3,9870.159178958605,10026.773992237477
818,P4,10026.773992237477,10299.216961105936
818,P6,10299.216961105936,10437.654102656596
819,P3,9874.704174565613,10039.226898686795
819,P4,10039.226898686795,10285.259394140237
819,P6,10285.259394140237,10409.46807101241
820,P1,9879.787657518462,9978.460082103516
820,P2,9978.460082103516,10107.049158171869
820,P3,10107.049158171869,10252.714060622186
820,P4,10252.714060622186,10471.814478686794
820,P5,10471.814478686794,10639.060526392526
820,P6,10639.060526392526,10760.444618448091
821,P1,9880.745984858166,9946.66268682706
821,P2,9946.66268682706,10090.599415231622
821,P3,10090.599415231622,10248.131445377814
821,P4,10248.131445377814,10432.594233808188
821,P6,10432.594233808188,10520.559850462521
822,P3,9902.376707991732,10085.72344716478
822,P4,10085.72344716478,10374.163495154693
822,P5,10374.163495154693,10539.127549883704
822,P6,10539.127549883704,10697.809073774386
822,P7,10697.809073774386,10864.459873698977
823,P1,9980.574147787702,10072.89890771185
823,P2,10072.89890771185,10197.273577409062
823,P3,10197.273577409062,10375.776995911767
823,P4,10375.776995911767,10670.375816283748
823,P7,10670.375816283748,10789.812778687576
824,P1,9997.379073257565,10083.375969967
824,P2,10083.375969967,10213.0242074228
824,P3,10213.0242074228,10486.501881312424
824,P5,10486.501881312424,10645.660530975512
824,P6,10645.660530975512,10788.117934063144
825,P1,10005.093054986375,10111.900542624342
825,P2,10111.900542624342,10278.00088462247
825,P3,10278.00088462247,10479.74663283078
825,P4,10479.74663283078,10797.867521481241
825,P7,10797.867521481241,10972.765239970602
826,P3,10027.013401119399,10216.224122597394
826,P5,10216.224122597394,10361.438005894373
827,P3,10042.09961845484,10133.34238218895
827,P4,10133.34238218895,10318.842627459175
827,P5,10318.842627459175,10413.953820741921
827,P6,10413.953820741921,10511.906511385934
828,P3,10052.939289292375,10187.767149136038
828,P5,10187.767149136038,10318.374778068375
829,P3,10053.932048782754,10168.47039781179
829,P5,10168.47039781179,10304.68857545955
829,P6,10304.68857545955,10398.524924617897
829,P7,10398.524924617897,10476.159985409146
830,P1,10075.782726874793,10160.330294846954
830,P2,10160.330294846954,10252.725739329517
830,P3,10252.725739329517,10374.19130894865
830,P5,10374.19130894865,10494.591825610058
830,P6,10494.591825610058,10579.796307623941
831,P3,10076.773602082552,10240.74988763379
831,P4,10240.74988763379,10547.453354673826
831,P6,10547.453354673826,10694.341070582084
832,P2,10083.817468832387,10211.738908274136
832,P3,10211.738908274136,10373.813875643706
832,P4,10373.813875643706,10668.940357203019
832,P5,10668.940357203019,10839.65509968229
832,P6,10839.65509968229,11013.987731709314
832,P7,11013.987731709314,11145.36104103721
833,P3,10092.686545737482,10222.826515265277
833,P5,10222.826515265277,10332.92005635176
834,P3,10100.031857905426,10222.358738067962
834,P4,10222.358738067962,10433.18644902719
834,P6,10433.18644902719,10555.284431885762
835,P1,10108.831407989348,10212.261992112122
835,P2,10212.261992112122,10289.793956043726
835,P3,10289.793956043726,10477.852914964711
835,P4,10477.852914964711,10775.192809707416
835,P5,10775.192809707416,10928.493422847545
835,P6,10928.493422847545,11046.190410874984
836,P3,10123.681906064054,10273.970182216874
836,P4,10273.970182216874,10559.848961455624
836,P5,10559.848961455624,10699.090612272348
837,P1,10154.381452219226,10240.979417876231
837,P2,10240.979417876231,10336.591848927177
837,P3,10336.591848927177,10483.942335571453
837,P4,10483.942335571453,10693.22032927238
837,P6,10693.22032927238,10832.467734207468
838,P1,10157.851662969782,10242.614840210701
838,P2,10242.614840210701,10356.902928451102
838,P3,10356.902928451102,10492.66994362536
838,P4,10492.66994362536,10692.484813778628
838,P5,10692.484813778628,10818.882126333432
838,P6,10818.882126333432,10912.914054445135
839,P3,10196.513793843666,10366.609177191023
839,P4,10366.609177191023,10639.230291732645
839,P5,10639.230291732645,10777.421889332909
839,P6,10777.421889332909,10909.967530864637
840,P3,10217.927305448939,10396.364398204534
840,P4,10396.364398204534,10716.388921074284
840,P6,10716.388921074284,10867.369871619709
841,P1,10222.627640850777,10296.659682205545
841,P2,10296.659682205545,10407.87140444392
841,P3,10407.87140444392,10547.407976978973
841,P5,10547.407976978973,10673.187119327285
841,P6,10673.187119327285,10790.747670807985
842,P2,10227.530899238207,10358.452264478025
842,P3,10358.452264478025,10509.204830906468
842,P4,10509.204830906468,10759.62794789606
842,P5,10759.62794789606,10929.144681159853
843,P1,10246.435798993602,10345.11975533255
843,P2,10345.11975533255,10468.794390479074
843,P3,10468.794390479074,10606.2609635189
843,P4,10606.2609635189,10811.97636805648
843,P7,10811.97636805648,10901.204356470853
844,P2,10270.918026888454,10399.482568879928
844,P3,10399.482568879928,10577.867092710096
844,P5,10577.867092710096,10764.153325057801
844,P6,10764.153325057801,10882.600727502888
845,P1,10301.862666467545,10396.986872914295
845,P2,10396.986872914295,10517.354375275569
845,P3,10517.354375275569,10693.11172533254
845,P4,10693.11172533254,10964.17881212003
845,P5,10964.17881212003,11101.593376688777
845,P6,11101.593376688777,11256.658851344191
846,P1,10323.218723889537,10392.197994480499
846,P2,10392.197994480499,10506.73230425002
846,P3,10506.73230425002,10654.92036585914
846,P5,10654.92036585914,10776.754172112864
846,P6,10776.754172112864,10911.217656528015
847,P3,10334.003726038572,10518.308304508042
847,P4,10518.308304508042,10838.46112671063
847,P6,10838.46112671063,11018.252037247323
848,P1,10335.747398452466,10410.987775586675
848,P2,10410.987775586675,10500.851420299194
848,P3,10500.851420299194,10611.211661192605
848,P5,10611.211661192605,10708.040793146716
849,P2,10358.10048514786,10500.946249599958
849,P3,10500.946249599958,10682.61277680726
849,P5,10682.61277680726,10838.936324734392
849,P6,10838.936324734392,10979.47722638157
850,P1,10360.26656569349,10465.34308022916
850,P2,10465.34308022916,10596.031032375115
850,P3,10596.031032375115,10819.163445976568
850,P4,10819.163445976568,11103.106722357246
850,P6,11103.106722357246,11232.851141150062
851,P3,10364.868504310265,10553.952568654917
851,P4,10553.952568654917,10884.375736627451
851,P6,10884.375736627451,11004.650312151583
852,P1,10378.021632744263,10479.380999988749
852,P2,10479.380999988749,10620.828471498546
852,P3,10620.828471498546,10776.311453134309
852,P4,10776.311453134309,11061.817193637335
852,P7,11061.817193637335,11211.683980243997
853,P1,10401.974648588885,10477.730990274742
853,P2,10477.730990274742,10596.276283171563
853,P3,10596.276283171563,10713.328620204658
853,P4,10713.328620204658,10946.657872536953
853,P6,10946.657872536953,11056.552489039364
853,P7,11056.552489039364,11154.01426568656
854,P1,10442.63982025251,10569.866625159073
854,P2,10569.866625159073,10723.100255597108
854,P3,10723.100255597108,10932.390503430088
854,P5,10932.390503430088,11130.06915803559
855,P3,10450.305047108546,10584.890965451918
855,P4,10584.890965451918,10861.796738767503
855,P7,10861.796738767503,10947.137228485784
856,P2,10451.082739902247,10568.37816080041
856,P3,10568.37816080041,10735.419991131734
856,P4,10735.419991131734,10993.35279728037
856,P5,10993.35279728037,11131.43669286941
856,P6,11131.43669286941,11253.632311206802
857,P1,10456.993848728176,10538.165814270402
857,P2,10538.165814270402,10630.86151071018
857,P3,10630.86151071018,10741.214782388546
857,P5,10741.214782388546,10839.697117373236
857,P6,10839.697117373236,10930.908850042344
858,P1,10468.72244573111,10638.574640138975
858,P2,10638.574640138975,10778.840707406383
858,P3,10778.840707406383,10959.772497350943
858,P5,10959.772497350943,11151.091807164234
858,P6,11151.091807164234,11323.156054837164
859,P3,10480.943505149544,10643.683904394242
859,P4,10643.683904394242,10924.275873985041
859,P7,10924.275873985041,11055.833132082545
860,P1,10507.474204954242,10581.660938896319
860,P2,10581.660938896319,10663.858900191932
860,P3,10663.858900191932,10800.325077131882
860,P5,10800.325077131882,10931.609474330899
860,P6,10931.609474330899,11030.66937145646
861,P1,10528.358063800253,10619.307905911972
861,P2,10619.307905911972,10729.809946975201
861,P3,10729.809946975201,10889.997369067822
861,P4,10889.997369067822,11143.610265504476
861,P5,11143.610265504476,11276.45785462425
861,P6,11276.45785462425,11381.549219748253
862,P1,10546.754443110543,10676.371041283595
862,P2,10676.371041283595,10832.405692961433
862,P3,10832.405692961433,11020.096888716504
862,P4,11020.096888716504,11385.159663010538
862,P6,11385.159663010538,11567.971205666343
863,P1,10562.326625704749,10644.557264744557
863,P2,10644.557264744557,10742.668549041478
863,P3,10742.668549041478,10856.344131085632
863,P5,10856.344131085632,10955.507399544966
864,P1,10566.050363105993,10661.00577950633
864,P2,10661.00577950633,10786.285198851627
864,P3,10786.285198851627,10948.418782785166
864,P5,10948.418782785166,11084.596322152458
864,P6,11084.596322152458,11196.12037395215
865,P1,10578.543723866327,10686.628414209397
865,P2,10686.628414209397,10818.539469482736
865,P3,10818.539469482736,10982.627906422627
865,P4,10982.627906422627,11299.465234443218
865,P6,11299.465234443218,11425.502193383092
866,P1,10580.04188324035,10696.271105665148
866,P2,10696.271105665148,10795.451727986174
866,P3,10795.451727986174,10959.986294532147
866,P5,10959.986294532147,11115.79784742903
866,P6,11115.79784742903,11253.189430432041
867,P1,10582.461537268187,10674.047929842636
867,P2,10674.047929842636,10764.815973138944
867,P3,10764.815973138944,10897.747059413177
867,P5,10897.747059413177,11015.061120500051
867,P6,11015.061120500051,11151.222386925838
867,P7,11151.222386925838,11253.192069117958
868,P1,10585.86375628272,10682.837654871351
868,P2,10682.837654871351,10780.55010380073
868,P3,10780.55010380073,10934.695949782823
868,P5,10934.695949782823,11085.290732655203
868,P6,11085.290732655203,11193.986403139614
869,P1,10608.561914143973,10696.753219960672
869,P2,10696.753219960672,10802.431550887486
869,P3,10802.431550887486,10961.49022101598
869,P4,10961.49022101598,11216.438947306691
869,P7,11216.438947306691,11312.947419658949
870,P3,10624.28480793177,10851.434902559504
870,P4,10851.434902559504,11145.931852210777
870,P7,11145.931852210777,11306.342276663345
871,P1,10634.554262687452,10707.274856526397
871,P2,10707.274856526397,10794.228882874537
871,P3,10794.228882874537,10929.844089260203
871,P4,10929.844089260203,11105.607978894308
871,P6,11105.607978894308,11198.817462598347
872,P2,10635.557564986311,10787.144928130087
872,P3,10787.144928130087,10919.283441317153
872,P5,10919.283441317153,11039.905037510236
872,P6,11039.905037510236,11150.1907964337
873,P1,10641.369656383802,10702.459380086155
873,P2,10702.459380086155,10783.707317456574
873,P3,10783.707317456574,10898.13022678973
873,P5,10898.13022678973,11006.256199000303
874,P1,10647.813146061742,10754.661177784974
874,P2,10754.661177784974,10862.079978043186
874,P3,10862.079978043186,10993.948796267188
874,P4,10993.948796267188,11304.408269209509
874,P6,11304.408269209509,11444.961040794826
875,P2,10679.25071133382,10849.176154516606
875,P3,10849.176154516606,11036.718482361743
875,P5,11036.718482361743,11244.613983289802
876,P2,10680.716311484182,10874.006702377701
876,P3,10874.006702377701,11120.387764803076
876,P4,11120.387764803076,11458.828642570603
876,P6,11458.828642570603,11614.09695674762
877,P3,10689.378471618864,10839.1254772388
877,P4,10839.1254772388,11062.839759755996
877,P5,11062.839759755996,11206.849014292722
877,P6,11206.849014292722,11311.37739563311
878,P1,10694.772960841234,10797.65305788985
878,P2,10797.65305788985,10916.0685735276
878,P3,10916.0685735276,11080.006256295781
878,P4,11080.006256295781,11389.627990094832
878,P5,11389.627990094832,11553.008329948278
878,P6,11553.008329948278,11686.066707692942
879,P1,10707.845257550187,10826.486958466478
879,P2,10826.486958466478,11018.699671095937
879,P3,11018.699671095937,11192.750216706936
879,P4,11192.750216706936,11514.138860618788
879,P7,11514.138860618788,11626.401048045554
880,P1,10724.575045072566,10792.330155369124
880,P2,10792.330155369124,10907.39514284215
880,P3,10907.39514284215,11047.560069865505
880,P4,11047.560069865505,11288.116953075754
880,P5,11288.116953075754,11427.159770069125
881,P1,10727.877971227515,10790.240945328851
881,P2,10790.240945328851,10883.540514167044
881,P3,10883.540514167044,11005.840263823224
881,P5,11005.840263823224,11128.743421716514
881,P6,11128.743421716514,11220.205159537525
882,P2,10730.709047935361,10856.960073160337
882,P3,10856.960073160337,10997.943460321569
882,P4,10997.943460321569,11316.673732086741
882,P5,11316.673732086741,11441.376258083941
883,P1,10742.605635505628,10810.288914814337
883,P2,10810.288914814337,10892.038635383851
883,P3,10892.038635383851,11003.643244355051
883,P4,11003.643244355051,11172.96386819011
883,P5,11172.96386819011,11262.484428030162
883,P6,11262.484428030162,11359.827525815157
884,P1,10753.770403425975,10864.261825354088
884,P2,10864.261825354088,10998.580477753801
884,P3,10998.580477753801,11197.837293562603
884,P4,11197.837293562603,11525.227263452463
884,P5,11525.227263452463,11690.230942646169
884,P6,11690.230942646169,11839.222365677559
884,P7,11839.222365677559,11989.441929100343
885,P1,10779.95548018007,10858.34139664291
885,P2,10858.34139664291,10975.804002292094
885,P3,10975.804002292094,11114.172885741165
885,P4,11114.172885741165,11466.668066210344
885,P5,11466.668066210344,11617.64042073804
885,P6,11617.64042073804,11740.149390560453
885,P7,11740.149390560453,11831.681568734422
886,P1,10783.01922720559,10878.831475663577
886,P2,10878.831475663577,10988.550146947295
886,P3,10988.550146947295,11219.465621505957
886,P4,11219.465621505957,11474.810703105999
886,P5,11474.810703105999,11633.955834851111
887,P3,10794.508112489293,10904.301244326381
887,P5,10904.301244326381,11037.62308921305
888,P1,10799.762946267869,10888.626811593494
888,P2,10888.626811593494,11033.631008935203
888,P3,11033.631008935203,11195.820109241537
888,P5,11195.820109241537,11350.76197098227
889,P1,10803.830226454556,10889.336308919568
889,P2,10889.336308919568,10984.545902981678
889,P3,10984.545902981678,11115.016483980258
889,P4,11115.016483980258,11353.472791416465
889,P6,11353.472791416465,11466.179756232606
890,P1,10812.075620325979,10909.768694632927
890,P2,10909.768694632927,11023.721172776313
890,P3,11023.721172776313,11200.798470729136
890,P4,11200.798470729136,11415.606395409746
890,P6,11415.606395409746,11552.128736918894
890,P7,11552.128736918894,11702.334008827387
891,P1,10821.467672228102,10983.288501559806
891,P2,10983.288501559806,11167.604021381323
891,P3,11167.604021381323,11438.491179167238
891,P4,11438.491179167238,11832.817745819664
891,P6,11832.817745819664,12017.529957267912
891,P7,12017.529957267912,12204.951452482488
892,P2,10828.268950678783,10967.659016744894
892,P3,10967.659016744894,11175.896942942027
892,P5,11175.896942942027,11334.053949992316
893,P1,10833.53636784316,10919.675121658775
893,P2,10919.675121658775,11026.988171949062
893,P3,11026.988171949062,11166.243045711108
893,P4,11166.243045711108,11382.908470079756
893,P7,11382.908470079756,11479.716495411232
894,P1,10850.465707203713,10933.318918382747
894,P2,10933.318918382747,11051.14149701337
894,P3,11051.14149701337,11230.682604883441
894,P5,11230.682604883441,11392.615853645473
894,P6,11392.615853645473,11496.191587620942
895,P3,10876.75448824432,10985.048604460912
895,P4,10985.048604460912,11169.816380265229
895,P5,11169.816380265229,11284.889466453562
895,P6,11284.889466453562,11384.614135943202
896,P3,10916.463457229383,11106.95780523697
896,P5,11106.95780523697,11307.525519405608
897,P1,10921.28021546046,11027.638952434214
897,P2,11027.638952434214,11149.29702145517
897,P3,11149.29702145517,11313.921493744761
897,P4,11313.921493744761,11582.089801883943
897,P6,11582.089801883943,11726.412262098986
897,P7,11726.412262098986,11855.391745490178
898,P1,10922.681229627025,11041.045735477759
898,P2,11041.045735477759,11167.50409393332
898,P3,11167.50409393332,11344.067556017577
898,P4,11344.067556017577,11638.405811966035
898,P6,11638.405811966035,11764.768672696735
899,P2,10944.215593114102,11080.219960217291
899,P3,11080.219960217291,11282.763463665437
899,P4,11282.763463665437,11611.22992121732
899,P5,11611.22992121732,11782.927284647369
900,P3,10960.411708661082,11087.310110235934
900,P4,11087.310110235934,11283.790870071376
900,P5,11283.790870071376,11511.198841866082
901,P3,10964.62890984971,11093.156123125778
901,P5,11093.156123125778,11218.702921471273
901,P6,11218.702921471273,11333.239796824504
901,P7,11333.239796824504,11434.367807147879
902,P2,10980.462917817393,11084.508391702113
902,P3,11084.508391702113,11229.686241771808
902,P4,11229.686241771808,11450.885870895023
902,P7,11450.885870895023,11546.30083864162
903,P2,10981.297324262026,11108.771319243622
903,P3,11108.771319243622,11288.191601730414
903,P4,11288.191601730414,11492.377566135092
903,P7,11492.377566135092,11589.42436997295
904,P1,10985.803474169219,11062.774753800617
904,P2,11062.774753800617,11153.401179378465
904,P3,11153.401179378465,11276.161498037976
904,P5,11276.161498037976,11492.272961976982
905,P1,11000.496816094867,11100.548852255955
905,P2,11100.548852255955,11216.700853105103
905,P3,11216.700853105103,11369.531265325979
905,P4,11369.531265325979,11554.585729163917
905,P6,11554.585729163917,11662.10328067897
906,P1,11011.208091292794,11085.859469450375
906,P2,11085.859469450375,11191.33085685683
906,P3,11191.33085685683,11320.436688680085
906,P4,11320.436688680085,11527.015663783843
906,P6,11527.015663783843,11689.172081304296
906,P7,11689.172081304296,11839.568116484725
907,P1,11013.171157544175,11100.75086784451
907,P2,11100.75086784451,11224.608943646044
907,P3,11224.608943646044,11377.26964958567
907,P4,11377.26964958567,11643.586077883157
907,P7,11643.586077883157,11756.596898685473
908,P3,11015.983546790769,11158.729581816833
908,P4,11158.729581816833,11383.353835258446
908,P7,11383.353835258446,11502.957870934863
909,P1,11068.23728821506,11222.894554287912
909,P2,11222.894554287912,11427.928138501185
909,P3,11427.928138501185,11682.809308819966
909,P5,11682.809308819966,11914.35672180927
909,P6,11914.35672180927,12166.403359505712
910,P1,11068.523883614262,11190.539679282057
910,P2,11190.539679282057,11342.712028598204
910,P3,11342.712028598204,11533.269760820247
910,P4,11533.269760820247,11844.285789855492
910,P5,11844.285789855492,12023.928889421462
911,P1,11116.979022398227,11190.07445695999
911,P2,11190.07445695999,11300.952062784241
911,P3,11300.952062784241,11470.741558612457
911,P4,11470.741558612457,11700.000911611583
911,P7,11700.000911611583,11797.103741513809
912,P1,11118.310435506033,11237.17220889763
912,P2,11237.17220889763,11385.475228703122
912,P3,11385.475228703122,11571.642022497357
912,P5,11571.642022497357,11728.81430823008
912,P6,11728.81430823008,11886.103815368653
913,P3,11118.36094710308,11265.886025666578
913,P4,11265.886025666578,11576.466722847337
913,P6,11576.466722847337,11683.227899019595
913,P7,11683.227899019595,11783.19236930009
914,P2,11121.88302251378,11279.850918435717
914,P3,11279.850918435717,11464.460184042937
914,P5,11464.460184042937,11613.544588214469
914,P6,11613.544588214469,11788.873145653124
915,P1,11130.298389148089,11207.962152001593
915,P2,11207.962152001593,11312.97239940442
915,P3,11312.97239940442,11460.830632722309
915,P4,11460.830632722309,11704.550201187818
915,P5,11704.550201187818,11823.52290578196
916,P3,11141.57783162342,11342.309200726351
916,P4,11342.309200726351,11649.77791515949
916,P6,11649.77791515949,11805.727473432566
917,P1,11144.967099205873,11232.624874736248
917,P2,11232.624874736248,11389.229546996585
917,P3,11389.229546996585,11570.941024747868
917,P5,11570.941024747868,11730.082404910925
918,P1,11150.228392442543,11274.34052019288
918,P2,11274.34052019288,11414.22491326739
918,P3,11414.22491326739,11559.92228251412
918,P5,11559.92228251412,11742.27411252109
918,P6,11742.27411252109,11863.487223345604
918,P7,11863.487223345604,11992.28191624768
919,P2,11150.436977035937,11290.14234114647
919,P3,11290.14234114647,11444.822545085675
919,P4,11444.822545085675,11727.206298025816
919,P7,11727.206298025816,11840.553099659468
920,P1,11154.58389060811,11282.000225832971
920,P2,11282.000225832971,11438.48845737389
920,P3,11438.48845737389,11649.155924432824
920,P4,11649.155924432824,12046.097705002237
920,P7,12046.097705002237,12212.552440250038
921,P3,11185.458345967947,11415.666919817057
921,P5,11415.666919817057,11625.280035461894
921,P6,11625.280035461894,11835.255193646224
922,P3,11193.741036420171,11345.112607479858
922,P4,11345.112607479858,11580.090076118635
922,P7,11580.090076118635,11684.54892749782
923,P2,11193.965471918767,11336.929652596185
923,P3,11336.929652596185,11510.384933038027
923,P4,11510.384933038027,11753.195243276754
923,P6,11753.195243276754,11901.63133454486
924,P1,11194.629670672957,11306.49467693872
924,P2,11306.49467693872,11438.352096983856
924,P3,11438.352096983856,11599.245894941052
924,P4,11599.245894941052,11870.783264984959
924,P5,11870.783264984959,12028.291921899507
924,P6,12028.291921899507,12184.28930174737
925,P3,11205.380484633779,11319.635136411362
925,P5,11319.635136411362,11406.452499107421
925,P6,11406.452499107421,11509.025392793403
926,P1,11208.72235786217,11338.378320898672
926,P2,11338.378320898672,11475.194221836045
926,P3,11475.194221836045,11674.585128405783
926,P4,11674.585128405783,11992.444636308712
926,P7,11992.444636308712,12145.928588396193
927,P3,11214.013017107442,11392.819385985025
927,P4,11392.819385985025,11716.478133366978
927,P6,11716.478133366978,11895.456533179296
927,P7,11895.456533179296,12043.958629251689
928,P2,11217.547505925057,11337.517526966443
928,P3,11337.517526966443,11483.918881244166
928,P4,11483.918881244166,11750.951182222148
928,P7,11750.951182222148,11844.923098813077
929,P2,11224.476587107136,11337.242001843611
929,P3,11337.242001843611,11601.747152054753
929,P4,11601.747152054753,11873.393961729558
929,P5,11873.393961729558,11985.18823641737
929,P6,11985.18823641737,12101.758312510136
930,P3,11236.341512295248,11459.402200854985
930,P4,11459.402200854985,11761.594580779232
930,P7,11761.594580779232,11931.980730845715
931,P1,11240.368380382813,11316.90007457143
931,P2,11316.90007457143,11416.447476090605
931,P3,11416.447476090605,11549.721668341523
931,P4,11549.721668341523,11764.815238511472
931,P7,11764.815238511472,11850.576748749128
932,P1,11242.498046716337,11348.937385411393
932,P2,11348.937385411393,11491.97297327815
932,P3,11491.97297327815,11715.757244576938
932,P4,11715.757244576938,11969.526957778446
932,P5,11969.526957778446,12125.719001965943
933,P3,11250.634110213829,11425.684297597974
933,P5,11425.684297597974,11541.467442867743
933,P6,11541.467442867743,11680.338397699212
934,P3,11260.874458629753,11383.146957873936
934,P4,11383.146957873936,11640.457883023679
934,P5,11640.457883023679,11750.014644574121
934,P6,11750.014644574121,11865.360061998237
935,P1,11269.787106665475,11353.300350704085
935,P2,11353.300350704085,11435.939428995138
935,P3,11435.939428995138,11573.897293015254
935,P4,11573.897293015254,11775.054847254665
935,P6,11775.054847254665,11899.768842326775
936,P3,11271.387272404121,11415.506163110198
936,P4,11415.506163110198,11656.167221185435
936,P5,11656.167221185435,11794.007126459395
936,P6,11794.007126459395,11906.103876348925
937,P2,11274.625872375622,11347.803024188708
937,P3,11347.803024188708,11474.377260773792
937,P4,11474.377260773792,11652.455913790584
937,P6,11652.455913790584,11742.270364822974
937,P7,11742.270364822974,11825.410203938518
938,P2,11287.067175010276,11394.96696099139
938,P3,11394.96696099139,11523.60152434169
938,P4,11523.60152434169,11726.397259013751
938,P5,11726.397259013751,11834.366230255237
939,P2,11288.134211132354,11423.699938751764
939,P3,11423.699938751764,11578.992076825518
939,P5,11578.992076825518,11800.692997540702
940,P1,11290.765656116275,11379.022026524326
940,P2,11379.022026524326,11483.163804512349
940,P3,11483.163804512349,11626.901976255804
940,P4,11626.901976255804,11896.95411060467
940,P6,11896.95411060467,12007.667697471928
941,P1,11300.593669231499,11377.03788921841
941,P2,11377.03788921841,11476.713399863338
941,P3,11476.713399863338,11591.330659224563
941,P4,11591.330659224563,11784.21173226636
941,P6,11784.21173226636,11896.877722896003
941,P7,11896.877722896003,11978.92718462576
942,P3,11319.325995988134,11573.977333367988
942,P5,11573.977333367988,11726.22201061721
942,P6,11726.22201061721,11880.336274724628
943,P2,11331.711036030792,11423.457883183653
943,P3,11423.457883183653,11586.730983460267
943,P4,11586.730983460267,11837.876537598933
943,P5,11837.876537598933,11974.395883250489
943,P6,11974.395883250489,12096.60694233151
944,P2,11339.023996597736,11457.959191603753
944,P3,11457.959191603753,11619.664130472336
944,P5,11619.664130472336,11785.384099958677
945,P3,11339.479794693632,11505.626908007074
945,P4,11505.626908007074,11757.453140407586
945,P5,11757.453140407586,11910.99594099794
945,P6,11910.99594099794,12036.54060064455
946,P3,11341.293641702485,11454.931250396008
946,P4,11454.931250396008,11642.719205885209
946,P6,11642.719205885209,11742.031631409534
947,P3,11386.626824102312,11584.07366925724
947,P4,11584.07366925724,11860.020593014075
947,P7,11860.020593014075,12004.08408490595
948,P2,11404.431722035786,11511.139546933555
948,P3,11511.139546933555,11641.18183714789
948,P5,11641.18183714789,11761.260075853485
949,P2,11428.349527618235,11529.253346108004
949,P3,11529.253346108004,11660.649863613524
949,P5,11660.649863613524,11793.718196388227
950,P1,11429.022968063606,11510.211079934359
950,P2,11510.211079934359,11582.19778304884
950,P3,11582.19778304884,11716.060396373716
950,P5,11716.060396373716,11831.768934627044
950,P6,11831.768934627044,11934.896636843843
951,P1,11440.181239140735,11547.78130914289
951,P2,11547.78130914289,11672.404076198713
951,P3,11672.404076198713,11819.421368364263
951,P4,11819.421368364263,12110.892763580754
951,P6,12110.892763580754,12230.290080006647
952,P1,11449.653681356436,11544.794883726068
952,P2,11544.794883726068,11626.459282457567
952,P3,11626.459282457567,11744.544971788057
952,P4,11744.544971788057,11951.597878621187
952,P6,11951.597878621187,12027.399923921317
953,P1,11462.81121086945,11568.024610979766
953,P2,11568.024610979766,11681.778648016823
953,P3,11681.778648016823,11818.841956300485
953,P4,11818.841956300485,12120.56113137197
953,P5,12120.56113137197,12287.330818646555
953,P6,12287.330818646555,12382.150813658145
954,P2,11474.16607188233,11573.704553012869
954,P3,11573.704553012869,11700.441607438781
954,P4,11700.441607438781,11887.058338886212
954,P5,11887.058338886212,12005.64584123296
954,P6,12005.64584123296,12104.936777108944
954,P7,12104.936777108944,12198.835981289434
955,P1,11484.156033802836,11589.675880403243
955,P2,11589.675880403243,11698.98500033259
955,P3,11698.98500033259,11872.10838038711
955,P5,11872.10838038711,12061.490550316372
956,P2,11492.603075783996,11582.85061144612
956,P3,11582.85061144612,11694.378716942652
956,P4,11694.378716942652,11971.700561718668
956,P5,11971.700561718668,12078.579347148543
957,P1,11508.674720277471,11671.538726389239
957,P2,11671.538726389239,11861.507832809428
957,P3,11861.507832809428,12091.411120620223
957,P4,12091.411120620223,12411.305935999948
957,P5,12411.305935999948,12591.68363983554
957,P6,12591.68363983554,12759.258731306641
958,P1,11509.123917773759,11579.424741646297
958,P2,11579.424741646297,11686.901782334206
958,P3,11686.901782334206,11833.329997295019
958,P5,11833.329997295019,11936.44114936371
958,P6,11936.44114936371,12130.31319746091
959,P3,11518.133914999245,11702.60833232766
959,P4,11702.60833232766,11985.122996016564
959,P6,11985.122996016564,12110.965841646293
959,P7,12110.965841646293,12233.442541559567
960,P2,11532.550926335502,11692.184290778314
960,P3,11692.184290778314,11848.284645031372
960,P4,11848.284645031372,12109.65956120225
960,P5,12109.65956120225,12292.556271035704
961,P2,11532.732135625392,11620.877311575357
961,P3,11620.877311575357,11766.005638313141
961,P5,11766.005638313141,11893.963318580702
961,P6,11893.963318580702,11996.433159513814
962,P1,11533.879492440137,11656.486063068034
962,P2,11656.486063068034,11802.349218987698
962,P3,11802.349218987698,12001.79728590824
962,P5,12001.79728590824,12163.907189938824
962,P6,12163.907189938824,12297.486292711665
963,P3,11540.007847335211,11681.264607788646
963,P4,11681.264607788646,11955.784861704973
963,P7,11955.784861704973,12043.082227884546
964,P3,11541.33807637558,11717.260260318844
964,P5,11717.260260318844,11888.086220189662
964,P6,11888.086220189662,12101.29728710459
965,P1,11549.172675939748,11674.07345362822
965,P2,11674.07345362822,11822.99118576869
965,P3,11822.99118576869,12040.015790974532
965,P4,12040.015790974532,12338.86784651169
965,P6,12338.86784651169,12509.401741301894
966,P1,11549.660932594428,11651.302498598014
966,P2,11651.302498598014,11768.653171890286
966,P3,11768.653171890286,11925.715551260422
966,P4,11925.715551260422,12156.664339929714
966,P6,12156.664339929714,12290.907266553766
967,P3,11579.393177024584,11801.380872988657
967,P5,11801.380872988657,12007.623245516163
967,P6,12007.623245516163,12204.954104477823
968,P1,11582.797184826779,11639.549181869686
968,P2,11639.549181869686,11720.64091928997
968,P3,11720.64091928997,11834.332261787866
968,P4,11834.332261787866,11997.941326338716
968,P7,11997.941326338716,12066.057742428116
969,P1,11583.242322437914,11687.791286998572
969,P2,11687.791286998572,11832.795076230654
969,P3,11832.795076230654,12007.506937049295
969,P5,12007.506937049295,12176.346835895494
969,P6,12176.346835895494,12323.570469805229
970,P2,11588.606747953947,11746.362091975288
970,P3,11746.362091975288,11913.073255647249
970,P4,11913.073255647249,12123.337898813346
970,P5,12123.337898813346,12253.463684480701
971,P3,11627.015126058457,11773.017576758646
971,P4,11773.017576758646,12042.328155115747
971,P6,12042.328155115747,12193.125919885686
971,P7,12193.125919885686,12342.843370014507
972,P3,11638.821197725945,11813.003739230533
972,P4,11813.003739230533,12121.636725126098
972,P6,12121.636725126098,12249.811699338237
973,P3,11709.494579809625,11850.74036479718
973,P4,11850.74036479718,12056.578041501758
973,P6,12056.578041501758,12203.965758308976
974,P3,11721.8935391909,11866.948767717518
974,P4,11866.948767717518,12068.797766307876
974,P5,12068.797766307876,12207.656439295868
974,P6,12207.656439295868,12351.178709234413
974,P7,12351.178709234413,12452.224360047667
975,P1,11730.79358089751,11815.262759209343
975,P2,11815.262759209343,11964.666267212568
975,P3,11964.666267212568,12131.33497690814
975,P5,12131.33497690814,12297.958979247116
976,P3,11751.206641240768,11921.298501870879
976,P5,11921.298501870879,12080.93037241837
976,P6,12080.93037241837,12200.333429389435
977,P2,11758.59019330431,11846.611469171841
977,P3,11846.611469171841,11975.824987973521
977,P4,11975.824987973521,12153.430984481269
977,P6,12153.430984481269,12225.931907422488
978,P1,11783.633309335626,11912.088253152973
978,P2,11912.088253152973,12071.726619833005
978,P3,12071.726619833005,12294.018063469917
978,P4,12294.018063469917,12623.593871362178
978,P6,12623.593871362178,12777.527556500392
979,P3,11796.478261833316,11920.328477454039
979,P4,11920.328477454039,12250.606102462702
979,P6,12250.606102462702,12382.27269736975
979,P7,12382.27269736975,12497.51748600272
980,P3,11825.723327008975,12016.576792847418
980,P5,12016.576792847418,12187.988936100235
980,P6,12187.988936100235,12352.435413328101
981,P1,11845.196504891015,11958.151955320656
981,P2,11958.151955320656,12079.020793074082
981,P3,12079.020793074082,12231.078046895062
981,P4,12231.078046895062,12526.496846363747
981,P6,12526.496846363747,12638.020106723166
982,P1,11847.767231099951,11934.470790611584
982,P2,11934.470790611584,12040.333119327728
982,P3,12040.333119327728,12179.73072327953
982,P5,12179.73072327953,12336.61348305568
982,P6,12336.61348305568,12442.124246165762
983,P2,11852.749768419357,12046.457667933764
983,P3,12046.457667933764,12264.759670995563
983,P4,12264.759670995563,12594.112847991495
983,P5,12594.112847991495,12839.592133840099
983,P6,12839.592133840099,12998.215693997925
984,P3,11852.994383281364,11993.983829622106
984,P4,11993.983829622106,12251.007545790459
984,P7,12251.007545790459,12354.8209450254
985,P1,11853.033370793086,11973.38759362598
985,P2,11973.38759362598,12124.62006004724
985,P3,12124.62006004724,12327.002855776895
985,P4,12327.002855776895,12614.309273998122
985,P5,12614.309273998122,12772.39310142259
986,P1,11875.164342571316,11965.406648635584
986,P2,11965.406648635584,12093.512820735674
986,P3,12093.512820735674,12275.792080650159
986,P5,12275.792080650159,12432.209674523552
986,P6,12432.209674523552,12585.903048137367
987,P1,11885.752961227025,11971.807996143109
987,P2,11971.807996143109,12094.028963072298
987,P3,12094.028963072298,12297.157683695055
987,P5,12297.157683695055,12456.600669103627
988,P1,11898.603708398752,12007.120775948684
988,P2,12007.120775948684,12171.69222941395
988,P3,12171.69222941395,12383.679647151735
988,P4,12383.679647151735,12705.337609011302
988,P6,12705.337609011302,12889.750955505573
989,P1,11911.297313097884,12003.783595680961
989,P2,12003.783595680961,12113.127549974799
989,P3,12113.127549974799,12268.795008590288
989,P4,12268.795008590288,12497.667381841222
989,P7,12497.667381841222,12596.502643451846
990,P1,11917.888876693181,12019.095210333173
990,P2,12019.095210333173,12123.78877483134
990,P3,12123.78877483134,12315.405090240922
990,P5,12315.405090240922,12464.093428063827
990,P6,12464.093428063827,12595.711043916366
991,P2,11943.772054311403,12067.074294623626
991,P3,12067.074294623626,12245.432671284563
991,P4,12245.432671284563,12507.18893153697
991,P5,12507.18893153697,12639.2785378972
992,P3,11948.972301106749,12057.799823809863
992,P5,12057.799823809863,12161.179479100252
993,P1,11968.022478598648,12046.931448942107
993,P2,12046.931448942107,12131.348833902228
993,P3,12131.348833902228,12244.132651255493
993,P4,12244.132651255493,12471.111243371728
993,P5,12471.111243371728,12598.094079643053
993,P6,12598.094079643053,12685.82094292376
994,P3,11982.5290840606,12135.74098003406
994,P4,12135.74098003406,12391.79375269477
994,P5,12391.79375269477,12534.182465929052
995,P3,11984.541140090896,12135.046475767722
995,P5,12135.046475767722,12301.178547577298
996,P1,11988.421702905704,12123.240259813752
996,P2,12123.240259813752,12264.316430811172
996,P3,12264.316430811172,12489.05872496735
996,P5,12489.05872496735,12687.249059514419
996,P6,12687.249059514419,12848.990362988556
997,P1,11990.56602323286,12083.072757207236
997,P2,12083.072757207236,12205.087648706542
997,P3,12205.087648706542,12406.430287128946
997,P4,12406.430287128946,12706.16699709345
997,P5,12706.16699709345,12886.6292861355
998,P3,12001.80317455526,12180.067418479674
998,P4,12180.067418479674,12434.220298495015
998,P5,12434.220298495015,12601.952297126663
999,P3,12041.930546533458,12179.558040512658
999,P4,12179.558040512658,12419.94051558828
999,P6,12419.94051558828,12565.704743320468
999,P7,12565.704743320468,12699.105869455674
1000,P3,12042.781783923427,12165.077276446393
1000,P4,12165.077276446393,12361.279272089052
1000,P5,12361.279272089052,12459.053185993716
1000,P6,12459.053185993716,12569.006339383111
1001,P3,12051.31074711751,12213.535572163537
1001,P4,12213.535572163537,12490.919901048968
1001,P6,12490.919901048968,12651.061319438748
1002,P1,12058.306017768988,12207.60571420197
1002,P2,12207.60571420197,12398.253114117604
1002,P3,12398.253114117604,12642.76830166941
1002,P4,12642.76830166941,13120.407873345617
1002,P5,13120.407873345617,13314.303195758781
1003,P1,12066.915148637516,12167.569825892415
1003,P2,12167.569825892415,12305.189155253724
1003,P3,12305.189155253724,12539.554792324629
1003,P4,12539.554792324629,12850.004229420787
1003,P7,12850.004229420787,12984.088985222048
1004,P3,12082.604124696674,12197.418604527935
1004,P5,12197.418604527935,12302.823444357364
1004,P6,12302.823444357364,12407.185529274411
1005,P3,12084.103673774272,12287.828839568863
1005,P5,12287.828839568863,12435.783794726647
1005,P6,12435.783794726647,12584.39546664802
1006,P2,12113.333369495373,12217.24928635969
1006,P3,12217.24928635969,12338.137902036684
1006,P5,12338.137902036684,12451.096434624107
1006,P6,12451.096434624107,12556.35507859375
1007,P1,12124.70223896827,12194.188873367984
1007,P2,12194.188873367984,12298.862671754685
1007,P3,12298.862671754685,12420.639804981858
1007,P5,12420.639804981858,12554.084353091572
1007,P6,12554.084353091572,12671.535152172153
1007,P7,12671.535152172153,12743.098151987731
1008,P2,12143.849554972498,12292.302228607912
1008,P3,12292.302228607912,12483.00519838863
1008,P4,12483.00519838863,12773.726406976048
1008,P5,12773.726406976048,12962.217431405641
1009,P1,12147.47930300764,12238.459126314357
1009,P2,12238.459126314357,12352.296967716198
1009,P3,12352.296967716198,12534.959019064076
1009,P4,12534.959019064076,12806.131364818288
1009,P5,12806.131364818288,12953.138911175605
1009,P6,12953.138911175605,13083.363999531615
1009,P7,13083.363999531615,13196.607787792216
1010,P1,12147.672740580592,12284.605067963079
1010,P2,12284.605067963079,12426.202684798176
1010,P3,12426.202684798176,12607.738554096595
1010,P4,12607.738554096595,12867.043654653718
1010,P5,12867.043654653718,13025.252569586497
1010,P6,13025.252569586497,13178.334437525267
1011,P1,12160.495775335487,12246.714115862736
1011,P2,12246.714115862736,12367.539431984791
1011,P3,12367.539431984791,12501.691649828286
1011,P5,12501.691649828286,12625.834349361203
1011,P6,12625.834349361203,12774.497981315757
1012,P1,12179.476192350852,12325.702836499175
1012,P2,12325.702836499175,12450.543277497956
1012,P3,12450.543277497956,12647.080770345636
1012,P4,12647.080770345636,12926.8361083279
1012,P6,12926.8361083279,13056.185251058547
1013,P1,12182.508882833887,12277.38231900132
1013,P2,12277.38231900132,12369.435048077185
1013,P3,12369.435048077185,12599.834063915821
1013,P4,12599.834063915821,12801.042468742147
1013,P7,12801.042468742147,12887.66188052037
1014,P2,12189.29091937858,12280.581710792549
1014,P3,12280.581710792549,12424.979844502452
1014,P4,12424.979844502452,12672.49438088639
1014,P6,12672.49438088639,12791.150071806189
1015,P3,12219.271038340194,12374.816866729652
1015,P4,12374.816866729652,12609.308451783569
1015,P7,12609.308451783569,12727.033457679854
1016,P2,12231.48733809225,12321.143561897024
1016,P3,12321.143561897024,12436.841714653601
1016,P4,12436.841714653601,12640.716290618158
1016,P5,12640.716290618158,12744.7930334657
1016,P6,12744.7930334657,12844.219352718594
1016,P7,12844.219352718594,12934.688794331645
1017,P3,12231.868796492818,12399.824801033004
1017,P5,12399.824801033004,12522.220881321617
1017,P6,12522.220881321617,12623.17968452882
1018,P2,12243.949903205594,12354.161992325995
1018,P3,12354.161992325995,12502.968861923364
1018,P5,12502.968861923364,12645.306325775886
1018,P6,12645.306325775886,12794.160382477978
1019,P1,12247.684980347269,12356.399689049751
1019,P2,12356.399689049751,12504.667861986245
1019,P3,12504.667861986245,12663.259095259551
1019,P5,12663.259095259551,12777.9734941838
1019,P6,12777.9734941838,12915.243469349845
1020,P2,12256.287836571864,12420.777346424273
1020,P3,12420.777346424273,12664.904772693015
1020,P4,12664.904772693015,12985.057389377578
1020,P7,12985.057389377578,13114.325133685792
1021,P3,12256.295426239767,12432.251423092679
1021,P4,12432.251423092679,12635.547914141616
1021,P6,12635.547914141616,12753.217113670482
1022,P2,12259.218951391735,12360.934600512559
1022,P3,12360.934600512559,12479.735372635709
1022,P4,12479.735372635709,12689.990008705015
1022,P7,12689.990008705015,12771.025476093764
1023,P1,12267.8374722451,12363.267439639176
1023,P2,12363.267439639176,12480.359756986738
1023,P3,12480.359756986738,12659.64265293714
1023,P4,12659.64265293714,12945.949497039626
1023,P5,12945.949497039626,13128.553474847751
1023,P6,13128.553474847751,13265.828215585781
1024,P2,12269.023443088834,12361.703380590077
1024,P3,12361.703380590077,12481.759425188315
1024,P4,12481.759425188315,12680.369000267796
1024,P6,12680.369000267796,12757.07643671976
1025,P3,12280.048266699543,12464.874416409351
1025,P4,12464.874416409351,12737.599812176506
1025,P7,12737.599812176506,12856.076440742132
1026,P1,12288.163264474455,12380.642760143473
1026,P2,12380.642760143473,12506.1614297108
1026,P3,12506.1614297108,12689.422469291494
1026,P4,12689.422469291494,12943.146116716618
1026,P6,12943.146116716618,13072.742610872609
1027,P1,12288.520214530081,12368.729031381004
1027,P2,12368.729031381004,12472.348895020952
1027,P3,12472.348895020952,12619.77981801728
1027,P5,12619.77981801728,12734.106620362534
1027,P6,12734.106620362534,12849.75910018186
1027,P7,12849.75910018186,12940.847754918852
1028,P1,12289.004255061593,12343.339347262807
1028,P2,12343.339347262807,12443.460746116296
1028,P3,12443.460746116296,12537.679618421007
1028,P4,12537.679618421007,12704.721411970286
1028,P5,12704.721411970286,12821.218676221933
1029,P1,12297.3750165201,12373.15126203233
1029,P2,12373.15126203233,12484.431805802595
1029,P3,12484.431805802595,12636.509857804194
1029,P4,12636.509857804194,12855.557851929865
1029,P5,12855.557851929865,13133.285747193428
1030,P2,12319.078201784434,12407.269008416699
1030,P3,12407.269008416699,12526.265726383082
1030,P4,12526.265726383082,12740.57207471848
1030,P7,12740.57207471848,12832.462350057487
1031,P3,12334.291539473637,12497.648288830256
1031,P5,12497.648288830256,12605.717573261894
1031,P6,12605.717573261894,12739.577541865508
1032,P1,12335.245690930207,12386.106410096101
1032,P2,12386.106410096101,12472.990742576967
1032,P3,12472.990742576967,12573.82784580353
1032,P4,12573.82784580353,12766.991454511919
1032,P5,12766.991454511919,12874.65060348328
1033,P2,12349.03887536483,12450.19183586984
1033,P3,12450.19183586984,12563.463637217916
1033,P4,12563.463637217916,12752.03716075332
1033,P7,12752.03716075332,12835.153343488873
1034,P3,12357.004386597453,12562.085087366195
1034,P4,12562.085087366195,12865.576201135467
1034,P7,12865.576201135467,12981.608851575778
1035,P1,12363.810046723907,12458.616859069865
1035,P2,12458.616859069865,12592.799196531443
1035,P3,12592.799196531443,12772.377204833145
1035,P4,12772.377204833145,13010.817853359747
1035,P6,13010.817853359747,13140.50713452857
1036,P1,12369.353192031078,12477.070395667295
1036,P2,12477.070395667295,12635.750573204756
1036,P3,12635.750573204756,12865.376865961443
1036,P4,12865.376865961443,13148.599632021076
1036,P6,13148.599632021076,13325.172864650945
1037,P1,12392.206837839014,12474.761158201025
1037,P2,12474.761158201025,12595.049792303842
1037,P3,12595.049792303842,12729.256279171115
1037,P5,12729.256279171115,12927.309035056895
1038,P2,12393.077780104273,12474.161050538401
1038,P3,12474.161050538401,12607.611355111352
1038,P4,12607.611355111352,12832.848944459445
1038,P5,12832.848944459445,12937.69480126087
1038,P6,12937.69480126087,13031.571157716879
1038,P7,13031.571157716879,13123.646231620945
1039,P1,12394.354583892875,12506.919142930468
1039,P2,12506.919142930468,12682.029881116146
1039,P3,12682.029881116146,12884.385986451298
1039,P5,12884.385986451298,13081.195027157877
1039,P6,13081.195027157877,13247.951713405531
1040,P3,12395.53402013572,12570.160084962183
1040,P4,12570.160084962183,12794.581467639966
1040,P6,12794.581467639966,12900.696985924043
1041,P1,12423.809717868644,12498.78135078245
1041,P2,12498.78135078245,12603.653597528171
1041,P3,12603.653597528171,12742.679006886945
1041,P4,12742.679006886945,12950.192279291234
1041,P7,12950.192279291234,13045.850844238867
1042,P1,12462.574292001545,12573.451310234388
1042,P2,12573.451310234388,12723.94150657226
1042,P3,12723.94150657226,12877.272848214057
1042,P4,12877.272848214057,13145.613665790115
1042,P6,13145.613665790115,13300.511693117374
1043,P3,12464.244566222806,12574.330723117553
1043,P5,12574.330723117553,12688.159618166681
1044,P2,12481.940710971741,12660.37855800669
1044,P3,12660.37855800669,12908.098367599132
1044,P5,12908.098367599132,13117.529660774037
1044,P6,13117.529660774037,13282.109669252986
1045,P1,12491.865097233478,12565.112229894601
1045,P2,12565.112229894601,12683.480706892422
1045,P3,12683.480706892422,12842.995626890224
1045,P5,12842.995626890224,12947.253206603293
1045,P6,12947.253206603293,13039.130224186027
1046,P1,12495.440934374561,12600.732748709363
1046,P2,12600.732748709363,12714.03128846643
1046,P3,12714.03128846643,12881.777289203072
1046,P4,12881.777289203072,13173.465726729497
1046,P5,13173.465726729497,13326.092555862579
1046,P6,13326.092555862579,13426.595603016607
1047,P1,12569.169006348175,12635.902523905534
1047,P2,12635.902523905534,12726.557286514566
1047,P3,12726.557286514566,12830.218129788567
1047,P4,12830.218129788567,13015.536554670029
1047,P5,13015.536554670029,13149.239735169343
1047,P6,13149.239735169343,13243.80561404839
1048,P1,12583.99436981474,12688.03332940283
1048,P2,12688.03332940283,12842.698663636202
1048,P3,12842.698663636202,13114.201376404866
1048,P5,13114.201376404866,13279.933206009104
1049,P1,12590.126860187627,12679.641082103235
1049,P2,12679.641082103235,12863.997077553218
1049,P3,12863.997077553218,13014.640258649075
1049,P4,13014.640258649075,13281.36293534999
1049,P6,13281.36293534999,13408.423454471422
1050,P1,12593.693388059488,12765.808389630776
1050,P2,12765.808389630776,12944.034242672638
1050,P3,12944.034242672638,13175.782235249642
1050,P4,13175.782235249642,13565.554725162056
1050,P5,13565.554725162056,13827.822080899428
1050,P6,13827.822080899428,14044.536439453088
1051,P1,12593.882013920234,12662.832120272116
1051,P2,12662.832120272116,12743.572699444325
1051,P3,12743.572699444325,12862.600437026507
1051,P5,12862.600437026507,12980.726588013487
1051,P6,12980.726588013487,13067.402838821672
1052,P2,12600.071168178363,12732.068805293728
1052,P3,12732.068805293728,12863.068738760852
1052,P4,12863.068738760852,13088.057180746555
1052,P6,13088.057180746555,13200.476286471641
1052,P7,13200.476286471641,13293.329342573887
1053,P2,12601.212466378785,12730.350160357712
1053,P3,12730.350160357712,12930.533113637981
1053,P5,12930.533113637981,13133.597738244185
1053,P6,13133.597738244185,13284.955909342645
1054,P2,12601.549631844167,12735.890549207064
1054,P3,12735.890549207064,12926.40704460143
1054,P4,12926.40704460143,13276.108625917039
1054,P7,13276.108625917039,13409.521189481791
1055,P3,12624.635480610517,12814.147625933367
1055,P4,12814.147625933367,13149.867463272492
1055,P6,13149.867463272492,13283.1777853727
1056,P2,12648.466566875544,12741.03797780515
1056,P3,12741.03797780515,12859.207731989447
1056,P5,12859.207731989447,12963.99220940718
1056,P6,12963.99220940718,13059.80705166833
1057,P2,12658.590427089026,12782.705912809908
1057,P3,12782.705912809908,12924.366693166017
1057,P5,12924.366693166017,13053.998709663922
1057,P6,13053.998709663922,13157.130086011468
1058,P1,12660.480350031532,12781.05871070209
1058,P2,12781.05871070209,12888.29322098758
1058,P3,12888.29322098758,13040.090659041065
1058,P5,13040.090659041065,13166.623601468598
1059,P1,12677.476321838767,12786.616720363183
1059,P2,12786.616720363183,12915.594923178276
1059,P3,12915.594923178276,13120.236626456342
1059,P4,13120.236626456342,13382.36472906013
1059,P6,13382.36472906013,13528.419429713886
1060,P1,12686.91914761733,12764.494378169
1060,P2,12764.494378169,12855.67468952066
1060,P3,12855.67468952066,12968.838282715826
1060,P5,12968.838282715826,13123.340499361617
1061,P2,12731.698243682167,12844.212322538022
1061,P3,12844.212322538022,12992.381657392149
1061,P5,12992.381657392149,13132.039180124106
1061,P6,13132.039180124106,13271.956852433497
1062,P3,12741.826456891593,12909.127813327217
1062,P5,12909.127813327217,13056.85948533037
1062,P6,13056.85948533037,13188.732343960677
1063,P1,12764.20156882139,12883.939714772774
1063,P2,12883.939714772774,13062.005088006048
1063,P3,13062.005088006048,13245.124188617274
1063,P4,13245.124188617274,13566.977778227947
1063,P6,13566.977778227947,13693.372960657965
1064,P1,12766.428895274916,12868.586544476602
1064,P2,12868.586544476602,13008.770390456035
1064,P3,13008.770390456035,13214.093834308187
1064,P5,13214.093834308187,13381.648406344522
1064,P6,13381.648406344522,13530.001119967239
1064,P7,13530.001119967239,13647.37766373604
1065,P1,12781.023674227825,12841.801123315157
1065,P2,12841.801123315157,12932.9230028299
1065,P3,12932.9230028299,13053.808468700858
1065,P5,13053.808468700858,13160.19549552019
1065,P6,13160.19549552019,13232.252231759774
1066,P1,12787.039131920352,12883.73758887447
1066,P2,12883.73758887447,12991.00092537701
1066,P3,12991.00092537701,13124.293779817193
1066,P5,13124.293779817193,13271.753482451788
1067,P1,12811.05247212572,12894.965238972012
1067,P2,12894.965238972012,12994.476222204768
1067,P3,12994.476222204768,13182.076914080988
1067,P4,13182.076914080988,13433.50771270334
1067,P6,13433.50771270334,13574.590461275819
1068,P1,12816.280182494815,12904.783876640939
1068,P2,12904.783876640939,13076.58490294433
1068,P3,13076.58490294433,13236.300411870727
1068,P4,13236.300411870727,13505.320548056081
1068,P6,13505.320548056081,13622.275146345175
1068,P7,13622.275146345175,13731.795576323375
1069,P3,12827.411868650757,12966.736710366158
1069,P4,12966.736710366158,13199.962179162538
1069,P7,13199.962179162538,13295.37248749601
1070,P3,12840.15263407076,13055.279386644992
1070,P5,13055.279386644992,13278.44377523475
1071,P1,12851.8227314975,12953.230368745815
1071,P2,12953.230368745815,13067.982249683897
1071,P3,13067.982249683897,13210.686201163946
1071,P5,13210.686201163946,13352.664546889187
1071,P6,13352.664546889187,13449.722914226568
1072,P1,12859.646681322763,12988.919218758932
1072,P2,12988.919218758932,13101.36226002482
1072,P3,13101.36226002482,13241.436231508686
1072,P4,13241.436231508686,13488.206759988572
1072,P7,13488.206759988572,13601.628037069531
1073,P1,12860.944147039647,12926.937869933856
1073,P2,12926.937869933856,13020.562908786218
1073,P3,13020.562908786218,13159.04337011001
1073,P4,13159.04337011001,13359.079052132078
1073,P6,13359.079052132078,13453.573928578247
1074,P3,12865.63161164923,13006.57859803193
1074,P4,13006.57859803193,13198.73459201309
1074,P7,13198.73459201309,13279.500088142555
1075,P2,12897.142291925235,13048.78536653487
1075,P3,13048.78536653487,13263.16397844614
1075,P4,13263.16397844614,13606.710510874711
1075,P7,13606.710510874711,13756.556495865114
1076,P1,12904.157986900276,12972.843182918867
1076,P2,12972.843182918867,13067.848587564804
1076,P3,13067.848587564804,13171.605624641492
1076,P5,13171.605624641492,13272.570049788092
1076,P6,13272.570049788092,13358.845874755134
1077,P3,12904.715114492641,13085.874243669303
1077,P4,13085.874243669303,13322.437426350383
1077,P6,13322.437426350383,13463.97859601044
1078,P2,12916.753902331131,13069.894504976794
1078,P3,13069.894504976794,13285.93521827131
1078,P4,13285.93521827131,13603.726637932776
1078,P5,13603.726637932776,13812.027764229884
1078,P6,13812.027764229884,14008.16042885971
1079,P1,12917.280944111404,13036.108235352052
1079,P2,13036.108235352052,13174.691778157645
1079,P3,13174.691778157645,13343.756372428501
1079,P4,13343.756372428501,13719.224375738933
1079,P5,13719.224375738933,13917.040866320885
1079,P6,13917.040866320885,14058.008952085574
1080,P3,12921.151676458949,13097.111722119998
1080,P4,13097.111722119998,13351.023600182172
1080,P7,13351.023600182172,13446.20442723273
1081,P1,12936.478282006115,13009.000809728352
1081,P2,13009.000809728352,13079.134107146467
1081,P3,13079.134107146467,13201.283796726439
1081,P4,13201.283796726439,13406.044614718217
1081,P7,13406.044614718217,13482.595768386296
1082,P1,12983.642691356714,13072.797581993475
1082,P2,13072.797581993475,13182.26116100152
1082,P3,13182.26116100152,13356.998066617532
1082,P4,13356.998066617532,13659.718861708763
1082,P5,13659.718861708763,13781.328822083993
1082,P6,13781.328822083993,13912.356422676401
1083,P3,12996.77715675694,13129.09203659218
1083,P4,13129.09203659218,13362.858754235358
1083,P6,13362.858754235358,13502.446568745941
1083,P7,13502.446568745941,13619.603947367848
1084,P1,12997.47451023132,13073.122597426325
1084,P2,13073.122597426325,13157.385932840703
1084,P3,13157.385932840703,13295.606462129923
1084,P4,13295.606462129923,13504.17763419269
1084,P6,13504.17763419269,13610.290634268173
1085,P3,12998.205272557687,13183.079740562414
1085,P5,13183.079740562414,13318.991319438212
1086,P3,13007.921356282364,13295.416434451348
1086,P5,13295.416434451348,13477.899032604319
1087,P1,13017.215388643775,13102.523429695633
1087,P2,13102.523429695633,13244.098375017693
1087,P3,13244.098375017693,13417.762951162633
1087,P5,13417.762951162633,13591.14432297112
1088,P1,13062.043107496922,13125.943861784184
1088,P2,13125.943861784184,13206.160080050991
1088,P3,13206.160080050991,13300.820400389208
1088,P4,13300.820400389208,13471.865060058908
1088,P5,13471.865060058908,13573.803674385952
1088,P6,13573.803674385952,13662.39737946068
1089,P1,13062.292159049495,13141.119775615145
1089,P2,13141.119775615145,13251.659651420778
1089,P3,13251.659651420778,13373.763658804164
1089,P5,13373.763658804164,13522.280035694668
1090,P1,13083.561946189542,13158.000171720707
1090,P2,13158.000171720707,13257.787014576406
1090,P3,13257.787014576406,13372.743382755058
1090,P4,13372.743382755058,13570.384907073718
1090,P7,13570.384907073718,13668.031581830803
1091,P1,13090.533327690458,13212.983242198365
1091,P2,13212.983242198365,13339.872482710161
1091,P3,13339.872482710161,13504.106950297291
1091,P4,13504.106950297291,13722.875242623832
1091,P7,13722.875242623832,13827.63608756735
1092,P2,13097.552311747439,13201.582050802062
1092,P3,13201.582050802062,13322.148405948576
1092,P4,13322.148405948576,13524.559396110533
1092,P5,13524.559396110533,13651.857665254773
1092,P6,13651.857665254773,13846.291745929679
1093,P2,13108.707506667635,13270.986079431957
1093,P3,13270.986079431957,13446.053420994695
1093,P4,13446.053420994695,13722.262365704064
1093,P6,13722.262365704064,13871.364595089562
1094,P2,13113.190470684747,13298.749632003528
1094,P3,13298.749632003528,13521.281212583728
1094,P4,13521.281212583728,13939.909755408808
1094,P7,13939.909755408808,14116.05269590432
1095,P1,13141.19151564381,13211.004865898965
1095,P2,13211.004865898965,13296.913265521567
1095,P3,13296.913265521567,13406.342457424757
1095,P4,13406.342457424757,13611.892557572712
1095,P5,13611.892557572712,13707.31299945957
1096,P3,13142.47442767972,13359.272500324936
1096,P5,13359.272500324936,13515.284541040899
1096,P6,13515.284541040899,13650.935639014593
1097,P2,13180.302148111989,13269.693524067054
1097,P3,13269.693524067054,13386.03617163831
1097,P5,13386.03617163831,13511.262727940773
1097,P6,13511.262727940773,13622.639166745477
1097,P7,13622.639166745477,13714.732635140963
1098,P2,13190.570569981553,13263.095577895234
1098,P3,13263.095577895234,13388.252983532828
1098,P5,13388.252983532828,13485.981651132552
1098,P6,13485.981651132552,13565.055068949943
1098,P7,13565.055068949943,13627.933774779736
1099,P1,13195.411481349762,13287.953635238646
1099,P2,13287.953635238646,13388.160170074061
1099,P3,13388.160170074061,13503.146249867716
1099,P5,13503.146249867716,13615.791574369054
1099,P6,13615.791574369054,13703.822635400542
1100,P1,13202.617069860418,13292.822413163462
1100,P2,13292.822413163462,13404.819731610663
1100,P3,13404.819731610663,13552.052259972126
1100,P4,13552.052259972126,13793.798891161403
1100,P7,13793.798891161403,13917.956833517264
1101,P1,13209.662484744136,13324.622827996935
1101,P2,13324.622827996935,13477.092398887491
1101,P3,13477.092398887491,13629.434094319748
1101,P5,13629.434094319748,13772.289226645727
1101,P6,13772.289226645727,13904.151058597115
1102,P1,13225.56329542398,13321.755476002376
1102,P2,13321.755476002376,13452.348337474608
1102,P3,13452.348337474608,13646.923633600949
1102,P4,13646.923633600949,13909.86549336214
1102,P5,13909.86549336214,14130.844846582057
1102,P6,14130.844846582057,14266.600317377011
1103,P3,13230.629004998606,13397.833679667592
1103,P4,13397.833679667592,13731.339430917375
1103,P7,13731.339430917375,13846.472473595088
1104,P2,13231.053986841833,13334.684231834794
1104,P3,13334.684231834794,13467.207149251493
1104,P4,13467.207149251493,13696.470850857355
1104,P6,13696.470850857355,13792.14991790235
1105,P2,13257.588359139378,13370.472656841335
1105,P3,13370.472656841335,13519.603941631865
1105,P4,13519.603941631865,13750.62506203082
1105,P6,13750.62506203082,13881.35392153032
1106,P3,13261.974803819283,13371.802007751672
1106,P4,13371.802007751672,13550.655939630135
1106,P6,13550.655939630135,13634.062566357892
1107,P2,13263.22364105076,13381.082348466254
1107,P3,13381.082348466254,13535.088002658627
1107,P4,13535.088002658627,13795.613377591748
1107,P7,13795.613377591748,13881.427789351223
1108,P3,13274.675282231929,13502.266604172812
1108,P5,13502.266604172812,13778.759020662863
1109,P2,13302.479751741796,13407.433241350056
1109,P3,13407.433241350056,13565.055592691753
1109,P5,13565.055592691753,13700.175989462805
1109,P6,13700.175989462805,13801.337586259331
1110,P1,13303.792792778491,13455.814041516438
1110,P2,13455.814041516438,13611.810613802469
1110,P3,13611.810613802469,13819.12849985883
1110,P5,13819.12849985883,14025.146530600692
1110,P6,14025.146530600692,14199.050067098047
1111,P1,13315.704007966397,13434.958775748417
1111,P2,13434.958775748417,13573.041887620055
1111,P3,13573.041887620055,13759.72348364575
1111,P4,13759.72348364575,14117.236856459875
1111,P5,14117.236856459875,14307.884845196377
1112,P2,13317.24138209319,13409.38016409378
1112,P3,13409.38016409378,13538.185835646136
1112,P5,13538.185835646136,13665.45794334165
1112,P6,13665.45794334165,13744.982361201037
1113,P1,13317.722913860094,13400.450886194012
1113,P2,13400.450886194012,13517.90187742235
1113,P3,13517.90187742235,13656.678703801035
1113,P4,13656.678703801035,13891.082982695383
1113,P7,13891.082982695383,13987.785632350153
1114,P1,13321.72970462588,13429.638495932206
1114,P2,13429.638495932206,13548.727724873945
1114,P3,13548.727724873945,13755.193506601478
1114,P4,13755.193506601478,13966.105970612352
1114,P5,13966.105970612352,14089.164766862024
1114,P6,14089.164766862024,14186.554110461246
1115,P3,13345.415839419866,13492.561463726704
1115,P4,13492.561463726704,13725.314440235026
1115,P5,13725.314440235026,13865.281204325305
1116,P3,13355.430602457984,13522.83748531673
1116,P4,13522.83748531673,13844.326896357652
1116,P6,13844.326896357652,13992.492100285175
1117,P3,13356.90073449371,13568.28279595303
1117,P5,13568.28279595303,13696.482394912471
1118,P2,13360.254194480838,13503.40965931292
1118,P3,13503.40965931292,13728.794946459582
1118,P5,13728.794946459582,13940.73956982752
1119,P1,13397.538493283766,13516.990191713274
1119,P2,13516.990191713274,13637.562869776388
1119,P3,13637.562869776388,13852.474451268612
1119,P4,13852.474451268612,14175.080414847773
1119,P6,14175.080414847773,14311.181226545237
1120,P3,13409.801793937466,13560.146772627404
1120,P4,13560.146772627404,13788.957577956777
1120,P7,13788.957577956777,13884.140372574871
1121,P2,13433.771266750848,13558.980849803529
1121,P3,13558.980849803529,13718.442093947575
1121,P5,13718.442093947575,13897.198576300461
1122,P2,13435.534391043042,13546.686458658478
1122,P3,13546.686458658478,13703.274043533529
1122,P5,13703.274043533529,13829.161347616475
1123,P3,13469.491721757524,13625.014151238394
1123,P5,13625.014151238394,13759.170639721591
1123,P6,13759.170639721591,13864.155088215224
1123,P7,13864.155088215224,13987.006356403284
1124,P1,13477.499991874452,13590.206724770956
1124,P2,13590.206724770956,13716.753402417491
1124,P3,13716.753402417491,13884.496440348983
1124,P5,13884.496440348983,14075.290803203605
1124,P6,14075.290803203605,14213.467988515502
1125,P1,13477.533446889014,13607.563450491278
1125,P2,13607.563450491278,13764.653338604072
1125,P3,13764.653338604072,13937.291345988155
1125,P5,13937.291345988155,14066.723297826567
1125,P6,14066.723297826567,14199.625067555637
1126,P1,13479.027408705071,13563.286271992833
1126,P2,13563.286271992833,13702.974877519504
1126,P3,13702.974877519504,13858.831674091301
1126,P4,13858.831674091301,14112.34686436989
1126,P6,14112.34686436989,14257.570258778564
1127,P1,13480.235472610715,13673.873614768827
1127,P2,13673.873614768827,13834.38661942125
1127,P3,13834.38661942125,14037.693574618
1127,P4,14037.693574618,14369.993730342198
1127,P5,14369.993730342198,14572.359062247533
1127,P6,14572.359062247533,14783.925477822891
1128,P3,13480.415810473856,13656.382483187395
1128,P4,13656.382483187395,13999.839103136497
1128,P7,13999.839103136497,14142.433867313404
1129,P1,13490.10936768642,13569.764615232403
1129,P2,13569.764615232403,13668.03396074056
1129,P3,13668.03396074056,13780.859452789586
1129,P4,13780.859452789586,13993.111201936676
1129,P7,13993.111201936676,14086.435513202965
1130,P3,13504.700951639754,13747.180026868718
1130,P4,13747.180026868718,14069.143536547948
1130,P5,14069.143536547948,14320.896057985387
1131,P3,13536.273755628212,13696.08667827736
1131,P5,13696.08667827736,13837.94500298591
1132,P1,13544.559499615465,13644.061307771177
1132,P2,13644.061307771177,13759.095167984357
1132,P3,13759.095167984357,13913.497693701529
1132,P5,13913.497693701529,14080.88039434476
1133,P1,13558.159537028625,13658.015136532988
1133,P2,13658.015136532988,13814.964168579192
1133,P3,13814.964168579192,13970.389762845089
1133,P4,13970.389762845089,14287.241251040808
1133,P6,14287.241251040808,14417.279132942627
1134,P3,13622.752131236568,13746.858373573426
1134,P4,13746.858373573426,13949.0884507902
1134,P5,13949.0884507902,14112.821063346604
1134,P6,14112.821063346604,14210.66504715299
1134,P7,14210.66504715299,14297.66406527472
1135,P3,13622.789704569555,13728.503618793859
1135,P4,13728.503618793859,13957.098395058525
1135,P7,13957.098395058525,14055.620784038452
1136,P3,13644.512635190289,13783.209639246696
1136,P4,13783.209639246696,13979.419555368133
1136,P5,13979.419555368133,14090.54959692806
1136,P6,14090.54959692806,14208.01022693423
1137,P3,13663.554144700902,13784.95221965036
1137,P4,13784.95221965036,14036.47068292088
1137,P6,14036.47068292088,14158.420980674735
1138,P1,13680.879762591894,13830.805929082371
1138,P2,13830.805929082371,14039.043588476477
1138,P3,14039.043588476477,14216.673670044525
1138,P4,14216.673670044525,14514.473635304326
1138,P5,14514.473635304326,14680.346340864751
1139,P1,13697.203104055312,13765.670445279298
1139,P2,13765.670445279298,13847.147436794512
1139,P3,13847.147436794512,13969.028153314097
1139,P4,13969.028153314097,14152.349245800384
1139,P7,14152.349245800384,14222.151610200766
1140,P1,13712.39590817784,13824.954913907724
1140,P2,13824.954913907724,13994.986004034958
1140,P3,13994.986004034958,14230.906649501796
1140,P4,14230.906649501796,14568.71040845241
1140,P6,14568.71040845241,14738.21600744438
1141,P1,13721.751289004327,13886.71128317366
1141,P2,13886.71128317366,14013.338541287007
1141,P3,14013.338541287007,14259.606711826878
1141,P4,14259.606711826878,14535.883948580873
1141,P7,14535.883948580873,14651.56153937795
1142,P1,13722.083546192147,13789.931063970707
1142,P2,13789.931063970707,13861.165376879355
1142,P3,13861.165376879355,13965.111582410549
1142,P4,13965.111582410549,14095.045693493352
1142,P7,14095.045693493352,14159.113119685975
1143,P1,13723.187511858932,13793.37925196088
1143,P2,13793.37925196088,13889.287749963585
1143,P3,13889.287749963585,14013.473059931795
1143,P4,14013.473059931795,14236.35412679975
1143,P7,14236.35412679975,14331.44721362078
1144,P3,13726.159558634721,13876.4463184848
1144,P4,13876.4463184848,14112.065422992517
1144,P7,14112.065422992517,14196.887497019172
1145,P1,13750.53684272363,13837.492841007306
1145,P2,13837.492841007306,13959.908404913522
1145,P3,13959.908404913522,14110.504948817565
1145,P4,14110.504948817565,14358.536061178127
1145,P5,14358.536061178127,14487.495672719633
1146,P2,13757.031765904478,13887.053206414173
1146,P3,13887.053206414173,14078.00599418376
1146,P5,14078.00599418376,14259.476062893831
1146,P6,14259.476062893831,14434.965358582536
1147,P3,13760.974901476367,13915.992976123905
1147,P5,13915.992976123905,14077.144995911587
1148,P3,13801.380204974002,13967.019641264704
1148,P5,13967.019641264704,14184.074094281394
1149,P1,13803.252670676813,13927.799838433551
1149,P2,13927.799838433551,14062.970570639114
1149,P3,14062.970570639114,14247.000433957544
1149,P4,14247.000433957544,14541.467999152503
1149,P6,14541.467999152503,14690.890681534998
1150,P1,13807.875541090758,13901.09283878144
1150,P2,13901.09283878144,14040.52028717518
1150,P3,14040.52028717518,14211.219088061061
1150,P5,14211.219088061061,14383.912454103822
1151,P2,13812.613528961892,13912.92051561272
1151,P3,13912.92051561272,14041.668817724263
1151,P5,14041.668817724263,14169.022735849594
1151,P6,14169.022735849594,14283.780138501248
1152,P1,13814.385805952761,13882.1849292126
1152,P2,13882.1849292126,13975.960471579201
1152,P3,13975.960471579201,14110.277819733477
1152,P4,14110.277819733477,14314.337918903657
1152,P6,14314.337918903657,14458.572254304956
1153,P3,13820.753121540773,14062.961815042021
1153,P4,14062.961815042021,14414.46941664214
1153,P5,14414.46941664214,14607.935287441913
1153,P6,14607.935287441913,14767.828287615896
1154,P1,13846.314665390868,13921.882626639446
1154,P2,13921.882626639446,14054.144847524185
1154,P3,14054.144847524185,14201.832909763554
1154,P4,14201.832909763554,14443.879621969812
1154,P6,14443.879621969812,14690.006021266548
1155,P3,13851.32636951301,14049.894680997915
1155,P4,14049.894680997915,14339.4837108151
1155,P6,14339.4837108151,14524.809503780221
1156,P1,13870.241619111066,13946.173633846012
1156,P2,13946.173633846012,14059.104966139737
1156,P3,14059.104966139737,14195.228203123454
1156,P4,14195.228203123454,14436.569864078461
1156,P6,14436.569864078461,14583.735001785157
1156,P7,14583.735001785157,14673.533009925464
1157,P1,13913.739534861817,14034.267329239252
1157,P2,14034.267329239252,14153.612899315316
1157,P3,14153.612899315316,14355.545450854319
1157,P4,14355.545450854319,14675.787660476708
1157,P5,14675.787660476708,14830.075296602039
1157,P6,14830.075296602039,14956.32261660272
1158,P3,13932.140147052623,14076.920940806656
1158,P5,14076.920940806656,14190.27182788515
1158,P6,14190.27182788515,14309.224765167768
1159,P1,13956.139833807223,14067.099871618706
1159,P2,14067.099871618706,14184.655796443674
1159,P3,14184.655796443674,14305.23955452091
1159,P4,14305.23955452091,14542.862378562051
1159,P7,14542.862378562051,14656.672473372964
1160,P2,13965.3376805602,14091.440821221628
1160,P3,14091.440821221628,14249.688168509256
1160,P5,14249.688168509256,14426.231635384578
1161,P2,13978.051551286608,14107.528075799044
1161,P3,14107.528075799044,14257.045383025315
1161,P4,14257.045383025315,14531.219555975751
1161,P6,14531.219555975751,14645.650854055495
1162,P3,13994.30053527793,14129.19305778456
1162,P5,14129.19305778456,14300.155006516097
1163,P3,14048.577299928955,14201.792175454935
1163,P4,14201.792175454935,14437.36539192171
1163,P6,14437.36539192171,14564.116793797797
1164,P2,14048.961863569286,14132.31067561999
1164,P3,14132.31067561999,14240.14279110753
1164,P4,14240.14279110753,14444.73803277271
1164,P5,14444.73803277271,14533.103227213625
1165,P3,14056.248825960593,14190.570085100611
1165,P5,14190.570085100611,14318.380373011254
1166,P1,14063.962726318885,14134.18525210896
1166,P2,14134.18525210896,14232.983795811957
1166,P3,14232.983795811957,14398.786575673144
1166,P4,14398.786575673144,14625.197960124651
1166,P5,14625.197960124651,14786.573611446918
1167,P2,14082.0044986633,14163.614775154412
1167,P3,14163.614775154412,14273.000646950617
1167,P5,14273.000646950617,14393.16173346257
1167,P6,14393.16173346257,14494.90655302293
1168,P1,14086.143803009683,14216.112533766925
1168,P2,14216.112533766925,14390.078741012261
1168,P3,14390.078741012261,14602.394383003773
1168,P5,14602.394383003773,14778.4624365869
1168,P6,14778.4624365869,14934.100078763784
1169,P2,14100.834725384826,14204.601477271837
1169,P3,14204.601477271837,14325.652037059372
1169,P5,14325.652037059372,14452.71705183829
1169,P6,14452.71705183829,14547.142493936082
1170,P1,14105.817800446936,14198.218709857105
1170,P2,14198.218709857105,14301.19047826782
1170,P3,14301.19047826782,14485.969411838252
1170,P4,14485.969411838252,14753.418050049568
1170,P5,14753.418050049568,14892.274248813323
1171,P1,14112.391385580371,14214.783293662238
1171,P2,14214.783293662238,14332.189671035054
1171,P3,14332.189671035054,14514.353227148302
1171,P4,14514.353227148302,14753.356809881894
1171,P5,14753.356809881894,14881.877780026802
1171,P6,14881.877780026802,15016.996721489846
1172,P1,14114.948902541018,14190.434242424519
1172,P2,14190.434242424519,14269.455819945646
1172,P3,14269.455819945646,14396.079802216762
1172,P4,14396.079802216762,14569.514144786475
1172,P6,14569.514144786475,14642.37002231181
1173,P2,14123.824495675693,14258.708578072805
1173,P3,14258.708578072805,14447.087411285564
1173,P4,14447.087411285564,14762.844700340922
1173,P6,14762.844700340922,14904.647946186256
1174,P3,14138.00564461251,14305.409193435346
1174,P4,14305.409193435346,14604.642027020824
1174,P6,14604.642027020824,14794.915735774524
1175,P1,14146.080236705267,14234.481125824912
1175,P2,14234.481125824912,14351.808356704953
1175,P3,14351.808356704953,14510.003629237932
1175,P4,14510.003629237932,14762.283708869058
1175,P7,14762.283708869058,14841.844772131733
1176,P1,14161.205894298302,14406.883606192212
1176,P2,14406.883606192212,14493.274178988177
1176,P3,14493.274178988177,14617.469045371825
1176,P5,14617.469045371825,14731.658080298674
1177,P3,14177.787958810859,14298.705876336842
1177,P5,14298.705876336842,14416.730846151642
1178,P3,14177.924372615395,14321.333540135005
1178,P4,14321.333540135005,14669.037591762724
1178,P5,14669.037591762724,14791.933314729884
1178,P6,14791.933314729884,14908.544627088304
1179,P3,14178.953284094068,14387.119347320193
1179,P5,14387.119347320193,14578.61855440861
1179,P6,14578.61855440861,14742.559426747835
1180,P2,14191.778440726937,14356.606548613605
1180,P3,14356.606548613605,14532.94554957452
1180,P5,14532.94554957452,14685.978477626843
1180,P6,14685.978477626843,14835.336130402997
1181,P3,14207.494246910237,14355.170195153785
1181,P5,14355.170195153785,14518.98250620814
1181,P6,14518.98250620814,14618.75224507861
1182,P1,14235.896138681903,14354.076345958487
1182,P2,14354.076345958487,14451.329441667525
1182,P3,14451.329441667525,14578.832835499063
1182,P5,14578.832835499063,14701.680218615982
1182,P6,14701.680218615982,14821.315373358273
1183,P3,14243.515238643919,14369.966580183502
1183,P4,14369.966580183502,14602.992695748524
1183,P5,14602.992695748524,14706.118156080358
1183,P6,14706.118156080358,14823.752847640064
1184,P1,14260.631966298324,14375.860055221021
1184,P2,14375.860055221021,14512.34529387512
1184,P3,14512.34529387512,14763.412892939157
1184,P4,14763.412892939157,15062.561166869393
1184,P6,15062.561166869393,15214.907775657955
1185,P1,14261.593785990946,14362.876711632547
1185,P2,14362.876711632547,14573.35777598479
1185,P3,14573.35777598479,14748.95327521475
1185,P4,14748.95327521475,14987.590659062806
1185,P6,14987.590659062806,15124.721203457695
1186,P3,14281.552453373433,14479.922739804584
1186,P4,14479.922739804584,14893.831659482088
1186,P6,14893.831659482088,15073.306179255544
1187,P3,14282.031117565846,14475.105429112498
1187,P4,14475.105429112498,14722.689716651837
1187,P5,14722.689716651837,14896.35306133902
1188,P2,14285.40487960399,14357.705167464013
1188,P3,14357.705167464013,14482.787164181636
1188,P4,14482.787164181636,14717.604258745863
1188,P5,14717.604258745863,14833.06086886889
1188,P6,14833.06086886889,14930.70105453724
1188,P7,14930.70105453724,15031.67122867504
1189,P2,14290.208122404054,14428.402427287225
1189,P3,14428.402427287225,14613.398136990754
1189,P5,14613.398136990754,14777.71026403858
1189,P6,14777.71026403858,14891.65475847718
1190,P1,14300.417979799295,14379.969258175237
1190,P2,14379.969258175237,14472.336170018727
1190,P3,14472.336170018727,14605.080561717057
1190,P5,14605.080561717057,14718.903314239586
1190,P6,14718.903314239586,14830.067480261625
1191,P1,14304.506377120964,14396.163100941236
1191,P2,14396.163100941236,14532.615183539425
1191,P3,14532.615183539425,14730.161117296064
1191,P4,14730.161117296064,15015.637536691682
1191,P7,15015.637536691682,15190.069701746857
1192,P2,14323.705184664357,14431.763827390807
1192,P3,14431.763827390807,14604.906859762084
1192,P4,14604.906859762084,14871.384802744644
1192,P6,14871.384802744644,14992.815374283764
1193,P3,14334.688405204375,14511.979914437534
1193,P5,14511.979914437534,14685.030700747106
1193,P6,14685.030700747106,14809.264907688466
1194,P1,14357.299072861051,14444.97349962021
1194,P2,14444.97349962021,14556.157485873995
1194,P3,14556.157485873995,14676.143256728305
1194,P4,14676.143256728305,14910.803722897497
1194,P5,14910.803722897497,15040.998101644891
1194,P6,15040.998101644891,15200.845127188442
1194,P7,15200.845127188442,15311.94123644875
1195,P3,14365.152536586007,14594.665821506795
1195,P4,14594.665821506795,14901.598147694041
1195,P6,14901.598147694041,15078.687180390601
1196,P3,14379.977016171588,14539.109277262107
1196,P4,14539.109277262107,14785.832965934858
1196,P6,14785.832965934858,14921.533664376493
1197,P3,14381.904528961413,14595.241324037454
1197,P5,14595.241324037454,14716.222795356049
1197,P6,14716.222795356049,14845.638087332469
1198,P3,14387.108118829037,14550.715448430134
1198,P4,14550.715448430134,14873.812387025153
1198,P7,14873.812387025153,14975.699598702222
1199,P2,14391.675492828304,14498.900456748072
1199,P3,14498.900456748072,14644.531172604064
1199,P4,14644.531172604064,14888.856230164114
1199,P6,14888.856230164114,15000.197744811834
