incident_id,person_id,in_hidden
0,2,0
0,4,0
0,8,0
0,12,0
0,14,0
0,15,0
0,18,0
0,19,0
0,20,0
0,23,0
0,24,0
0,26,0
0,27,0
0,28,0
0,34,0
0,35,0
0,37,0
0,38,0
0,39,0
0,40,0
0,41,0
0,42,0
0,43,0
0,44,0
0,46,0
0,47,0
0,48,0
0,49,0
0,50,0
0,52,0
0,53,0
0,54,0
0,55,0
0,56,0
0,57,0
0,59,0
0,60,0
0,62,1
0,63,0
0,64,0
0,65,0
0,66,0
0,68,0
0,69,0
0,70,0
0,71,0
0,72,0
0,73,0
0,74,0
0,75,0
0,76,0
0,77,0
0,78,0
0,79,0
0,80,0
0,81,1
0,82,0
0,83,0
0,84,0
0,85,0
0,86,0
0,87,0
0,88,1
0,89,0
0,90,0
0,91,0
0,92,0
0,93,1
0,94,0
0,95,1
0,96,0
0,97,1
0,98,0
0,99,0
0,100,0
0,101,0
0,102,0
0,103,0
0,104,1
0,105,0
0,106,0
0,107,0
0,108,0
0,109,0
0,110,0
0,111,0
0,112,0
0,113,1
0,114,1
0,115,1
0,116,0
0,117,0
0,118,0
0,119,0
0,120,0
0,121,1
0,122,0
0,123,0
0,124,0
0,125,0
0,126,0
0,127,0
0,128,1
0,129,0
0,130,0
0,131,0
0,132,0
0,133,1
0,134,1
0,135,0
0,136,0
0,137,1
0,138,0
0,139,0
0,140,0
0,141,1
0,142,0
0,143,0
0,144,1
0,145,0
0,146,0
0,147,0
0,148,0
0,149,0
0,150,0
0,151,0
0,152,0
0,153,0
0,154,0
0,155,0
0,156,0
0,157,0
0,158,0
0,159,0
0,160,0
0,161,0
0,162,0
0,163,0
0,164,0
0,165,0
0,166,0
0,167,0
0,168,0
0,169,0
0,170,0
0,171,0
0,172,0
0,173,0
0,174,0
0,175,0
0,176,0
0,177,0
0,178,0
0,179,0
0,180,0
0,181,0
0,182,0
0,183,0
0,184,0
0,185,0
0,186,0
0,187,0
0,188,0
0,189,0
0,190,0
0,191,0
0,192,0
0,193,0
0,194,0
0,195,0
0,196,0
0,197,0
0,198,0
0,199,0
0,200,0
0,201,0
0,202,0
0,203,0
0,204,0
0,205,0
0,206,0
0,207,0
0,208,0
0,209,0
0,210,0
0,211,0
0,212,0
0,213,0
0,214,0
0,215,0
0,216,0
0,217,0
0,218,0
0,219,0
0,220,0
0,221,0
0,222,0
0,223,0
0,224,0
0,225,0
0,226,0
0,227,0
0,228,0
0,229,0
0,230,0
0,231,0
0,232,0
0,233,0
0,234,0
0,235,0
0,236,0
0,237,0
0,238,0
0,239,0
0,240,0
0,241,0
0,242,0
0,243,0
0,244,0
0,245,0
0,246,0
0,247,0
0,248,0
0,249,0
0,250,0
0,251,0
0,252,0
0,253,0
0,255,0
0,256,0
0,258,0
1,2,0
1,4,0
1,12,0
1,14,0
1,15,0
1,18,0
1,19,0
1,20,0
1,23,0
1,24,0
1,26,0
1,27,0
1,28,0
1,34,0
1,35,0
1,37,0
1,38,0
1,39,0
1,40,0
1,41,0
1,42,0
1,43,0
1,44,0
1,46,0
1,47,0
1,48,0
1,49,0
1,50,0
1,54,0
1,55,0
1,56,0
1,57,0
1,59,0
1,60,0
1,62,1
1,63,0
1,64,0
1,65,0
1,66,0
1,68,0
1,69,0
1,70,0
1,71,0
1,72,0
1,73,0
1,74,0
1,75,0
1,76,0
1,77,0
1,78,0
1,79,0
1,80,0
1,81,1
1,82,0
1,83,0
1,84,0
1,85,0
1,86,0
1,87,1
1,88,0
1,89,0
1,90,0
1,91,0
1,92,0
1,93,1
1,94,0
1,95,1
1,96,0
1,97,1
1,98,0
1,99,0
1,100,0
1,101,0
1,102,0
1,103,0
1,104,1
1,105,0
1,106,0
1,107,0
1,108,0
1,109,0
1,110,0
1,111,0
1,112,0
1,113,1
1,114,1
1,115,0
1,116,0
1,117,0
1,118,0
1,119,0
1,120,0
1,121,1
1,122,0
1,123,0
1,124,0
1,125,0
1,126,1
1,127,0
1,128,1
1,129,0
1,130,0
1,131,0
1,132,0
1,133,1
1,134,0
1,135,0
1,136,0
1,137,1
1,138,0
1,139,0
1,140,0
1,141,0
1,142,0
1,143,0
1,144,1
1,145,0
1,146,0
1,147,0
1,148,0
1,149,0
1,150,0
1,151,0
1,152,0
1,153,0
1,154,0
1,155,0
1,156,0
1,157,0
1,158,0
1,159,0
1,160,0
1,161,0
1,162,0
1,163,0
1,164,0
1,165,0
1,166,0
1,167,0
1,168,0
1,169,0
1,170,0
1,171,0
1,172,0
1,173,0
1,174,0
1,175,0
1,176,0
1,177,0
1,178,0
1,179,0
1,180,0
1,181,0
1,182,0
1,183,0
1,184,0
1,185,0
1,186,0
1,187,0
1,188,0
1,189,0
1,190,0
1,191,0
1,192,0
1,193,0
1,194,0
1,195,0
1,196,0
1,197,0
1,198,0
1,199,0
1,200,0
1,201,0
1,202,0
1,203,0
1,204,0
1,205,0
1,206,0
1,207,0
1,208,0
1,209,0
1,210,0
1,211,0
1,212,0
1,213,0
1,214,0
1,215,0
1,216,0
1,217,0
1,218,0
1,219,0
1,220,0
1,221,0
1,222,0
1,223,0
1,224,0
1,225,0
1,226,0
1,227,0
1,228,0
1,229,0
1,230,0
1,231,0
1,232,0
1,233,0
1,234,0
1,235,0
1,236,0
1,237,0
1,238,0
1,239,0
1,240,0
1,241,0
1,242,0
1,243,0
1,244,0
1,245,0
1,246,0
1,247,0
1,248,0
1,249,0
1,250,0
1,251,0
1,252,0
1,253,0
1,254,0
1,255,0
1,256,0
1,257,0
1,258,0
1,259,0
1,260,0
1,261,0
1,262,0
1,263,0
1,264,0
2,2,0
2,4,0
2,12,0
2,14,0
2,15,0
2,19,0
2,20,0
2,23,0
2,24,0
2,26,0
2,27,0
2,28,0
2,34,0
2,35,0
2,37,0
2,38,0
2,39,0
2,40,0
2,41,0
2,42,0
2,44,0
2,46,0
2,47,0
2,48,0
2,49,0
2,50,0
2,54,0
2,55,0
2,56,0
2,57,0
2,59,0
2,60,0
2,62,0
2,63,0
2,64,0
2,65,0
2,66,0
2,68,0
2,69,0
2,70,0
2,71,0
2,72,0
2,73,0
2,74,0
2,75,0
2,76,0
2,77,0
2,78,0
2,79,0
2,80,0
2,81,1
2,82,0
2,83,0
2,84,0
2,85,0
2,86,0
2,87,1
2,88,0
2,89,0
2,90,0
2,91,0
2,92,0
2,93,0
2,94,0
2,95,1
2,96,0
2,97,0
2,98,0
2,99,0
2,100,0
2,101,0
2,102,0
2,103,0
2,104,0
2,105,0
2,106,0
2,107,0
2,108,0
2,109,0
2,110,0
2,111,0
2,112,0
2,113,1
2,114,1
2,115,0
2,116,0
2,117,0
2,118,0
2,119,0
2,120,0
2,121,0
2,122,0
2,123,1
2,124,0
2,125,0
2,126,1
2,127,0
2,128,1
2,129,0
2,130,0
2,131,0
2,132,0
2,133,1
2,134,0
2,135,0
2,136,0
2,137,1
2,138,0
2,139,0
2,140,0
2,141,0
2,142,0
2,143,0
2,144,1
2,145,0
2,146,0
2,147,1
2,148,0
2,149,0
2,150,0
2,151,0
2,152,0
2,153,0
2,154,0
2,155,0
2,156,0
2,157,0
2,158,0
2,159,0
2,160,0
2,161,0
2,162,0
2,163,0
2,164,0
2,165,0
2,166,0
2,167,0
2,168,0
2,169,0
2,170,0
2,171,0
2,172,0
2,173,0
2,174,0
2,175,0
2,176,0
2,177,0
2,178,0
2,179,0
2,180,0
2,181,0
2,182,0
2,183,0
2,184,0
2,185,0
2,186,0
2,187,0
2,188,0
2,189,0
2,190,0
2,191,0
2,192,0
2,193,0
2,194,0
2,195,0
2,196,0
2,197,0
2,198,0
2,199,0
2,200,0
2,201,0
2,202,0
2,203,0
2,204,0
2,205,0
2,206,0
2,207,0
2,208,0
2,209,0
2,210,0
2,211,0
2,212,0
2,213,0
2,214,0
2,215,0
2,216,0
2,217,0
2,218,0
2,219,0
2,220,0
2,221,0
2,222,0
2,223,0
2,224,0
2,225,0
2,226,0
2,227,0
2,228,0
2,229,0
2,230,0
2,231,0
2,232,0
2,233,0
2,234,0
2,235,0
2,236,0
2,237,0
2,238,0
2,239,0
2,240,0
2,241,0
2,242,0
2,243,0
2,244,0
2,245,0
2,246,0
2,247,0
2,248,0
2,249,0
2,250,0
2,251,0
2,252,0
2,253,0
2,254,0
2,255,0
2,256,0
2,257,0
2,258,0
2,259,0
2,260,0
2,261,0
2,262,0
2,263,0
2,264,0
2,265,0
2,267,0
2,268,0
2,269,0
3,2,0
3,4,0
3,23,0
3,24,0
3,27,0
3,28,0
3,35,0
3,39,0
3,44,0
3,48,0
3,50,0
3,60,0
3,62,0
3,64,0
3,66,0
3,68,0
3,70,0
3,75,0
3,76,0
3,77,0
3,78,0
3,79,0
3,80,0
3,81,0
3,82,0
3,83,0
3,84,0
3,86,0
3,87,0
3,88,0
3,89,0
3,90,0
3,91,0
3,92,0
3,93,0
3,94,0
3,95,0
3,96,0
3,97,0
3,98,0
3,99,0
3,100,1
3,101,0
3,102,0
3,103,1
3,104,0
3,105,0
3,106,0
3,107,0
3,108,0
3,109,0
3,110,0
3,111,0
3,112,0
3,113,0
3,114,0
3,115,0
3,116,1
3,117,0
3,118,0
3,119,0
3,120,0
3,121,0
3,122,0
3,123,0
3,124,0
3,125,0
3,126,0
3,127,0
3,128,0
3,129,0
3,130,0
3,131,0
3,132,0
3,133,0
3,134,0
3,135,0
3,136,0
3,137,0
3,138,0
3,139,0
3,140,1
3,141,0
3,142,0
3,143,0
3,144,0
3,145,0
3,146,0
3,147,0
3,148,0
3,149,0
3,150,0
3,151,1
3,152,0
3,153,0
3,154,0
3,155,0
3,156,0
3,157,1
3,158,0
3,159,0
3,160,0
3,161,0
3,162,0
3,163,0
3,164,0
3,165,0
3,166,0
3,167,1
3,168,0
3,169,1
3,170,1
3,171,0
3,172,0
3,173,1
3,174,0
3,175,1
3,176,0
3,177,0
3,178,0
3,179,0
3,180,0
3,181,0
3,182,0
3,183,0
3,184,0
3,185,0
3,186,0
3,187,0
3,188,0
3,189,0
3,190,0
3,191,0
3,192,0
3,193,1
3,194,0
3,195,0
3,196,0
3,197,0
3,198,0
3,199,1
3,200,0
3,201,0
3,202,0
3,203,0
3,204,0
3,205,0
3,206,1
3,207,0
3,208,0
3,209,0
3,210,0
3,211,0
3,212,0
3,213,1
3,214,0
3,215,0
3,216,0
3,217,0
3,218,0
3,219,0
3,220,0
3,221,0
3,222,0
3,223,0
3,224,0
3,225,0
3,226,0
3,227,0
3,228,0
3,229,0
3,230,0
3,231,0
3,232,0
3,233,0
3,234,0
3,235,0
3,236,0
3,237,0
3,238,0
3,239,0
3,240,0
3,241,0
3,242,0
3,243,0
3,244,0
3,245,0
3,246,0
3,247,0
3,248,0
3,249,0
3,250,0
3,251,0
3,252,0
3,253,0
3,254,0
3,255,0
3,256,0
3,257,0
3,258,0
3,259,0
3,260,0
3,261,0
3,262,0
3,263,0
3,264,0
3,265,0
3,266,0
3,267,0
3,268,0
3,269,0
3,270,0
3,271,0
3,272,0
3,273,0
3,274,0
3,275,0
3,276,0
3,277,0
3,278,0
3,279,0
3,280,0
3,281,0
3,282,0
3,283,0
3,284,0
3,285,0
3,286,0
3,287,0
4,2,0
4,4,0
4,23,0
4,24,0
4,27,0
4,28,0
4,35,0
4,39,0
4,50,0
4,60,0
4,62,0
4,64,0
4,70,0
4,75,0
4,76,0
4,77,0
4,78,0
4,80,0
4,81,0
4,82,0
4,83,0
4,84,0
4,87,0
4,88,0
4,89,0
4,90,0
4,92,0
4,93,0
4,94,0
4,95,0
4,96,0
4,97,0
4,98,0
4,99,0
4,100,1
4,101,0
4,103,0
4,104,0
4,105,0
4,106,0
4,107,0
4,108,0
4,109,0
4,110,0
4,111,0
4,112,0
4,113,0
4,114,0
4,115,0
4,116,0
4,117,0
4,118,0
4,119,0
4,120,0
4,121,0
4,122,0
4,123,0
4,124,0
4,125,0
4,126,0
4,127,0
4,128,0
4,129,0
4,130,1
4,131,0
4,132,0
4,133,0
4,134,0
4,135,0
4,136,0
4,137,0
4,138,0
4,139,0
4,140,1
4,141,0
4,142,0
4,143,0
4,144,0
4,145,1
4,146,0
4,147,0
4,148,0
4,149,0
4,150,0
4,151,1
4,152,0
4,153,0
4,154,0
4,155,1
4,156,0
4,157,1
4,158,0
4,159,0
4,160,0
4,161,0
4,162,1
4,163,0
4,164,1
4,165,0
4,166,0
4,167,1
4,168,0
4,169,0
4,170,0
4,171,0
4,172,0
4,173,1
4,174,1
4,175,0
4,176,0
4,177,0
4,178,0
4,179,0
4,180,0
4,181,0
4,182,0
4,183,0
4,184,0
4,185,0
4,186,1
4,187,0
4,188,0
4,189,0
4,190,0
4,191,0
4,192,1
4,193,0
4,194,0
4,195,0
4,196,0
4,197,0
4,198,0
4,199,0
4,200,0
4,201,1
4,202,0
4,203,0
4,204,0
4,205,0
4,206,1
4,207,0
4,208,0
4,209,0
4,210,0
4,211,0
4,212,0
4,213,1
4,214,0
4,215,0
4,216,0
4,217,0
4,218,0
4,219,0
4,220,0
4,221,0
4,222,0
4,223,1
4,224,0
4,225,0
4,226,0
4,227,0
4,228,0
4,229,0
4,230,0
4,231,0
4,232,0
4,233,0
4,234,0
4,235,0
4,236,0
4,237,0
4,238,0
4,239,0
4,240,0
4,241,0
4,242,0
4,243,0
4,244,0
4,245,0
4,246,0
4,247,0
4,248,0
4,249,0
4,250,0
4,251,0
4,252,0
4,253,0
4,254,0
4,255,0
4,256,0
4,257,0
4,258,0
4,259,0
4,260,0
4,261,0
4,262,0
4,263,0
4,264,0
4,265,0
4,266,0
4,267,0
4,268,0
4,269,0
4,270,0
4,271,0
4,272,0
4,273,0
4,274,0
4,275,0
4,276,0
4,277,0
4,278,0
4,279,0
4,280,0
4,281,0
4,282,0
4,283,0
4,284,0
4,285,0
4,286,0
4,287,0
4,288,0
4,289,0
4,290,0
4,291,0
4,292,0
4,293,0
4,294,0
4,296,0
4,297,0
5,2,0
5,23,0
5,24,0
5,28,0
5,35,0
5,39,0
5,50,0
5,60,0
5,62,0
5,64,0
5,70,0
5,75,0
5,76,0
5,78,0
5,80,0
5,81,0
5,83,0
5,84,0
5,87,0
5,88,0
5,89,0
5,90,0
5,92,0
5,93,0
5,94,0
5,95,0
5,96,0
5,97,0
5,98,0
5,99,0
5,100,0
5,101,0
5,103,0
5,104,0
5,105,0
5,106,0
5,107,0
5,108,0
5,109,0
5,110,0
5,112,0
5,113,0
5,114,0
5,115,0
5,116,0
5,117,0
5,118,0
5,119,0
5,120,0
5,121,0
5,122,0
5,123,0
5,124,0
5,125,0
5,126,0
5,127,0
5,128,0
5,129,0
5,130,1
5,131,0
5,133,0
5,134,0
5,135,0
5,136,0
5,137,0
5,138,0
5,139,0
5,140,0
5,141,0
5,142,0
5,143,0
5,144,0
5,145,1
5,146,0
5,147,0
5,148,0
5,149,0
5,150,0
5,151,0
5,152,0
5,153,0
5,154,0
5,155,1
5,156,0
5,157,0
5,158,0
5,159,0
5,160,0
5,161,0
5,162,1
5,163,0
5,164,1
5,165,0
5,166,1
5,167,0
5,168,0
5,169,0
5,170,0
5,171,1
5,172,0
5,173,0
5,174,1
5,175,0
5,176,0
5,177,0
5,178,0
5,179,1
5,180,0
5,181,0
5,182,0
5,183,1
5,184,0
5,185,0
5,186,1
5,187,0
5,188,1
5,189,0
5,190,0
5,191,0
5,192,1
5,193,0
5,194,0
5,195,0
5,196,0
5,197,0
5,198,1
5,199,0
5,200,0
5,201,1
5,202,0
5,203,0
5,204,0
5,205,0
5,206,1
5,207,0
5,208,0
5,209,0
5,210,0
5,211,0
5,212,0
5,213,0
5,214,1
5,215,0
5,216,0
5,217,0
5,218,0
5,219,0
5,220,0
5,221,0
5,222,1
5,223,1
5,224,0
5,225,0
5,226,0
5,227,0
5,228,0
5,229,0
5,230,0
5,231,0
5,232,0
5,233,0
5,234,0
5,235,0
5,236,0
5,237,0
5,238,0
5,239,0
5,240,0
5,241,0
5,242,0
5,243,0
5,244,0
5,245,0
5,246,0
5,247,0
5,248,0
5,249,0
5,250,0
5,251,0
5,252,0
5,253,0
5,254,0
5,255,0
5,256,0
5,257,0
5,258,0
5,259,0
5,260,0
5,261,0
5,262,0
5,263,0
5,264,0
5,265,0
5,266,0
5,267,0
5,268,0
5,269,0
5,270,0
5,271,0
5,272,0
5,273,0
5,274,0
5,275,0
5,276,0
5,277,0
5,278,0
5,279,0
5,280,0
5,281,0
5,282,0
5,283,0
5,284,0
5,285,0
5,286,0
5,287,0
5,288,0
5,289,0
5,290,0
5,291,0
5,292,0
5,293,0
5,294,0
5,295,0
5,296,0
5,297,0
5,298,0
5,299,0
5,300,0
5,301,0
5,302,0
5,303,0
5,304,0
5,305,0
5,306,0
5,307,0
5,308,0
5,309,0
5,310,0
6,23,0
6,24,0
6,28,0
6,35,0
6,39,0
6,50,0
6,60,0
6,62,0
6,64,0
6,70,0
6,75,0
6,76,0
6,78,0
6,80,0
6,81,0
6,83,0
6,84,0
6,87,0
6,88,0
6,89,0
6,90,0
6,92,0
6,93,0
6,94,0
6,95,0
6,96,0
6,97,0
6,98,0
6,99,0
6,100,0
6,101,0
6,103,0
6,104,0
6,105,0
6,106,0
6,107,0
6,108,0
6,109,0
6,110,0
6,112,0
6,113,0
6,114,0
6,115,0
6,116,0
6,117,0
6,118,0
6,119,0
6,120,0
6,121,0
6,122,0
6,123,0
6,124,0
6,125,0
6,126,0
6,127,0
6,128,0
6,129,0
6,130,1
6,131,0
6,133,0
6,134,0
6,135,0
6,136,0
6,137,0
6,138,0
6,139,0
6,140,0
6,141,0
6,142,0
6,143,0
6,144,0
6,145,1
6,146,0
6,147,0
6,148,0
6,149,0
6,150,0
6,151,0
6,152,0
6,153,0
6,154,0
6,155,1
6,156,0
6,157,0
6,158,0
6,159,0
6,160,0
6,161,0
6,162,1
6,163,0
6,164,1
6,165,0
6,166,1
6,167,0
6,168,0
6,169,0
6,170,0
6,171,1
6,172,0
6,173,0
6,174,1
6,175,0
6,176,0
6,177,0
6,178,0
6,179,1
6,180,0
6,181,0
6,182,0
6,183,1
6,184,0
6,185,0
6,186,0
6,187,0
6,188,1
6,189,0
6,190,0
6,191,0
6,192,1
6,193,0
6,194,0
6,195,0
6,196,0
6,197,0
6,198,1
6,199,0
6,200,0
6,201,1
6,202,0
6,203,0
6,204,0
6,205,0
6,206,1
6,207,0
6,208,0
6,209,0
6,210,0
6,211,0
6,212,0
6,213,0
6,214,1
6,215,0
6,216,0
6,217,0
6,218,1
6,219,0
6,220,0
6,221,0
6,222,1
6,223,1
6,224,0
6,225,0
6,226,0
6,227,0
6,228,0
6,229,0
6,230,0
6,231,0
6,232,1
6,233,0
6,234,0
6,235,0
6,236,0
6,237,0
6,238,0
6,239,0
6,240,0
6,241,0
6,242,0
6,243,0
6,244,0
6,245,0
6,246,0
6,247,0
6,248,0
6,249,0
6,250,0
6,251,0
6,252,0
6,253,0
6,254,0
6,255,0
6,256,0
6,257,0
6,258,0
6,259,0
6,260,0
6,261,0
6,262,0
6,263,0
6,264,0
6,265,0
6,266,0
6,267,0
6,268,0
6,269,0
6,270,0
6,271,0
6,272,0
6,273,0
6,274,0
6,275,0
6,276,0
6,277,0
6,278,0
6,279,0
6,280,0
6,281,0
6,282,0
6,283,0
6,284,0
6,285,0
6,286,0
6,287,0
6,288,0
6,289,0
6,290,0
6,291,0
6,292,0
6,293,0
6,294,0
6,295,0
6,296,0
6,297,0
6,298,0
6,299,0
6,300,0
6,301,0
6,302,0
6,303,0
6,304,0
6,305,0
6,306,0
6,307,0
6,308,0
6,309,0
6,310,0
7,23,0
7,50,0
7,62,0
7,76,0
7,81,0
7,89,0
7,95,0
7,97,0
7,100,0
7,103,0
7,114,0
7,116,0
7,120,0
7,126,0
7,127,0
7,128,0
7,130,1
7,135,0
7,136,0
7,140,0
7,142,0
7,143,0
7,145,0
7,146,0
7,148,0
7,149,0
7,151,0
7,152,0
7,153,0
7,155,0
7,157,0
7,159,0
7,160,0
7,162,0
7,164,0
7,166,0
7,167,0
7,168,0
7,169,0
7,170,0
7,171,0
7,173,0
7,174,0
7,175,0
7,176,0
7,177,0
7,178,0
7,179,0
7,180,0
7,181,0
7,182,0
7,183,0
7,184,0
7,186,0
7,187,0
7,188,0
7,189,0
7,190,0
7,191,0
7,192,0
7,193,0
7,194,1
7,195,0
7,196,0
7,197,0
7,198,0
7,199,0
7,200,1
7,201,0
7,202,0
7,203,0
7,204,0
7,205,0
7,206,0
7,207,0
7,208,0
7,209,0
7,210,0
7,211,0
7,212,0
7,213,0
7,214,0
7,215,0
7,216,0
7,217,0
7,218,0
7,219,1
7,220,0
7,221,0
7,222,0
7,223,0
7,224,1
7,225,0
7,226,0
7,227,1
7,228,0
7,229,1
7,230,1
7,231,0
7,232,0
7,233,0
7,234,0
7,235,0
7,236,1
7,237,1
7,238,0
7,239,0
7,240,0
7,241,1
7,242,0
7,243,0
7,244,0
7,245,0
7,246,0
7,247,1
7,248,1
7,249,0
7,250,1
7,251,1
7,252,0
7,253,0
7,254,1
7,255,0
7,256,1
7,257,0
7,258,0
7,259,1
7,260,1
7,261,0
7,262,0
7,263,1
7,264,0
7,265,0
7,266,0
7,267,0
7,268,0
7,269,0
7,270,0
7,271,0
7,272,0
7,273,1
7,274,0
7,275,0
7,276,1
7,277,0
7,278,0
7,279,0
7,280,0
7,281,0
7,282,0
7,283,0
7,284,0
7,285,0
7,286,0
7,287,0
7,288,0
7,289,0
7,290,0
7,291,0
7,292,0
7,293,0
7,294,0
7,295,0
7,296,0
7,297,0
7,298,0
7,299,0
7,300,0
7,301,0
7,302,0
7,303,0
7,304,0
7,305,0
7,306,0
7,307,0
7,308,0
7,309,0
7,310,0
7,311,0
7,312,0
7,313,0
7,314,0
7,315,0
7,316,0
7,317,0
7,318,0
7,319,0
7,320,0
7,321,0
7,322,0
7,323,0
7,324,0
7,325,0
7,326,0
7,327,0
7,328,0
7,329,0
7,330,0
7,331,0
7,332,0
7,333,0
7,334,0
7,335,0
7,336,0
7,337,0
7,338,0
7,339,0
7,340,0
7,341,0
7,342,0
7,343,0
7,344,0
7,345,0
7,346,0
7,347,0
7,348,0
7,349,0
7,350,0
7,352,0
7,353,0
7,354,0
7,355,0
7,356,0
7,357,0
7,358,0
7,360,0
8,23,0
8,76,0
8,81,0
8,89,0
8,95,0
8,97,0
8,100,0
8,103,0
8,114,0
8,116,0
8,120,0
8,126,0
8,127,0
8,128,0
8,130,1
8,135,0
8,136,0
8,140,0
8,143,0
8,145,0
8,149,0
8,151,0
8,152,0
8,153,0
8,155,0
8,157,0
8,160,0
8,162,0
8,164,0
8,166,0
8,167,0
8,168,0
8,169,0
8,170,0
8,171,0
8,173,0
8,174,0
8,175,0
8,176,0
8,177,0
8,178,0
8,179,0
8,180,0
8,181,0
8,182,0
8,183,0
8,184,0
8,186,0
8,187,0
8,188,0
8,189,0
8,190,0
8,191,0
8,192,0
8,193,0
8,194,0
8,195,0
8,196,0
8,197,0
8,198,0
8,199,0
8,200,1
8,201,0
8,202,0
8,203,0
8,204,0
8,205,0
8,206,0
8,207,0
8,208,0
8,209,0
8,210,0
8,211,0
8,212,0
8,213,0
8,214,0
8,215,0
8,216,0
8,217,0
8,218,0
8,219,1
8,220,0
8,221,0
8,222,0
8,223,0
8,224,1
8,225,0
8,226,0
8,227,1
8,228,0
8,229,0
8,230,1
8,231,0
8,232,0
8,233,0
8,234,0
8,235,0
8,236,1
8,237,0
8,238,0
8,239,0
8,240,0
8,241,0
8,242,0
8,243,0
8,244,0
8,245,0
8,246,0
8,247,1
8,248,1
8,249,0
8,250,1
8,251,1
8,252,0
8,253,0
8,254,1
8,255,0
8,256,1
8,257,0
8,258,0
8,259,1
8,260,1
8,261,0
8,262,0
8,263,1
8,264,0
8,265,0
8,266,0
8,267,0
8,268,0
8,269,0
8,270,1
8,271,0
8,272,0
8,273,1
8,274,0
8,275,0
8,276,1
8,277,0
8,278,0
8,279,1
8,280,0
8,281,0
8,282,0
8,283,0
8,284,0
8,285,0
8,286,0
8,287,0
8,288,0
8,289,0
8,290,0
8,291,0
8,292,0
8,293,0
8,294,0
8,295,0
8,296,0
8,297,0
8,298,0
8,299,0
8,300,0
8,301,0
8,302,0
8,303,0
8,304,0
8,305,0
8,306,0
8,307,0
8,308,0
8,309,0
8,310,0
8,311,0
8,312,0
8,313,0
8,314,0
8,315,0
8,316,0
8,317,0
8,318,0
8,319,0
8,320,0
8,321,0
8,322,0
8,323,0
8,324,0
8,325,0
8,326,0
8,327,0
8,328,0
8,329,0
8,330,0
8,331,0
8,332,0
8,333,0
8,334,0
8,335,0
8,336,0
8,337,0
8,338,0
8,339,0
8,340,0
8,341,0
8,342,0
8,343,0
8,344,0
8,345,0
8,346,0
8,347,0
8,348,0
8,349,0
8,350,0
8,351,0
8,352,0
8,353,0
8,354,0
8,355,0
8,356,0
8,357,0
8,358,0
8,359,0
8,360,0
8,361,0
9,23,0
9,76,0
9,81,0
9,89,0
9,95,0
9,97,0
9,100,0
9,103,0
9,116,0
9,120,0
9,126,0
9,127,0
9,130,0
9,135,0
9,140,0
9,145,0
9,149,0
9,151,0
9,152,0
9,153,0
9,155,0
9,157,0
9,160,0
9,162,0
9,164,0
9,166,0
9,167,0
9,168,0
9,169,0
9,170,0
9,171,0
9,173,0
9,174,0
9,175,0
9,176,0
9,177,0
9,178,0
9,179,0
9,180,0
9,181,0
9,182,0
9,183,0
9,184,0
9,186,0
9,187,0
9,188,0
9,189,0
9,190,0
9,191,0
9,192,0
9,193,0
9,194,0
9,195,0
9,196,0
9,197,0
9,198,0
9,199,0
9,200,1
9,201,0
9,202,0
9,203,0
9,204,0
9,206,0
9,207,0
9,208,0
9,209,0
9,210,0
9,211,0
9,212,0
9,213,0
9,214,0
9,215,0
9,216,0
9,217,0
9,218,0
9,219,1
9,220,0
9,221,0
9,222,0
9,223,0
9,224,1
9,225,0
9,226,0
9,227,1
9,228,0
9,229,0
9,230,1
9,231,0
9,232,0
9,233,0
9,234,0
9,235,0
9,236,1
9,237,0
9,238,0
9,239,0
9,240,0
9,241,0
9,242,0
9,243,0
9,244,0
9,245,0
9,246,0
9,247,1
9,248,0
9,249,0
9,250,1
9,251,1
9,252,0
9,253,0
9,254,1
9,255,0
9,256,1
9,257,0
9,258,0
9,259,0
9,260,1
9,261,0
9,262,0
9,263,0
9,264,0
9,265,1
9,266,0
9,267,0
9,268,0
9,269,0
9,270,1
9,271,0
9,272,0
9,273,0
9,274,0
9,275,1
9,276,1
9,277,0
9,278,0
9,279,1
9,280,1
9,281,0
9,282,0
9,283,0
9,284,0
9,285,0
9,286,0
9,287,0
9,288,0
9,289,0
9,290,0
9,291,0
9,292,0
9,293,0
9,294,0
9,295,0
9,296,0
9,297,0
9,298,0
9,299,0
9,300,0
9,301,0
9,302,0
9,303,0
9,304,0
9,305,0
9,306,0
9,307,0
9,308,0
9,309,0
9,310,0
9,311,0
9,312,0
9,313,0
9,314,0
9,315,0
9,316,0
9,317,0
9,318,0
9,319,0
9,320,0
9,321,0
9,322,0
9,323,0
9,324,0
9,325,0
9,326,0
9,327,0
9,328,0
9,329,0
9,330,0
9,331,0
9,332,0
9,333,0
9,334,0
9,335,0
9,336,0
9,337,0
9,338,0
9,339,0
9,340,0
9,341,0
9,342,0
9,343,0
9,344,0
9,345,0
9,346,0
9,347,0
9,348,0
9,349,0
9,350,0
9,351,0
9,352,0
9,353,0
9,354,0
9,355,0
9,356,0
9,357,0
9,358,0
9,359,0
9,360,0
9,361,0
9,362,0
9,363,0
9,364,0
9,365,0
9,367,0
10,76,0
10,81,0
10,95,0
10,100,0
10,130,0
10,135,0
10,140,0
10,145,0
10,149,0
10,151,0
10,153,0
10,155,0
10,157,0
10,160,0
10,162,0
10,164,0
10,166,0
10,169,0
10,171,0
10,173,0
10,174,0
10,176,0
10,177,0
10,178,0
10,179,0
10,180,0
10,181,0
10,183,0
10,184,0
10,186,0
10,187,0
10,188,0
10,189,0
10,190,0
10,192,0
10,193,0
10,194,0
10,196,0
10,197,0
10,198,0
10,199,0
10,200,0
10,201,0
10,204,0
10,206,0
10,207,0
10,208,0
10,209,0
10,210,0
10,211,0
10,212,0
10,214,0
10,215,0
10,216,0
10,217,0
10,218,0
10,219,0
10,220,0
10,221,0
10,222,0
10,223,0
10,224,1
10,225,0
10,226,0
10,227,0
10,228,0
10,229,0
10,230,0
10,231,0
10,232,0
10,233,0
10,234,0
10,235,0
10,236,0
10,237,0
10,238,0
10,239,0
10,240,0
10,241,0
10,242,0
10,243,0
10,244,0
10,245,0
10,246,0
10,247,1
10,248,0
10,249,0
10,250,0
10,251,0
10,252,0
10,253,1
10,254,0
10,255,0
10,256,1
10,257,1
10,258,0
10,259,0
10,260,0
10,261,0
10,262,0
10,263,0
10,264,0
10,265,1
10,266,0
10,267,0
10,268,0
10,269,0
10,270,1
10,271,0
10,272,0
10,273,0
10,274,0
10,275,1
10,276,0
10,277,1
10,278,0
10,279,1
10,280,1
10,281,1
10,282,0
10,283,0
10,284,0
10,285,0
10,286,0
10,287,0
10,288,1
10,289,0
10,290,1
10,291,0
10,292,0
10,293,0
10,294,0
10,295,0
10,296,0
10,297,0
10,298,0
10,299,0
10,300,0
10,301,0
10,302,0
10,303,0
10,304,0
10,305,0
10,306,0
10,307,0
10,308,0
10,309,0
10,310,0
10,311,0
10,312,0
10,313,0
10,314,0
10,315,0
10,316,0
10,317,0
10,318,0
10,319,0
10,320,0
10,321,0
10,322,0
10,323,0
10,324,0
10,325,0
10,326,0
10,327,0
10,328,0
10,329,0
10,330,0
10,331,0
10,332,0
10,333,0
10,334,0
10,335,0
10,336,0
10,337,0
10,338,0
10,339,0
10,340,0
10,341,0
10,342,0
10,343,0
10,344,0
10,345,0
10,346,0
10,347,0
10,348,0
10,349,0
10,350,0
10,351,0
10,352,0
10,353,0
10,354,0
10,355,0
10,356,0
10,357,0
10,358,0
10,359,0
10,360,0
10,361,0
10,362,0
10,363,0
10,364,0
10,365,0
10,366,0
10,367,0
10,368,0
10,369,0
10,370,0
10,371,0
10,372,0
10,373,0
10,374,0
11,95,0
11,100,0
11,130,0
11,135,0
11,140,0
11,145,0
11,149,0
11,151,0
11,153,0
11,155,0
11,157,0
11,160,0
11,162,0
11,164,0
11,166,0
11,169,0
11,171,0
11,174,0
11,176,0
11,177,0
11,178,0
11,179,0
11,180,0
11,181,0
11,183,0
11,184,0
11,186,0
11,187,0
11,188,0
11,189,0
11,190,0
11,192,0
11,194,0
11,196,0
11,197,0
11,198,0
11,200,0
11,201,0
11,204,0
11,206,0
11,207,0
11,208,0
11,209,0
11,210,0
11,211,0
11,212,0
11,214,0
11,215,0
11,216,0
11,217,0
11,218,0
11,219,0
11,220,0
11,221,0
11,222,0
11,223,0
11,224,1
11,225,0
11,226,0
11,227,0
11,228,0
11,229,0
11,230,0
11,231,0
11,232,0
11,233,0
11,234,0
11,235,0
11,236,0
11,237,0
11,238,0
11,239,0
11,240,0
11,241,0
11,242,0
11,244,0
11,245,0
11,246,0
11,247,1
11,248,0
11,249,0
11,250,0
11,251,0
11,252,0
11,253,1
11,254,0
11,255,0
11,256,1
11,257,1
11,258,0
11,259,0
11,260,0
11,261,0
11,262,0
11,263,0
11,264,0
11,265,1
11,266,0
11,267,0
11,268,0
11,269,1
11,270,0
11,271,0
11,272,0
11,273,0
11,274,0
11,275,0
11,276,0
11,277,1
11,278,0
11,279,0
11,280,1
11,281,1
11,282,0
11,283,0
11,284,0
11,285,0
11,286,0
11,287,0
11,288,1
11,289,0
11,290,1
11,291,0
11,292,0
11,293,0
11,294,0
11,295,0
11,296,0
11,297,0
11,298,0
11,299,0
11,300,0
11,301,0
11,302,0
11,303,0
11,304,0
11,305,0
11,306,0
11,307,0
11,308,0
11,309,0
11,310,0
11,311,0
11,312,0
11,313,0
11,314,0
11,315,0
11,316,0
11,317,0
11,318,0
11,319,0
11,320,0
11,321,0
11,322,0
11,323,0
11,324,0
11,325,0
11,326,0
11,327,0
11,328,0
11,329,0
11,330,0
11,331,0
11,332,0
11,333,0
11,334,0
11,335,0
11,336,0
11,337,0
11,338,0
11,339,0
11,340,0
11,341,0
11,342,0
11,343,0
11,344,0
11,345,0
11,346,0
11,347,0
11,348,0
11,349,0
11,350,0
11,351,0
11,352,0
11,353,0
11,354,0
11,355,0
11,356,0
11,357,0
11,358,0
11,359,0
11,360,0
11,361,0
11,362,0
11,363,0
11,364,0
11,365,0
11,366,0
11,367,0
11,368,0
11,369,0
11,370,0
11,371,0
11,372,0
11,373,0
11,374,0
11,375,0
11,376,0
11,377,0
11,378,0
11,379,0
11,380,0
11,381,0
11,382,0
12,100,0
12,130,0
12,135,0
12,153,0
12,155,0
12,157,0
12,164,0
12,171,0
12,176,0
12,179,0
12,183,0
12,188,0
12,192,0
12,194,0
12,197,0
12,198,0
12,200,0
12,210,0
12,211,0
12,212,0
12,216,0
12,217,0
12,218,0
12,219,0
12,220,0
12,224,0
12,226,0
12,227,0
12,229,0
12,230,0
12,231,0
12,232,0
12,234,0
12,235,1
12,236,0
12,237,0
12,238,0
12,239,1
12,240,0
12,241,0
12,244,0
12,245,0
12,246,0
12,247,0
12,248,0
12,249,0
12,250,0
12,251,0
12,252,0
12,253,0
12,254,0
12,255,0
12,256,0
12,257,0
12,258,0
12,259,0
12,260,0
12,261,0
12,262,0
12,263,0
12,264,0
12,265,0
12,266,0
12,267,0
12,268,1
12,269,0
12,270,0
12,271,0
12,272,0
12,273,0
12,274,0
12,275,0
12,276,0
12,277,0
12,278,0
12,279,0
12,280,0
12,281,0
12,282,0
12,283,1
12,284,0
12,285,0
12,286,0
12,287,0
12,288,0
12,289,0
12,290,0
12,291,1
12,292,0
12,293,0
12,294,1
12,295,0
12,296,1
12,297,0
12,298,1
12,299,0
12,300,0
12,301,0
12,302,1
12,303,1
12,304,0
12,305,0
12,306,0
12,307,0
12,308,1
12,309,0
12,310,0
12,311,1
12,312,0
12,313,0
12,314,0
12,315,0
12,316,0
12,317,0
12,318,1
12,319,0
12,320,0
12,321,0
12,322,1
12,323,0
12,324,0
12,325,0
12,326,0
12,327,0
12,328,0
12,329,1
12,330,0
12,331,0
12,332,0
12,333,0
12,334,0
12,335,0
12,336,0
12,337,0
12,338,0
12,339,0
12,340,0
12,341,0
12,342,0
12,343,0
12,344,0
12,345,0
12,346,0
12,347,0
12,348,0
12,349,0
12,350,0
12,351,0
12,352,0
12,353,0
12,354,0
12,355,0
12,356,0
12,357,0
12,358,0
12,359,0
12,360,0
12,361,0
12,362,0
12,363,0
12,364,0
12,365,0
12,366,0
12,367,0
12,368,0
12,369,0
12,370,0
12,371,0
12,372,0
12,373,0
12,374,0
12,375,0
12,376,0
12,377,0
12,378,0
12,379,0
12,380,0
12,381,0
12,382,0
12,383,0
12,384,0
12,385,0
12,386,0
12,387,0
12,388,0
12,389,0
12,390,0
12,391,0
12,392,0
12,393,0
12,394,0
12,395,0
12,396,0
12,397,0
12,398,0
12,399,0
12,400,0
12,401,0
12,402,0
12,403,0
12,404,0
12,405,0
12,406,0
12,408,0
12,409,0
12,410,0
12,411,0
12,412,0
12,413,0
12,414,0
12,415,0
12,416,0
13,130,0
13,135,0
13,153,0
13,194,0
13,197,0
13,198,0
13,200,0
13,216,0
13,219,0
13,220,0
13,224,0
13,227,0
13,229,0
13,230,0
13,235,0
13,236,0
13,237,0
13,238,0
13,239,0
13,241,0
13,247,0
13,248,0
13,249,0
13,250,0
13,251,0
13,252,0
13,253,0
13,254,0
13,255,0
13,256,0
13,257,0
13,258,0
13,259,0
13,260,0
13,262,0
13,263,0
13,264,0
13,265,0
13,266,0
13,267,0
13,268,0
13,269,0
13,270,0
13,271,0
13,272,0
13,273,0
13,274,0
13,275,0
13,276,0
13,277,0
13,278,0
13,279,0
13,280,0
13,281,0
13,282,0
13,283,0
13,284,0
13,285,0
13,286,0
13,287,0
13,288,0
13,289,0
13,290,0
13,291,0
13,292,1
13,293,0
13,294,0
13,295,0
13,296,1
13,297,0
13,298,1
13,299,0
13,300,0
13,301,0
13,302,0
13,303,1
13,304,0
13,305,0
13,306,0
13,307,0
13,308,0
13,309,0
13,310,0
13,311,0
13,312,0
13,313,0
13,314,0
13,315,1
13,316,0
13,317,0
13,318,0
13,319,0
13,320,0
13,321,1
13,322,1
13,323,0
13,324,0
13,325,0
13,326,0
13,327,0
13,328,0
13,329,0
13,330,0
13,331,1
13,332,0
13,333,0
13,334,1
13,335,0
13,336,0
13,337,0
13,338,0
13,339,0
13,340,0
13,341,0
13,342,0
13,343,1
13,344,0
13,345,0
13,346,0
13,347,0
13,348,0
13,349,0
13,350,0
13,351,0
13,352,0
13,353,0
13,354,0
13,355,0
13,356,0
13,357,0
13,358,0
13,359,0
13,360,0
13,361,0
13,362,0
13,363,0
13,364,0
13,365,0
13,366,0
13,367,0
13,368,0
13,369,0
13,370,0
13,371,0
13,372,0
13,373,0
13,374,0
13,375,0
13,376,0
13,377,0
13,378,0
13,379,0
13,380,0
13,381,0
13,382,0
13,383,0
13,384,0
13,385,0
13,386,0
13,387,0
13,388,0
13,389,0
13,390,0
13,391,0
13,392,0
13,393,0
13,394,0
13,395,0
13,396,0
13,397,0
13,398,0
13,399,0
13,400,0
13,401,0
13,402,0
13,403,0
13,404,0
13,405,0
13,406,0
13,407,0
13,408,0
13,409,0
13,410,0
13,411,0
13,412,0
13,413,0
13,414,0
13,415,0
13,416,0
13,417,0
13,418,0
13,419,0
13,420,0
13,421,0
13,422,0
13,423,0
13,424,0
13,425,0
13,426,0
13,427,0
13,428,0
13,429,0
14,130,0
14,197,0
14,198,0
14,200,0
14,224,0
14,227,0
14,230,0
14,235,0
14,238,0
14,239,0
14,247,0
14,248,0
14,249,0
14,252,0
14,253,0
14,254,0
14,256,0
14,257,0
14,258,0
14,260,0
14,264,0
14,265,0
14,267,0
14,268,0
14,269,0
14,272,0
14,274,0
14,277,0
14,278,0
14,279,0
14,280,0
14,281,0
14,282,0
14,283,0
14,285,0
14,286,0
14,287,0
14,288,0
14,289,0
14,290,0
14,291,0
14,292,1
14,293,1
14,294,0
14,295,0
14,296,0
14,297,0
14,298,0
14,299,0
14,300,0
14,301,0
14,302,0
14,303,0
14,304,0
14,305,0
14,306,0
14,307,0
14,308,0
14,309,0
14,310,0
14,311,0
14,312,0
14,313,0
14,314,0
14,315,1
14,316,0
14,317,1
14,318,0
14,319,0
14,320,0
14,321,0
14,322,0
14,323,0
14,324,0
14,325,0
14,326,0
14,327,0
14,328,1
14,329,0
14,330,0
14,331,0
14,332,0
14,333,0
14,334,0
14,335,0
14,336,0
14,337,0
14,338,0
14,339,0
14,340,1
14,341,0
14,342,1
14,343,0
14,344,0
14,345,0
14,346,1
14,347,1
14,348,0
14,349,0
14,350,0
14,351,0
14,352,0
14,353,1
14,354,0
14,355,0
14,356,1
14,357,0
14,358,0
14,359,0
14,360,0
14,361,0
14,362,0
14,363,0
14,364,0
14,365,0
14,366,0
14,367,0
14,368,1
14,369,0
14,370,0
14,371,0
14,372,0
14,373,0
14,374,1
14,375,0
14,376,1
14,377,0
14,378,0
14,379,0
14,380,0
14,381,0
14,382,0
14,383,0
14,384,0
14,385,0
14,386,0
14,387,0
14,388,0
14,389,0
14,390,0
14,391,0
14,392,0
14,393,0
14,394,0
14,395,0
14,396,0
14,397,0
14,398,0
14,399,0
14,400,0
14,401,0
14,402,0
14,403,0
14,404,0
14,405,0
14,406,0
14,407,0
14,408,0
14,409,0
14,410,0
14,411,0
14,412,0
14,413,0
14,414,0
14,415,0
14,416,0
14,417,0
14,418,0
14,419,0
14,420,0
14,421,0
14,422,0
14,423,0
14,424,0
14,425,0
14,426,0
14,427,0
14,428,0
14,429,0
14,430,0
14,431,0
14,432,0
14,433,0
14,434,0
14,435,0
14,436,0
14,437,0
14,438,0
14,439,0
14,440,0
14,441,0
14,442,0
14,443,0
14,444,0
14,445,0
14,446,0
14,447,0
14,448,0
14,449,0
14,450,0
14,451,0
14,452,0
14,453,0
14,454,0
15,197,0
15,198,0
15,224,0
15,230,0
15,235,0
15,238,0
15,239,0
15,247,0
15,253,0
15,254,0
15,256,0
15,257,0
15,258,0
15,260,0
15,264,0
15,265,0
15,267,0
15,268,0
15,269,0
15,272,0
15,274,0
15,277,0
15,278,0
15,279,0
15,280,0
15,281,0
15,282,0
15,283,0
15,285,0
15,286,0
15,287,0
15,289,0
15,290,0
15,291,0
15,292,1
15,293,1
15,294,0
15,295,0
15,296,0
15,297,0
15,298,0
15,299,0
15,300,0
15,301,0
15,302,0
15,303,0
15,304,0
15,305,0
15,306,0
15,307,0
15,308,0
15,309,0
15,310,0
15,311,0
15,312,0
15,313,0
15,314,0
15,315,1
15,316,0
15,317,1
15,318,0
15,319,0
15,320,0
15,321,0
15,322,0
15,323,0
15,324,0
15,325,0
15,326,0
15,327,0
15,328,1
15,329,0
15,330,0
15,331,0
15,332,0
15,333,0
15,334,0
15,335,0
15,336,0
15,337,0
15,338,0
15,339,0
15,340,0
15,341,0
15,342,1
15,343,0
15,344,0
15,345,1
15,346,1
15,347,1
15,348,0
15,349,0
15,350,0
15,351,0
15,352,0
15,353,0
15,354,0
15,355,0
15,356,1
15,357,1
15,358,0
15,359,0
15,360,0
15,361,0
15,362,0
15,363,0
15,364,0
15,365,0
15,366,0
15,367,0
15,368,1
15,369,0
15,370,0
15,371,0
15,372,0
15,373,0
15,374,1
15,375,0
15,376,1
15,377,0
15,378,0
15,379,0
15,380,0
15,381,0
15,382,0
15,383,0
15,384,0
15,385,0
15,386,0
15,387,0
15,388,0
15,389,0
15,390,0
15,391,0
15,392,0
15,393,0
15,394,0
15,395,0
15,396,0
15,397,0
15,398,0
15,399,0
15,400,0
15,401,0
15,402,0
15,403,0
15,404,0
15,405,0
15,406,0
15,407,0
15,408,0
15,409,0
15,410,0
15,411,0
15,412,0
15,413,0
15,414,0
15,415,0
15,416,0
15,417,0
15,418,0
15,419,0
15,420,0
15,421,0
15,422,0
15,423,0
15,424,0
15,425,0
15,426,0
15,427,0
15,428,0
15,429,0
15,430,0
15,431,0
15,432,0
15,433,0
15,434,0
15,435,0
15,436,0
15,437,0
15,438,0
15,439,0
15,440,0
15,441,0
15,442,0
15,443,0
15,444,0
15,445,0
15,446,0
15,447,0
15,448,0
15,449,0
15,450,0
15,451,0
15,452,0
15,453,0
15,454,0
15,455,0
15,456,0
15,457,0
16,197,0
16,198,0
16,224,0
16,230,0
16,235,0
16,238,0
16,239,0
16,247,0
16,253,0
16,254,0
16,256,0
16,257,0
16,258,0
16,260,0
16,264,0
16,265,0
16,267,0
16,268,0
16,269,0
16,272,0
16,274,0
16,277,0
16,278,0
16,279,0
16,280,0
16,281,0
16,282,0
16,283,0
16,285,0
16,286,0
16,287,0
16,289,0
16,290,0
16,291,0
16,292,0
16,293,1
16,294,0
16,295,0
16,296,0
16,297,0
16,298,0
16,299,0
16,300,0
16,301,0
16,302,0
16,303,0
16,304,0
16,305,0
16,306,0
16,307,0
16,308,0
16,309,0
16,310,0
16,311,0
16,312,0
16,313,0
16,314,0
16,315,1
16,316,0
16,317,1
16,318,0
16,319,0
16,320,0
16,321,0
16,322,0
16,323,0
16,324,0
16,325,0
16,326,0
16,327,0
16,328,1
16,329,0
16,330,0
16,331,0
16,332,0
16,333,0
16,334,0
16,335,0
16,336,0
16,337,0
16,338,0
16,339,0
16,340,0
16,341,0
16,342,1
16,343,0
16,344,0
16,345,1
16,346,1
16,347,1
16,348,0
16,349,0
16,350,0
16,351,0
16,352,0
16,353,0
16,354,0
16,355,0
16,356,1
16,357,1
16,358,0
16,359,0
16,360,0
16,361,0
16,362,0
16,363,0
16,364,0
16,365,0
16,366,0
16,367,0
16,368,1
16,369,0
16,370,0
16,371,0
16,372,0
16,373,0
16,374,1
16,375,0
16,376,1
16,377,0
16,378,0
16,379,0
16,380,0
16,381,0
16,382,0
16,383,0
16,384,0
16,385,0
16,386,0
16,387,0
16,388,0
16,389,0
16,390,0
16,391,0
16,392,0
16,393,0
16,394,0
16,395,0
16,396,0
16,397,0
16,398,0
16,399,0
16,400,0
16,401,0
16,402,0
16,403,0
16,404,0
16,405,0
16,406,0
16,407,0
16,408,0
16,409,0
16,410,0
16,411,0
16,412,0
16,413,0
16,414,0
16,415,0
16,416,0
16,417,0
16,418,0
16,419,0
16,420,0
16,421,0
16,422,0
16,423,0
16,424,0
16,425,0
16,426,0
16,427,0
16,428,0
16,429,0
16,430,0
16,431,0
16,432,0
16,433,0
16,434,0
16,435,0
16,436,0
16,437,0
16,438,0
16,439,0
16,440,0
16,441,0
16,442,0
16,443,0
16,444,0
16,445,0
16,446,0
16,447,0
16,448,0
16,449,0
16,450,0
16,451,0
16,452,0
16,453,0
16,454,0
16,455,0
16,456,0
16,457,0
16,458,0
17,197,0
17,224,0
17,230,0
17,235,0
17,238,0
17,239,0
17,247,0
17,253,0
17,254,0
17,256,0
17,257,0
17,258,0
17,260,0
17,264,0
17,265,0
17,268,0
17,269,0
17,272,0
17,277,0
17,278,0
17,280,0
17,283,0
17,285,0
17,286,0
17,287,0
17,289,0
17,290,0
17,291,0
17,292,0
17,293,1
17,294,0
17,295,0
17,296,0
17,297,0
17,298,0
17,299,0
17,300,0
17,301,0
17,302,0
17,303,0
17,305,0
17,306,0
17,307,0
17,308,0
17,309,0
17,310,0
17,311,0
17,312,0
17,313,0
17,314,0
17,315,1
17,316,0
17,317,1
17,318,0
17,319,0
17,320,0
17,321,0
17,322,0
17,323,0
17,324,0
17,325,0
17,326,1
17,327,0
17,328,0
17,329,0
17,330,0
17,331,0
17,332,0
17,333,0
17,334,0
17,335,0
17,336,0
17,337,0
17,338,0
17,339,0
17,340,0
17,341,1
17,342,0
17,343,0
17,344,0
17,345,1
17,346,0
17,347,1
17,348,0
17,349,0
17,350,0
17,351,0
17,352,0
17,353,0
17,354,0
17,355,1
17,356,0
17,357,1
17,358,0
17,359,0
17,360,0
17,361,0
17,362,0
17,363,0
17,364,0
17,365,0
17,366,0
17,367,0
17,368,0
17,369,0
17,370,0
17,371,0
17,372,0
17,373,0
17,374,1
17,375,1
17,376,0
17,377,1
17,378,0
17,379,0
17,380,0
17,381,0
17,382,0
17,383,0
17,384,0
17,385,0
17,386,0
17,387,0
17,388,0
17,389,0
17,390,1
17,391,0
17,392,1
17,393,0
17,394,0
17,395,0
17,396,0
17,397,0
17,398,0
17,399,0
17,400,0
17,401,0
17,402,0
17,403,0
17,404,0
17,405,0
17,406,0
17,407,0
17,408,0
17,409,0
17,410,0
17,411,0
17,412,0
17,413,0
17,414,0
17,415,0
17,416,0
17,417,0
17,418,0
17,419,0
17,420,0
17,421,0
17,422,0
17,423,0
17,424,0
17,425,0
17,426,0
17,427,0
17,428,0
17,429,0
17,430,0
17,431,0
17,432,0
17,433,0
17,434,0
17,435,0
17,436,0
17,437,0
17,438,0
17,439,0
17,440,0
17,441,0
17,442,0
17,443,0
17,444,0
17,445,0
17,446,0
17,447,0
17,448,0
17,449,0
17,450,0
17,451,0
17,452,0
17,453,0
17,454,0
17,455,0
17,456,0
17,457,0
17,458,0
17,459,0
17,460,0
17,461,0
17,464,0
18,278,0
18,283,0
18,292,0
18,293,0
18,296,0
18,297,0
18,298,0
18,303,0
18,308,0
18,312,0
18,314,0
18,315,0
18,317,0
18,318,0
18,319,0
18,321,0
18,322,0
18,323,0
18,324,0
18,325,0
18,326,0
18,328,0
18,330,0
18,331,0
18,332,0
18,333,0
18,334,0
18,336,0
18,337,0
18,338,0
18,339,0
18,340,0
18,341,0
18,342,0
18,343,0
18,344,0
18,345,0
18,346,0
18,347,0
18,348,0
18,349,0
18,350,0
18,351,0
18,352,0
18,353,0
18,354,0
18,355,0
18,356,0
18,357,0
18,358,0
18,359,0
18,360,0
18,361,0
18,362,0
18,363,1
18,364,1
18,365,0
18,366,0
18,367,0
18,368,0
18,369,0
18,370,0
18,371,0
18,372,0
18,373,0
18,374,0
18,375,0
18,376,0
18,377,0
18,378,0
18,379,0
18,380,0
18,381,1
18,382,0
18,383,0
18,384,0
18,385,0
18,386,0
18,387,0
18,388,1
18,389,1
18,390,0
18,391,0
18,392,0
18,393,0
18,394,1
18,395,0
18,396,1
18,397,0
18,398,0
18,399,1
18,400,0
18,401,0
18,402,1
18,403,0
18,404,1
18,405,1
18,406,1
18,407,0
18,408,0
18,409,0
18,410,0
18,411,0
18,412,1
18,413,1
18,414,0
18,415,1
18,416,0
18,417,0
18,418,0
18,419,0
18,420,0
18,421,1
18,422,0
18,423,0
18,424,0
18,425,0
18,426,0
18,427,0
18,428,0
18,429,0
18,430,0
18,431,0
18,432,0
18,433,0
18,434,0
18,435,0
18,436,0
18,437,0
18,438,0
18,439,0
18,440,0
18,441,0
18,442,0
18,443,0
18,444,0
18,445,0
18,446,0
18,447,0
18,448,0
18,449,0
18,450,0
18,451,0
18,452,0
18,453,0
18,454,0
18,455,0
18,456,0
18,457,0
18,458,0
18,459,0
18,460,0
18,461,0
18,462,0
18,463,0
18,464,0
18,465,0
18,466,0
18,467,0
18,468,0
18,469,0
18,470,0
18,471,0
18,472,0
18,473,0
18,474,0
18,475,0
18,476,0
18,477,0
18,478,0
18,479,0
18,480,0
18,481,0
18,482,0
18,483,0
18,484,0
18,485,0
18,486,0
18,487,0
18,488,0
18,489,0
18,490,0
18,491,0
18,492,0
18,493,0
18,494,0
18,495,0
18,496,0
18,497,0
18,498,0
18,499,0
18,500,0
18,501,0
18,502,0
18,503,0
18,504,0
18,505,0
18,506,0
18,507,0
18,508,0
18,509,0
18,510,0
18,511,0
19,283,0
19,292,0
19,293,0
19,296,0
19,298,0
19,303,0
19,308,0
19,312,0
19,314,0
19,315,0
19,317,0
19,319,0
19,321,0
19,322,0
19,323,0
19,324,0
19,325,0
19,326,0
19,328,0
19,330,0
19,332,0
19,333,0
19,334,0
19,336,0
19,337,0
19,338,0
19,339,0
19,340,0
19,341,0
19,342,0
19,343,0
19,344,0
19,345,0
19,346,0
19,347,0
19,348,0
19,349,0
19,350,0
19,351,0
19,352,0
19,353,0
19,354,0
19,355,0
19,356,0
19,357,0
19,358,0
19,359,0
19,360,0
19,361,0
19,362,0
19,363,1
19,364,1
19,365,0
19,366,0
19,367,0
19,368,0
19,369,0
19,370,0
19,371,0
19,372,0
19,373,0
19,374,0
19,375,0
19,376,0
19,377,0
19,378,0
19,379,0
19,380,0
19,381,1
19,382,0
19,383,0
19,384,0
19,385,0
19,386,0
19,387,0
19,388,1
19,389,1
19,390,0
19,391,0
19,392,0
19,393,0
19,394,1
19,395,0
19,396,0
19,397,0
19,398,0
19,399,1
19,400,0
19,401,0
19,402,1
19,403,0
19,404,1
19,405,1
19,406,1
19,407,0
19,408,0
19,409,0
19,410,0
19,411,0
19,412,1
19,413,1
19,414,0
19,415,0
19,416,0
19,417,0
19,418,0
19,419,0
19,420,0
19,421,1
19,422,0
19,423,0
19,424,0
19,425,1
19,426,0
19,427,0
19,428,0
19,429,0
19,430,0
19,431,0
19,432,0
19,433,0
19,434,0
19,435,0
19,436,0
19,437,0
19,438,0
19,439,0
19,440,0
19,441,0
19,442,0
19,443,0
19,444,0
19,445,0
19,446,0
19,447,0
19,448,0
19,449,0
19,450,0
19,451,0
19,452,0
19,453,0
19,454,0
19,455,0
19,456,0
19,457,0
19,458,0
19,459,0
19,460,0
19,461,0
19,462,0
19,463,0
19,464,0
19,465,0
19,466,0
19,467,0
19,468,0
19,469,0
19,470,0
19,471,0
19,472,0
19,473,0
19,474,0
19,475,0
19,476,0
19,477,0
19,478,0
19,479,0
19,480,0
19,481,0
19,482,0
19,483,0
19,484,0
19,485,0
19,486,0
19,487,0
19,488,0
19,489,0
19,490,0
19,491,0
19,492,0
19,493,0
19,494,0
19,495,0
19,496,0
19,497,0
19,498,0
19,499,0
19,500,0
19,501,0
19,502,0
19,503,0
19,504,0
19,505,0
19,506,0
19,507,0
19,508,0
19,509,0
19,510,0
19,511,0
19,512,0
19,515,0
20,283,0
20,292,0
20,293,0
20,296,0
20,298,0
20,303,0
20,308,0
20,312,0
20,314,0
20,315,0
20,317,0
20,319,0
20,321,0
20,322,0
20,323,0
20,324,0
20,325,0
20,326,0
20,328,0
20,330,0
20,332,0
20,333,0
20,334,0
20,336,0
20,337,0
20,338,0
20,339,0
20,340,0
20,341,0
20,342,0
20,343,0
20,344,0
20,345,0
20,346,0
20,347,0
20,348,0
20,350,0
20,351,0
20,352,0
20,353,0
20,354,0
20,355,0
20,356,0
20,357,0
20,358,0
20,359,0
20,360,0
20,361,0
20,362,0
20,363,1
20,364,1
20,365,0
20,366,0
20,367,0
20,368,0
20,369,0
20,370,0
20,371,0
20,372,0
20,373,0
20,374,0
20,375,0
20,376,0
20,377,0
20,378,0
20,379,0
20,380,0
20,381,1
20,382,0
20,383,0
20,384,0
20,385,0
20,386,0
20,387,0
20,388,1
20,389,1
20,390,0
20,391,0
20,392,0
20,393,0
20,394,1
20,395,0
20,396,0
20,397,0
20,398,0
20,399,1
20,400,0
20,401,0
20,402,1
20,403,0
20,404,1
20,405,1
20,406,1
20,407,0
20,408,0
20,409,0
20,410,0
20,411,0
20,412,1
20,413,1
20,414,0
20,415,0
20,416,0
20,417,0
20,418,0
20,419,0
20,420,0
20,421,1
20,422,0
20,423,0
20,424,0
20,425,1
20,426,0
20,427,0
20,428,0
20,429,0
20,430,0
20,431,0
20,432,0
20,433,0
20,434,0
20,435,0
20,436,0
20,437,0
20,438,0
20,439,0
20,440,0
20,441,0
20,442,0
20,443,0
20,444,0
20,445,0
20,446,0
20,447,0
20,448,0
20,449,0
20,450,0
20,451,0
20,452,0
20,453,0
20,454,0
20,455,0
20,456,0
20,457,0
20,458,0
20,459,0
20,460,0
20,461,0
20,462,0
20,463,0
20,464,0
20,465,0
20,466,0
20,467,0
20,468,0
20,469,0
20,470,0
20,471,0
20,472,0
20,473,0
20,474,0
20,475,0
20,476,0
20,477,0
20,478,0
20,479,0
20,480,0
20,481,0
20,482,0
20,483,0
20,484,0
20,485,0
20,486,0
20,487,0
20,488,0
20,489,0
20,490,0
20,491,0
20,492,0
20,493,0
20,494,0
20,495,0
20,496,0
20,497,0
20,498,0
20,499,0
20,500,0
20,501,0
20,502,0
20,503,0
20,504,0
20,505,0
20,506,0
20,507,0
20,508,0
20,509,0
20,510,0
20,511,0
20,512,0
20,515,0
21,283,0
21,292,0
21,293,0
21,296,0
21,298,0
21,303,0
21,308,0
21,312,0
21,314,0
21,315,0
21,317,0
21,319,0
21,321,0
21,322,0
21,323,0
21,325,0
21,326,0
21,328,0
21,330,0
21,332,0
21,333,0
21,334,0
21,336,0
21,337,0
21,338,0
21,340,0
21,341,0
21,342,0
21,343,0
21,344,0
21,345,0
21,346,0
21,347,0
21,348,0
21,350,0
21,351,0
21,352,0
21,353,0
21,354,0
21,355,0
21,356,0
21,357,0
21,358,0
21,359,0
21,360,0
21,361,0
21,362,0
21,363,1
21,364,1
21,365,0
21,366,0
21,367,0
21,368,0
21,369,0
21,370,0
21,371,0
21,372,0
21,373,0
21,374,0
21,375,0
21,376,0
21,377,0
21,378,0
21,379,0
21,380,0
21,381,0
21,382,1
21,383,0
21,384,0
21,385,0
21,386,0
21,387,0
21,388,0
21,389,0
21,390,0
21,391,0
21,392,0
21,393,0
21,394,1
21,395,0
21,396,0
21,397,0
21,398,0
21,399,0
21,400,0
21,401,0
21,402,1
21,403,0
21,404,1
21,405,1
21,406,1
21,407,1
21,408,0
21,409,0
21,410,0
21,411,0
21,412,0
21,413,0
21,414,0
21,415,0
21,416,0
21,417,0
21,418,0
21,419,0
21,420,0
21,421,1
21,422,0
21,423,0
21,424,0
21,425,1
21,426,0
21,427,0
21,428,0
21,429,0
21,430,0
21,431,0
21,432,0
21,433,0
21,434,0
21,435,0
21,436,0
21,437,0
21,438,0
21,439,0
21,440,0
21,441,0
21,442,0
21,443,0
21,444,0
21,445,0
21,446,0
21,447,0
21,448,0
21,449,0
21,450,0
21,451,0
21,452,0
21,453,0
21,454,0
21,455,0
21,456,0
21,457,0
21,458,0
21,459,0
21,460,0
21,461,0
21,462,0
21,463,0
21,464,0
21,465,0
21,466,0
21,467,0
21,468,0
21,469,0
21,470,0
21,471,0
21,472,0
21,473,0
21,474,0
21,475,0
21,476,0
21,477,0
21,478,0
21,479,0
21,480,0
21,481,0
21,482,0
21,483,0
21,484,0
21,485,0
21,486,0
21,487,0
21,488,0
21,489,0
21,490,0
21,491,0
21,492,0
21,493,0
21,494,0
21,495,0
21,496,0
21,497,0
21,498,0
21,499,0
21,500,0
21,501,0
21,502,0
21,503,0
21,504,0
21,505,0
21,506,0
21,507,0
21,508,0
21,509,0
21,510,0
21,511,0
21,512,0
21,513,0
21,514,0
21,515,0
21,516,0
21,517,0
21,518,0
21,519,0
21,520,0
22,292,0
22,293,0
22,296,0
22,315,0
22,317,0
22,321,0
22,322,0
22,325,0
22,326,0
22,328,0
22,330,0
22,332,0
22,333,0
22,334,0
22,336,0
22,338,0
22,340,0
22,341,0
22,342,0
22,343,0
22,344,0
22,345,0
22,346,0
22,347,0
22,350,0
22,351,0
22,352,0
22,353,0
22,354,0
22,355,0
22,356,0
22,357,0
22,358,0
22,359,0
22,360,0
22,361,0
22,362,0
22,363,1
22,364,1
22,365,0
22,366,0
22,367,0
22,368,0
22,369,0
22,370,0
22,371,0
22,372,0
22,373,0
22,374,0
22,375,0
22,376,0
22,377,0
22,378,0
22,379,0
22,380,0
22,381,0
22,382,1
22,383,0
22,384,0
22,385,0
22,386,0
22,387,0
22,388,0
22,389,0
22,390,0
22,391,0
22,392,0
22,393,1
22,394,1
22,395,0
22,396,0
22,397,0
22,398,0
22,399,0
22,400,0
22,401,0
22,402,1
22,403,0
22,404,1
22,405,0
22,406,0
22,407,1
22,408,0
22,409,0
22,410,1
22,411,0
22,412,0
22,413,0
22,414,0
22,415,0
22,416,0
22,417,0
22,418,0
22,419,0
22,420,0
22,421,0
22,422,0
22,423,0
22,424,0
22,425,1
22,426,0
22,427,0
22,428,0
22,429,0
22,430,0
22,431,0
22,432,0
22,433,1
22,434,0
22,435,0
22,436,0
22,437,0
22,438,0
22,439,0
22,440,0
22,441,0
22,442,0
22,443,0
22,444,0
22,445,0
22,446,0
22,447,0
22,448,0
22,449,0
22,450,0
22,451,0
22,452,0
22,453,0
22,454,0
22,455,0
22,456,0
22,457,0
22,458,0
22,459,0
22,460,0
22,461,0
22,462,0
22,463,0
22,464,0
22,465,0
22,466,0
22,467,0
22,468,0
22,469,0
22,470,0
22,471,0
22,472,0
22,473,0
22,474,0
22,475,0
22,476,0
22,477,0
22,478,0
22,479,0
22,480,0
22,481,0
22,482,0
22,483,0
22,484,0
22,485,0
22,486,0
22,487,0
22,488,0
22,489,0
22,490,0
22,491,0
22,492,0
22,493,0
22,494,0
22,495,0
22,496,0
22,497,0
22,498,0
22,499,0
22,500,0
22,501,0
22,502,0
22,503,0
22,504,0
22,505,0
22,506,0
22,507,0
22,508,0
22,509,0
22,510,0
22,511,0
22,512,0
22,513,0
22,514,0
22,515,0
22,516,0
22,517,0
22,518,0
22,519,0
22,520,0
22,521,0
22,522,0
22,523,0
22,524,0
22,525,0
22,526,0
22,527,0
22,528,0
22,529,0
22,530,0
23,292,0
23,293,0
23,296,0
23,315,0
23,317,0
23,325,0
23,326,0
23,328,0
23,330,0
23,336,0
23,338,0
23,340,0
23,341,0
23,342,0
23,343,0
23,344,0
23,345,0
23,346,0
23,347,0
23,350,0
23,351,0
23,352,0
23,353,0
23,355,0
23,356,0
23,357,0
23,358,0
23,359,0
23,361,0
23,362,0
23,363,0
23,364,1
23,365,0
23,366,0
23,367,0
23,368,0
23,369,0
23,370,0
23,371,0
23,372,0
23,373,0
23,374,0
23,375,0
23,376,0
23,377,0
23,378,0
23,379,0
23,380,0
23,381,0
23,382,1
23,383,0
23,384,0
23,385,0
23,386,1
23,387,0
23,388,0
23,389,0
23,390,0
23,391,0
23,392,0
23,393,1
23,394,0
23,395,0
23,396,0
23,397,0
23,398,0
23,399,0
23,400,0
23,401,0
23,402,0
23,403,0
23,404,0
23,405,0
23,406,0
23,407,1
23,408,0
23,409,0
23,410,1
23,411,0
23,412,0
23,413,0
23,414,0
23,415,0
23,416,1
23,417,0
23,418,0
23,419,0
23,420,0
23,421,0
23,422,0
23,423,0
23,424,0
23,425,0
23,426,0
23,427,0
23,428,0
23,429,0
23,430,0
23,431,0
23,432,0
23,433,1
23,434,0
23,435,0
23,436,0
23,437,0
23,438,0
23,439,0
23,440,0
23,441,0
23,442,0
23,443,0
23,444,0
23,445,0
23,446,0
23,447,1
23,448,1
23,449,0
23,450,0
23,451,0
23,452,0
23,453,0
23,454,0
23,455,0
23,456,0
23,457,0
23,458,0
23,459,0
23,460,0
23,461,0
23,462,0
23,463,0
23,464,0
23,465,0
23,466,0
23,467,0
23,468,0
23,469,0
23,470,0
23,471,0
23,472,0
23,473,0
23,474,0
23,475,0
23,476,0
23,477,0
23,478,0
23,479,0
23,480,0
23,481,0
23,482,0
23,483,0
23,484,0
23,485,0
23,486,0
23,487,0
23,488,0
23,489,0
23,490,0
23,491,0
23,492,0
23,493,0
23,494,0
23,495,0
23,496,0
23,497,0
23,498,0
23,499,0
23,500,0
23,501,0
23,502,0
23,503,0
23,504,0
23,505,0
23,506,0
23,507,0
23,508,0
23,509,0
23,510,0
23,511,0
23,512,0
23,513,0
23,514,0
23,515,0
23,516,0
23,517,0
23,518,0
23,519,0
23,520,0
23,521,0
23,522,0
23,523,0
23,524,0
23,525,0
23,526,0
23,527,0
23,528,0
23,529,0
23,530,0
23,531,0
23,532,0
23,533,0
23,534,0
24,292,0
24,293,0
24,315,0
24,317,0
24,325,0
24,326,0
24,328,0
24,341,0
24,342,0
24,343,0
24,344,0
24,345,0
24,346,0
24,347,0
24,350,0
24,351,0
24,352,0
24,353,0
24,355,0
24,356,0
24,357,0
24,358,0
24,359,0
24,361,0
24,362,0
24,363,0
24,364,1
24,365,0
24,366,0
24,367,0
24,368,0
24,369,0
24,370,0
24,371,0
24,372,0
24,373,0
24,374,0
24,375,0
24,376,0
24,377,0
24,378,0
24,379,0
24,380,0
24,381,0
24,382,1
24,383,0
24,384,0
24,385,0
24,386,1
24,387,1
24,388,0
24,389,0
24,390,0
24,391,0
24,393,1
24,394,0
24,395,0
24,396,0
24,397,0
24,398,0
24,399,0
24,400,0
24,401,0
24,402,0
24,403,0
24,404,0
24,405,0
24,406,0
24,407,0
24,408,0
24,409,0
24,410,1
24,411,0
24,412,0
24,413,0
24,414,0
24,415,0
24,416,1
24,417,0
24,418,0
24,419,1
24,420,0
24,421,0
24,422,0
24,423,1
24,424,0
24,425,0
24,426,0
24,427,0
24,428,0
24,429,0
24,430,0
24,431,0
24,432,0
24,433,0
24,434,0
24,435,0
24,436,0
24,437,0
24,438,0
24,439,0
24,440,0
24,441,0
24,442,0
24,443,0
24,444,0
24,445,0
24,446,0
24,447,0
24,448,1
24,449,0
24,450,0
24,451,0
24,452,0
24,453,0
24,454,0
24,455,0
24,456,0
24,457,0
24,458,0
24,459,0
24,460,0
24,461,0
24,462,0
24,463,0
24,464,0
24,465,0
24,466,0
24,467,0
24,468,0
24,469,0
24,470,0
24,471,0
24,472,0
24,473,0
24,474,0
24,475,0
24,476,0
24,477,0
24,478,0
24,479,0
24,480,0
24,481,0
24,482,0
24,483,0
24,484,0
24,485,0
24,486,0
24,487,0
24,488,0
24,489,0
24,490,0
24,491,0
24,492,0
24,493,0
24,494,0
24,495,0
24,496,0
24,497,0
24,498,0
24,499,0
24,500,0
24,501,0
24,502,0
24,503,0
24,504,0
24,505,0
24,506,0
24,507,0
24,508,0
24,509,0
24,510,0
24,511,0
24,512,0
24,513,0
24,514,0
24,515,0
24,516,0
24,517,0
24,518,0
24,519,0
24,520,0
24,521,0
24,522,0
24,523,0
24,524,0
24,525,0
24,526,0
24,527,0
24,528,0
24,529,0
24,530,0
24,531,0
24,532,0
24,533,0
24,534,0
24,535,0
24,536,0
24,537,0
24,539,0
24,540,0
25,292,0
25,293,0
25,315,0
25,326,0
25,341,0
25,342,0
25,345,0
25,347,0
25,352,0
25,355,0
25,357,0
25,358,0
25,359,0
25,361,0
25,363,0
25,364,0
25,365,0
25,366,0
25,367,0
25,369,0
25,370,0
25,371,0
25,372,0
25,373,0
25,374,0
25,375,0
25,377,0
25,379,1
25,380,0
25,381,0
25,382,0
25,383,0
25,385,0
25,386,1
25,387,1
25,388,0
25,389,0
25,390,0
25,391,0
25,393,1
25,394,0
25,396,0
25,397,0
25,398,0
25,399,0
25,400,0
25,401,0
25,402,0
25,403,0
25,404,0
25,405,0
25,406,0
25,407,0
25,408,0
25,409,0
25,410,0
25,411,0
25,412,0
25,413,0
25,414,0
25,415,0
25,416,1
25,417,0
25,418,0
25,419,1
25,420,0
25,421,0
25,422,0
25,423,1
25,424,0
25,425,0
25,426,0
25,427,0
25,428,0
25,429,0
25,430,1
25,431,0
25,432,1
25,433,0
25,434,0
25,435,0
25,436,1
25,437,1
25,438,0
25,439,0
25,440,0
25,441,1
25,442,0
25,443,1
25,444,0
25,445,0
25,446,0
25,447,0
25,448,1
25,449,0
25,450,0
25,451,0
25,452,1
25,453,0
25,454,0
25,455,0
25,456,0
25,457,0
25,458,0
25,459,0
25,460,0
25,461,1
25,462,0
25,463,0
25,464,1
25,465,0
25,466,0
25,467,0
25,468,0
25,469,0
25,470,0
25,471,0
25,472,0
25,473,0
25,474,0
25,475,0
25,476,0
25,477,0
25,478,0
25,479,0
25,480,0
25,481,0
25,482,0
25,483,0
25,484,0
25,485,0
25,486,0
25,487,0
25,488,0
25,489,0
25,490,0
25,491,0
25,492,0
25,493,0
25,494,0
25,495,0
25,496,0
25,497,0
25,498,0
25,499,0
25,500,0
25,501,0
25,502,0
25,503,0
25,504,0
25,505,0
25,506,0
25,507,0
25,508,0
25,509,0
25,510,0
25,511,0
25,512,0
25,513,0
25,514,0
25,515,0
25,516,0
25,517,0
25,518,0
25,519,0
25,520,0
25,521,0
25,522,0
25,523,0
25,524,0
25,525,0
25,526,0
25,527,0
25,528,0
25,529,0
25,530,0
25,531,0
25,532,0
25,533,0
25,534,0
25,535,0
25,536,0
25,537,0
25,538,0
25,539,0
25,540,0
25,541,0
25,542,0
25,543,0
25,544,0
25,545,0
25,546,0
25,547,0
25,548,0
25,549,0
25,550,0
25,551,0
25,552,0
25,553,0
25,554,0
25,555,0
25,556,0
25,557,0
25,558,0
25,559,0
25,560,0
25,561,0
25,563,0
26,293,0
26,315,0
26,326,0
26,342,0
26,347,0
26,359,0
26,361,0
26,363,0
26,364,0
26,367,0
26,369,0
26,370,0
26,371,0
26,379,0
26,380,0
26,381,0
26,382,0
26,383,0
26,386,0
26,387,1
26,388,0
26,389,0
26,390,0
26,391,0
26,393,1
26,394,0
26,396,0
26,397,0
26,398,0
26,399,0
26,400,0
26,401,0
26,402,0
26,403,0
26,404,0
26,405,0
26,406,0
26,407,0
26,408,0
26,410,0
26,411,0
26,412,0
26,413,0
26,414,0
26,415,0
26,416,0
26,417,0
26,418,0
26,419,0
26,420,0
26,421,0
26,422,0
26,423,0
26,424,0
26,425,0
26,426,0
26,427,0
26,428,1
26,429,0
26,430,0
26,431,0
26,432,0
26,433,0
26,434,0
26,435,0
26,436,1
26,437,0
26,438,1
26,439,1
26,440,0
26,441,1
26,442,1
26,443,1
26,444,0
26,445,0
26,446,0
26,447,0
26,448,0
26,449,1
26,450,0
26,451,0
26,452,1
26,453,1
26,454,0
26,455,0
26,456,0
26,457,0
26,458,0
26,459,0
26,460,0
26,461,0
26,462,0
26,463,1
26,464,1
26,465,0
26,466,0
26,467,0
26,468,0
26,469,0
26,470,0
26,471,0
26,472,0
26,473,0
26,474,0
26,475,1
26,476,0
26,477,0
26,478,0
26,479,0
26,480,1
26,481,0
26,482,0
26,483,0
26,484,0
26,485,0
26,486,0
26,487,0
26,488,0
26,489,0
26,490,0
26,491,0
26,492,0
26,493,0
26,494,0
26,495,0
26,496,0
26,497,0
26,498,0
26,499,0
26,500,0
26,501,0
26,502,0
26,503,0
26,504,0
26,505,0
26,506,0
26,507,0
26,508,0
26,509,0
26,510,0
26,511,0
26,512,0
26,513,0
26,514,0
26,515,0
26,516,0
26,517,0
26,518,0
26,519,0
26,520,0
26,521,0
26,522,0
26,523,0
26,524,0
26,525,0
26,526,0
26,527,0
26,528,0
26,529,0
26,530,0
26,531,0
26,532,0
26,533,0
26,534,0
26,535,0
26,536,0
26,537,0
26,538,0
26,539,0
26,540,0
26,541,0
26,542,0
26,543,0
26,544,0
26,545,0
26,546,0
26,547,0
26,548,0
26,549,0
26,550,0
26,551,0
26,552,0
26,553,0
26,554,0
26,555,0
26,556,0
26,557,0
26,558,0
26,559,0
26,560,0
26,561,0
26,562,0
26,563,0
26,564,0
26,565,0
26,566,0
26,567,0
26,568,0
26,569,0
26,570,0
26,571,0
26,572,0
26,573,0
26,574,0
26,575,0
26,576,0
26,577,0
26,578,0
26,579,0
26,580,0
26,581,0
26,582,0
26,583,0
26,584,0
26,585,0
27,315,0
27,326,0
27,359,0
27,363,0
27,364,0
27,367,0
27,369,0
27,370,0
27,379,0
27,381,0
27,382,0
27,383,0
27,386,0
27,387,0
27,388,0
27,389,0
27,390,0
27,393,0
27,394,0
27,396,0
27,399,0
27,402,0
27,403,0
27,404,0
27,405,0
27,406,0
27,407,0
27,408,0
27,410,0
27,411,0
27,412,0
27,413,0
27,414,0
27,416,0
27,417,0
27,419,0
27,421,0
27,423,0
27,425,0
27,426,0
27,427,0
27,428,1
27,429,0
27,430,0
27,431,0
27,432,0
27,433,0
27,434,1
27,435,0
27,436,1
27,437,0
27,438,1
27,439,0
27,440,0
27,441,0
27,442,0
27,443,1
27,444,0
27,445,0
27,446,1
27,447,0
27,448,0
27,449,0
27,450,0
27,451,0
27,452,1
27,453,1
27,454,0
27,455,0
27,456,0
27,457,0
27,458,1
27,459,0
27,460,0
27,461,0
27,462,0
27,463,1
27,464,0
27,465,0
27,466,0
27,467,0
27,468,0
27,469,0
27,470,1
27,471,0
27,472,0
27,473,0
27,474,0
27,475,1
27,476,0
27,477,0
27,478,0
27,479,0
27,480,0
27,481,1
27,482,1
27,483,0
27,484,0
27,485,0
27,486,1
27,487,0
27,488,1
27,489,0
27,490,0
27,491,1
27,492,0
27,493,0
27,494,0
27,495,0
27,496,0
27,497,0
27,498,0
27,499,0
27,500,0
27,501,0
27,502,1
27,503,0
27,504,0
27,505,0
27,506,0
27,507,0
27,508,0
27,509,0
27,510,0
27,511,0
27,512,0
27,513,0
27,514,0
27,515,0
27,516,0
27,517,0
27,518,0
27,519,0
27,520,0
27,521,0
27,522,0
27,523,0
27,524,0
27,525,0
27,526,0
27,527,0
27,528,0
27,529,0
27,530,0
27,531,0
27,532,0
27,533,0
27,534,0
27,535,0
27,536,0
27,537,0
27,538,0
27,539,0
27,540,0
27,541,0
27,542,0
27,543,0
27,544,0
27,545,0
27,546,0
27,547,0
27,548,0
27,549,0
27,550,0
27,551,0
27,552,0
27,553,0
27,554,0
27,555,0
27,556,0
27,557,0
27,558,0
27,559,0
27,560,0
27,561,0
27,562,0
27,563,0
27,564,0
27,565,0
27,566,0
27,567,0
27,568,0
27,569,0
27,570,0
27,571,0
27,572,0
27,573,0
27,574,0
27,575,0
27,576,0
27,577,0
27,578,0
27,579,0
27,580,0
27,581,0
27,582,0
27,583,0
27,584,0
27,585,0
27,586,0
27,587,0
27,588,0
27,589,0
27,590,0
27,591,0
27,592,0
27,593,0
27,594,0
27,595,0
27,596,0
27,597,0
27,598,0
27,599,0
27,601,0
28,326,0
28,359,0
28,363,0
28,364,0
28,369,0
28,370,0
28,379,0
28,381,0
28,382,0
28,383,0
28,386,0
28,387,0
28,389,0
28,393,0
28,394,0
28,399,0
28,402,0
28,403,0
28,404,0
28,405,0
28,406,0
28,407,0
28,408,0
28,410,0
28,411,0
28,413,0
28,416,0
28,417,0
28,419,0
28,423,0
28,425,0
28,427,0
28,428,1
28,430,0
28,431,0
28,432,0
28,433,0
28,434,1
28,435,0
28,436,0
28,437,0
28,438,0
28,439,0
28,440,0
28,441,0
28,442,0
28,443,0
28,444,0
28,445,0
28,446,1
28,447,0
28,448,0
28,449,0
28,450,0
28,451,0
28,452,1
28,453,0
28,454,0
28,455,0
28,456,0
28,457,0
28,458,1
28,459,0
28,460,0
28,461,0
28,462,0
28,463,1
28,464,0
28,465,0
28,466,0
28,467,1
28,468,1
28,469,1
28,470,1
28,471,0
28,472,0
28,473,0
28,474,0
28,475,1
28,476,0
28,477,0
28,478,0
28,479,0
28,480,0
28,481,0
28,482,1
28,483,0
28,484,0
28,485,0
28,486,1
28,487,0
28,488,0
28,489,0
28,490,1
28,491,1
28,492,1
28,493,0
28,494,0
28,495,0
28,496,0
28,497,0
28,498,0
28,499,0
28,500,0
28,501,0
28,502,0
28,503,0
28,504,1
28,505,0
28,506,1
28,507,1
28,508,0
28,509,0
28,510,0
28,511,0
28,512,0
28,513,0
28,514,0
28,515,0
28,516,0
28,517,0
28,518,0
28,519,0
28,520,0
28,521,0
28,522,0
28,523,0
28,524,0
28,525,1
28,526,0
28,527,0
28,528,0
28,529,0
28,530,0
28,531,0
28,532,0
28,533,0
28,534,0
28,535,0
28,536,0
28,537,0
28,538,0
28,539,0
28,540,0
28,541,0
28,542,0
28,543,0
28,544,0
28,545,0
28,546,0
28,547,0
28,548,0
28,549,0
28,550,0
28,551,0
28,552,0
28,553,0
28,554,0
28,555,0
28,556,0
28,557,0
28,558,0
28,559,0
28,560,0
28,561,0
28,562,0
28,563,0
28,564,0
28,565,0
28,566,0
28,567,0
28,568,0
28,569,0
28,570,0
28,571,0
28,572,0
28,573,0
28,574,0
28,575,0
28,576,0
28,577,0
28,578,0
28,579,0
28,580,0
28,581,0
28,582,0
28,583,0
28,584,0
28,585,0
28,586,0
28,587,0
28,588,0
28,589,0
28,590,0
28,591,0
28,592,0
28,593,0
28,594,0
28,595,0
28,596,0
28,597,0
28,598,0
28,599,0
28,600,0
28,601,0
28,602,0
28,603,0
28,604,0
28,605,0
28,606,0
28,607,0
28,608,0
28,609,0
28,610,0
28,611,0
29,326,0
29,359,0
29,363,0
29,364,0
29,369,0
29,370,0
29,379,0
29,381,0
29,382,0
29,383,0
29,386,0
29,387,0
29,389,0
29,393,0
29,394,0
29,399,0
29,402,0
29,403,0
29,404,0
29,405,0
29,406,0
29,407,0
29,408,0
29,410,0
29,411,0
29,413,0
29,416,0
29,417,0
29,419,0
29,423,0
29,425,0
29,427,0
29,428,0
29,430,0
29,431,0
29,432,0
29,433,0
29,434,1
29,435,0
29,436,0
29,437,0
29,438,0
29,439,0
29,440,0
29,441,0
29,442,0
29,443,0
29,444,0
29,445,0
29,446,1
29,447,0
29,448,0
29,449,0
29,450,0
29,451,0
29,452,1
29,453,0
29,454,0
29,455,0
29,456,0
29,457,0
29,458,1
29,459,0
29,460,0
29,461,0
29,462,0
29,463,1
29,464,0
29,465,0
29,466,0
29,467,1
29,468,1
29,469,1
29,470,1
29,471,0
29,472,1
29,473,0
29,474,0
29,475,1
29,476,0
29,477,0
29,478,0
29,479,0
29,480,0
29,481,0
29,482,1
29,483,0
29,484,0
29,485,0
29,486,1
29,487,0
29,488,0
29,489,0
29,490,1
29,491,1
29,492,1
29,493,0
29,494,0
29,495,0
29,496,0
29,497,0
29,498,0
29,499,0
29,500,0
29,501,0
29,502,0
29,503,0
29,504,1
29,505,0
29,506,1
29,507,1
29,508,0
29,509,0
29,510,1
29,511,0
29,512,0
29,513,0
29,514,0
29,515,0
29,516,0
29,517,1
29,518,0
29,519,0
29,520,0
29,521,0
29,522,0
29,523,0
29,524,0
29,525,1
29,526,0
29,527,0
29,528,0
29,529,0
29,530,0
29,531,0
29,532,0
29,533,0
29,534,0
29,535,0
29,536,0
29,537,0
29,538,0
29,539,0
29,540,0
29,541,0
29,542,0
29,543,0
29,544,0
29,545,0
29,546,0
29,547,0
29,548,0
29,549,0
29,550,0
29,551,0
29,552,0
29,553,0
29,554,0
29,555,0
29,556,0
29,557,0
29,558,0
29,559,0
29,560,0
29,561,0
29,562,0
29,563,0
29,564,0
29,565,0
29,566,0
29,567,0
29,568,0
29,569,0
29,570,0
29,571,0
29,572,0
29,573,0
29,574,0
29,575,0
29,576,0
29,577,0
29,578,0
29,579,0
29,580,0
29,581,0
29,582,0
29,583,0
29,584,0
29,585,0
29,586,0
29,587,0
29,588,0
29,589,0
29,590,0
29,591,0
29,592,0
29,593,0
29,594,0
29,595,0
29,596,0
29,597,0
29,598,0
29,599,0
29,600,0
29,601,0
29,602,0
29,603,0
29,604,0
29,605,0
29,606,0
29,607,0
29,608,0
29,609,0
29,610,0
29,611,0
29,612,0
30,326,0
30,363,0
30,364,0
30,369,0
30,379,0
30,382,0
30,383,0
30,386,0
30,387,0
30,389,0
30,393,0
30,394,0
30,402,0
30,404,0
30,416,0
30,417,0
30,419,0
30,423,0
30,428,0
30,430,0
30,431,0
30,432,0
30,434,1
30,435,0
30,436,0
30,437,0
30,438,0
30,439,0
30,440,0
30,441,0
30,442,0
30,443,0
30,444,0
30,446,0
30,448,0
30,449,0
30,450,0
30,451,0
30,452,0
30,453,0
30,454,0
30,455,0
30,456,0
30,457,0
30,458,0
30,459,0
30,460,0
30,461,0
30,462,0
30,463,0
30,464,0
30,465,0
30,466,0
30,467,0
30,468,0
30,469,1
30,470,0
30,471,0
30,472,1
30,473,0
30,474,0
30,475,0
30,476,0
30,477,0
30,478,1
30,479,0
30,480,0
30,481,0
30,482,0
30,483,0
30,484,1
30,485,0
30,486,0
30,487,1
30,488,0
30,489,0
30,490,1
30,491,1
30,492,0
30,493,0
30,494,1
30,495,0
30,496,0
30,497,1
30,498,0
30,499,0
30,500,1
30,501,0
30,502,0
30,503,0
30,504,1
30,505,0
30,506,0
30,507,1
30,508,0
30,509,0
30,510,1
30,511,0
30,512,0
30,513,0
30,514,1
30,515,0
30,516,0
30,517,0
30,518,0
30,519,0
30,520,1
30,521,0
30,522,0
30,523,1
30,524,1
30,525,0
30,526,1
30,527,1
30,528,0
30,529,0
30,530,1
30,531,0
30,532,0
30,533,0
30,534,0
30,535,0
30,536,0
30,537,0
30,538,0
30,539,0
30,540,0
30,541,0
30,542,0
30,543,0
30,544,0
30,545,0
30,546,0
30,547,0
30,548,0
30,549,0
30,550,0
30,551,0
30,552,0
30,553,0
30,554,0
30,555,0
30,556,0
30,557,0
30,558,0
30,559,0
30,560,0
30,561,0
30,562,0
30,563,0
30,564,0
30,565,0
30,566,0
30,567,0
30,568,0
30,569,0
30,570,0
30,571,0
30,572,0
30,573,0
30,574,0
30,575,0
30,576,0
30,577,0
30,578,0
30,579,0
30,580,0
30,581,0
30,582,0
30,583,0
30,584,0
30,585,0
30,586,0
30,587,0
30,588,0
30,589,0
30,590,0
30,591,0
30,592,0
30,593,0
30,594,0
30,595,0
30,596,0
30,597,0
30,598,0
30,599,0
30,600,0
30,601,0
30,602,0
30,603,0
30,604,0
30,605,0
30,606,0
30,607,0
30,608,0
30,609,0
30,610,0
30,611,0
30,612,0
30,613,0
30,614,0
30,615,0
30,616,0
30,617,0
30,618,0
30,619,0
30,620,0
30,621,0
30,622,0
30,623,0
30,624,0
30,625,0
30,626,0
30,627,0
30,628,0
30,629,0
30,630,0
31,364,0
31,369,0
31,379,0
31,386,0
31,387,0
31,393,0
31,404,0
31,416,0
31,417,0
31,419,0
31,423,0
31,428,0
31,430,0
31,431,0
31,432,0
31,434,1
31,435,0
31,436,0
31,437,0
31,438,0
31,439,0
31,440,0
31,441,0
31,442,0
31,443,0
31,444,0
31,446,0
31,448,0
31,449,0
31,450,0
31,451,0
31,452,0
31,453,0
31,454,0
31,455,0
31,456,0
31,457,0
31,458,0
31,459,0
31,460,0
31,461,0
31,462,0
31,463,0
31,464,0
31,465,0
31,466,0
31,467,0
31,468,0
31,469,0
31,470,0
31,471,0
31,472,0
31,473,0
31,474,0
31,475,0
31,476,0
31,477,0
31,478,1
31,479,0
31,480,0
31,481,0
31,482,0
31,483,0
31,484,1
31,485,0
31,486,0
31,487,1
31,488,0
31,489,0
31,490,1
31,491,1
31,492,0
31,493,0
31,494,1
31,495,0
31,496,0
31,497,1
31,498,0
31,499,0
31,500,0
31,501,0
31,502,0
31,503,0
31,504,0
31,505,0
31,506,0
31,507,0
31,508,0
31,509,0
31,510,1
31,511,0
31,512,0
31,513,0
31,514,1
31,515,1
31,516,1
31,517,0
31,518,0
31,519,1
31,520,0
31,521,0
31,522,0
31,523,1
31,524,1
31,525,0
31,526,0
31,527,0
31,528,0
31,529,0
31,530,1
31,531,0
31,532,0
31,533,0
31,534,0
31,535,0
31,536,0
31,537,0
31,538,0
31,539,0
31,540,1
31,541,0
31,542,0
31,543,0
31,544,0
31,545,0
31,546,0
31,547,0
31,548,0
31,549,0
31,550,0
31,551,0
31,552,0
31,553,0
31,554,0
31,555,0
31,556,0
31,557,0
31,558,0
31,559,0
31,560,0
31,561,0
31,562,0
31,563,0
31,564,0
31,565,0
31,566,0
31,567,0
31,568,0
31,569,0
31,570,0
31,571,0
31,572,0
31,573,0
31,574,0
31,575,0
31,576,0
31,577,0
31,578,0
31,579,0
31,580,0
31,581,0
31,582,0
31,583,0
31,584,0
31,585,0
31,586,0
31,587,0
31,588,0
31,589,0
31,590,0
31,591,0
31,592,0
31,593,0
31,594,0
31,595,0
31,596,0
31,597,0
31,598,0
31,599,0
31,600,0
31,601,0
31,602,0
31,603,0
31,604,0
31,605,0
31,606,0
31,607,0
31,608,0
31,609,0
31,610,0
31,611,0
31,612,0
31,613,0
31,614,0
31,615,0
31,616,0
31,617,0
31,618,0
31,619,0
31,620,0
31,621,0
31,622,0
31,623,0
31,624,0
31,625,0
31,626,0
31,627,0
31,628,0
31,629,0
31,630,0
31,631,0
31,632,0
31,633,0
31,634,0
31,635,0
31,636,0
31,637,0
31,638,0
31,639,0
31,640,0
31,641,0
31,642,0
31,643,0
32,364,0
32,369,0
32,379,0
32,386,0
32,387,0
32,393,0
32,404,0
32,416,0
32,419,0
32,423,0
32,428,0
32,430,0
32,431,0
32,432,0
32,434,1
32,435,0
32,436,0
32,437,0
32,438,0
32,439,0
32,440,0
32,441,0
32,442,0
32,443,0
32,444,0
32,446,0
32,448,0
32,449,0
32,450,0
32,451,0
32,452,0
32,453,0
32,454,0
32,455,0
32,456,0
32,457,0
32,458,0
32,459,0
32,460,0
32,461,0
32,462,0
32,463,0
32,464,0
32,465,0
32,466,0
32,467,0
32,468,0
32,469,0
32,470,0
32,471,0
32,472,0
32,473,0
32,474,0
32,475,0
32,476,0
32,477,0
32,478,1
32,479,0
32,480,0
32,481,0
32,482,0
32,483,0
32,484,1
32,485,0
32,486,0
32,487,1
32,488,0
32,489,0
32,490,1
32,491,1
32,492,0
32,493,0
32,494,1
32,495,0
32,496,0
32,497,1
32,498,0
32,499,0
32,500,0
32,501,0
32,502,0
32,503,0
32,504,0
32,505,0
32,506,0
32,507,0
32,508,0
32,509,0
32,510,1
32,511,0
32,512,0
32,513,0
32,514,1
32,515,1
32,516,1
32,517,0
32,518,0
32,519,1
32,520,0
32,521,0
32,522,0
32,523,1
32,524,1
32,525,0
32,526,0
32,527,0
32,528,0
32,529,0
32,530,1
32,531,1
32,532,0
32,533,0
32,534,0
32,535,0
32,536,0
32,537,0
32,538,0
32,539,0
32,540,1
32,541,0
32,542,0
32,543,0
32,544,0
32,545,0
32,546,0
32,547,0
32,548,0
32,549,0
32,550,0
32,551,0
32,552,0
32,553,0
32,554,0
32,555,0
32,556,0
32,557,0
32,558,0
32,559,0
32,560,0
32,561,0
32,562,0
32,563,0
32,564,0
32,565,0
32,566,0
32,567,0
32,568,0
32,569,0
32,570,0
32,571,0
32,572,0
32,573,0
32,574,0
32,575,0
32,576,0
32,577,0
32,578,0
32,579,0
32,580,0
32,581,0
32,582,0
32,583,0
32,584,0
32,585,0
32,586,0
32,587,0
32,588,0
32,589,0
32,590,0
32,591,0
32,592,0
32,593,0
32,594,0
32,595,0
32,596,0
32,597,0
32,598,0
32,599,0
32,600,0
32,601,0
32,602,0
32,603,0
32,604,0
32,605,0
32,606,0
32,607,0
32,608,0
32,609,0
32,610,0
32,611,0
32,612,0
32,613,0
32,614,0
32,615,0
32,616,0
32,617,0
32,618,0
32,619,0
32,620,0
32,621,0
32,622,0
32,623,0
32,624,0
32,625,0
32,626,0
32,627,0
32,628,0
32,629,0
32,630,0
32,631,0
32,632,0
32,633,0
32,634,0
32,635,0
32,636,0
32,637,0
32,638,0
32,639,0
32,640,0
32,641,0
32,642,0
32,643,0
33,369,0
33,379,0
33,386,0
33,387,0
33,393,0
33,428,0
33,430,0
33,432,0
33,434,0
33,435,0
33,436,0
33,437,0
33,438,0
33,439,0
33,440,0
33,441,0
33,442,0
33,443,0
33,446,0
33,448,0
33,449,0
33,450,0
33,452,0
33,453,0
33,454,0
33,455,0
33,456,0
33,458,0
33,460,0
33,461,0
33,462,0
33,463,0
33,464,0
33,465,0
33,466,0
33,467,0
33,468,0
33,469,0
33,470,0
33,471,0
33,472,0
33,475,0
33,476,0
33,477,0
33,478,0
33,479,0
33,480,0
33,481,0
33,482,0
33,483,0
33,484,1
33,485,0
33,486,0
33,487,1
33,488,0
33,489,0
33,490,1
33,491,0
33,492,0
33,493,0
33,494,1
33,495,0
33,496,0
33,497,1
33,498,0
33,499,0
33,500,0
33,501,0
33,502,0
33,503,0
33,504,0
33,505,0
33,506,0
33,507,0
33,508,0
33,509,0
33,510,0
33,511,0
33,512,0
33,513,0
33,514,1
33,515,0
33,516,0
33,517,0
33,518,0
33,519,1
33,520,0
33,521,0
33,522,0
33,523,0
33,524,0
33,525,0
33,526,0
33,527,0
33,528,0
33,529,0
33,530,1
33,531,1
33,532,1
33,533,0
33,534,0
33,535,0
33,536,0
33,537,0
33,538,1
33,539,0
33,540,1
33,541,0
33,542,0
33,543,0
33,544,0
33,545,0
33,546,0
33,547,0
33,548,0
33,549,0
33,550,0
33,551,0
33,552,0
33,553,0
33,554,0
33,555,0
33,556,0
33,557,0
33,558,0
33,559,0
33,560,0
33,561,1
33,562,0
33,563,0
33,564,0
33,565,0
33,566,1
33,567,0
33,568,0
33,569,0
33,570,0
33,571,0
33,572,0
33,573,0
33,574,0
33,575,0
33,576,0
33,577,0
33,578,0
33,579,0
33,580,0
33,581,0
33,582,0
33,583,0
33,584,0
33,585,0
33,586,0
33,587,0
33,588,0
33,589,0
33,590,0
33,591,0
33,592,0
33,593,0
33,594,0
33,595,0
33,596,0
33,597,0
33,598,0
33,599,0
33,600,0
33,601,0
33,602,0
33,603,0
33,604,0
33,605,0
33,606,0
33,607,0
33,608,0
33,609,0
33,610,0
33,611,0
33,612,0
33,613,0
33,614,0
33,615,0
33,616,0
33,617,0
33,618,0
33,619,0
33,620,0
33,621,0
33,622,0
33,623,0
33,624,0
33,625,0
33,626,0
33,627,0
33,628,0
33,629,0
33,630,0
33,631,0
33,632,0
33,633,0
33,634,0
33,635,0
33,636,0
33,637,0
33,638,0
33,639,0
33,640,0
33,641,0
33,642,0
33,643,0
33,644,0
33,645,0
33,646,0
33,647,0
33,648,0
33,649,0
33,650,0
33,651,0
34,369,0
34,428,0
34,434,0
34,436,0
34,438,0
34,440,0
34,443,0
34,446,0
34,452,0
34,458,0
34,460,0
34,463,0
34,465,0
34,467,0
34,468,0
34,469,0
34,470,0
34,472,0
34,475,0
34,478,0
34,484,0
34,486,0
34,487,0
34,489,0
34,490,0
34,491,0
34,492,0
34,494,0
34,495,0
34,496,0
34,497,0
34,498,0
34,499,0
34,500,0
34,502,0
34,503,0
34,504,0
34,505,0
34,506,0
34,507,0
34,508,0
34,509,0
34,510,0
34,511,0
34,512,0
34,513,0
34,514,0
34,515,0
34,516,0
34,517,0
34,519,0
34,520,0
34,521,0
34,523,0
34,524,0
34,525,0
34,526,0
34,527,0
34,528,0
34,529,0
34,530,0
34,531,0
34,532,0
34,533,0
34,534,0
34,535,0
34,536,0
34,537,0
34,538,0
34,539,1
34,540,0
34,541,0
34,542,0
34,543,0
34,544,0
34,545,0
34,546,0
34,547,0
34,548,0
34,549,0
34,550,1
34,551,0
34,552,0
34,553,0
34,554,0
34,555,1
34,556,0
34,557,0
34,558,0
34,559,0
34,560,0
34,561,0
34,562,0
34,563,0
34,564,0
34,565,1
34,566,0
34,567,0
34,568,1
34,569,0
34,570,0
34,571,0
34,572,1
34,573,1
34,574,0
34,575,0
34,576,1
34,577,0
34,578,0
34,579,0
34,580,0
34,581,1
34,582,0
34,583,0
34,584,1
34,585,0
34,586,0
34,587,0
34,588,0
34,589,1
34,590,0
34,591,0
34,592,0
34,593,0
34,594,0
34,595,0
34,596,0
34,597,0
34,598,1
34,599,0
34,600,0
34,601,0
34,602,0
34,603,0
34,604,0
34,605,0
34,606,0
34,607,0
34,608,1
34,609,0
34,610,0
34,611,0
34,612,0
34,613,0
34,614,0
34,615,0
34,616,0
34,617,0
34,618,0
34,619,0
34,620,0
34,621,0
34,622,0
34,623,0
34,624,0
34,625,0
34,626,0
34,627,0
34,628,0
34,629,0
34,630,0
34,631,0
34,632,0
34,633,0
34,634,0
34,635,0
34,636,0
34,637,0
34,638,0
34,639,0
34,640,0
34,641,0
34,642,0
34,643,0
34,644,0
34,645,0
34,646,0
34,647,0
34,648,0
34,649,0
34,650,0
34,651,0
34,652,0
34,653,0
34,654,0
34,655,0
34,656,0
34,657,0
34,658,0
34,659,0
34,660,0
34,661,0
34,662,0
34,663,0
34,664,0
34,665,0
34,666,0
34,667,0
34,668,0
34,669,0
34,670,0
34,671,0
34,672,0
34,673,0
34,674,0
34,675,0
34,676,0
34,677,0
34,678,0
34,679,0
34,680,0
34,681,0
34,682,0
34,683,0
34,684,0
35,428,0
35,434,0
35,440,0
35,446,0
35,452,0
35,458,0
35,465,0
35,467,0
35,468,0
35,469,0
35,472,0
35,478,0
35,484,0
35,486,0
35,487,0
35,490,0
35,491,0
35,492,0
35,494,0
35,495,0
35,497,0
35,499,0
35,500,0
35,502,0
35,503,0
35,504,0
35,505,0
35,507,0
35,508,0
35,509,0
35,510,0
35,512,0
35,514,0
35,515,0
35,516,0
35,517,0
35,519,0
35,520,0
35,521,0
35,523,0
35,524,0
35,526,0
35,527,0
35,528,0
35,529,0
35,530,0
35,531,0
35,532,0
35,533,0
35,534,0
35,535,0
35,536,0
35,537,0
35,538,0
35,539,0
35,540,0
35,541,0
35,542,0
35,543,0
35,544,0
35,545,0
35,546,0
35,547,0
35,548,0
35,549,0
35,550,0
35,551,0
35,552,0
35,553,0
35,554,0
35,555,0
35,556,0
35,557,0
35,558,0
35,559,0
35,560,0
35,561,0
35,562,0
35,563,0
35,564,0
35,565,1
35,566,0
35,567,0
35,568,1
35,569,0
35,570,0
35,571,0
35,572,1
35,573,0
35,574,0
35,575,0
35,576,1
35,577,1
35,578,0
35,579,0
35,580,0
35,581,1
35,582,0
35,583,0
35,584,0
35,585,0
35,586,1
35,587,0
35,588,0
35,589,0
35,590,0
35,591,0
35,592,1
35,593,0
35,594,0
35,595,0
35,596,0
35,597,1
35,598,0
35,599,0
35,600,1
35,601,0
35,602,0
35,603,1
35,604,0
35,605,1
35,606,0
35,607,0
35,608,0
35,609,0
35,610,0
35,611,0
35,612,1
35,613,1
35,614,0
35,615,0
35,616,0
35,617,0
35,618,0
35,619,0
35,620,0
35,621,0
35,622,0
35,623,0
35,624,0
35,625,0
35,626,0
35,627,0
35,628,0
35,629,0
35,630,0
35,631,0
35,632,0
35,633,0
35,634,0
35,635,0
35,636,0
35,637,0
35,638,0
35,639,0
35,640,0
35,641,0
35,642,0
35,643,0
35,644,0
35,645,0
35,646,0
35,647,0
35,648,0
35,649,0
35,650,0
35,651,0
35,652,0
35,653,0
35,654,0
35,655,0
35,656,0
35,657,0
35,658,0
35,659,0
35,660,0
35,661,0
35,662,0
35,663,0
35,664,0
35,665,0
35,666,0
35,667,0
35,668,0
35,669,0
35,670,0
35,671,0
35,672,0
35,673,0
35,674,0
35,675,0
35,676,0
35,677,0
35,678,0
35,679,0
35,680,0
35,681,0
35,682,0
35,683,0
35,684,0
35,685,0
35,686,0
35,687,0
35,688,0
35,689,0
35,690,0
35,691,0
35,692,0
35,693,0
35,694,0
35,695,0
35,696,0
35,697,0
35,698,0
35,699,0
35,700,0
35,701,0
35,702,0
35,703,0
36,428,0
36,434,0
36,440,0
36,446,0
36,452,0
36,458,0
36,465,0
36,467,0
36,468,0
36,469,0
36,472,0
36,478,0
36,484,0
36,486,0
36,487,0
36,490,0
36,491,0
36,494,0
36,495,0
36,497,0
36,499,0
36,500,0
36,502,0
36,504,0
36,505,0
36,507,0
36,508,0
36,509,0
36,510,0
36,512,0
36,514,0
36,515,0
36,516,0
36,517,0
36,519,0
36,520,0
36,521,0
36,523,0
36,524,0
36,526,0
36,527,0
36,528,0
36,529,0
36,530,0
36,531,0
36,532,0
36,533,0
36,534,0
36,535,0
36,536,0
36,537,0
36,538,0
36,539,0
36,540,0
36,541,0
36,542,0
36,543,0
36,544,0
36,545,0
36,546,0
36,547,0
36,548,0
36,549,0
36,550,0
36,551,0
36,552,0
36,553,0
36,554,0
36,555,0
36,556,0
36,557,0
36,558,0
36,559,0
36,560,0
36,561,0
36,562,0
36,563,0
36,564,0
36,565,1
36,566,0
36,567,0
36,568,1
36,569,0
36,570,0
36,571,0
36,572,1
36,573,0
36,574,0
36,575,0
36,576,1
36,577,1
36,578,0
36,579,0
36,580,0
36,581,1
36,582,0
36,583,0
36,584,0
36,585,0
36,586,1
36,587,0
36,588,0
36,589,0
36,590,0
36,591,0
36,592,1
36,593,0
36,594,0
36,595,0
36,596,0
36,597,1
36,598,0
36,599,0
36,600,1
36,601,0
36,602,0
36,603,1
36,604,0
36,605,1
36,606,0
36,607,0
36,608,0
36,609,0
36,610,0
36,611,0
36,612,1
36,613,1
36,614,0
36,615,0
36,616,0
36,617,0
36,618,0
36,619,0
36,620,0
36,621,0
36,622,0
36,623,0
36,624,0
36,625,0
36,626,0
36,627,0
36,628,0
36,629,0
36,630,0
36,631,0
36,632,0
36,633,0
36,634,0
36,635,0
36,636,0
36,637,0
36,638,0
36,639,0
36,640,0
36,641,0
36,642,0
36,643,0
36,644,0
36,645,0
36,646,0
36,647,0
36,648,0
36,649,0
36,650,0
36,651,0
36,652,0
36,653,0
36,654,0
36,655,0
36,656,0
36,657,0
36,658,0
36,659,0
36,660,0
36,661,0
36,662,0
36,663,0
36,664,0
36,665,0
36,666,0
36,667,0
36,668,0
36,669,0
36,670,0
36,671,0
36,672,0
36,673,0
36,674,0
36,675,0
36,676,0
36,677,0
36,678,0
36,679,0
36,680,0
36,681,0
36,682,0
36,683,0
36,684,0
36,685,0
36,686,0
36,687,0
36,688,0
36,689,0
36,690,0
36,691,0
36,692,0
36,693,0
36,694,0
36,695,0
36,696,0
36,697,0
36,698,0
36,699,0
36,700,0
36,701,0
36,702,0
36,703,0
36,704,0
37,428,0
37,434,0
37,440,0
37,446,0
37,452,0
37,458,0
37,465,0
37,467,0
37,468,0
37,469,0
37,472,0
37,478,0
37,484,0
37,487,0
37,490,0
37,491,0
37,494,0
37,495,0
37,497,0
37,500,0
37,502,0
37,504,0
37,505,0
37,507,0
37,508,0
37,509,0
37,510,0
37,512,0
37,514,0
37,515,0
37,516,0
37,517,0
37,519,0
37,520,0
37,521,0
37,523,0
37,524,0
37,526,0
37,527,0
37,528,0
37,529,0
37,530,0
37,531,0
37,532,0
37,533,0
37,534,0
37,535,0
37,536,0
37,537,0
37,538,0
37,539,0
37,540,0
37,541,0
37,542,0
37,543,0
37,544,0
37,545,0
37,546,0
37,547,0
37,548,0
37,549,0
37,550,0
37,551,0
37,552,0
37,553,0
37,554,0
37,555,0
37,556,0
37,557,0
37,558,0
37,559,0
37,560,0
37,561,0
37,562,0
37,563,0
37,564,0
37,565,1
37,566,0
37,567,0
37,568,1
37,569,0
37,570,0
37,571,0
37,572,1
37,573,0
37,574,0
37,575,0
37,576,1
37,577,1
37,578,0
37,579,0
37,580,0
37,581,1
37,582,0
37,583,0
37,584,0
37,585,0
37,586,1
37,587,0
37,588,0
37,589,0
37,590,0
37,591,0
37,592,1
37,593,0
37,594,0
37,595,0
37,596,0
37,597,1
37,598,0
37,599,0
37,600,1
37,601,0
37,602,0
37,603,0
37,604,0
37,605,1
37,606,0
37,607,0
37,608,0
37,609,0
37,610,0
37,611,0
37,612,1
37,613,1
37,614,0
37,615,0
37,616,0
37,617,0
37,618,0
37,619,0
37,620,0
37,621,0
37,622,0
37,623,0
37,624,0
37,625,0
37,626,0
37,627,0
37,628,0
37,629,0
37,630,0
37,631,0
37,632,0
37,633,0
37,634,0
37,635,0
37,636,0
37,637,0
37,638,0
37,639,0
37,640,0
37,641,0
37,642,0
37,643,0
37,644,0
37,645,0
37,646,0
37,647,0
37,648,0
37,649,0
37,650,0
37,651,0
37,652,0
37,653,0
37,654,0
37,655,0
37,656,0
37,657,0
37,658,0
37,659,0
37,660,0
37,661,0
37,662,0
37,663,0
37,664,0
37,665,0
37,666,0
37,667,0
37,668,0
37,669,0
37,670,0
37,671,0
37,672,0
37,673,0
37,674,0
37,675,0
37,676,0
37,677,0
37,678,0
37,679,0
37,680,0
37,681,0
37,682,0
37,683,0
37,684,0
37,685,0
37,686,0
37,687,0
37,688,0
37,689,0
37,690,0
37,691,0
37,692,0
37,693,0
37,694,0
37,695,0
37,696,0
37,697,0
37,698,0
37,699,0
37,700,0
37,701,0
37,702,0
37,703,0
37,704,0
37,705,0
38,434,0
38,465,0
38,467,0
38,468,0
38,472,0
38,484,0
38,487,0
38,490,0
38,491,0
38,494,0
38,497,0
38,500,0
38,502,0
38,505,0
38,507,0
38,509,0
38,510,0
38,514,0
38,515,0
38,519,0
38,523,0
38,524,0
38,528,0
38,529,0
38,530,0
38,531,0
38,532,0
38,534,0
38,535,0
38,536,0
38,538,0
38,539,0
38,540,0
38,541,0
38,542,0
38,543,0
38,544,0
38,546,0
38,547,0
38,548,0
38,549,0
38,550,0
38,551,0
38,552,0
38,553,0
38,555,0
38,557,0
38,558,0
38,559,0
38,560,0
38,561,0
38,562,0
38,563,0
38,564,0
38,565,0
38,566,0
38,567,0
38,568,0
38,569,0
38,570,0
38,571,0
38,572,0
38,573,0
38,574,0
38,575,0
38,576,0
38,577,0
38,578,0
38,579,0
38,580,0
38,581,0
38,582,0
38,583,0
38,584,0
38,585,0
38,586,0
38,587,0
38,588,0
38,589,0
38,590,0
38,591,0
38,592,1
38,593,0
38,594,0
38,595,0
38,596,0
38,597,0
38,598,0
38,599,0
38,600,1
38,601,0
38,602,0
38,603,0
38,604,0
38,605,0
38,606,1
38,607,0
38,608,0
38,609,1
38,610,1
38,611,0
38,612,1
38,613,0
38,614,1
38,615,0
38,616,0
38,617,0
38,618,1
38,619,0
38,620,1
38,621,0
38,622,0
38,623,0
38,624,0
38,625,0
38,626,0
38,627,0
38,628,0
38,629,0
38,630,0
38,631,0
38,632,0
38,633,0
38,634,0
38,635,1
38,636,1
38,637,1
38,638,0
38,639,1
38,640,0
38,641,0
38,642,0
38,643,0
38,644,0
38,645,0
38,646,0
38,647,0
38,648,0
38,649,0
38,650,0
38,651,0
38,652,0
38,653,0
38,654,0
38,655,0
38,656,0
38,657,0
38,658,0
38,659,0
38,660,0
38,661,0
38,662,0
38,663,0
38,664,0
38,665,0
38,666,0
38,667,0
38,668,0
38,669,0
38,670,0
38,671,0
38,672,0
38,673,0
38,674,0
38,675,0
38,676,0
38,677,0
38,678,0
38,679,0
38,680,0
38,681,0
38,682,0
38,683,0
38,684,0
38,685,0
38,686,0
38,687,0
38,688,0
38,689,0
38,690,0
38,691,0
38,692,0
38,693,0
38,694,0
38,695,0
38,696,0
38,697,0
38,698,0
38,699,0
38,700,0
38,701,0
38,702,0
38,703,0
38,704,0
38,705,0
38,706,0
38,707,0
38,708,0
38,709,0
38,710,0
38,711,0
38,712,0
38,713,0
38,714,0
38,715,0
38,716,0
38,718,0
38,719,0
38,720,0
38,721,0
38,722,0
38,723,0
38,726,0
39,434,0
39,465,0
39,467,0
39,472,0
39,484,0
39,487,0
39,490,0
39,494,0
39,497,0
39,505,0
39,507,0
39,509,0
39,510,0
39,514,0
39,515,0
39,519,0
39,523,0
39,524,0
39,528,0
39,529,0
39,530,0
39,531,0
39,532,0
39,534,0
39,535,0
39,536,0
39,538,0
39,539,0
39,540,0
39,541,0
39,542,0
39,543,0
39,544,0
39,546,0
39,547,0
39,548,0
39,549,0
39,550,0
39,551,0
39,552,0
39,553,0
39,555,0
39,557,0
39,558,0
39,559,0
39,560,0
39,561,0
39,562,0
39,563,0
39,564,0
39,565,0
39,566,0
39,567,0
39,568,0
39,569,0
39,570,0
39,571,0
39,572,0
39,573,0
39,574,0
39,575,0
39,576,0
39,577,0
39,578,0
39,579,0
39,580,0
39,581,0
39,582,0
39,583,0
39,584,0
39,585,0
39,586,0
39,587,0
39,588,0
39,589,0
39,590,0
39,591,0
39,592,1
39,593,0
39,594,0
39,595,0
39,596,0
39,597,0
39,598,0
39,599,0
39,600,1
39,601,0
39,602,0
39,603,0
39,604,0
39,605,0
39,606,1
39,607,0
39,608,0
39,609,0
39,610,1
39,611,0
39,612,1
39,613,0
39,614,1
39,615,0
39,616,0
39,617,0
39,618,1
39,619,0
39,620,1
39,621,0
39,622,0
39,623,0
39,624,0
39,625,0
39,626,0
39,627,1
39,628,0
39,629,0
39,630,0
39,631,0
39,632,0
39,633,0
39,634,0
39,635,1
39,636,1
39,637,1
39,638,0
39,639,1
39,640,0
39,641,0
39,642,0
39,643,0
39,644,0
39,645,0
39,646,0
39,647,0
39,648,0
39,649,0
39,650,0
39,651,0
39,652,0
39,653,0
39,654,0
39,655,0
39,656,0
39,657,0
39,658,0
39,659,0
39,660,0
39,661,0
39,662,0
39,663,0
39,664,0
39,665,0
39,666,0
39,667,0
39,668,0
39,669,0
39,670,0
39,671,0
39,672,0
39,673,0
39,674,0
39,675,0
39,676,0
39,677,0
39,678,0
39,679,0
39,680,0
39,681,0
39,682,0
39,683,0
39,684,0
39,685,0
39,686,0
39,687,0
39,688,0
39,689,0
39,690,0
39,691,0
39,692,0
39,693,0
39,694,0
39,695,0
39,696,0
39,697,0
39,698,0
39,699,0
39,700,0
39,701,0
39,702,0
39,703,0
39,704,0
39,705,0
39,706,0
39,707,0
39,708,0
39,709,0
39,710,0
39,711,0
39,712,0
39,713,0
39,714,0
39,715,0
39,716,0
39,718,0
39,719,0
39,720,0
39,721,0
39,722,0
39,723,0
39,724,0
39,725,0
39,726,0
40,434,0
40,467,0
40,472,0
40,484,0
40,487,0
40,490,0
40,494,0
40,497,0
40,505,0
40,507,0
40,509,0
40,510,0
40,514,0
40,515,0
40,519,0
40,523,0
40,524,0
40,528,0
40,529,0
40,530,0
40,531,0
40,532,0
40,534,0
40,535,0
40,536,0
40,538,0
40,539,0
40,540,0
40,541,0
40,542,0
40,543,0
40,544,0
40,546,0
40,547,0
40,548,0
40,549,0
40,550,0
40,551,0
40,552,0
40,553,0
40,555,0
40,557,0
40,558,0
40,559,0
40,560,0
40,561,0
40,562,0
40,563,0
40,564,0
40,565,0
40,566,0
40,567,0
40,568,0
40,569,0
40,570,0
40,571,0
40,572,0
40,573,0
40,574,0
40,575,0
40,576,0
40,577,0
40,578,0
40,579,0
40,580,0
40,581,0
40,582,0
40,583,0
40,584,0
40,585,0
40,586,0
40,587,0
40,588,0
40,589,0
40,590,0
40,591,0
40,592,1
40,593,0
40,594,0
40,595,0
40,596,0
40,597,0
40,598,0
40,599,0
40,600,0
40,601,0
40,602,0
40,603,0
40,604,0
40,605,0
40,606,1
40,607,0
40,608,0
40,609,0
40,610,1
40,611,0
40,612,1
40,613,0
40,614,1
40,615,0
40,616,0
40,617,0
40,618,1
40,619,0
40,620,1
40,621,0
40,622,0
40,623,0
40,624,0
40,625,0
40,626,0
40,627,1
40,628,0
40,629,0
40,630,0
40,631,0
40,632,0
40,633,0
40,634,0
40,635,1
40,636,1
40,637,1
40,638,0
40,639,1
40,640,0
40,641,0
40,642,0
40,643,0
40,644,0
40,645,0
40,646,0
40,647,0
40,648,0
40,649,0
40,650,0
40,651,0
40,652,0
40,653,0
40,654,0
40,655,0
40,656,0
40,657,0
40,658,0
40,659,0
40,660,0
40,661,0
40,662,0
40,663,0
40,664,0
40,665,0
40,666,0
40,667,0
40,668,0
40,669,0
40,670,0
40,671,0
40,672,0
40,673,0
40,674,0
40,675,0
40,676,0
40,677,0
40,678,0
40,679,0
40,680,0
40,681,0
40,682,0
40,683,0
40,684,0
40,685,0
40,686,0
40,687,0
40,688,0
40,689,0
40,690,0
40,691,0
40,692,0
40,693,0
40,694,0
40,695,0
40,696,0
40,697,0
40,698,0
40,699,0
40,700,0
40,701,0
40,702,0
40,703,0
40,704,0
40,705,0
40,706,0
40,707,0
40,708,0
40,709,0
40,710,0
40,711,0
40,712,0
40,713,0
40,714,0
40,715,0
40,716,0
40,718,0
40,719,0
40,720,0
40,721,0
40,722,0
40,723,0
40,724,0
40,725,0
40,726,0
40,727,0
41,434,0
41,467,0
41,490,0
41,494,0
41,509,0
41,524,0
41,538,0
41,539,0
41,540,0
41,542,0
41,546,0
41,547,0
41,550,0
41,555,0
41,563,0
41,564,0
41,565,0
41,566,0
41,568,0
41,570,0
41,571,0
41,572,0
41,573,0
41,575,0
41,576,0
41,577,0
41,579,0
41,580,0
41,581,0
41,582,0
41,583,0
41,584,0
41,585,0
41,586,0
41,587,0
41,588,0
41,589,0
41,590,0
41,591,0
41,592,0
41,593,0
41,595,0
41,596,0
41,597,0
41,598,0
41,599,0
41,600,0
41,601,0
41,602,0
41,603,0
41,604,0
41,605,0
41,606,0
41,607,0
41,608,0
41,609,0
41,610,0
41,611,0
41,612,0
41,613,0
41,614,0
41,615,0
41,616,1
41,617,1
41,618,0
41,619,0
41,620,0
41,621,0
41,622,0
41,623,0
41,624,0
41,625,1
41,626,0
41,627,0
41,628,0
41,629,0
41,630,0
41,631,1
41,632,1
41,633,1
41,634,0
41,635,0
41,636,0
41,637,0
41,638,1
41,639,0
41,640,1
41,641,0
41,642,0
41,643,0
41,644,0
41,645,1
41,646,1
41,647,1
41,648,1
41,649,1
41,650,0
41,651,0
41,652,0
41,653,0
41,654,0
41,655,1
41,656,0
41,657,1
41,658,0
41,659,1
41,660,0
41,661,0
41,662,0
41,663,1
41,664,1
41,665,0
41,666,0
41,667,0
41,668,0
41,669,0
41,670,0
41,671,0
41,672,0
41,673,0
41,674,0
41,675,0
41,676,0
41,677,0
41,678,0
41,679,0
41,680,0
41,681,0
41,682,0
41,683,0
41,684,0
41,685,0
41,686,0
41,687,0
41,688,0
41,689,0
41,690,0
41,691,0
41,692,0
41,693,0
41,694,0
41,695,0
41,696,0
41,697,0
41,698,0
41,699,0
41,700,0
41,701,0
41,702,0
41,703,0
41,704,0
41,705,0
41,706,0
41,707,0
41,708,0
41,709,0
41,710,0
41,711,0
41,712,0
41,713,0
41,714,0
41,715,0
41,716,0
41,717,0
41,718,0
41,719,0
41,720,0
41,721,0
41,722,0
41,723,0
41,724,0
41,725,0
41,726,0
41,727,0
41,728,0
41,729,0
41,730,0
41,731,0
41,732,0
41,733,0
41,734,0
41,735,0
41,736,0
41,737,0
41,738,0
41,739,0
41,740,0
41,741,0
41,742,0
41,743,0
41,744,0
41,745,0
41,746,0
41,747,0
41,748,0
41,749,0
41,750,0
41,751,0
41,752,0
41,753,0
41,754,0
41,755,0
42,490,0
42,539,0
42,550,0
42,555,0
42,563,0
42,565,0
42,568,0
42,572,0
42,573,0
42,576,0
42,577,0
42,579,0
42,581,0
42,582,0
42,583,0
42,584,0
42,586,0
42,587,0
42,589,0
42,592,0
42,596,0
42,597,0
42,598,0
42,599,0
42,600,0
42,601,0
42,602,0
42,603,0
42,604,0
42,605,0
42,606,0
42,607,0
42,608,0
42,609,0
42,610,0
42,611,0
42,612,0
42,613,0
42,614,0
42,615,0
42,616,1
42,617,0
42,618,0
42,619,0
42,620,0
42,621,1
42,622,0
42,623,0
42,624,0
42,625,0
42,626,0
42,627,0
42,628,0
42,629,0
42,630,0
42,631,0
42,632,1
42,633,0
42,634,0
42,635,0
42,636,0
42,637,0
42,638,0
42,639,0
42,640,0
42,641,0
42,642,0
42,643,0
42,644,0
42,645,0
42,646,0
42,647,1
42,648,1
42,649,0
42,650,0
42,651,0
42,652,0
42,653,0
42,654,1
42,655,0
42,656,0
42,657,0
42,658,0
42,659,1
42,660,0
42,661,0
42,662,0
42,663,0
42,664,0
42,665,0
42,666,1
42,667,0
42,668,0
42,669,1
42,670,0
42,671,0
42,672,0
42,673,0
42,674,0
42,675,0
42,676,0
42,677,0
42,678,0
42,679,1
42,680,0
42,681,0
42,682,0
42,683,0
42,684,1
42,685,0
42,686,1
42,687,0
42,688,0
42,689,0
42,690,0
42,691,0
42,692,0
42,693,0
42,694,0
42,695,0
42,696,0
42,697,0
42,698,0
42,699,0
42,700,0
42,701,0
42,702,0
42,703,0
42,704,0
42,705,0
42,706,0
42,707,0
42,708,0
42,709,0
42,710,0
42,711,0
42,712,0
42,713,0
42,714,0
42,715,0
42,716,0
42,717,0
42,718,0
42,719,0
42,720,0
42,721,0
42,722,0
42,723,0
42,724,0
42,725,0
42,726,0
42,727,0
42,728,0
42,729,0
42,730,0
42,731,0
42,732,0
42,733,0
42,734,0
42,735,0
42,736,0
42,737,0
42,738,0
42,739,0
42,740,0
42,741,0
42,742,0
42,743,0
42,744,0
42,745,0
42,746,0
42,747,0
42,748,0
42,749,0
42,750,0
42,751,0
42,752,0
42,753,0
42,754,0
42,755,0
42,756,0
42,757,0
42,758,0
42,759,0
42,760,0
42,761,0
42,762,0
42,763,0
42,764,0
42,765,0
42,766,0
42,767,0
42,768,0
42,769,0
42,770,0
42,772,0
42,773,0
42,774,0
42,775,0
42,776,0
42,777,0
42,779,0
43,565,0
43,573,0
43,582,0
43,586,0
43,587,0
43,592,0
43,599,0
43,600,0
43,606,0
43,607,0
43,610,0
43,611,0
43,612,0
43,614,0
43,615,0
43,616,0
43,617,0
43,618,0
43,619,0
43,620,0
43,621,1
43,622,0
43,623,0
43,624,0
43,625,0
43,627,0
43,628,0
43,630,0
43,631,0
43,632,1
43,633,0
43,634,0
43,635,0
43,636,0
43,637,0
43,638,0
43,639,0
43,640,0
43,641,0
43,642,0
43,643,0
43,644,0
43,645,0
43,646,0
43,647,0
43,648,0
43,649,0
43,650,0
43,651,0
43,652,0
43,653,0
43,654,0
43,655,0
43,656,0
43,657,0
43,658,0
43,659,0
43,660,0
43,661,0
43,662,0
43,663,0
43,664,0
43,665,1
43,666,0
43,667,0
43,668,0
43,669,0
43,670,0
43,671,0
43,672,0
43,673,0
43,674,0
43,675,0
43,676,0
43,677,0
43,678,0
43,679,0
43,680,0
43,681,0
43,682,0
43,683,0
43,684,0
43,685,1
43,686,0
43,687,1
43,688,0
43,689,0
43,690,0
43,691,1
43,692,0
43,693,0
43,694,0
43,695,1
43,696,0
43,697,0
43,698,0
43,699,1
43,700,1
43,701,0
43,702,0
43,703,0
43,704,0
43,705,0
43,706,0
43,707,0
43,708,1
43,709,0
43,710,0
43,711,0
43,712,0
43,713,0
43,714,0
43,715,0
43,716,0
43,717,0
43,718,0
43,719,0
43,720,0
43,721,0
43,722,0
43,723,0
43,724,0
43,725,0
43,726,0
43,727,0
43,728,0
43,729,0
43,730,0
43,731,0
43,732,0
43,733,0
43,734,0
43,735,0
43,736,0
43,737,0
43,738,0
43,739,0
43,740,0
43,741,0
43,742,0
43,743,0
43,744,0
43,745,0
43,746,0
43,747,0
43,748,0
43,749,0
43,750,0
43,751,0
43,752,0
43,753,0
43,754,0
43,755,0
43,756,0
43,757,0
43,758,0
43,759,0
43,760,0
43,761,0
43,762,0
43,763,0
43,764,0
43,765,0
43,766,0
43,767,0
43,768,0
43,769,0
43,770,0
43,771,0
43,772,0
43,773,0
43,774,0
43,775,0
43,776,0
43,777,0
43,778,0
43,779,0
43,780,0
43,781,0
43,782,0
43,783,0
43,784,0
43,785,0
43,786,0
43,787,0
43,788,0
43,789,0
43,790,0
43,791,0
43,792,0
43,793,0
43,794,0
43,795,0
43,796,0
43,797,0
43,798,0
43,799,0
43,800,0
43,801,0
43,802,0
43,803,0
43,804,0
43,805,0
43,806,0
43,807,0
43,808,0
43,809,0
43,810,0
43,811,0
43,812,0
43,813,0
43,814,0
43,815,0
43,816,0
43,817,0
43,818,0
43,819,0
44,565,0
44,573,0
44,582,0
44,586,0
44,587,0
44,592,0
44,599,0
44,600,0
44,606,0
44,607,0
44,610,0
44,611,0
44,612,0
44,614,0
44,615,0
44,616,0
44,617,0
44,618,0
44,619,0
44,620,0
44,621,0
44,622,0
44,623,0
44,624,0
44,625,0
44,627,0
44,628,0
44,630,0
44,631,0
44,632,0
44,633,0
44,634,0
44,635,0
44,636,0
44,637,0
44,638,0
44,639,0
44,640,0
44,641,0
44,642,0
44,643,0
44,644,0
44,645,0
44,646,0
44,647,0
44,648,0
44,649,0
44,650,0
44,651,0
44,652,0
44,653,0
44,654,0
44,655,0
44,656,0
44,657,0
44,658,0
44,659,0
44,660,0
44,661,0
44,662,0
44,663,0
44,664,0
44,665,1
44,666,0
44,667,0
44,668,0
44,669,0
44,670,0
44,671,0
44,672,0
44,673,0
44,674,0
44,675,0
44,676,0
44,677,0
44,678,0
44,679,0
44,680,0
44,681,0
44,682,0
44,683,0
44,684,0
44,685,0
44,686,0
44,687,1
44,688,0
44,689,0
44,690,1
44,691,0
44,692,0
44,693,0
44,694,0
44,695,1
44,696,0
44,697,0
44,698,0
44,699,1
44,700,1
44,701,0
44,702,0
44,703,0
44,704,1
44,705,0
44,706,0
44,707,1
44,708,1
44,709,0
44,710,0
44,711,0
44,712,0
44,713,0
44,714,0
44,715,0
44,716,1
44,717,0
44,718,0
44,719,0
44,720,0
44,721,0
44,722,0
44,723,0
44,724,0
44,725,0
44,726,0
44,727,0
44,728,0
44,729,0
44,730,0
44,731,0
44,732,0
44,733,0
44,734,0
44,735,0
44,736,0
44,737,0
44,738,0
44,739,0
44,740,0
44,741,0
44,742,0
44,743,0
44,744,0
44,745,0
44,746,0
44,747,0
44,748,0
44,749,0
44,750,0
44,751,0
44,752,0
44,753,0
44,754,0
44,755,0
44,756,0
44,757,0
44,758,0
44,759,0
44,760,0
44,761,0
44,762,0
44,763,0
44,764,0
44,765,0
44,766,0
44,767,0
44,768,0
44,769,0
44,770,0
44,771,0
44,772,0
44,773,0
44,774,0
44,775,0
44,776,0
44,777,0
44,778,0
44,779,0
44,780,0
44,781,0
44,782,0
44,783,0
44,784,0
44,785,0
44,786,0
44,787,0
44,788,0
44,789,0
44,790,0
44,791,0
44,792,0
44,793,0
44,794,0
44,795,0
44,796,0
44,797,0
44,798,0
44,799,0
44,800,0
44,801,0
44,802,0
44,803,0
44,804,0
44,805,0
44,806,0
44,807,0
44,808,0
44,809,0
44,810,0
44,811,0
44,812,0
44,813,0
44,814,0
44,815,0
44,816,0
44,817,0
44,818,0
44,819,0
44,820,0
44,821,0
44,822,0
45,573,0
45,582,0
45,587,1
45,592,0
45,606,0
45,612,0
45,615,0
45,616,0
45,617,0
45,621,0
45,624,0
45,625,0
45,631,0
45,632,0
45,633,0
45,634,0
45,638,0
45,639,0
45,640,0
45,641,0
45,642,0
45,643,0
45,645,0
45,646,0
45,647,0
45,648,0
45,650,0
45,652,0
45,654,0
45,655,0
45,656,0
45,657,0
45,658,0
45,659,0
45,660,0
45,661,0
45,662,0
45,663,0
45,664,0
45,665,1
45,666,0
45,667,0
45,668,0
45,669,0
45,670,0
45,671,0
45,672,0
45,673,0
45,674,0
45,675,0
45,676,0
45,677,0
45,678,0
45,679,0
45,680,0
45,681,0
45,682,0
45,683,0
45,684,0
45,685,0
45,686,0
45,687,0
45,688,0
45,689,1
45,690,1
45,691,0
45,692,0
45,693,1
45,694,0
45,695,1
45,696,0
45,697,0
45,698,0
45,699,1
45,700,0
45,701,0
45,702,0
45,703,0
45,704,1
45,705,0
45,706,1
45,707,1
45,708,0
45,709,0
45,710,0
45,711,0
45,712,0
45,713,1
45,714,0
45,715,0
45,716,1
45,717,0
45,718,1
45,719,1
45,720,0
45,721,0
45,722,0
45,723,0
45,724,0
45,725,0
45,726,1
45,727,0
45,728,0
45,729,0
45,730,0
45,731,0
45,732,1
45,733,0
45,734,1
45,735,0
45,736,0
45,737,0
45,738,0
45,739,1
45,740,0
45,741,0
45,742,1
45,743,0
45,744,1
45,745,1
45,746,0
45,747,0
45,748,0
45,749,0
45,750,0
45,751,0
45,752,0
45,753,1
45,754,0
45,755,0
45,756,0
45,757,0
45,758,0
45,759,0
45,760,0
45,761,0
45,762,0
45,763,0
45,764,0
45,765,0
45,766,0
45,767,0
45,768,0
45,769,0
45,770,0
45,771,0
45,772,0
45,773,0
45,774,0
45,775,0
45,776,0
45,777,0
45,778,0
45,779,0
45,780,0
45,781,0
45,782,0
45,783,0
45,784,0
45,785,0
45,786,0
45,787,0
45,788,0
45,789,0
45,790,0
45,791,0
45,792,0
45,793,0
45,794,0
45,795,0
45,796,0
45,797,0
45,798,0
45,799,0
45,800,0
45,801,0
45,802,0
45,803,0
45,804,0
45,805,0
45,806,0
45,807,0
45,808,0
45,809,0
45,810,0
45,811,0
45,812,0
45,813,0
45,814,0
45,815,0
45,816,0
45,817,0
45,818,0
45,819,0
45,820,0
45,821,0
45,822,0
45,823,0
45,824,0
45,825,0
45,826,0
45,827,0
45,828,0
45,829,0
45,830,0
45,831,0
45,832,0
45,833,0
45,834,0
45,835,0
45,836,0
45,837,0
46,587,1
46,615,0
46,617,0
46,621,0
46,624,0
46,631,0
46,632,0
46,633,0
46,640,0
46,642,0
46,643,0
46,645,0
46,647,0
46,648,0
46,654,0
46,656,0
46,658,0
46,659,0
46,660,0
46,661,0
46,662,0
46,665,0
46,666,0
46,667,0
46,668,0
46,671,0
46,674,0
46,675,0
46,676,0
46,677,0
46,678,0
46,679,0
46,680,0
46,681,0
46,683,0
46,684,0
46,685,0
46,686,0
46,687,0
46,688,0
46,689,0
46,690,1
46,691,0
46,692,0
46,693,0
46,694,0
46,695,0
46,696,0
46,697,0
46,698,0
46,699,0
46,700,0
46,701,1
46,702,0
46,703,0
46,704,0
46,705,0
46,706,1
46,707,0
46,708,0
46,709,0
46,710,0
46,711,0
46,712,0
46,713,0
46,714,0
46,715,1
46,716,0
46,717,0
46,718,0
46,719,0
46,720,0
46,721,0
46,722,0
46,723,0
46,724,0
46,725,0
46,726,1
46,727,0
46,728,0
46,729,0
46,730,0
46,731,1
46,732,1
46,733,1
46,734,1
46,735,0
46,736,0
46,737,0
46,738,0
46,739,1
46,740,0
46,741,0
46,742,0
46,743,1
46,744,0
46,745,1
46,746,0
46,747,0
46,748,0
46,749,1
46,750,0
46,751,1
46,752,0
46,753,0
46,754,0
46,755,0
46,756,0
46,757,1
46,758,0
46,759,1
46,760,0
46,761,1
46,762,0
46,763,0
46,764,0
46,765,0
46,766,0
46,767,0
46,768,0
46,769,0
46,770,0
46,771,0
46,772,1
46,773,0
46,774,0
46,775,0
46,776,0
46,777,0
46,778,0
46,779,0
46,780,0
46,781,0
46,782,0
46,783,0
46,784,0
46,785,0
46,786,0
46,787,0
46,788,0
46,789,0
46,790,0
46,791,0
46,792,0
46,793,0
46,794,0
46,795,0
46,796,0
46,797,0
46,798,0
46,799,0
46,800,0
46,801,0
46,802,0
46,803,0
46,804,0
46,805,0
46,806,0
46,807,0
46,808,0
46,809,0
46,810,0
46,811,0
46,812,0
46,813,0
46,814,0
46,815,0
46,816,0
46,817,0
46,818,0
46,819,0
46,820,0
46,821,0
46,822,0
46,823,0
46,824,0
46,825,0
46,826,0
46,827,0
46,828,0
46,829,0
46,830,0
46,831,0
46,832,0
46,833,0
46,834,0
46,835,0
46,836,0
46,837,0
46,838,0
46,839,0
46,840,0
46,841,0
46,842,0
46,843,0
46,844,0
46,845,0
46,846,0
46,847,0
46,848,0
46,849,0
46,850,0
46,851,0
46,852,0
46,853,0
46,855,0
47,587,1
47,615,0
47,621,0
47,624,0
47,631,0
47,632,0
47,642,0
47,643,0
47,647,0
47,648,0
47,656,0
47,658,0
47,659,0
47,661,0
47,662,0
47,665,0
47,666,0
47,667,0
47,671,0
47,674,0
47,675,0
47,676,0
47,677,0
47,678,0
47,679,0
47,680,0
47,681,0
47,683,0
47,684,0
47,685,0
47,686,0
47,687,0
47,688,0
47,689,0
47,690,0
47,691,0
47,692,0
47,693,0
47,694,0
47,695,0
47,696,0
47,697,0
47,698,0
47,699,0
47,700,0
47,701,1
47,702,0
47,703,0
47,704,0
47,705,0
47,706,1
47,707,0
47,708,0
47,709,0
47,710,1
47,711,0
47,712,0
47,713,0
47,714,0
47,715,1
47,716,0
47,717,0
47,718,0
47,719,0
47,720,0
47,721,0
47,722,0
47,723,0
47,724,0
47,725,0
47,726,0
47,727,0
47,728,0
47,729,0
47,730,0
47,731,1
47,732,1
47,733,1
47,734,0
47,735,0
47,736,0
47,737,0
47,738,0
47,739,0
47,740,0
47,741,0
47,742,0
47,743,0
47,744,0
47,745,0
47,746,0
47,747,0
47,748,0
47,749,1
47,750,1
47,751,1
47,752,0
47,753,0
47,754,0
47,755,0
47,756,0
47,757,1
47,758,0
47,759,1
47,760,0
47,761,1
47,762,0
47,763,0
47,764,1
47,765,0
47,766,0
47,767,1
47,768,0
47,769,0
47,770,0
47,771,0
47,772,1
47,773,1
47,774,0
47,775,0
47,776,0
47,777,0
47,778,0
47,779,0
47,780,0
47,781,0
47,782,1
47,783,0
47,784,0
47,785,0
47,786,0
47,787,0
47,788,0
47,789,0
47,790,0
47,791,0
47,792,0
47,793,0
47,794,0
47,795,0
47,796,0
47,797,0
47,798,0
47,799,0
47,800,0
47,801,0
47,802,0
47,803,0
47,804,0
47,805,0
47,806,0
47,807,0
47,808,0
47,809,0
47,810,0
47,811,0
47,812,0
47,813,0
47,814,0
47,815,0
47,816,0
47,817,0
47,818,0
47,819,0
47,820,0
47,821,0
47,822,0
47,823,0
47,824,0
47,825,0
47,826,0
47,827,0
47,828,0
47,829,0
47,830,0
47,831,0
47,832,0
47,833,0
47,834,0
47,835,0
47,836,0
47,837,0
47,838,0
47,839,0
47,840,0
47,841,0
47,842,0
47,843,0
47,844,0
47,845,0
47,846,0
47,847,0
47,848,0
47,849,0
47,850,0
47,851,0
47,852,0
47,853,0
47,854,0
47,855,0
47,857,0
47,858,0
47,859,0
47,860,0
48,587,1
48,615,0
48,621,0
48,631,0
48,632,0
48,661,0
48,662,0
48,665,0
48,666,0
48,667,0
48,676,0
48,677,0
48,678,0
48,681,0
48,685,0
48,686,0
48,687,0
48,688,0
48,689,0
48,690,0
48,691,0
48,692,0
48,693,0
48,695,0
48,697,0
48,699,0
48,700,0
48,701,1
48,702,0
48,703,0
48,704,0
48,705,0
48,706,0
48,707,0
48,708,0
48,709,0
48,710,1
48,711,0
48,712,0
48,713,0
48,714,1
48,715,1
48,716,0
48,717,0
48,718,0
48,719,0
48,721,0
48,722,0
48,723,0
48,724,0
48,725,0
48,726,0
48,727,0
48,728,0
48,729,0
48,730,0
48,731,0
48,732,1
48,733,0
48,734,0
48,735,0
48,736,0
48,737,0
48,738,0
48,739,0
48,740,1
48,741,0
48,742,0
48,743,0
48,744,0
48,745,0
48,746,0
48,747,1
48,748,0
48,749,1
48,750,0
48,751,0
48,752,0
48,753,0
48,754,0
48,755,0
48,756,0
48,757,0
48,758,0
48,759,1
48,760,1
48,761,1
48,762,1
48,763,0
48,764,1
48,765,0
48,766,0
48,767,0
48,768,1
48,769,0
48,770,0
48,771,1
48,772,0
48,773,0
48,774,1
48,775,0
48,776,0
48,777,1
48,778,0
48,779,0
48,780,0
48,781,0
48,782,0
48,783,0
48,784,0
48,785,0
48,786,0
48,787,0
48,788,0
48,789,0
48,790,0
48,791,0
48,792,1
48,793,0
48,794,0
48,795,0
48,796,0
48,797,0
48,798,1
48,799,0
48,800,0
48,801,1
48,802,0
48,803,0
48,804,0
48,805,0
48,806,0
48,807,0
48,808,0
48,809,0
48,810,0
48,811,0
48,812,0
48,813,0
48,814,0
48,815,0
48,816,0
48,817,0
48,818,0
48,819,0
48,820,0
48,821,0
48,822,0
48,823,0
48,824,0
48,825,0
48,826,0
48,827,0
48,828,0
48,829,0
48,830,0
48,831,0
48,832,0
48,833,0
48,834,0
48,835,0
48,836,0
48,837,0
48,838,0
48,839,0
48,840,0
48,841,0
48,842,0
48,843,0
48,844,0
48,845,0
48,846,0
48,847,0
48,848,0
48,849,0
48,850,0
48,851,0
48,852,0
48,853,0
48,854,0
48,855,0
48,856,0
48,857,0
48,858,0
48,859,0
48,860,0
48,861,0
48,862,0
48,863,0
48,864,0
48,865,0
48,866,0
48,867,0
48,868,0
48,869,0
48,870,0
48,871,0
48,872,0
48,873,0
48,874,0
48,875,0
48,876,0
48,877,0
48,878,0
48,879,0
48,880,0
48,881,0
48,882,0
49,587,0
49,621,0
49,665,0
49,686,0
49,688,0
49,689,0
49,690,0
49,691,0
49,693,0
49,695,0
49,699,0
49,701,1
49,702,0
49,704,0
49,705,0
49,706,0
49,707,0
49,708,0
49,709,0
49,710,0
49,711,0
49,712,0
49,713,0
49,714,1
49,715,0
49,716,0
49,717,0
49,718,0
49,719,0
49,721,0
49,722,0
49,723,0
49,724,0
49,726,0
49,728,0
49,730,0
49,731,0
49,732,0
49,733,0
49,734,0
49,735,0
49,736,0
49,737,0
49,738,0
49,739,0
49,740,0
49,741,0
49,742,0
49,743,0
49,744,0
49,745,0
49,746,0
49,747,1
49,748,0
49,749,0
49,750,0
49,751,0
49,752,0
49,753,0
49,754,0
49,755,0
49,756,0
49,757,0
49,758,0
49,759,0
49,760,1
49,761,0
49,762,1
49,763,1
49,764,0
49,765,0
49,766,1
49,767,0
49,768,0
49,769,0
49,770,0
49,771,0
49,772,0
49,773,0
49,774,0
49,775,0
49,776,0
49,777,0
49,778,0
49,779,1
49,780,0
49,781,0
49,782,0
49,783,0
49,784,0
49,785,1
49,786,0
49,787,0
49,788,0
49,789,0
49,790,0
49,791,0
49,792,0
49,793,0
49,794,0
49,795,0
49,796,0
49,797,1
49,798,0
49,799,0
49,800,0
49,801,0
49,802,0
49,803,0
49,804,0
49,805,1
49,806,1
49,807,0
49,808,0
49,809,0
49,810,0
49,811,0
49,812,0
49,813,0
49,814,0
49,815,0
49,816,1
49,817,0
49,818,1
49,819,1
49,820,0
49,821,0
49,822,0
49,823,0
49,824,0
49,825,0
49,826,0
49,827,0
49,828,0
49,829,0
49,830,0
49,831,0
49,832,0
49,833,0
49,834,0
49,835,0
49,836,0
49,837,0
49,838,0
49,839,0
49,840,0
49,841,0
49,842,0
49,843,0
49,844,0
49,845,0
49,846,0
49,847,0
49,848,0
49,849,0
49,850,0
49,851,0
49,852,0
49,853,0
49,854,0
49,855,0
49,856,0
49,857,0
49,858,0
49,859,0
49,860,0
49,861,0
49,862,0
49,863,0
49,864,0
49,865,0
49,866,0
49,867,0
49,868,0
49,869,0
49,870,0
49,871,0
49,872,0
49,873,0
49,874,0
49,875,0
49,876,0
49,877,0
49,878,0
49,879,0
49,880,0
49,881,0
49,882,0
49,883,0
49,884,0
49,885,0
49,886,0
49,887,0
49,888,0
49,889,0
49,890,0
49,891,0
49,892,0
49,893,0
49,894,0
49,895,0
49,896,0
49,897,0
49,898,0
49,899,0
49,900,0
49,901,0
49,902,0
49,903,0
49,904,0
49,905,0
49,906,0
49,907,0
49,908,0
50,587,0
50,665,0
50,689,0
50,690,0
50,691,0
50,693,0
50,695,0
50,699,0
50,701,1
50,704,0
50,705,0
50,706,0
50,707,0
50,708,0
50,709,0
50,710,0
50,712,0
50,713,0
50,714,1
50,715,0
50,716,0
50,717,0
50,718,0
50,719,0
50,721,0
50,722,0
50,723,0
50,724,0
50,726,0
50,728,0
50,730,0
50,731,0
50,732,0
50,733,0
50,734,0
50,735,0
50,736,0
50,737,0
50,738,0
50,739,0
50,740,0
50,741,0
50,742,0
50,743,0
50,744,0
50,745,0
50,746,0
50,747,1
50,748,0
50,749,0
50,750,0
50,751,0
50,752,0
50,753,0
50,754,0
50,755,0
50,756,0
50,757,0
50,758,0
50,759,0
50,760,1
50,761,0
50,762,1
50,763,1
50,764,0
50,765,0
50,766,1
50,767,0
50,768,0
50,769,0
50,770,1
50,771,0
50,772,0
50,773,0
50,774,0
50,775,0
50,776,0
50,777,0
50,778,0
50,779,1
50,780,0
50,781,0
50,782,0
50,783,0
50,784,0
50,785,1
50,786,0
50,787,0
50,788,0
50,789,0
50,790,0
50,791,0
50,792,0
50,793,0
50,794,0
50,795,0
50,796,1
50,797,0
50,798,0
50,799,0
50,800,0
50,801,0
50,802,0
50,803,0
50,804,0
50,805,1
50,806,1
50,807,0
50,808,0
50,809,0
50,810,0
50,811,0
50,812,0
50,813,0
50,814,0
50,815,0
50,816,1
50,817,0
50,818,1
50,819,1
50,820,0
50,821,0
50,822,0
50,823,0
50,824,0
50,825,0
50,826,0
50,827,0
50,828,0
50,829,0
50,830,0
50,831,0
50,832,0
50,833,1
50,834,0
50,835,0
50,836,0
50,837,0
50,838,0
50,839,0
50,840,0
50,841,0
50,842,0
50,843,0
50,844,0
50,845,0
50,846,0
50,847,0
50,848,0
50,849,0
50,850,0
50,851,0
50,852,0
50,853,0
50,854,0
50,855,0
50,856,0
50,857,0
50,858,0
50,859,0
50,860,0
50,861,0
50,862,0
50,863,0
50,864,0
50,865,0
50,866,0
50,867,0
50,868,0
50,869,0
50,870,0
50,871,0
50,872,0
50,873,0
50,874,0
50,875,0
50,876,0
50,877,0
50,878,0
50,879,0
50,880,0
50,881,0
50,882,0
50,883,0
50,884,0
50,885,0
50,886,0
50,887,0
50,888,0
50,889,0
50,890,0
50,891,0
50,892,0
50,893,0
50,894,0
50,895,0
50,896,0
50,897,0
50,898,0
50,899,0
50,900,0
50,901,0
50,902,0
50,903,0
50,904,0
50,905,0
50,906,0
50,907,0
50,908,0
50,909,0
50,910,0
50,911,0
50,912,0
50,914,0
50,915,0
50,917,0
50,918,0
51,587,0
51,689,0
51,690,0
51,693,0
51,701,0
51,706,0
51,707,0
51,708,0
51,710,0
51,714,0
51,715,0
51,716,0
51,721,0
51,722,0
51,726,0
51,728,0
51,731,0
51,732,0
51,733,0
51,734,0
51,735,0
51,737,0
51,738,0
51,739,0
51,740,0
51,745,0
51,747,0
51,748,0
51,749,0
51,750,0
51,751,0
51,754,0
51,757,0
51,758,0
51,759,0
51,760,0
51,761,0
51,762,0
51,763,0
51,764,0
51,766,0
51,767,0
51,768,0
51,769,0
51,770,1
51,771,0
51,772,0
51,773,0
51,774,0
51,775,1
51,776,0
51,777,0
51,778,0
51,779,0
51,780,0
51,781,0
51,782,0
51,783,0
51,784,0
51,785,0
51,786,0
51,787,0
51,788,0
51,789,0
51,790,0
51,791,0
51,792,0
51,793,0
51,794,0
51,795,0
51,796,1
51,797,0
51,798,0
51,799,0
51,800,0
51,801,0
51,802,1
51,803,0
51,804,0
51,805,1
51,806,0
51,807,0
51,808,1
51,809,0
51,810,0
51,811,0
51,812,0
51,813,0
51,814,0
51,815,0
51,816,0
51,817,0
51,818,0
51,819,0
51,820,0
51,821,1
51,822,1
51,823,0
51,824,1
51,825,0
51,826,1
51,827,1
51,828,1
51,829,1
51,830,0
51,831,0
51,832,0
51,833,0
51,834,0
51,835,1
51,836,1
51,837,0
51,838,0
51,839,0
51,840,0
51,841,0
51,842,0
51,843,0
51,844,0
51,845,0
51,846,0
51,847,1
51,848,1
51,849,0
51,850,0
51,851,0
51,852,0
51,853,0
51,854,0
51,855,0
51,856,0
51,857,0
51,858,0
51,859,0
51,860,0
51,861,0
51,862,0
51,863,0
51,864,0
51,865,0
51,866,0
51,867,0
51,868,0
51,869,0
51,870,0
51,871,0
51,872,0
51,873,0
51,874,0
51,875,0
51,876,0
51,877,0
51,878,0
51,879,0
51,880,0
51,881,0
51,882,0
51,883,0
51,884,0
51,885,0
51,886,0
51,887,0
51,888,0
51,889,0
51,890,0
51,891,0
51,892,0
51,893,0
51,894,0
51,895,0
51,896,0
51,897,0
51,898,0
51,899,0
51,900,0
51,901,0
51,902,0
51,903,0
51,904,0
51,905,0
51,906,0
51,907,0
51,908,0
51,909,0
51,910,0
51,911,0
51,912,0
51,913,0
51,914,0
51,915,0
51,916,0
51,917,0
51,918,0
51,919,0
51,920,0
51,921,0
51,922,0
51,923,0
51,924,0
51,925,0
51,926,0
51,927,0
51,928,0
51,929,0
51,930,0
51,931,0
51,932,0
51,933,0
51,934,0
51,935,0
51,936,0
51,937,0
51,938,0
51,939,0
51,940,0
51,941,0
51,942,0
51,943,0
51,944,0
51,945,0
51,946,0
51,947,0
51,948,0
51,950,0
51,951,0
51,952,0
51,953,0
51,954,0
52,587,0
52,690,0
52,693,0
52,701,0
52,706,0
52,708,0
52,710,0
52,714,0
52,715,0
52,716,0
52,721,0
52,722,0
52,731,0
52,732,0
52,733,0
52,734,0
52,735,0
52,737,0
52,738,0
52,739,0
52,740,0
52,747,0
52,748,0
52,749,0
52,750,0
52,754,0
52,757,0
52,759,0
52,760,0
52,761,0
52,762,0
52,763,0
52,764,0
52,766,0
52,767,0
52,768,0
52,769,0
52,770,1
52,771,0
52,773,0
52,774,0
52,775,1
52,776,0
52,777,0
52,778,0
52,779,0
52,780,0
52,781,0
52,782,0
52,783,0
52,784,0
52,785,0
52,787,0
52,788,0
52,789,0
52,790,0
52,791,0
52,792,0
52,793,0
52,794,0
52,795,0
52,796,1
52,797,0
52,798,0
52,799,0
52,800,0
52,801,0
52,802,0
52,803,0
52,804,0
52,805,1
52,806,0
52,807,1
52,808,1
52,809,0
52,810,0
52,811,0
52,812,0
52,813,0
52,814,0
52,815,0
52,816,0
52,817,0
52,818,0
52,819,0
52,820,0
52,821,1
52,822,0
52,823,0
52,824,0
52,825,0
52,826,1
52,827,1
52,828,0
52,829,1
52,830,0
52,831,0
52,832,0
52,833,0
52,834,0
52,835,1
52,836,0
52,837,0
52,838,0
52,839,0
52,840,1
52,841,0
52,842,0
52,843,0
52,844,0
52,845,0
52,846,0
52,847,1
52,848,1
52,849,0
52,850,0
52,851,0
52,852,0
52,853,0
52,854,0
52,855,0
52,856,0
52,857,0
52,858,0
52,859,0
52,860,0
52,861,0
52,862,0
52,863,0
52,864,0
52,865,0
52,866,0
52,867,0
52,868,0
52,869,0
52,870,0
52,871,0
52,872,0
52,873,0
52,874,0
52,875,0
52,876,0
52,877,0
52,878,0
52,879,0
52,880,0
52,881,0
52,882,0
52,883,0
52,884,0
52,885,0
52,886,0
52,887,0
52,888,0
52,889,0
52,890,0
52,891,0
52,892,0
52,893,0
52,894,0
52,895,0
52,896,0
52,897,0
52,898,0
52,899,0
52,900,0
52,901,0
52,902,0
52,903,0
52,904,0
52,905,0
52,906,0
52,907,0
52,908,0
52,909,0
52,910,0
52,911,0
52,912,0
52,913,0
52,914,0
52,915,0
52,916,0
52,917,0
52,918,0
52,919,0
52,920,0
52,921,0
52,922,0
52,923,0
52,924,0
52,925,0
52,926,0
52,927,0
52,928,0
52,929,0
52,930,0
52,931,0
52,932,0
52,933,0
52,934,0
52,935,0
52,936,0
52,937,0
52,938,0
52,939,0
52,940,0
52,941,0
52,942,0
52,943,0
52,944,0
52,945,0
52,946,0
52,947,0
52,948,0
52,949,0
52,950,0
52,951,0
52,952,0
52,953,0
52,954,0
52,955,0
52,956,0
52,957,0
52,958,0
52,959,0
52,961,0
53,587,0
53,701,0
53,706,0
53,708,0
53,710,0
53,714,0
53,715,0
53,716,0
53,721,0
53,722,0
53,731,0
53,732,0
53,733,0
53,734,0
53,735,0
53,737,0
53,738,0
53,739,0
53,740,0
53,747,0
53,748,0
53,749,0
53,750,0
53,754,0
53,757,0
53,759,0
53,760,0
53,761,0
53,762,0
53,763,0
53,764,0
53,766,0
53,767,0
53,768,0
53,769,0
53,770,1
53,771,0
53,773,0
53,774,0
53,775,1
53,776,0
53,777,0
53,778,0
53,779,0
53,780,0
53,781,0
53,782,0
53,783,0
53,784,0
53,785,0
53,787,0
53,788,0
53,789,0
53,790,0
53,791,0
53,792,0
53,793,0
53,794,0
53,795,1
53,796,1
53,797,0
53,798,0
53,799,0
53,800,0
53,801,0
53,802,0
53,803,0
53,804,0
53,805,0
53,806,0
53,807,1
53,808,1
53,809,0
53,810,0
53,811,0
53,812,0
53,813,0
53,814,0
53,815,0
53,816,0
53,817,0
53,818,0
53,819,0
53,820,0
53,821,1
53,822,0
53,823,0
53,824,0
53,825,0
53,826,1
53,827,1
53,828,0
53,829,1
53,830,0
53,831,0
53,832,0
53,833,0
53,834,0
53,835,1
53,836,0
53,837,0
53,838,0
53,839,0
53,840,1
53,841,0
53,842,0
53,843,0
53,844,0
53,845,0
53,846,0
53,847,1
53,848,1
53,849,0
53,850,0
53,851,0
53,852,0
53,853,0
53,854,0
53,855,0
53,856,0
53,857,0
53,858,0
53,859,0
53,860,0
53,861,0
53,862,0
53,863,0
53,864,0
53,865,0
53,866,0
53,867,0
53,868,0
53,869,0
53,870,0
53,871,0
53,872,0
53,873,0
53,874,0
53,875,0
53,876,0
53,877,0
53,878,0
53,879,0
53,880,0
53,881,0
53,882,0
53,883,0
53,884,0
53,885,0
53,886,0
53,887,0
53,888,0
53,889,0
53,890,0
53,891,0
53,892,0
53,893,0
53,894,0
53,895,0
53,896,0
53,897,0
53,898,0
53,899,0
53,900,0
53,901,0
53,902,0
53,903,0
53,904,0
53,905,0
53,906,0
53,907,0
53,908,0
53,909,0
53,910,0
53,911,0
53,912,0
53,913,0
53,914,0
53,915,0
53,916,0
53,917,0
53,918,0
53,919,0
53,920,0
53,921,0
53,922,0
53,923,0
53,924,0
53,925,0
53,926,0
53,927,0
53,928,0
53,929,0
53,930,0
53,931,0
53,932,0
53,933,0
53,934,0
53,935,0
53,936,0
53,937,0
53,938,0
53,939,0
53,940,0
53,941,0
53,942,0
53,943,0
53,944,0
53,945,0
53,946,0
53,947,0
53,948,0
53,949,0
53,950,0
53,951,0
53,952,0
53,953,0
53,954,0
53,955,0
53,956,0
53,957,0
53,958,0
53,959,0
53,960,0
53,961,0
53,962,0
53,963,0
53,964,0
53,966,0
53,967,0
53,968,0
53,969,0
54,587,0
54,701,0
54,710,0
54,714,0
54,715,0
54,722,0
54,731,0
54,732,0
54,733,0
54,735,0
54,740,0
54,747,0
54,749,0
54,750,0
54,754,0
54,759,0
54,760,0
54,761,0
54,762,0
54,763,0
54,764,0
54,766,0
54,768,0
54,769,0
54,770,0
54,771,0
54,773,0
54,774,0
54,775,0
54,776,0
54,777,0
54,779,0
54,780,0
54,781,0
54,784,0
54,785,0
54,787,0
54,788,0
54,789,0
54,790,0
54,791,0
54,794,0
54,795,1
54,796,1
54,797,0
54,798,0
54,799,0
54,800,0
54,801,0
54,802,0
54,803,0
54,804,0
54,805,0
54,806,0
54,807,0
54,808,0
54,809,0
54,810,0
54,811,0
54,812,0
54,813,0
54,814,0
54,815,0
54,816,0
54,817,0
54,818,0
54,819,0
54,820,0
54,821,1
54,822,0
54,823,0
54,824,0
54,825,0
54,826,0
54,827,1
54,828,0
54,829,0
54,830,1
54,831,0
54,832,0
54,833,0
54,834,0
54,835,0
54,836,0
54,837,0
54,838,0
54,839,0
54,840,1
54,841,0
54,842,0
54,843,1
54,844,0
54,845,0
54,846,0
54,847,0
54,848,0
54,849,0
54,850,0
54,851,1
54,852,0
54,853,0
54,854,0
54,855,1
54,856,0
54,857,0
54,858,1
54,859,0
54,860,0
54,861,0
54,862,0
54,863,0
54,864,0
54,865,0
54,866,0
54,867,0
54,868,0
54,869,0
54,870,0
54,871,0
54,872,1
54,873,0
54,874,0
54,875,0
54,876,0
54,877,0
54,878,0
54,879,0
54,880,0
54,881,0
54,882,0
54,883,0
54,884,0
54,885,0
54,886,0
54,887,0
54,888,0
54,889,0
54,890,0
54,891,0
54,892,0
54,893,0
54,894,0
54,895,0
54,896,0
54,897,0
54,898,0
54,899,0
54,900,0
54,901,0
54,902,0
54,903,0
54,904,0
54,905,0
54,906,0
54,907,0
54,908,0
54,909,0
54,910,0
54,911,0
54,912,0
54,913,0
54,914,0
54,915,0
54,916,0
54,917,0
54,918,0
54,919,0
54,920,0
54,921,0
54,922,0
54,923,0
54,924,0
54,925,0
54,926,0
54,927,0
54,928,0
54,929,0
54,930,0
54,931,0
54,932,0
54,933,0
54,934,0
54,935,0
54,936,0
54,937,0
54,938,0
54,939,0
54,940,0
54,941,0
54,942,0
54,943,0
54,944,0
54,945,0
54,946,0
54,947,0
54,948,0
54,949,0
54,950,0
54,951,0
54,952,0
54,953,0
54,954,0
54,955,0
54,956,0
54,957,0
54,958,0
54,959,0
54,960,0
54,961,0
54,962,0
54,963,0
54,964,0
54,965,0
54,966,0
54,967,0
54,968,0
54,969,0
54,970,0
54,971,0
54,972,0
54,973,0
54,974,0
54,975,0
54,976,0
55,587,0
55,701,0
55,710,0
55,714,0
55,715,0
55,732,0
55,733,0
55,735,0
55,740,0
55,747,0
55,749,0
55,750,0
55,754,0
55,759,0
55,760,0
55,761,0
55,762,0
55,763,0
55,766,0
55,768,0
55,769,0
55,770,0
55,771,0
55,774,0
55,775,0
55,776,0
55,777,0
55,779,0
55,780,0
55,781,0
55,784,0
55,785,0
55,787,0
55,789,0
55,790,0
55,794,0
55,795,1
55,796,0
55,797,0
55,799,0
55,800,0
55,801,0
55,802,0
55,803,0
55,804,0
55,805,0
55,806,0
55,807,0
55,808,0
55,809,0
55,810,0
55,811,0
55,812,0
55,813,0
55,814,0
55,815,0
55,816,0
55,817,0
55,818,0
55,819,0
55,820,0
55,821,1
55,822,0
55,823,0
55,824,0
55,825,0
55,826,0
55,827,0
55,828,0
55,829,0
55,830,1
55,831,0
55,832,0
55,833,0
55,834,0
55,835,0
55,836,0
55,837,0
55,838,0
55,839,0
55,840,0
55,841,0
55,842,0
55,843,1
55,844,0
55,845,0
55,846,0
55,847,0
55,848,0
55,849,1
55,850,0
55,851,1
55,852,0
55,853,0
55,854,0
55,855,1
55,856,0
55,857,0
55,858,1
55,859,0
55,860,1
55,861,0
55,862,0
55,863,0
55,864,0
55,865,0
55,866,0
55,867,1
55,868,0
55,869,0
55,870,0
55,871,0
55,872,0
55,873,0
55,874,0
55,875,0
55,876,0
55,877,0
55,878,0
55,879,0
55,880,0
55,881,0
55,882,0
55,883,1
55,884,0
55,885,0
55,886,0
55,887,0
55,888,0
55,889,0
55,890,0
55,891,0
55,892,0
55,893,0
55,894,0
55,895,0
55,896,0
55,897,0
55,898,0
55,899,0
55,900,0
55,901,0
55,902,0
55,903,0
55,904,0
55,905,0
55,906,0
55,907,0
55,908,0
55,909,0
55,910,0
55,911,0
55,912,0
55,913,0
55,914,0
55,915,0
55,916,0
55,917,0
55,918,0
55,919,0
55,920,0
55,921,0
55,922,0
55,923,0
55,924,0
55,925,0
55,926,0
55,927,0
55,928,0
55,929,0
55,930,0
55,931,0
55,932,0
55,933,0
55,934,0
55,935,0
55,936,0
55,937,0
55,938,0
55,939,0
55,940,0
55,941,0
55,942,0
55,943,0
55,944,0
55,945,0
55,946,0
55,947,0
55,948,0
55,949,0
55,950,0
55,951,0
55,952,0
55,953,0
55,954,0
55,955,0
55,956,0
55,957,0
55,958,0
55,959,0
55,960,0
55,961,0
55,962,0
55,963,0
55,964,0
55,965,0
55,966,0
55,967,0
55,968,0
55,969,0
55,970,0
55,971,0
55,972,0
55,973,0
55,974,0
55,975,0
55,976,0
55,977,0
55,978,0
55,979,0
55,980,0
55,981,0
55,982,0
55,983,0
55,984,0
55,985,0
55,986,0
56,701,0
56,714,0
56,747,0
56,750,0
56,754,0
56,760,0
56,762,0
56,763,0
56,766,0
56,770,0
56,775,0
56,779,0
56,781,0
56,785,0
56,787,0
56,790,0
56,795,0
56,796,0
56,797,0
56,800,0
56,802,0
56,803,0
56,804,0
56,805,0
56,806,0
56,807,0
56,808,0
56,809,0
56,810,0
56,812,0
56,813,0
56,815,1
56,816,0
56,817,0
56,818,0
56,820,0
56,821,0
56,822,0
56,823,0
56,824,0
56,825,0
56,826,0
56,827,0
56,828,0
56,829,0
56,830,1
56,831,0
56,832,0
56,834,0
56,835,0
56,836,0
56,837,0
56,838,0
56,839,0
56,840,0
56,841,0
56,842,0
56,843,0
56,844,0
56,845,0
56,846,0
56,847,0
56,848,0
56,849,1
56,850,0
56,851,0
56,852,0
56,853,0
56,854,1
56,855,0
56,856,0
56,857,0
56,858,0
56,859,0
56,860,0
56,861,0
56,862,1
56,863,0
56,864,0
56,865,0
56,866,0
56,867,0
56,868,0
56,869,0
56,870,0
56,871,0
56,872,0
56,873,0
56,874,0
56,875,0
56,876,1
56,877,1
56,878,0
56,879,0
56,880,0
56,881,0
56,882,0
56,883,0
56,884,0
56,885,0
56,886,1
56,887,0
56,888,0
56,889,1
56,890,0
56,891,0
56,892,0
56,893,1
56,894,0
56,895,0
56,896,0
56,897,0
56,898,1
56,899,0
56,900,0
56,901,0
56,902,0
56,903,0
56,904,0
56,905,0
56,906,0
56,907,0
56,908,0
56,909,0
56,910,0
56,911,0
56,912,0
56,913,0
56,914,0
56,915,0
56,916,1
56,917,0
56,918,0
56,919,0
56,920,0
56,921,0
56,922,0
56,923,0
56,924,0
56,925,0
56,926,0
56,927,0
56,928,0
56,929,0
56,930,0
56,931,0
56,932,0
56,933,0
56,934,0
56,935,0
56,936,0
56,937,0
56,938,0
56,939,0
56,940,0
56,941,0
56,942,0
56,943,0
56,944,0
56,945,0
56,946,0
56,947,0
56,948,0
56,949,0
56,950,0
56,951,0
56,952,0
56,953,0
56,954,0
56,955,0
56,956,0
56,957,0
56,958,0
56,959,0
56,960,0
56,961,0
56,962,0
56,963,0
56,964,0
56,965,0
56,966,0
56,967,0
56,968,0
56,969,0
56,970,0
56,971,0
56,972,0
56,973,0
56,974,0
56,975,0
56,976,0
56,977,0
56,978,0
56,979,0
56,980,0
56,981,0
56,982,0
56,983,0
56,984,0
56,985,0
56,986,0
56,987,0
56,988,0
56,989,0
56,990,0
56,991,0
56,992,0
56,993,0
56,994,0
56,995,0
56,996,0
56,997,0
56,998,0
56,999,0
56,1000,0
56,1001,0
56,1002,0
56,1003,0
56,1004,0
56,1005,0
56,1006,0
56,1007,0
56,1008,0
56,1009,0
56,1011,0
56,1012,0
56,1013,0
57,815,0
57,825,0
57,849,0
57,854,0
57,859,0
57,862,0
57,864,0
57,865,0
57,869,0
57,871,0
57,873,0
57,876,0
57,877,0
57,880,0
57,881,1
57,882,0
57,884,0
57,885,0
57,886,0
57,887,0
57,888,0
57,889,0
57,890,0
57,891,0
57,893,0
57,896,0
57,898,0
57,900,0
57,902,0
57,904,0
57,905,0
57,906,0
57,907,0
57,908,0
57,909,0
57,910,0
57,912,0
57,913,0
57,914,0
57,915,0
57,916,0
57,917,0
57,918,0
57,919,0
57,920,0
57,922,0
57,923,0
57,924,0
57,925,0
57,926,0
57,927,0
57,928,0
57,929,0
57,930,0
57,931,0
57,932,0
57,933,0
57,934,0
57,935,0
57,936,0
57,937,0
57,938,0
57,939,0
57,940,0
57,941,0
57,942,0
57,943,0
57,944,0
57,945,0
57,946,0
57,947,0
57,948,0
57,949,0
57,950,0
57,951,0
57,952,1
57,953,0
57,954,0
57,955,0
57,956,0
57,957,0
57,958,0
57,959,0
57,960,0
57,961,0
57,962,0
57,963,0
57,964,0
57,965,1
57,966,0
57,967,0
57,968,0
57,969,0
57,970,1
57,971,1
57,972,0
57,973,0
57,974,0
57,975,0
57,976,0
57,977,0
57,978,0
57,979,0
57,980,1
57,981,0
57,982,0
57,983,0
57,984,0
57,985,0
57,986,0
57,987,0
57,988,0
57,989,0
57,990,0
57,991,1
57,992,0
57,993,0
57,994,0
57,995,0
57,996,0
57,997,0
57,998,0
57,999,0
57,1000,0
57,1001,1
57,1002,0
57,1003,0
57,1004,0
57,1005,0
57,1006,0
57,1007,0
57,1008,0
57,1009,0
57,1010,0
57,1011,0
57,1012,0
57,1013,0
57,1014,0
57,1015,0
57,1016,0
57,1017,0
57,1018,0
57,1019,0
57,1020,0
57,1021,0
57,1022,0
57,1023,0
57,1024,0
57,1025,0
57,1026,0
57,1027,0
57,1028,0
57,1029,0
57,1030,0
57,1031,0
57,1032,0
57,1033,0
57,1034,0
57,1035,0
57,1036,0
57,1037,0
57,1038,0
57,1039,0
57,1040,0
57,1041,0
57,1042,0
57,1043,0
57,1044,0
57,1045,0
57,1046,0
57,1047,0
57,1048,0
57,1049,0
57,1050,0
57,1051,0
57,1052,0
57,1053,0
57,1054,0
57,1055,0
57,1056,0
57,1057,0
57,1058,0
57,1059,0
57,1060,0
57,1061,0
57,1062,0
57,1063,0
57,1064,0
57,1065,0
57,1066,0
57,1067,0
57,1068,0
57,1069,0
57,1070,0
57,1071,0
57,1072,0
57,1073,0
57,1074,0
57,1075,0
57,1076,0
57,1077,0
57,1078,0
57,1079,0
57,1080,0
57,1081,0
57,1082,0
57,1083,0
57,1084,0
57,1085,0
57,1086,0
57,1087,0
57,1088,0
57,1089,0
57,1090,0
57,1091,0
57,1092,0
57,1093,0
57,1094,0
57,1095,0
57,1096,0
57,1097,0
57,1098,0
57,1099,0
57,1100,0
57,1101,0
57,1102,0
57,1103,0
57,1104,0
57,1105,0
57,1106,0
57,1107,0
57,1110,0
57,1111,0
57,1112,0
57,1114,0
58,815,0
58,825,0
58,849,0
58,854,0
58,859,0
58,862,0
58,864,0
58,865,0
58,869,0
58,871,0
58,873,0
58,876,0
58,877,0
58,880,0
58,881,1
58,882,0
58,884,0
58,885,0
58,886,0
58,887,0
58,888,0
58,889,0
58,890,0
58,891,0
58,900,0
58,902,0
58,904,0
58,905,0
58,906,0
58,907,0
58,908,0
58,909,0
58,910,0
58,912,0
58,913,0
58,914,0
58,915,0
58,916,0
58,917,0
58,918,0
58,919,0
58,920,0
58,922,0
58,923,0
58,924,0
58,925,0
58,926,0
58,927,0
58,928,0
58,929,0
58,930,0
58,931,0
58,932,0
58,933,0
58,934,0
58,935,0
58,936,0
58,937,0
58,938,0
58,939,0
58,940,0
58,941,0
58,942,0
58,943,0
58,944,0
58,945,0
58,946,0
58,947,0
58,948,0
58,949,0
58,950,0
58,951,0
58,952,1
58,953,0
58,954,0
58,955,0
58,956,0
58,957,0
58,958,0
58,959,0
58,960,0
58,961,0
58,962,0
58,963,0
58,964,0
58,965,1
58,966,0
58,967,0
58,968,0
58,969,0
58,970,1
58,971,0
58,972,0
58,973,0
58,974,0
58,975,0
58,976,0
58,977,0
58,978,0
58,979,0
58,980,0
58,981,0
58,982,0
58,983,0
58,984,0
58,985,0
58,986,0
58,987,0
58,988,0
58,989,0
58,990,1
58,991,1
58,992,0
58,993,0
58,994,0
58,995,0
58,996,0
58,997,0
58,998,0
58,999,0
58,1000,0
58,1001,1
58,1002,0
58,1003,0
58,1004,0
58,1005,0
58,1006,0
58,1007,0
58,1008,0
58,1009,0
58,1010,0
58,1011,0
58,1012,0
58,1013,1
58,1014,0
58,1015,1
58,1016,0
58,1017,0
58,1018,0
58,1019,0
58,1020,0
58,1021,0
58,1022,0
58,1023,0
58,1024,0
58,1025,0
58,1026,0
58,1027,0
58,1028,1
58,1029,0
58,1030,0
58,1031,0
58,1032,0
58,1033,0
58,1034,0
58,1035,0
58,1036,0
58,1037,0
58,1038,1
58,1039,0
58,1040,0
58,1041,0
58,1042,0
58,1043,0
58,1044,0
58,1045,0
58,1046,0
58,1047,0
58,1048,0
58,1049,0
58,1050,0
58,1051,0
58,1052,0
58,1053,0
58,1054,0
58,1055,0
58,1056,0
58,1057,0
58,1058,0
58,1059,0
58,1060,0
58,1061,0
58,1062,0
58,1063,0
58,1064,0
58,1065,0
58,1066,0
58,1067,0
58,1068,0
58,1069,0
58,1070,0
58,1071,0
58,1072,0
58,1073,0
58,1074,0
58,1075,0
58,1076,0
58,1077,0
58,1078,0
58,1079,0
58,1080,0
58,1081,0
58,1082,0
58,1083,0
58,1084,0
58,1085,0
58,1086,0
58,1087,0
58,1088,0
58,1089,0
58,1090,0
58,1091,0
58,1092,0
58,1093,0
58,1094,0
58,1095,0
58,1096,0
58,1097,0
58,1098,0
58,1099,0
58,1100,0
58,1101,0
58,1102,0
58,1103,0
58,1104,0
58,1105,0
58,1106,0
58,1107,0
58,1108,0
58,1109,0
58,1110,0
58,1111,0
58,1112,0
58,1113,0
58,1114,0
58,1115,0
58,1116,0
58,1117,0
58,1118,0
58,1119,0
59,815,0
59,825,0
59,849,0
59,854,0
59,859,0
59,862,0
59,864,0
59,865,0
59,869,0
59,871,0
59,873,0
59,876,0
59,877,0
59,880,0
59,881,1
59,882,0
59,884,0
59,885,0
59,886,0
59,887,0
59,888,0
59,889,0
59,890,0
59,891,0
59,900,0
59,902,0
59,904,0
59,905,0
59,906,0
59,907,0
59,908,0
59,909,0
59,910,0
59,912,0
59,913,0
59,914,0
59,915,0
59,916,0
59,917,0
59,918,0
59,919,0
59,920,0
59,922,0
59,923,0
59,924,0
59,925,0
59,926,0
59,927,0
59,928,0
59,929,0
59,930,0
59,931,0
59,932,0
59,933,0
59,934,0
59,935,0
59,936,0
59,937,0
59,938,0
59,939,0
59,940,0
59,941,0
59,942,0
59,943,0
59,944,0
59,945,0
59,946,0
59,947,0
59,948,0
59,949,0
59,950,0
59,951,0
59,952,0
59,953,0
59,954,0
59,955,0
59,956,0
59,957,0
59,958,0
59,959,0
59,960,0
59,961,0
59,962,0
59,963,0
59,964,0
59,965,1
59,966,0
59,967,0
59,968,0
59,969,0
59,970,1
59,971,0
59,972,0
59,973,0
59,974,0
59,975,1
59,976,0
59,977,0
59,978,0
59,979,0
59,980,0
59,981,0
59,982,0
59,983,0
59,984,0
59,985,0
59,986,0
59,987,0
59,988,0
59,989,0
59,990,1
59,991,1
59,992,0
59,993,1
59,994,0
59,995,0
59,996,0
59,997,0
59,998,0
59,999,0
59,1000,0
59,1001,1
59,1002,0
59,1003,0
59,1004,0
59,1005,0
59,1006,0
59,1007,0
59,1008,0
59,1009,0
59,1010,0
59,1011,0
59,1012,0
59,1013,1
59,1014,0
59,1015,1
59,1016,0
59,1017,0
59,1018,0
59,1019,0
59,1020,0
59,1021,0
59,1022,0
59,1023,0
59,1024,0
59,1025,0
59,1026,0
59,1027,0
59,1028,1
59,1029,0
59,1030,0
59,1031,0
59,1032,0
59,1033,0
59,1034,0
59,1035,0
59,1036,0
59,1037,0
59,1038,1
59,1039,0
59,1040,0
59,1041,0
59,1042,0
59,1043,0
59,1044,0
59,1045,0
59,1046,0
59,1047,0
59,1048,0
59,1049,0
59,1050,0
59,1051,0
59,1052,0
59,1053,0
59,1054,0
59,1055,0
59,1056,0
59,1057,0
59,1058,0
59,1059,0
59,1060,0
59,1061,0
59,1062,0
59,1063,0
59,1064,0
59,1065,0
59,1066,0
59,1067,0
59,1068,0
59,1069,0
59,1070,0
59,1071,0
59,1072,0
59,1073,0
59,1074,0
59,1075,0
59,1076,0
59,1077,0
59,1078,0
59,1079,0
59,1080,0
59,1081,0
59,1082,0
59,1083,0
59,1084,0
59,1085,0
59,1086,0
59,1087,0
59,1088,0
59,1089,0
59,1090,0
59,1091,0
59,1092,0
59,1093,0
59,1094,0
59,1095,0
59,1096,0
59,1097,0
59,1098,0
59,1099,0
59,1100,0
59,1101,0
59,1102,0
59,1103,0
59,1104,0
59,1105,0
59,1106,0
59,1107,0
59,1108,0
59,1109,0
59,1110,0
59,1111,0
59,1112,0
59,1113,0
59,1114,0
59,1115,0
59,1116,0
59,1117,0
59,1118,0
59,1119,0
59,1120,0
59,1122,0
