person_id,path_id,timestamp
2,P1,20.523514106849888
0,P2,30.596134818566917
1,P1,33.22116759639174
0,P2,39.985016762640925
1,P1,42.67380757416948
2,P1,43.90095065367134
0,P2,60.335436376914465
6,P1,68.27771906727945
1,P1,71.84216717566034
2,P1,73.61798078797901
3,P1,78.01515725615009
6,P1,78.03960865936286
2,P1,83.2826391090409
5,P3,85.29694902438851
5,P3,92.72773726784276
2,P1,95.65529156222868
3,P1,102.67942441291594
0,P2,104.48499914217967
6,P1,106.2292442107299
8,P2,107.86682372158374
3,P1,109.52563391092812
5,P3,113.6783041752484
9,P3,113.67879524599006
0,P3,121.98207930946741
4,P2,122.71701161067986
7,P2,125.56164227421758
3,P1,130.5408708571994
0,P3,133.1262531497446
2,P1,133.42825285112178
4,P2,133.8141723482404
1,P2,135.67438196130797
7,P2,136.89086354158087
5,P3,137.0356499800493
0,P3,143.8938479979205
4,P2,144.67641384364845
5,P3,147.06798612946855
3,P2,149.12429628888117
11,P1,150.2009588903867
9,P3,155.14933717002927
4,P2,156.4668465141626
9,P3,158.102053202226
3,P2,159.7862419510802
7,P2,161.0720058012025
0,P3,162.67396728231728
12,P1,163.26060934375573
5,P3,166.1244207535118
4,P2,166.79613622900948
11,P1,167.64610909293094
9,P3,168.4298820908946
1,P2,168.83362522763963
10,P2,170.15555671732147
2,P1,172.5616327270407
8,P2,175.38002926750522
7,P2,176.52334522623823
0,P3,178.66190716569483
14,P1,180.02223804089016
13,P1,184.20666800458548
0,P3,185.87215951995216
3,P2,186.075071260198
4,P2,186.08131824599633
2,P1,186.2569309048625
0,P3,193.72672805677058
9,P3,194.8681786478847
6,P2,195.0001302348727
4,P2,197.239391838428
11,P1,197.7559473424071
8,P2,198.0530915262624
13,P1,203.69427896289773
9,P5,205.13409418285352
15,P1,205.99732263434663
14,P1,209.68058374375747
5,P3,209.9954563311447
3,P2,210.78384969388864
0,P3,211.34262285744697
9,P5,213.62950376225686
6,P2,215.94916716810351
0,P3,219.59907385523948
14,P1,222.31083410206418
13,P1,224.07700510337145
4,P2,224.322402709072
6,P2,224.61147375150475
2,P2,229.26788410572107
8,P2,230.4248155061026
14,P1,232.43744349706398
10,P2,235.46770512824733
12,P1,235.52064287070348
4,P2,236.7112727930027
0,P3,236.74855276990596
7,P3,239.14036265183302
3,P2,240.0138867743865
8,P2,240.71678810055508
12,P1,240.8326832621273
14,P1,241.34893118218693
15,P1,242.1520891591391
13,P1,245.73674057783936
8,P3,245.74491625543894
9,P5,246.71158262629783
1,P2,249.21422495409516
5,P5,250.21755958616197
11,P2,254.73497668112213
15,P1,254.91524810352328
6,P2,255.68177047820492
12,P1,255.79842566522123
8,P3,256.96059636205086
9,P5,257.5715097022756
18,P2,258.80637279134703
16,P1,259.413133204012
7,P3,260.3100888550837
14,P1,260.7694413733829
12,P1,263.69080517343156
8,P3,264.48698263755426
5,P5,265.2037430437423
11,P2,265.9418361797587
19,P1,267.24633650445566
2,P2,267.77483061254884
16,P1,268.41047951306643
1,P2,268.73600518926366
7,P3,269.4423753666545
3,P2,270.37916884263484
17,P2,272.8707675921971
4,P2,273.10127957249523
12,P1,273.3496738451433
14,P1,274.4353961941552
13,P1,275.91375715065624
2,P2,275.92365529533765
11,P2,276.19041130896335
21,P1,277.3397013859766
7,P3,277.69668170914093
10,P2,278.4208857782322
15,P1,284.15154279977156
7,P3,284.42548936587076
13,P1,284.56257354776614
2,P2,284.7291246943717
0,P3,285.14654331952806
9,P5,286.2360568345642
3,P2,287.9675047756395
1,P2,288.3571730901707
17,P2,288.6265863079676
0,P3,292.9453468266753
8,P3,295.5548827332878
6,P2,295.9069367348859
21,P1,297.5299199256714
11,P2,297.6871558944626
7,P3,298.4939808745915
9,P5,303.22904592856656
4,P2,303.34990565998527
6,P2,306.44972746736323
19,P1,306.5025981421189
7,P3,308.31203776053576
21,P1,310.3091048257093
18,P2,310.67263812339445
13,P2,312.10676306250275
14,P1,312.7124414656735
23,P1,314.0518638512304
1,P2,316.48357602275
14,P1,318.759714423335
0,P3,321.8531045466007
8,P3,324.62958715320246
7,P3,326.55073817164606
4,P2,327.1379341240574
13,P2,328.1934010292864
24,P2,331.72886032017396
12,P1,332.69372569955476
16,P2,333.61294795702753
27,P1,336.10995902744065
28,P1,337.5474596254233
23,P1,338.0318225600482
7,P3,339.1551049493965
25,P3,339.98742449412134
18,P2,340.8751165793841
25,P3,341.04797838982876
23,P1,343.4115833722847
16,P2,343.8472123736361
19,P1,345.3406859549023
8,P3,346.8377484083911
7,P3,348.6978835916045
11,P2,349.2236645560625
1,P2,349.5400168967755
22,P1,349.59532894833825
17,P3,350.5485238614172
23,P1,354.7440260728979
6,P3,354.9286719098204
13,P2,355.4930767845735
12,P1,355.6625208913806
25,P3,355.8798463043096
8,P3,356.1311200833876
6,P3,362.91934594719817
14,P1,363.1437738477592
1,P2,367.3574657622662
23,P1,367.7656110623311
29,P2,370.1180776986132
9,P6,371.03496609132117
10,P3,371.978415196447
2,P2,373.68414069570275
1,P2,373.8491068189937
6,P3,375.3133596407453
18,P2,377.87546386030965
27,P1,378.06687901825455
19,P1,378.5262531197734
15,P2,381.0749495653732
17,P3,381.21728821147747
9,P6,383.15333296748184
20,P1,383.165048068989
16,P2,383.6435320257359
26,P2,384.6436211517629
8,P3,385.4126637652444
21,P2,385.47365980680297
25,P3,385.74672973998076
2,P2,386.1774562355439
22,P1,388.17199506207294
1,P2,389.35817155908853
19,P1,390.233523375064
15,P2,390.86316644358106
7,P5,391.11947711261234
26,P2,391.7037293221881
6,P3,396.4622505740249
3,P3,399.2075158400271
26,P2,402.19864497081795
14,P1,402.2147216656604
16,P2,402.83450681189674
27,P1,404.33615405615296
25,P3,404.7199247209414
21,P2,407.54254386150683
3,P3,408.0176436427846
30,P2,409.17165665264605
12,P2,409.83467438699034
29,P2,409.9240678921333
22,P2,410.3402779934927
17,P3,411.04005864136803
11,P3,412.3464031959376
10,P3,414.5483040250546
6,P3,415.1395844398427
25,P5,415.95868230214006
27,P1,416.1728796635989
10,P3,418.5142472412452
1,P3,420.45450801998567
27,P1,428.5271512607515
29,P2,430.4499637224024
30,P2,430.4706006488868
12,P2,431.4580332200927
16,P2,432.57560675315744
32,P1,432.9903237750642
17,P3,433.27030029028214
13,P2,433.395627995277
2,P3,435.4155331659362
27,P1,435.9762834370181
22,P2,436.8407334811605
21,P2,437.25418472402936
25,P5,437.6233340198054
33,P3,439.7931400795127
16,P2,441.70611833405036
17,P3,441.9077093930036
20,P1,442.5702990069693
33,P3,444.3251614660411
15,P2,444.42641876711616
24,P2,444.82391948086047
25,P5,446.5054513040025
13,P2,447.99200150823305
11,P3,448.4847048676479
26,P2,451.1188751059097
20,P1,452.6945599006294
6,P3,453.2001541663267
15,P2,454.0218518275824
16,P2,454.19589531874846
21,P3,454.2012054495156
25,P5,458.33441632645867
7,P5,458.5747842863434
31,P2,458.8950247927935
27,P1,459.3115982693382
35,P1,459.5618515916121
19,P2,461.31599840367863
15,P3,461.72731579573855
34,P2,461.89955573237546
10,P3,462.62941963381996
17,P3,463.1300629884868
14,P2,463.31821466790666
4,P3,463.5719740420221
33,P3,463.8615394918707
16,P2,464.45579035706857
8,P3,465.6233332625689
21,P3,467.9811817345611
1,P3,468.08530121522693
32,P1,468.5993713867277
3,P3,468.98332175591145
36,P3,470.0918616616231
28,P1,471.0039534273483
6,P3,471.7223264933469
7,P5,473.27082325882213
16,P2,473.78344214051856
21,P3,475.0163607228077
24,P2,476.41306341411166
23,P1,476.65057146380127
14,P2,478.8125930871719
27,P1,480.03710760014053
31,P2,480.5126378742646
20,P1,481.0820780839964
24,P2,481.17003048469337
22,P2,481.1790061300016
34,P2,482.2077285401491
22,P2,482.80972557789346
12,P2,486.26004432637865
27,P1,486.433191479272
31,P2,486.84883757562596
21,P3,487.80880380551383
33,P3,488.64323607559385
23,P1,488.7292085940639
7,P5,488.7561985523556
34,P2,490.5242753652158
29,P2,492.1254367376193
21,P3,493.117480051756
16,P3,493.77470558512437
20,P2,497.5051216513135
1,P3,497.6741612363152
32,P2,497.997715251392
3,P3,498.68767621925275
29,P2,498.8024225444775
31,P2,499.0163553743125
26,P3,499.08497813944126
7,P5,499.62448388452725
14,P2,500.7087070231199
12,P2,503.328469367479
8,P3,504.7589018517678
24,P2,504.77271622952617
2,P3,505.1103755144044
22,P3,505.59084280030845
15,P3,506.50744957346484
27,P1,507.05007312511884
30,P2,508.8841081818986
1,P3,508.92044169599666
29,P2,509.297026769139
20,P2,509.34876737192053
19,P2,509.54551277303307
36,P3,510.0451898418409
31,P2,510.2374843746067
13,P3,511.8867848021117
24,P2,513.268857378579
34,P2,515.1880989736907
22,P3,515.7285938381461
8,P3,516.514289522324
31,P2,516.8652579471943
19,P2,516.941758187386
37,P1,517.4932246396241
14,P2,517.5190977696274
16,P3,518.1048140342772
20,P2,518.4600503297163
25,P5,518.5450626732719
32,P2,519.0452889144415
1,P3,520.2632777429483
28,P1,520.2963539949931
34,P2,522.2385232471257
15,P3,524.3434456240957
25,P5,527.6935768793415
24,P2,528.2473982810313
20,P2,528.9813104510994
26,P3,529.0826282187264
21,P3,529.5923660186185
34,P2,530.3762236422025
35,P1,531.0938595374625
37,P1,531.6721299808066
21,P3,534.4576905359543
7,P6,534.7358186251066
23,P1,534.8011187655643
4,P3,535.4121263980124
27,P1,536.99331084374
22,P3,537.3956735664034
38,P1,537.5454661050113
32,P2,537.7527477692686
19,P2,539.8493990927103
1,P3,540.5824622946737
40,P2,542.0640198772062
31,P2,542.8776806031825
4,P3,543.3652869343001
42,P1,544.2758758212194
41,P1,544.8475370870611
22,P3,544.9143021068484
24,P2,545.1566266943358
7,P6,545.7773848501367
23,P2,545.971592590205
39,P1,547.2440219547348
32,P2,548.1949765486055
30,P2,549.2723912945312
26,P3,549.8491504215182
40,P2,550.2355906536244
37,P1,550.7043814119877
38,P1,551.2513327827021
34,P2,551.5980836599675
13,P3,552.3601613798113
12,P2,552.7255944172524
7,P6,554.9336766388757
24,P2,556.5591086943799
37,P1,557.1146806731833
23,P2,558.7635146409141
26,P3,558.9472974125382
38,P1,559.8038340341885
13,P3,559.8642535391729
28,P1,559.9491624067874
25,P6,559.978975322382
19,P2,561.3734473552607
30,P3,563.1759349466774
42,P1,564.1974741076526
39,P1,565.1737618157072
16,P3,567.4057024946192
15,P3,567.8980348775315
22,P3,568.0022432302178
38,P1,568.0755994473709
19,P2,568.9036011781278
40,P2,569.0846995838115
14,P3,569.2190011086192
32,P2,569.4137084638919
35,P1,569.565764633252
20,P2,569.5927422628841
27,P1,571.0606388060984
18,P3,572.6959347226979
36,P3,573.8502384279918
16,P3,574.1773729852471
33,P3,579.0531770343922
36,P3,579.315926030903
44,P2,580.086153354341
20,P2,580.3723917057144
34,P2,581.1227414536054
4,P3,582.7264851045366
39,P1,583.0962514517602
3,P5,583.683948579817
7,P6,584.385105032637
16,P3,584.727374961955
20,P2,585.4538175796241
31,P2,588.3114192405955
36,P3,590.4046653234112
2,P3,590.8604924431044
12,P2,591.3971783307427
4,P3,592.2541531141965
13,P3,592.3956160068013
26,P3,592.8704783904315
46,P1,592.9538356496969
15,P3,593.3246626403218
33,P3,595.5141684214049
25,P6,595.9478943438239
34,P3,596.8140122709663
32,P2,597.1005130762284
30,P3,597.1541654694707
28,P1,597.6786591111178
35,P1,599.7168366739895
43,P3,600.2930380477773
40,P2,600.314008865422
15,P3,601.1389128466934
26,P3,601.5066382171696
12,P2,601.7383293431028
3,P5,601.8386528511004
18,P3,602.0604941566236
20,P2,603.2660384951326
4,P3,603.3016834003527
16,P3,603.4155987395571
31,P2,603.44059687295
22,P3,603.7811041191691
31,P3,603.9358689690642
14,P3,604.0131426924095
7,P6,604.0433427667992
32,P2,606.5831098570644
2,P3,606.6458245123991
8,P3,606.7935771826997
33,P3,607.0831006875171
38,P1,607.2166396380724
27,P1,608.4385552366167
26,P3,609.6841130147441
20,P2,610.5406776837788
48,P1,610.5434715168949
40,P2,611.0685061744399
44,P2,612.7394155207907
4,P3,612.7722424393332
42,P1,613.8053872951481
27,P1,615.0717398062749
33,P3,615.9563038574579
14,P3,616.3943346187324
37,P1,616.740945771259
28,P1,618.1296872569178
43,P3,619.6864863046194
38,P1,619.9504816577725
34,P3,620.4431686024864
8,P3,620.863461661922
46,P1,621.5758481462636
26,P3,622.4857987434305
7,P6,623.8988731912074
48,P1,623.9205938838753
44,P2,624.8294442867737
16,P3,625.4368731737873
36,P3,625.5103099239637
30,P3,626.3961512254527
35,P2,627.0655058647017
28,P1,629.1552903577475
47,P2,629.2346627952568
40,P2,629.8056017521717
15,P3,630.7119741797284
46,P1,632.2431699588133
20,P3,632.3697228803454
16,P3,633.3073797620406
39,P1,634.4166218968651
14,P3,635.0859865626577
33,P5,635.4813502388398
31,P3,635.7645004289232
23,P2,635.8768194653364
44,P2,636.1300919056093
34,P3,636.2899808764822
38,P1,636.4926383885244
28,P1,637.0327579697531
37,P1,637.484462799126
36,P5,637.6485935976651
22,P3,637.842706760158
47,P2,638.6296686484097
3,P5,642.7811748977823
8,P3,643.917919248014
4,P3,644.3351662194996
30,P3,645.6976981129803
16,P3,646.3239909667709
49,P3,646.3247301372156
14,P3,646.9531911550987
27,P1,647.1680670392916
37,P1,647.1908960687654
22,P3,647.2476944912718
31,P3,647.4714354156077
44,P2,647.5723843149988
2,P3,648.5877341694339
13,P3,649.6971026402836
40,P2,651.2845346519679
34,P3,651.360007977932
32,P3,652.7882065870871
35,P2,653.4787814466706
48,P1,654.7463665799671
3,P5,655.213077448773
49,P3,656.1770219030984
10,P7,656.7017838139953
45,P3,657.0965219347195
33,P5,658.2296534114905
19,P2,660.4582524489838
24,P2,664.0217389242933
8,P3,664.4038459861495
39,P1,664.44889657981
42,P2,664.5302695799695
22,P3,664.7888012479631
50,P2,664.9329555240133
35,P2,664.9415292898425
38,P1,665.8131374735821
33,P5,665.9397888865527
43,P3,666.1053285611022
34,P3,666.8729103231296
12,P3,667.1328635461443
52,P2,667.508770331038
2,P3,667.8074420300723
16,P3,668.2685889266045
51,P3,669.9485106388069
36,P5,671.3832019651672
24,P3,671.9774442927059
19,P3,672.0658770636517
53,P1,672.4187861557929
30,P3,673.1153704980247
46,P1,673.787862476902
52,P2,675.3101585295017
2,P3,675.522362816016
12,P3,676.324176469519
27,P1,677.7369407157873
45,P3,679.8340128281393
7,P7,680.0032493678085
3,P5,680.2346749175064
36,P5,681.7963319880719
53,P1,682.4809351652349
49,P3,682.4979022578644
35,P2,684.3613899328659
39,P1,686.4884053640421
28,P2,687.0682265912419
27,P1,687.0856001750765
30,P3,687.1460388009751
54,P3,688.3678913296862
43,P3,689.1667408218
34,P3,689.3926976271428
47,P2,689.5025475839523
11,P6,689.5034518021647
17,P5,689.5710073127391
45,P3,690.6161069954226
38,P1,691.5575791909708
37,P2,693.1978863125488
40,P2,693.5015650751681
4,P3,693.9287036556937
44,P2,695.1012794872674
33,P5,695.6761232715864
8,P3,695.8817876916605
23,P3,695.9890840933305
39,P1,696.1978611193516
42,P2,696.6530547035069
27,P1,697.4510606957118
45,P3,698.5533972283262
55,P3,699.072328539129
27,P1,700.3025834998408
34,P3,700.5025587923233
46,P1,702.5235985927198
42,P2,703.5299846135057
4,P3,703.7214498514304
52,P2,704.0122291677271
28,P2,705.8349758359137
51,P3,706.6077313323327
37,P2,707.771652969485
30,P3,707.858533050782
23,P3,708.9518642706793
34,P3,710.5278610625792
11,P6,711.0398631966256
58,P3,711.2363799227821
55,P3,711.8414753460804
28,P2,711.9371147522239
32,P3,712.1480201383064
15,P5,712.2700814170763
33,P5,712.3259088018045
37,P2,712.4093292975651
24,P3,712.4243452402197
30,P3,713.4735953854113
49,P3,714.3463397894174
12,P3,714.5536152641376
7,P7,715.8254269502575
2,P3,716.1518538267995
35,P2,716.6304530873815
27,P1,717.7329499460819
46,P1,717.9857555623488
47,P2,718.1456040343033
45,P3,718.3323732293501
31,P3,718.984367251089
52,P3,718.9864828013174
58,P3,720.174864036258
20,P3,721.0754259756238
11,P6,721.6892721633493
48,P2,723.1914640365196
39,P1,723.5636960216675
50,P2,724.2724526503258
3,P5,724.5164410417276
36,P5,725.078776314558
34,P3,725.5043371323349
7,P7,725.9657487975113
32,P3,725.9690072891483
23,P3,726.1757039123722
37,P2,726.9829836844061
54,P3,727.0622422304824
42,P2,727.253700955688
56,P1,728.1601080014445
58,P3,729.5414306811076
17,P5,731.8653861188642
15,P5,732.7050789432357
19,P3,733.1969407809443
49,P3,733.6677118804434
35,P2,734.4644828858909
48,P2,734.563721400466
2,P3,734.7532185955557
28,P2,734.8562382896544
50,P2,735.2932808165538
30,P5,736.3754630886972
8,P3,737.4763279529627
59,P3,738.7373698390063
41,P2,739.159345768424
38,P1,740.3133096050626
16,P5,740.6419936191911
42,P2,741.768020589734
27,P2,742.6022768316814
3,P5,742.9532227187825
52,P3,742.9766652741712
35,P2,743.2692114479172
8,P3,743.3274000968329
20,P3,743.8122262833116
55,P3,744.0789161557003
40,P3,744.1890149742549
31,P3,744.275785373784
2,P3,744.3503661183317
7,P7,744.6632220697861
41,P2,745.3059280238386
32,P3,745.4272995755639
50,P2,746.0306753831974
30,P5,746.1930627042291
39,P1,747.0812799123474
60,P3,748.001493554408
59,P3,748.0899958115674
33,P5,748.7100951253803
46,P2,749.3532446713918
57,P2,749.4336323830656
34,P3,750.4626900608581
38,P2,751.1029124986973
45,P5,751.5151208026904
19,P3,751.8623897951362
16,P5,751.9685819527028
15,P5,752.1125750018099
13,P3,753.3314708513645
47,P3,753.42346448583
48,P2,753.5649979336055
53,P2,754.4091484010555
39,P1,755.6493522887895
31,P3,756.0338627493225
7,P7,756.1160344283481
23,P3,756.2051009442177
43,P3,756.2583692654244
8,P3,756.3823252553882
37,P2,756.4833519893541
45,P5,758.4504542212723
13,P3,758.4835873675487
46,P2,759.1164920056251
54,P3,759.3790883412637
58,P3,759.9899539305835
38,P2,760.029569375413
3,P5,760.0909572230652
16,P5,760.2309918492807
17,P5,760.2489490741592
20,P3,760.9153396197381
47,P3,761.1819543631367
56,P1,762.3648209413806
19,P3,762.6925888872412
42,P2,763.4744980175213
35,P2,763.5597660379361
54,P3,764.585876573223
37,P2,765.0175471140598
49,P3,765.1059836092629
36,P6,765.348789991894
34,P3,765.9807174035769
55,P3,769.8041016947612
58,P3,771.1931880279315
19,P3,771.4762137639559
39,P2,771.7375307398149
64,P3,772.0280802370271
2,P3,772.1877593982398
63,P1,772.2444774991832
43,P3,772.4127550321288
35,P2,772.9998700334905
48,P2,773.151860452524
47,P3,773.2891544740148
27,P2,773.4301949823418
37,P2,773.7351468594026
46,P2,774.0533703860998
13,P3,774.3565083385283
13,P5,775.9346161895102
28,P2,776.1946096057566
45,P5,776.4693342829352
32,P5,776.6500674425781
36,P6,777.4373604572614
17,P5,778.3764256313249
30,P5,779.4010135784762
46,P2,780.0029208687729
59,P3,780.653566084498
63,P1,782.4791792700288
53,P2,782.8812209074557
19,P3,784.086571905625
56,P2,784.606937408012
4,P3,784.6702127890146
29,P5,784.7263516422312
50,P2,784.8229404466196
30,P5,785.1272440348091
42,P2,785.4697158112398
37,P3,785.8496842558782
49,P3,787.2207865266271
54,P3,788.8027434206973
20,P3,789.4635816617621
19,P3,790.2364165247576
52,P3,791.1616581523602
46,P2,791.5017108105228
55,P3,792.496522239497
40,P3,792.5324596103217
47,P3,792.7680843400059
59,P3,793.1800555882902
23,P3,794.3062637060193
15,P5,794.5087306316934
49,P3,795.8636522956276
29,P5,796.4608166885173
45,P5,797.0405274383608
56,P2,797.1569648296394
3,P6,798.2580235795411
31,P3,798.6548522892056
57,P2,798.8688580356735
65,P3,801.1371134787888
24,P3,801.2858252259226
55,P3,801.5917664803821
46,P2,802.3721713859843
16,P5,803.3616370214864
42,P2,804.0317455318417
62,P1,804.2254955818925
15,P5,804.7681103734493
4,P3,805.1021553809695
53,P2,805.2757272721528
50,P2,805.4205197924753
13,P5,805.4808927149201
28,P2,806.9234219034047
69,P1,807.4068824210327
62,P1,808.4478949379405
67,P3,811.1380807129481
0,P7,811.9678496736556
20,P3,812.2913609987751
48,P2,812.4477266912141
40,P3,812.5069507779662
59,P3,813.3604570393566
17,P5,813.4091422577952
63,P2,813.4478657973914
45,P5,813.5336096462185
15,P5,813.6027060740189
3,P6,813.9621703579078
44,P2,814.5695894370319
39,P2,815.4879049197403
38,P2,816.7415569922377
29,P5,817.3643236008057
23,P3,817.9435344917968
45,P5,819.0328763935346
57,P2,819.2856811638209
34,P3,820.8729911608153
20,P3,820.8894966353184
61,P3,821.2822169579676
36,P6,821.7243409497905
27,P2,821.8532069200623
46,P2,822.1928082489073
49,P3,822.3983735775001
63,P2,822.7342214614412
48,P2,823.845879910875
0,P7,823.9305358416235
28,P2,824.3171954757536
3,P6,825.1816935011707
50,P2,825.3512382582794
36,P6,825.7551761691229
31,P3,825.8541567729715
23,P3,826.117161625312
24,P3,826.5647936987073
41,P3,827.1277228890119
8,P3,827.1557251160006
56,P2,827.2506033484198
54,P3,827.3743944571961
13,P5,828.4261869359864
30,P5,828.8634298951396
39,P2,829.1886153534127
59,P3,832.1105819905379
45,P5,832.147471679243
35,P2,832.368385403653
38,P2,832.7563054494802
41,P3,832.8345391991647
37,P3,834.2744755023426
47,P3,834.3392727460641
49,P3,836.8361675235259
29,P5,836.8551265699921
2,P3,837.0460301267327
28,P2,838.151318074935
60,P3,839.490483188524
30,P5,839.5376771237708
54,P3,839.7984828081517
62,P2,840.2427092616279
63,P2,841.0032591261511
61,P5,842.4159200385958
72,P1,843.0333320776809
12,P3,843.3006132517058
50,P2,843.5087792418338
66,P1,843.5655086525754
2,P3,843.9722690638943
19,P3,844.2596261921462
69,P2,844.26384454574
53,P2,844.5800601161519
35,P2,844.6359180520187
37,P3,844.7290756496
38,P2,845.9788914513266
30,P6,846.3197295091853
29,P5,846.5478201856844
60,P3,848.403864408861
71,P3,848.9586568561215
30,P5,849.718031529441
54,P3,850.2124139309009
26,P5,850.346665190021
36,P6,852.6936982714237
37,P3,853.0068814771287
24,P3,854.0738113947986
64,P3,854.7516871434602
33,P5,855.5060541957941
35,P2,855.6004938326354
34,P3,855.729640830811
61,P5,855.8256651290772
66,P1,856.1416663103051
63,P2,856.2125386054679
67,P3,857.0274821397223
41,P3,857.7203762798139
13,P5,857.7684641839788
56,P2,858.7744096841575
54,P3,860.67334759412
70,P1,861.308650609579
15,P5,862.80997910162
67,P3,863.2079374535219
69,P2,863.853737650007
23,P3,864.1927024061383
2,P3,864.3094694897013
53,P2,864.4116802508814
13,P5,864.8792371736635
41,P3,865.0547634935288
24,P3,865.4800333408657
30,P6,865.9594139141533
29,P5,865.9755530961211
44,P3,868.2539541652826
33,P5,868.4548251158419
26,P5,868.514109376747
45,P5,869.3483542331746
28,P2,869.9884195199802
17,P5,871.5195807678784
21,P6,872.3411790779097
53,P2,872.5839760830355
48,P3,872.7915926027108
72,P1,872.8579796571364
15,P5,873.0474452847891
70,P1,873.6130118125487
47,P3,874.1749510604179
2,P3,874.6604296817884
71,P3,874.6685937629262
19,P3,875.0433101836763
23,P3,875.0588372064983
66,P1,876.1851243495034
40,P3,876.7664429268557
8,P3,876.7681443877932
39,P2,876.9638271824664
29,P5,877.0247898759147
33,P5,877.4181048036479
34,P3,877.7944851168395
44,P3,878.0321206378769
36,P6,878.1061009870934
59,P3,879.6542285843034
72,P1,880.5554587163841
17,P5,880.7939725980568
20,P3,881.4078561223472
48,P3,881.8383598492295
65,P3,881.9690484498435
12,P3,882.5931929187019
70,P1,882.6076806223563
56,P2,882.9632803213067
24,P3,883.0732111047752
62,P2,883.5158141382069
29,P5,883.8201723554093
67,P5,884.5364464072377
44,P3,884.6360580049994
15,P5,884.8401608006488
2,P3,885.4919934282675
38,P2,885.5354692227104
41,P3,886.2106558403514
71,P3,886.392353349987
32,P5,886.547435230117
37,P3,886.7957459884
30,P6,887.613619162564
35,P3,890.3809404562174
2,P3,890.4008032832033
1,P6,890.633149468348
17,P5,891.0261992841042
31,P5,891.0318284450099
40,P3,891.4662022847432
68,P2,891.7076951641375
38,P2,892.1362905087574
59,P3,892.1400602529123
62,P2,892.4034235159138
24,P3,892.5070441458785
57,P3,892.6169612042135
71,P3,893.2952986726178
41,P3,895.8608104775843
23,P3,896.0566877744134
15,P5,896.6415922236808
8,P5,896.6927451903626
56,P2,896.975603738295
29,P5,899.0424742591379
39,P2,899.6679488407734
17,P6,899.7664250074912
26,P5,899.9492527895386
16,P5,900.1437253095509
44,P3,900.1475234358884
67,P5,900.7159080523192
72,P1,901.1246980588833
46,P3,901.8973477200357
15,P5,901.9259951508549
1,P6,903.3401946244809
2,P3,904.8163192511554
13,P5,904.8800810097988
28,P2,905.3258745571945
42,P2,905.3672095173022
37,P3,905.5740520964781
23,P3,906.0969212668964
3,P6,907.109692548128
41,P3,907.1217897759328
12,P5,907.1469437051127
54,P3,907.7107965399
45,P5,908.6523315312477
29,P5,909.6419193447344
31,P5,909.7449703623414
40,P3,910.3892304321078
14,P5,910.8612525486235
53,P3,911.0939141583508
16,P5,911.2021895570734
69,P3,911.7678971375905
1,P6,911.8455918543643
55,P3,914.3043362398043
72,P1,914.6334088825158
51,P7,915.4378376072868
35,P3,916.280428740857
15,P6,916.436963459713
45,P5,916.6299690303471
29,P5,918.0177633613338
14,P5,919.043836524951
73,P1,920.229568240373
27,P2,921.8906321749922
26,P5,922.7074947894632
0,P7,922.7613740730641
65,P3,923.2537693248335
47,P3,923.7303420545986
42,P2,923.7793811284788
56,P3,923.7807910782266
38,P3,924.1347179903831
46,P3,925.4183146614454
1,P6,926.5908375951097
16,P6,927.0609406254166
56,P3,927.8357849464219
13,P5,927.9195949403647
26,P5,928.0457692911244
62,P2,928.4293135487063
33,P5,928.8603417579237
21,P6,929.9757534473234
50,P3,930.8472497508745
38,P3,930.9864223664248
70,P1,931.650927602992
59,P3,932.1962600686926
31,P5,932.2671055013232
67,P5,932.841350804263
28,P3,933.1348190025126
8,P5,933.2949472124023
71,P3,933.696180299668
57,P3,934.1967753277354
37,P3,934.2636263288067
54,P5,935.2330159478257
58,P7,935.2505629982876
17,P6,935.2994454605617
27,P2,935.8992416836559
30,P6,937.2435687358075
29,P5,937.7231087667909
35,P3,938.6449804625142
67,P5,939.6751439564216
56,P3,940.0485414958928
14,P5,940.6814588046049
60,P3,940.8661050156063
57,P3,942.1531515072292
59,P3,942.5306332200242
16,P6,942.9861970851815
62,P2,943.7843195622651
54,P5,945.2326244640426
37,P3,945.3214209644661
46,P3,945.7842470066101
23,P3,946.4896721927934
19,P3,946.5280920420424
35,P3,947.662164763109
28,P3,947.9437051579897
14,P5,948.5118776435116
70,P1,948.7188070952908
67,P5,949.0425967003259
59,P3,949.0955111485923
68,P2,950.7371381746559
37,P3,951.2482023551177
17,P6,951.4596049028348
16,P6,951.7059780932708
76,P3,951.7730642555103
48,P3,952.0112567328767
22,P6,952.0527809933925
38,P3,952.2745000570142
62,P2,953.7610632821801
69,P3,954.1085846749628
27,P2,954.3216854614475
8,P5,955.729575670095
33,P6,955.8415216001241
75,P1,956.1561492823564
46,P3,956.4390042336485
39,P2,956.514033639214
15,P6,956.7077352018819
76,P3,957.2397991819994
66,P2,958.1805213259573
74,P3,958.4622571862064
55,P5,958.6003741438068
57,P3,960.1771377525773
22,P6,961.6954914531262
56,P3,962.172021102102
69,P3,963.8429231940876
51,P7,965.2450510492896
63,P2,965.8019708760194
66,P2,966.4869986321806
44,P3,966.9589452511335
37,P3,966.9596310750206
62,P2,966.9598191067937
57,P3,968.3943728786078
70,P1,968.8383458847187
35,P3,969.4332334087824
56,P3,969.4373810781844
76,P3,970.7369109654909
68,P2,970.8494327729501
73,P1,971.2859076150439
53,P3,971.3854616647568
48,P3,971.6114987429047
14,P5,971.7959078272596
64,P3,972.0082913130694
55,P5,972.2795139803281
0,P7,972.3757650091093
63,P2,972.6476074952695
17,P6,973.0029484874742
28,P3,973.1238469486053
22,P6,973.3217718196424
29,P6,973.4650805331933
33,P6,973.6389281637231
72,P2,973.7425453037259
62,P2,973.8907380634215
37,P3,974.2465518438938
46,P3,974.4319660146429
55,P5,977.5855690316353
14,P5,978.1126251056386
8,P5,979.2482200346154
68,P2,979.2782340458482
78,P2,979.3462929401568
26,P6,979.5370973109921
30,P6,979.5586637713661
74,P3,979.9361466406123
38,P3,980.1462269314584
63,P3,980.2192578940252
75,P1,981.2761327382489
64,P3,981.9105178351138
17,P6,982.0542255566899
51,P7,982.7889071435729
37,P3,982.8101047896566
48,P3,982.8951085243259
40,P3,983.7818133541314
29,P6,984.328981487865
22,P6,984.9465747487266
47,P5,986.7125380498343
63,P3,986.7988016889764
30,P6,987.8007926285967
58,P7,987.8554854030562
66,P2,988.4708983029725
14,P5,988.7173275251964
26,P6,989.4221511791344
0,P7,989.8623106439727
53,P3,990.6521088151076
68,P2,990.8388705785025
72,P2,990.9136094062336
76,P3,990.9290622604608
27,P3,991.5023796076531
13,P5,991.5376491663442
16,P6,991.7847749233687
58,P7,991.829351215998
55,P5,992.0587191631083
57,P3,992.0616858218244
42,P2,992.0889033743567
22,P6,992.787843524718
38,P3,992.9823733214263
33,P6,993.3837729322145
29,P6,993.8584024170513
73,P1,994.7097935252962
60,P3,995.2493392199683
13,P5,995.3405667748112
19,P3,995.3847441592525
50,P3,995.5938488379231
15,P6,996.7591826263173
56,P3,997.6588325411666
54,P5,998.9727491950721
30,P6,999.2265203024144
28,P3,999.2410845111874
38,P3,1000.5099925295867
53,P3,1000.7644171847477
80,P2,1001.1932138472138
70,P1,1001.589355442363
42,P2,1001.6259939868718
73,P1,1001.635573145901
22,P6,1002.3369626413358
51,P7,1004.9186431193727
48,P3,1005.1503292395568
33,P6,1005.9609539043488
69,P3,1006.704030313624
47,P5,1006.8166890624537
40,P3,1007.52220883362
66,P2,1007.6890585736953
16,P6,1008.2610694896713
14,P5,1008.7640311656529
53,P3,1008.8081593769045
39,P2,1010.2439262056299
27,P3,1011.1319628035698
48,P3,1011.4071108548042
73,P1,1012.8353303542794
51,P7,1014.0376245534046
2,P3,1014.0549598222709
77,P1,1014.3703639960405
26,P6,1014.3783557289917
37,P3,1014.6790870865275
39,P2,1017.0866751185278
68,P2,1017.3720879377745
15,P6,1018.209822088534
12,P5,1018.4425146071693
47,P5,1018.5527726330432
19,P5,1019.4503771109784
0,P7,1019.9324602867187
26,P6,1020.040338285306
16,P6,1020.4829480929353
48,P3,1020.5920604500634
50,P3,1020.8557931920087
55,P5,1021.0934560021382
28,P3,1021.3521083232382
38,P3,1021.5856628532185
79,P2,1022.7775095561939
22,P6,1022.8474205161941
69,P3,1024.1263681232494
33,P6,1024.177255824497
13,P5,1024.9460294658998
51,P7,1026.7814241841188
42,P2,1027.0858921176314
27,P3,1027.901417160121
39,P2,1027.9256491845022
38,P3,1031.5442103925643
14,P5,1032.1234035903653
74,P3,1032.6899774270719
50,P3,1034.2558853444557
75,P1,1035.169956783625
47,P5,1035.6591399964914
80,P2,1036.2953529549836
8,P5,1036.3929599899277
60,P3,1036.4068759262504
76,P3,1037.1324583713672
27,P3,1037.736800234885
6,P7,1038.0147427947002
66,P2,1038.4214354487767
12,P5,1038.7046487523164
68,P3,1038.9760324153965
15,P6,1039.057406290547
28,P3,1039.7792058951559
19,P5,1040.0663258892318
56,P3,1040.1557519006378
79,P2,1041.839225629658
42,P2,1043.9585196177386
37,P5,1044.5780864613364
33,P6,1044.8486624037414
47,P5,1045.0640094219782
53,P5,1046.8177449407945
13,P5,1047.0377047459242
54,P5,1047.4588542589267
81,P1,1047.8902012400492
77,P2,1047.9088073007713
31,P5,1048.8145723728637
70,P1,1050.2573923514694
42,P2,1050.5912904347135
69,P3,1050.963665033924
12,P5,1052.5148453654238
26,P6,1052.7573243878594
37,P5,1053.4826919652392
74,P3,1054.1753378170783
75,P1,1054.546441892
63,P3,1055.0867532016089
47,P5,1055.5543829713024
35,P3,1056.6923018932139
74,P3,1057.9402859332777
12,P5,1058.175111851799
81,P1,1058.6327726881473
73,P2,1059.0279301381797
50,P3,1059.2069779759759
39,P3,1060.31119694533
27,P3,1063.9991434489598
79,P2,1064.0985383362242
80,P2,1065.5480229950547
31,P5,1065.8746415967973
77,P2,1066.2437500674766
72,P3,1067.4975333954267
68,P3,1067.578332220171
12,P5,1069.9890118656747
6,P7,1070.8624223462552
26,P6,1071.0420347478787
43,P5,1071.11928734547
52,P5,1071.454225242059
39,P3,1071.6938992992984
50,P3,1072.2235633167259
40,P3,1072.61935069998
77,P2,1075.3299658637225
62,P2,1075.629794489583
72,P3,1075.908957148181
53,P5,1077.0586054859598
82,P3,1077.3217238491795
74,P3,1078.204920731932
47,P5,1078.445512585225
27,P3,1078.915535854515
28,P3,1080.548427915916
56,P3,1080.7157248936237
47,P5,1080.9047412939224
48,P3,1081.1884379255482
69,P3,1081.4647497036099
19,P5,1081.9840642682232
68,P3,1082.7928057862619
50,P3,1084.1631773218628
27,P3,1084.3924757021705
72,P3,1084.9396626456576
19,P5,1086.250187695395
68,P3,1086.2836224832895
8,P5,1086.3691647480612
15,P6,1087.3214464384077
76,P3,1087.5977080086452
53,P5,1088.3644160670692
40,P3,1088.754382362003
62,P2,1089.1781318617504
73,P2,1089.6663181039337
6,P7,1091.7075276572102
81,P1,1091.7584623569326
26,P6,1092.3410049641882
78,P2,1092.3939475956013
40,P3,1092.754544470563
72,P3,1093.5243185782688
75,P1,1093.735587403895
39,P3,1094.4561351237508
60,P3,1096.64422558695
44,P3,1096.9911311159349
54,P5,1097.658270679945
8,P5,1097.8812433305757
42,P3,1097.9306902819926
78,P2,1098.1119075288361
77,P2,1098.405707392075
14,P6,1099.552426732735
82,P3,1099.7998855003962
66,P2,1099.9218501703483
19,P5,1100.33259647945
70,P1,1101.1739382305682
69,P3,1101.2183889871526
81,P1,1101.3686773579525
74,P3,1101.523022583998
39,P3,1101.9948636059405
56,P5,1104.0837571993338
59,P5,1104.4641705403358
77,P2,1105.122660379016
53,P5,1106.2718424223287
37,P5,1106.571728250455
35,P3,1107.0901229431952
68,P3,1107.2172874377386
76,P3,1107.4995114568835
62,P2,1107.5498010986892
8,P5,1107.8057306078795
73,P2,1109.8366171745574
19,P5,1110.2007832491076
26,P6,1110.3436648877193
80,P2,1111.3331397856118
52,P5,1113.5474416187574
14,P6,1113.6237107774518
75,P2,1113.7402374801475
43,P5,1114.1298049601946
62,P2,1114.13886868918
40,P5,1115.5239172827162
15,P6,1116.4064811621768
19,P5,1118.4860499940708
79,P3,1119.760136681574
77,P2,1119.8138801286354
8,P5,1120.6208765914428
69,P3,1120.8275677217039
56,P5,1121.1483485797198
75,P2,1122.7991805986126
50,P3,1123.323165359729
39,P3,1123.5495996291318
52,P5,1123.7212663779248
14,P6,1124.2192420687413
37,P5,1124.5739847729244
19,P5,1124.8350036347288
44,P3,1124.8438909327263
43,P5,1125.401066383525
53,P5,1125.5196857991057
15,P6,1127.7982349031086
77,P2,1127.8880070817263
27,P3,1129.933333724833
35,P3,1130.2213922714318
28,P3,1131.0806363250488
26,P6,1131.553564055431
80,P2,1131.5874111529865
12,P5,1132.2235482669619
55,P5,1132.3307226968434
79,P3,1132.7601625578143
14,P6,1133.1173262907353
81,P1,1133.2247503217343
28,P3,1133.7011205710126
8,P5,1134.8636036205833
70,P1,1134.889430899876
42,P3,1135.8053250982234
15,P6,1136.3976708586406
73,P3,1137.30991178221
83,P2,1138.3897130745436
35,P3,1138.7544694952062
12,P5,1139.3807919226178
77,P2,1139.7649210506527
82,P3,1140.3232868106052
60,P3,1140.3276325277923
43,P5,1141.2149726936993
59,P5,1141.5411375759782
39,P3,1142.1458309928018
8,P5,1143.695800217976
72,P3,1144.2232612783625
15,P6,1145.015847456323
70,P1,1145.7446219078367
60,P3,1146.1464613804446
26,P6,1146.4309594126917
83,P2,1147.3915787468673
73,P3,1147.619181442068
43,P5,1148.4516527801243
59,P5,1150.0378611244673
49,P5,1150.1577938364524
78,P2,1150.6280312169918
70,P1,1150.6681509174339
18,P7,1151.2469654715576
37,P5,1151.7381439700903
81,P1,1151.853533277547
66,P3,1152.8160864422732
39,P3,1152.9075814766354
27,P3,1153.6961736948276
8,P5,1154.606442770057
74,P3,1154.8746458910014
55,P6,1156.8322421271794
84,P3,1158.0498297419529
78,P2,1158.5048090548444
43,P5,1158.821060152246
39,P3,1159.6270591753191
26,P6,1160.0771857547447
76,P3,1160.3422480185939
75,P2,1161.3288693560603
47,P6,1161.5317910830286
59,P5,1163.2599473504229
46,P7,1166.4153651792956
55,P6,1166.4678485739923
66,P3,1166.633934990284
14,P6,1167.264669391554
35,P3,1167.9419457518363
49,P5,1168.5148049473023
54,P5,1168.517050574851
40,P5,1168.5319184304972
42,P3,1168.6720056787096
15,P6,1169.278133755688
19,P5,1169.920908050362
81,P1,1170.0229272626734
75,P2,1170.3047774335787
56,P5,1170.7778284469293
27,P3,1171.5913385733788
26,P6,1173.3512765528274
46,P7,1175.6503437672773
77,P2,1175.9425932426739
80,P2,1176.532797080461
49,P5,1177.871134114052
27,P3,1177.9504946972045
19,P5,1178.7877749332877
68,P3,1178.8292028621254
60,P3,1180.4661413204917
28,P3,1180.622521696968
50,P3,1182.1089932139316
46,P7,1182.3807000716395
75,P2,1182.392012111573
26,P6,1182.6028138820914
59,P5,1182.8698557334542
80,P2,1183.402603385869
72,P3,1186.5894141486121
79,P3,1187.4182224123695
54,P5,1187.4838672585108
77,P2,1187.786033831981
74,P3,1189.1887862994727
84,P3,1189.3884672415757
75,P2,1190.6146856883263
50,P3,1195.392708838334
15,P6,1195.771029587251
60,P3,1195.9417480934887
72,P3,1196.0506551651383
43,P5,1196.9233886932802
40,P5,1197.2652811951987
54,P5,1197.4959870490227
73,P3,1198.5254209696727
79,P3,1199.9194094174768
75,P2,1200.2162647827436
78,P2,1201.0330643214534
76,P3,1201.06688219697
55,P6,1201.0930670965568
68,P3,1202.1619090216634
14,P7,1202.204617644869
39,P3,1202.2945429957574
50,P3,1203.0799512844974
40,P5,1204.0500076905187
35,P3,1204.0788440589329
72,P3,1204.8853910899318
15,P6,1205.0717721233523
66,P3,1206.2022772250489
83,P2,1206.7989917794146
42,P3,1206.81221304885
65,P6,1207.1853208293205
54,P5,1207.2395931988628
27,P3,1207.6615901537807
46,P7,1208.0022007166692
47,P6,1208.821014672728
74,P3,1209.7171764827567
75,P2,1212.3453706142416
14,P7,1212.5780373035416
78,P2,1212.669393366758
65,P6,1214.981528530534
18,P7,1215.2319084118355
19,P6,1215.893808467465
83,P2,1216.78836560569
88,P2,1219.277597096716
60,P3,1219.5585819636422
49,P5,1221.063752026819
80,P2,1221.1789166406274
84,P3,1221.4716773526684
70,P2,1222.924678173343
87,P1,1222.9588017720946
81,P2,1223.725952641273
69,P7,1224.7393736163199
50,P3,1225.620387740307
14,P7,1226.9313423352198
54,P5,1228.0686643926706
83,P2,1228.1101135605227
79,P3,1228.2324337500304
75,P2,1228.3293072116815
12,P5,1228.7814256889098
74,P3,1229.4816908375265
78,P2,1229.909779728769
35,P3,1230.118570858988
85,P3,1230.8945604095302
87,P1,1231.3852775570106
85,P5,1232.552377043828
54,P5,1233.7633574641097
62,P2,1234.2081508880287
46,P7,1234.6075642176934
72,P3,1234.7477088982635
35,P3,1236.6745544518024
84,P3,1237.1422919405147
40,P5,1237.3036296681257
74,P3,1238.9545122764946
69,P7,1239.3057174861951
14,P7,1239.6627562528402
28,P3,1241.0074493943719
73,P3,1242.6767209711813
77,P2,1245.0915118235507
81,P2,1245.6335837967727
74,P3,1247.0488743520543
86,P2,1247.95034472025
65,P6,1248.2536360516976
83,P2,1248.8862425710531
79,P3,1250.3937572227078
78,P2,1250.4009524456956
19,P6,1251.0951045134377
91,P3,1252.0503096162588
37,P5,1253.712788744589
81,P2,1253.9186571709197
40,P5,1254.3870678939074
39,P3,1254.4740975227996
37,P6,1255.0305485080526
72,P5,1255.7778385287995
62,P2,1255.793024959116
59,P6,1255.9833794698814
54,P5,1256.73261014675
19,P6,1256.7399338660134
46,P7,1257.5094448269692
42,P3,1257.545156668134
80,P2,1258.064146859807
68,P3,1258.3543730993974
74,P3,1258.9760291425464
70,P2,1259.1218858953662
77,P2,1259.306659248068
87,P1,1260.520047437396
81,P2,1260.523694096672
90,P2,1261.76743012212
86,P2,1262.1790666762386
56,P6,1262.9487217559838
80,P2,1263.2026039093387
91,P3,1263.3973820110195
85,P5,1264.2567465069642
59,P6,1265.8801203633902
65,P6,1266.1385952275355
89,P1,1266.5058066926883
69,P7,1266.6248159873587
88,P2,1267.1227620001944
15,P6,1268.9016765846393
68,P3,1269.2051054878254
92,P2,1269.31384023386
77,P3,1270.0040937482167
79,P3,1270.171538462082
78,P2,1271.694300323783
91,P3,1272.6955215877695
75,P2,1274.5690763193504
85,P5,1275.5578682202308
69,P7,1276.25960537241
19,P6,1276.3508514833409
80,P2,1276.5301761202854
47,P6,1276.5491486107414
55,P6,1276.8709186937747
77,P3,1277.4064115214317
26,P7,1277.416122396833
89,P1,1277.6089936822964
84,P3,1277.6888553320014
39,P3,1278.4464325252654
72,P5,1278.6216740745385
86,P2,1279.5105792717904
49,P5,1280.8970139168014
56,P6,1281.606172086346
80,P2,1282.437484401131
87,P1,1282.60029733939
65,P6,1282.6710332759938
75,P2,1282.8110031031065
63,P6,1283.590328033035
40,P6,1283.9849596630474
83,P3,1283.9869649403722
68,P5,1286.421212562038
15,P6,1287.4286307361187
62,P2,1287.8000776371453
86,P2,1288.8310068803546
69,P7,1290.0638269684105
20,P7,1290.3244560203743
39,P3,1291.2842255412381
41,P6,1291.9553036111934
79,P3,1292.5668807022923
84,P3,1292.6724290631973
56,P6,1293.0898366264346
26,P7,1293.3881084307054
73,P3,1293.4365534236042
81,P2,1293.5535281773039
80,P2,1294.702112757482
86,P2,1294.8775989969881
69,P7,1295.6331864639924
59,P6,1295.7950718424756
75,P2,1295.8390728222353
41,P6,1297.8043522006717
79,P3,1297.8712642993746
89,P1,1298.1818850812845
19,P6,1299.429614496803
20,P7,1299.6967578932738
40,P6,1300.6895180174092
73,P3,1300.7007220393534
56,P6,1301.064256608173
35,P3,1301.3499276512284
81,P2,1303.717090189875
88,P2,1303.780931815037
95,P1,1303.9323517490059
19,P6,1304.714076607624
15,P6,1304.752304455515
62,P2,1306.8667939805648
34,P7,1307.9619113002552
47,P6,1308.1035587980355
84,P3,1308.2410846739867
56,P6,1309.0358210470479
63,P6,1311.9945336772814
39,P3,1312.1587715464416
91,P3,1312.8515300666772
73,P3,1313.6565341768692
75,P3,1314.7852572906302
84,P3,1315.8775706769775
40,P6,1316.0636451335604
72,P5,1316.7241085671753
88,P2,1317.8159675552724
87,P2,1318.0356687693627
77,P3,1319.089450871615
41,P6,1319.3426178636776
63,P6,1322.1149496728367
40,P6,1322.4401775660217
97,P1,1322.9731941620926
96,P3,1323.0953407103436
91,P3,1323.1633663107457
81,P2,1323.1638465985613
71,P7,1324.3714000574623
86,P2,1325.8811416552815
88,P2,1327.786762955863
37,P6,1328.3736417630785
84,P3,1328.7901800649283
39,P3,1329.24575666791
89,P1,1329.361979845242
73,P3,1329.803693707239
34,P7,1331.22795537452
40,P6,1331.6778929273673
56,P6,1332.5265246698805
73,P5,1334.1519340191635
19,P6,1334.1975690298514
78,P3,1336.9305071434403
47,P6,1336.9876237558722
68,P5,1337.3058896047992
91,P3,1338.2725301594537
41,P6,1338.6680384355075
72,P5,1338.8579804734547
63,P6,1338.9994648044408
39,P3,1340.4987748793267
37,P6,1340.5498066513564
83,P3,1340.8405406851327
63,P6,1342.1086016345885
80,P2,1343.1319387003805
98,P3,1344.7033894093483
96,P3,1344.7938556952615
75,P3,1344.9104819778222
73,P5,1345.3769626439175
72,P5,1345.7494522255502
86,P2,1346.5160698172522
37,P6,1347.0345858919536
62,P2,1347.084957229641
68,P5,1347.2322676884469
93,P1,1348.0968643754568
19,P6,1349.066156814724
87,P2,1349.1007378552556
34,P7,1349.8458584548537
92,P2,1349.8677642225193
35,P3,1349.875327416515
47,P6,1350.049491557585
94,P1,1351.0599893740591
56,P6,1351.612268515943
77,P3,1353.1846736072334
96,P3,1353.3324554048538
90,P3,1354.9915660335819
4,P7,1355.8780161680365
86,P2,1357.20722768294
88,P2,1357.5467866660224
87,P2,1357.787305392284
41,P6,1359.2423034465621
84,P3,1360.398891639858
39,P3,1361.2943517647545
20,P7,1361.5601464762583
89,P1,1362.6033048979968
83,P3,1362.8872275647075
62,P2,1363.2333995641125
96,P3,1364.4922728432527
40,P6,1365.5925673045663
93,P1,1366.4363907026727
34,P7,1367.338085324662
42,P5,1367.6930776609772
103,P1,1368.1430513937362
87,P2,1368.9382623053152
99,P1,1369.6861291787293
83,P3,1369.8919305052852
20,P7,1370.0509134015722
100,P1,1370.7099519561993
99,P1,1372.0025990264683
96,P3,1375.3133080781313
78,P3,1376.257708618972
94,P1,1376.2712828351578
92,P2,1376.2804207723716
40,P6,1376.6115059298224
79,P5,1377.1627543438992
86,P2,1377.7979256832004
35,P3,1377.9962831845671
34,P7,1378.0366327011525
83,P3,1380.837969290442
100,P1,1380.9227488455078
84,P3,1380.9730253360076
70,P3,1381.1183769153915
92,P2,1383.750836300222
73,P5,1384.8468153247786
96,P3,1385.1483543168995
94,P1,1385.8591381269935
101,P1,1386.0274930957487
88,P3,1388.837751011323
72,P5,1388.8417196829128
88,P2,1389.1623920270206
87,P2,1390.635753576892
41,P6,1390.6512507425937
105,P1,1390.9025665343156
100,P1,1390.9886837808701
84,P3,1391.8974627098196
81,P2,1392.3668718223425
96,P3,1393.3887102360877
102,P3,1393.4437257910847
86,P3,1394.0757563250256
78,P3,1394.4384815298101
97,P1,1394.7086926630975
89,P1,1395.0052534630317
35,P5,1395.9086104069002
95,P1,1396.1114542713456
93,P1,1397.3017860297482
38,P7,1397.9062971587193
37,P6,1398.2089723753793
92,P2,1398.2334909648073
83,P3,1399.8676840375826
77,P3,1399.942353641171
34,P7,1400.1825772064974
102,P3,1400.7174208332326
105,P1,1401.1825013030991
107,P3,1402.5694025484204
73,P5,1402.6015957951574
97,P1,1402.804899432552
99,P1,1403.9424392517942
106,P2,1404.0312918208876
71,P7,1404.174634952475
88,P3,1404.5210230779621
94,P1,1404.7667084361365
93,P1,1404.876102483736
101,P1,1407.1970789192378
70,P3,1408.1251012260684
38,P7,1408.4935077747743
100,P1,1408.5309843835587
41,P6,1408.867378150203
105,P1,1410.318578437959
98,P3,1411.167884059324
96,P3,1411.2100235022754
71,P7,1411.8189301073621
107,P3,1412.0349095192169
70,P3,1412.728829007653
75,P3,1413.201982594328
89,P1,1416.1079367289801
73,P5,1416.2301724722472
78,P3,1416.4428829478827
62,P3,1416.8630251877687
38,P7,1417.1783073332583
101,P1,1419.2333867398763
103,P1,1419.3362201055193
102,P3,1421.302842624192
98,P3,1421.5877654543478
92,P3,1422.284431626459
39,P3,1422.4339130618564
95,P1,1423.6384407756989
97,P1,1424.843272530097
96,P3,1425.0888848429563
94,P1,1425.4279943760123
78,P3,1426.229567210281
4,P7,1426.9380298466117
73,P5,1427.7136500489978
90,P3,1427.9162192474548
99,P2,1428.2175156071426
86,P3,1430.4327287456529
98,P3,1431.203850665047
64,P6,1431.669677209816
83,P3,1431.7130120296304
88,P3,1432.065610859245
37,P6,1432.2784633414858
99,P2,1432.4713438783701
102,P3,1432.7035763754423
97,P1,1434.0386539835135
105,P1,1434.646940529007
109,P2,1434.749508840787
94,P1,1435.3422001511287
87,P2,1437.2298784538966
100,P1,1437.2548599040633
103,P1,1437.3258421774365
71,P7,1437.3432405720373
68,P5,1437.5093390527816
42,P5,1438.3150149765174
39,P3,1438.8733112476734
57,P6,1439.3558315734276
107,P3,1439.7407916942852
4,P7,1439.8705794275409
105,P1,1440.20036768511
77,P3,1440.9094541538009
106,P2,1441.4023038903613
68,P5,1442.2788551726655
88,P3,1442.3234846402715
41,P6,1443.8985513594214
95,P1,1444.5010403880692
97,P1,1444.7192878645678
78,P3,1444.8179203894642
35,P5,1445.1286191426502
96,P3,1445.8336954454928
101,P1,1447.0957833249129
87,P2,1448.6506319276257
81,P2,1449.094631905424
100,P1,1449.9566403379724
37,P6,1449.986103983029
39,P3,1450.1644514876766
97,P1,1450.7549496746342
108,P1,1450.7911919405994
110,P1,1450.8622422527844
86,P3,1451.6431433476678
88,P3,1452.7649495860658
64,P6,1453.4033683454504
102,P3,1454.0577401729772
35,P5,1454.9829207043697
62,P3,1455.0802332120675
96,P3,1455.4643989714943
89,P2,1456.3948906552657
101,P1,1456.408651673967
44,P6,1456.4261433464292
109,P2,1456.5377723427105
68,P5,1457.3200324224722
99,P2,1457.6005278796233
95,P1,1458.1000949687705
38,P7,1459.2132958622976
74,P6,1460.6492734721671
105,P1,1461.0597812643566
107,P3,1461.1661330371105
100,P1,1461.5919032410884
64,P6,1461.7583234793328
84,P3,1461.9599063966562
92,P3,1462.6386018152475
110,P1,1462.66241169135
102,P3,1464.5257909527393
68,P5,1465.2764525774962
78,P3,1465.9528789867227
62,P3,1466.2248331160724
79,P5,1466.9087419060995
77,P3,1467.2829400104142
111,P3,1467.5339496884383
37,P6,1467.8262600210242
4,P7,1468.1780618226458
87,P2,1468.3417525957816
80,P3,1469.3269163182895
99,P2,1469.9605784568266
84,P3,1470.411111657136
97,P1,1470.6411061110007
93,P1,1472.1435671941308
64,P6,1472.6306496042027
74,P6,1472.9458240052759
88,P3,1473.198108423659
81,P2,1473.575936030219
111,P3,1474.787966923302
109,P2,1475.2967122921648
42,P6,1475.8435873044716
99,P2,1476.1510329066018
41,P6,1476.7040765480167
101,P1,1477.2449719875615
79,P5,1477.3351158414612
57,P6,1477.5868279831548
81,P2,1480.073510892113
107,P3,1481.3684065860018
88,P3,1481.5491093670155
44,P6,1481.7146143096656
89,P2,1481.846473295106
82,P6,1481.910315724663
86,P3,1482.157292648771
75,P3,1482.7230548248483
96,P3,1482.7240940293452
39,P3,1483.24804719459
78,P3,1483.4557237117037
110,P1,1484.3498752697556
68,P5,1484.3927847376358
74,P6,1484.6831185451108
99,P2,1485.0588187463004
109,P2,1485.158542927605
94,P1,1485.2537288393848
111,P3,1485.7683852568816
101,P1,1485.9473840843225
42,P6,1486.4360261180188
41,P6,1486.9663371371198
57,P6,1488.1884250218388
86,P3,1488.7292744956242
80,P3,1489.2288985788273
4,P7,1489.4354277519226
73,P6,1489.9905153589282
88,P3,1490.2217418939636
92,P3,1491.9445396077658
83,P3,1492.7003617024366
98,P3,1492.744554549796
96,P3,1492.9644599317608
75,P3,1495.1249830526722
57,P6,1496.6218028512044
35,P5,1497.7219825772372
62,P3,1497.8832954470108
4,P7,1498.575235417626
87,P2,1498.6740625481673
86,P3,1499.0345366334518
88,P3,1499.814358804686
84,P5,1499.8370578198314
73,P6,1500.2760405471845
98,P3,1500.6323894269892
114,P3,1502.4385318197303
95,P2,1504.0507137529753
96,P3,1505.2200574543783
113,P1,1505.3969502864732
68,P6,1506.6318851270937
41,P6,1507.6228117707374
78,P3,1508.5044565254827
74,P6,1509.4385429694112
4,P7,1509.456900002332
102,P3,1510.2661281013607
114,P3,1510.6871386568153
81,P2,1511.4029705816163
37,P6,1511.6766301613131
109,P3,1512.5316105745624
99,P2,1512.7775943727127
97,P1,1514.1497191914782
94,P1,1514.5931141018282
96,P3,1514.8167770949526
90,P3,1515.1333281591012
77,P5,1516.2495029032116
4,P7,1516.72880397979
44,P6,1516.918399407604
103,P1,1517.339535064176
57,P6,1517.4405999277178
84,P5,1517.5492547558395
86,P3,1517.567907244748
75,P3,1517.7489115849298
41,P6,1518.2806022483119
114,P3,1518.4028615846676
83,P3,1519.028956929007
107,P3,1519.5849740953636
112,P3,1520.35343508396
102,P3,1521.196275024488
93,P2,1521.9110718396398
75,P3,1522.0458912967451
105,P1,1523.2672114371444
111,P3,1523.6668414276687
95,P2,1523.9372144032766
82,P6,1524.2144196848003
118,P1,1524.5992992624329
78,P3,1525.3893558673003
79,P5,1527.2357709867404
73,P6,1527.3485022293762
90,P3,1528.0275349201559
41,P6,1528.02842772652
103,P1,1528.51046273641
114,P3,1528.962535979259
66,P5,1529.6163887490238
88,P3,1529.6887664259716
110,P2,1530.085065037366
107,P3,1530.1586226825402
4,P7,1530.2001581675802
92,P3,1530.2002396143725
68,P6,1530.5763151535264
105,P1,1531.9071575956402
57,P6,1533.1034726354449
108,P1,1533.5898908135193
62,P3,1534.036117558176
109,P3,1534.0747118127147
4,P7,1535.318747256637
111,P3,1535.9770029457484
94,P1,1537.5044198352139
37,P6,1537.6728990455085
79,P5,1537.860595862509
44,P6,1539.0959713955353
90,P3,1539.9789398828102
96,P5,1540.3159947317322
66,P5,1540.6377314673564
97,P1,1542.2635018681174
117,P2,1542.880386005897
81,P3,1543.4406079573234
86,P5,1543.7461308593508
99,P2,1544.7621563281257
75,P3,1544.857624116043
101,P2,1545.8880688532768
80,P3,1546.7706321262128
44,P6,1546.9679319864683
96,P5,1548.3200688167835
113,P1,1548.363451949787
118,P1,1549.1875218086343
97,P1,1549.836627386761
81,P3,1549.8670897712964
108,P1,1550.191104062544
100,P1,1550.4133282662804
64,P6,1551.0454604244437
87,P2,1551.052380283473
104,P3,1551.4955507000832
78,P5,1551.7418317901263
117,P2,1551.946866705695
110,P2,1552.838899585437
88,P3,1553.1761574276004
89,P2,1553.7434010500172
112,P3,1553.8247677686195
109,P3,1554.34888870859
95,P2,1555.0115137273856
120,P1,1555.6236593527428
113,P1,1556.3475109418291
75,P3,1556.6180191133315
101,P2,1557.2330190539801
115,P2,1557.5925763373093
24,P7,1557.6838191123877
80,P3,1558.29519301607
66,P5,1559.664133891616
93,P2,1560.5680116011372
109,P3,1560.6046417935563
110,P2,1560.9997963194958
100,P1,1561.048894667803
87,P2,1561.4818757292687
68,P6,1561.5439885237251
112,P3,1561.8345260418164
81,P3,1562.2800575501014
92,P3,1562.4746268405875
82,P6,1562.7586951486498
86,P5,1562.9847334181293
118,P1,1563.3480362951557
116,P1,1563.5429394765429
106,P3,1563.5705038138756
97,P1,1564.9573582055523
91,P5,1564.9729768014545
62,P3,1565.5093064828006
120,P1,1565.9078107048347
119,P1,1566.4078558053143
121,P2,1566.7503571379777
78,P5,1567.1515762607767
24,P7,1567.8289931509582
100,P1,1568.323535832685
4,P7,1570.1608690518212
87,P2,1570.8066616532894
114,P3,1570.9025949829906
86,P5,1571.1812647246918
68,P6,1571.488419043259
102,P5,1572.0558840624028
91,P5,1572.120449772854
66,P5,1572.1371077155052
78,P5,1572.6596030139144
109,P3,1573.0187400773036
122,P1,1573.3385889029894
94,P1,1574.016622337992
123,P1,1574.550928899541
89,P2,1574.8788566532792
84,P5,1575.7913940734425
119,P1,1576.7085487810677
62,P3,1576.7123173369448
112,P3,1578.7668643743693
81,P3,1579.7078841192629
75,P3,1580.2805002838809
77,P5,1580.5104832595496
96,P5,1581.0705588492597
64,P6,1581.107427102481
88,P3,1581.6559437474878
120,P1,1582.4203904939063
2,P7,1582.5496079923694
73,P6,1583.6257044778022
108,P1,1583.803374057412
86,P5,1583.8136793078459
124,P1,1583.863333043089
115,P2,1583.9636352203452
89,P2,1584.3237278567042
84,P5,1584.5217904521803
102,P5,1584.8121787550713
62,P3,1585.117685971046
117,P2,1586.1036877896497
121,P2,1586.7541054592787
101,P2,1586.9953564122716
100,P1,1587.501685518032
90,P3,1587.5576930317166
4,P7,1587.6946068600844
44,P6,1588.5719285627579
102,P5,1589.0638552454911
79,P6,1589.335656625578
86,P5,1589.5628088723838
77,P5,1589.7301263500783
105,P1,1590.0472091344186
104,P3,1591.1495386270406
106,P3,1591.9824839957487
122,P1,1592.8587625590458
35,P5,1592.9580291929697
94,P1,1593.7570009947162
93,P2,1593.8552416010343
97,P1,1594.3198260841973
108,P1,1594.4838085858153
115,P2,1594.5358115641639
118,P1,1594.5713313411263
117,P2,1596.1093794789865
119,P1,1597.372868824582
116,P1,1597.5757599070237
44,P6,1597.972764614907
95,P2,1598.05089094603
64,P6,1598.8363189747245
105,P1,1600.302607785549
66,P5,1600.8920317303807
109,P3,1601.600581197678
89,P2,1601.9151067560922
48,P7,1602.4971172853582
96,P5,1603.2134743668214
95,P2,1604.6962836370235
118,P1,1605.05495103618
99,P2,1605.5596075773296
75,P5,1606.1141209884797
116,P1,1607.3127447332554
121,P2,1607.9736232736404
90,P3,1608.12499961686
81,P3,1608.1550470193663
103,P1,1608.3655456704173
68,P6,1608.7129775189499
48,P7,1609.9317112763624
64,P6,1611.5861259796736
78,P5,1611.6506690647418
128,P3,1611.9682908214522
110,P2,1612.8469175948521
120,P1,1613.0321944390994
105,P1,1613.0547555998728
82,P6,1613.3741106450668
100,P1,1613.5768826429075
87,P3,1614.3909054360738
121,P2,1614.605502312266
94,P1,1616.0381432268048
92,P3,1616.3064283153583
111,P3,1616.8510098226095
119,P1,1617.8522503597123
130,P2,1617.9434243764717
44,P6,1617.9611883354128
125,P1,1619.6836571819922
4,P7,1619.856540105178
128,P3,1620.6321859700276
129,P3,1621.2769441946746
81,P3,1621.867559249135
96,P5,1622.0831712319086
91,P5,1622.2182324322812
123,P1,1622.9022615127722
75,P5,1623.138886537846
99,P3,1623.25358449154
100,P1,1623.412990520327
102,P5,1624.0352428185868
105,P1,1625.3036061467074
87,P3,1625.59212284488
68,P6,1626.8900178419933
44,P6,1627.7627567327131
84,P5,1628.296941268364
124,P2,1628.5525873900135
129,P3,1629.0672114065674
103,P1,1629.079429973444
28,P5,1629.2528335143675
99,P3,1629.4001434058766
94,P1,1629.6801219188808
64,P7,1630.2439133250357
104,P3,1630.7004633599918
110,P2,1630.8752990830926
2,P7,1631.525072915406
91,P5,1631.8182475516242
117,P2,1632.0539488470793
92,P3,1632.3027849383236
119,P2,1632.6197519309824
97,P1,1632.6250134121105
24,P7,1632.8574967773043
115,P3,1633.1581717251436
35,P5,1634.1279149984507
113,P2,1634.7003426566469
108,P1,1634.7209984244084
116,P2,1634.8183562580327
84,P5,1635.1112957387895
62,P3,1636.1149164540175
79,P6,1636.4890754188657
100,P1,1636.604859687042
120,P1,1636.9869767291038
125,P1,1637.508499469689
48,P7,1639.1387396272255
80,P3,1639.1908086414446
110,P2,1639.399731435158
64,P7,1639.462235101602
121,P2,1639.9962380199267
113,P2,1640.938503257258
97,P2,1640.986190145083
130,P2,1642.0764720701509
77,P6,1642.113965109979
124,P2,1642.403923858281
2,P7,1643.778862787833
95,P2,1644.0490037974878
75,P5,1644.135596310476
99,P3,1644.4449637237665
111,P5,1644.7565814607601
89,P3,1645.021157972256
68,P6,1645.0909461290976
124,P2,1645.9412310460455
108,P1,1646.2597536291482
118,P1,1646.6067346306577
78,P5,1646.9328480381628
23,P5,1647.1182966861227
80,P3,1647.5972353796801
101,P2,1647.6385950270876
62,P3,1648.2691684306058
103,P1,1649.0265670635476
123,P2,1649.3538387143674
119,P2,1649.3665764501243
129,P3,1649.5827714822492
91,P5,1650.0242322401466
24,P7,1650.8909489152784
27,P7,1651.5863567479446
115,P3,1651.9810858982357
110,P2,1652.6639461663449
121,P3,1653.1726584731289
118,P2,1653.460910461298
103,P1,1653.8825051704844
75,P5,1654.7230472237084
95,P2,1655.0954555104215
62,P3,1656.2946165443987
132,P2,1656.673799245897
116,P2,1656.7104566016894
125,P1,1657.011634711232
23,P5,1657.7690029779772
123,P2,1658.1271311880503
2,P7,1659.4446819540642
129,P3,1660.148638414265
78,P5,1660.1558820490536
119,P2,1660.383336402214
81,P3,1660.4972222318097
128,P3,1660.539016864533
87,P3,1660.5751338730665
104,P3,1660.6110073940808
116,P2,1660.7268764126227
111,P5,1661.189623504171
109,P3,1661.1961512823184
122,P1,1661.349367006464
88,P3,1661.403370402794
84,P5,1661.4897869687143
28,P5,1661.7780172831494
112,P5,1662.12897377069
82,P7,1662.307265904675
110,P2,1662.9415540541631
126,P1,1663.5382697545233
75,P5,1663.7867763024612
86,P5,1667.1429316617744
87,P3,1667.1489315317795
93,P3,1667.2079052078816
130,P2,1667.502823491513
80,P3,1668.8377840670441
35,P5,1669.412322828555
124,P2,1669.4565404261214
100,P1,1670.1545472260798
126,P1,1671.2805977022572
97,P2,1671.5530783921806
99,P3,1671.817823458263
2,P7,1671.8421803506926
121,P3,1672.081806840214
27,P7,1672.9125369732346
81,P3,1672.93693413373
115,P3,1673.1421310152527
94,P2,1673.642557311632
109,P3,1674.0708958308126
111,P5,1674.137471209947
106,P5,1674.8079246312238
120,P1,1674.8593740213119
101,P2,1674.9013758592005
78,P5,1675.0418857061675
35,P5,1675.6675336372057
127,P2,1676.3309580529233
24,P7,1676.4513325824894
62,P3,1676.4845039436238
133,P2,1676.584827395984
87,P3,1677.1716747673784
132,P2,1677.9587222125124
113,P3,1678.2047450622579
80,P3,1678.413133680024
103,P1,1678.5157280269143
128,P3,1678.6260779924505
129,P3,1678.850635686276
81,P3,1678.9210167865072
48,P7,1679.052786577772
2,P7,1679.6024770991512
119,P2,1680.2634485205085
121,P3,1680.7968539550782
35,P6,1681.153934028348
111,P5,1681.24966072675
4,P7,1681.7305004563048
94,P2,1683.546664733598
118,P2,1683.6643379678858
116,P2,1683.857902835232
89,P3,1684.6783350453404
95,P2,1684.879769767014
84,P5,1685.6034615583822
108,P1,1685.6485651891944
105,P2,1685.9678190147386
129,P3,1686.399702105546
134,P1,1686.9454849994015
80,P3,1687.1417245702185
103,P1,1687.292849079088
93,P3,1687.8411968930207
77,P6,1688.3275935838035
64,P7,1688.3939186023338
97,P2,1689.5672986000209
127,P2,1690.3110984733135
88,P3,1690.601002865181
28,P5,1691.8300994624374
122,P2,1691.970840107757
92,P3,1692.2416219548656
114,P3,1692.5157782811536
135,P1,1692.6101367413144
68,P6,1692.6326557733532
132,P3,1692.7289084354106
111,P5,1693.5438994960139
62,P3,1693.6471902567175
109,P3,1694.0901221065694
113,P3,1694.7855023801571
130,P2,1694.8886123895222
101,P2,1694.9571735588997
118,P2,1695.3068612808602
75,P5,1695.8844151137152
94,P2,1695.9380181275642
97,P2,1696.7350334531138
28,P5,1697.1946490073192
95,P2,1697.535015544601
64,P7,1698.0540033372204
23,P5,1698.3301964744178
78,P5,1698.4904052959237
119,P2,1698.9438538254983
24,P7,1699.187265764966
4,P7,1699.5623807152515
121,P3,1700.0651073080573
27,P7,1700.3236741386654
88,P3,1700.4103960217726
87,P3,1701.6983231341417
77,P6,1701.7035673017554
94,P2,1701.941786432263
110,P3,1702.098609205273
100,P1,1702.16237977541
117,P3,1702.8655564175847
113,P3,1702.9367141180182
112,P5,1703.1720848302298
120,P1,1704.6497434786882
92,P3,1704.9327283452092
95,P3,1705.2239115889774
62,P3,1705.6881610097714
126,P1,1705.6952838323593
132,P3,1705.934972496121
127,P2,1706.1965829454389
89,P3,1706.383101312929
115,P3,1706.4878582856659
123,P3,1707.26811258368
137,P2,1707.7683331712556
134,P1,1708.0064926184857
130,P2,1709.1622448453747
101,P2,1709.2302893145413
122,P2,1709.3348356458232
138,P3,1709.5028669717806
77,P6,1709.9952035396675
27,P7,1710.8168325035772
103,P1,1710.986568000682
128,P3,1711.3019698360906
114,P3,1711.323202711667
124,P3,1711.477524684486
81,P3,1711.834723010196
126,P2,1711.8804984191606
99,P3,1713.5275475229012
130,P2,1713.5594015388272
104,P3,1714.369563868331
75,P5,1715.496608531612
93,P3,1715.5347978301022
84,P5,1715.8945958729164
101,P3,1718.3274596276701
114,P3,1718.659775780944
140,P1,1718.9081147364902
100,P1,1718.9999090496383
119,P2,1720.0663084540256
111,P5,1720.1748062803138
115,P3,1721.2643652819136
136,P1,1721.492154004099
106,P5,1721.8674110100496
120,P1,1723.4548229777267
116,P2,1724.2084574304233
113,P3,1724.9350350227633
105,P2,1725.3105696683117
125,P1,1725.7910505436187
140,P1,1726.0850981611331
64,P7,1726.2793146237748
89,P3,1727.5161544707203
141,P3,1727.5997343790152
100,P1,1727.6489228389546
106,P5,1728.3429450087256
139,P3,1728.6204501572406
101,P3,1728.6771670349044
28,P5,1729.1534212422257
97,P2,1729.3851815091873
129,P3,1729.76015461336
118,P2,1729.9587855377583
121,P3,1730.1456782409864
103,P1,1730.342534246252
122,P2,1730.569132148583
127,P2,1730.6071878330638
142,P1,1730.7890501748898
78,P5,1730.7975505342404
112,P5,1731.2245289640796
81,P3,1731.8339336287129
111,P5,1732.1833708928698
2,P7,1732.5942286574914
92,P3,1733.04866805561
50,P5,1733.3103446444356
94,P2,1733.3680794935137
70,P6,1733.4554651363344
23,P5,1733.6818959405573
75,P5,1734.0168222981997
108,P2,1734.2966587110539
117,P3,1734.6891899850518
120,P1,1734.9105703736352
101,P3,1735.310147598577
96,P6,1735.6625571271384
133,P2,1736.494159811582
121,P3,1737.950816776171
84,P6,1738.549432130264
97,P2,1738.8643771288364
130,P2,1739.3151379947858
142,P1,1740.2516152176954
125,P1,1740.2659667198309
28,P5,1740.5649921926529
141,P3,1740.7057285379578
113,P3,1740.7989277807574
24,P7,1741.6617274816658
138,P3,1742.4743182111913
92,P3,1743.0317456829898
110,P3,1743.3139142568536
126,P2,1743.337842485888
135,P1,1744.6818526669397
122,P2,1745.1278773827191
139,P3,1745.3503732029878
82,P7,1745.3689972552315
84,P6,1745.4440706542912
105,P2,1745.573067602176
134,P2,1745.7029768219973
96,P6,1746.2742832895342
140,P1,1747.359355041281
70,P6,1747.5010066557606
101,P3,1747.5192114035804
100,P1,1747.8804687063318
99,P5,1747.9054649102275
132,P5,1748.5488021675058
138,P3,1748.6399706827708
95,P3,1748.880595054215
133,P3,1748.9994179435353
2,P7,1750.2670825462262
97,P2,1750.4407586686282
129,P3,1750.4905131625137
141,P3,1751.272112843286
136,P1,1751.3076003289607
117,P3,1751.8033441802947
118,P2,1751.8083979631792
128,P3,1752.516624998337
125,P2,1753.1207865354331
109,P3,1753.6184245643728
140,P1,1753.973747441556
89,P3,1754.1377303353675
23,P5,1754.4656187564128
132,P5,1755.476142448824
75,P5,1756.888668363997
130,P2,1757.1966813709407
133,P3,1757.2856892056634
137,P2,1757.4320246971795
99,P5,1757.546966936706
123,P3,1757.6435444544409
141,P3,1757.7219425372245
100,P1,1758.1785947623093
95,P3,1758.315854003889
24,P7,1758.3275035119636
121,P3,1758.382150322678
2,P7,1759.4180119230564
129,P3,1759.7963393100124
92,P3,1760.5211128335218
138,P3,1761.2654766331539
112,P5,1761.7381855313051
80,P5,1761.7784990159819
110,P3,1762.0615039898705
113,P3,1762.1968281064942
105,P2,1762.359844900138
145,P1,1762.542470277586
126,P2,1762.585834424134
142,P1,1762.8480958440575
94,P2,1762.916415747652
119,P3,1763.1133769876824
64,P7,1763.1742683088958
89,P3,1765.0892739983228
84,P6,1765.5215451634022
137,P2,1765.542202222469
132,P5,1765.727395016844
101,P3,1767.1602384828266
96,P6,1767.2277424661697
131,P2,1768.9070580011248
127,P2,1769.1398745490199
144,P3,1769.5759775474774
93,P3,1770.2086499954655
146,P1,1770.3654510951842
138,P3,1770.6853900949395
76,P5,1771.0318693354568
24,P7,1772.2421145457447
50,P5,1772.3264784493167
145,P1,1772.704295465379
70,P6,1772.7053854011067
139,P3,1774.3179907957388
110,P3,1774.8299431159126
133,P3,1774.9145950818324
120,P1,1774.9824472209195
126,P2,1775.0222609643506
137,P2,1775.5344617807905
117,P3,1775.6190927634218
78,P5,1775.7073944835447
64,P7,1776.1683787338775
103,P2,1776.9669505006539
93,P3,1777.3693229034286
89,P3,1778.017842360225
84,P6,1778.0426572658496
122,P3,1778.682941870376
127,P2,1779.316437387935
121,P3,1779.5001640926498
2,P7,1779.7815358100247
78,P5,1779.8747339908869
108,P2,1781.3898515778894
106,P5,1781.5161807275904
149,P1,1782.738769239939
139,P3,1782.9244513851563
94,P2,1782.9244763355455
131,P2,1783.0078237909881
137,P2,1783.0519403987144
135,P1,1783.172870461353
87,P3,1783.489541826805
133,P3,1783.662606446942
95,P3,1784.668793284508
113,P3,1785.0858911649857
147,P1,1785.3065683740538
80,P5,1785.9661053093412
132,P5,1786.184659602202
125,P2,1786.2639609436023
130,P2,1786.3651469719384
105,P3,1786.4034779233534
96,P6,1786.7115924240927
146,P1,1786.8908049669185
24,P7,1787.76076279604
117,P3,1788.0808121902555
122,P3,1788.3597690951117
127,P2,1788.5222018191762
124,P3,1788.6708889426056
116,P2,1788.9307777988258
136,P1,1789.2011063592533
142,P1,1789.4177445169294
134,P2,1790.1568009816262
125,P2,1792.4031760744679
98,P7,1792.6996786909003
97,P2,1793.3568979768618
147,P1,1793.400783783966
148,P1,1793.4536169007679
109,P3,1793.5136619314148
106,P6,1793.5514947895267
103,P2,1793.584652803077
132,P5,1794.7260321205724
123,P3,1795.0600297994288
118,P2,1795.2363121541607
92,P3,1795.3979697569155
87,P3,1795.6502045297968
108,P2,1795.6614656814131
50,P5,1795.93197719742
84,P6,1796.051475700806
95,P3,1797.119990403846
134,P2,1797.2512381593815
149,P1,1797.3026468017642
137,P2,1797.7136064348401
141,P3,1798.501617195136
131,P3,1799.4885325843222
35,P6,1799.5885796773944
129,P3,1799.6645965937485
64,P7,1800.266628031352
125,P2,1800.8581418142273
112,P6,1801.447185813407
121,P3,1801.5701518863966
148,P1,1801.7653152550263
87,P3,1801.9263151463274
97,P2,1802.084430223031
2,P7,1802.510593485535
78,P5,1802.6294884327197
119,P3,1803.2592909339937
24,P7,1803.6144092674022
133,P3,1804.43367388518
108,P2,1804.4880563117508
100,P2,1804.5953882462939
89,P3,1804.9490745167377
150,P1,1805.3440381021358
75,P6,1805.559604743234
50,P5,1806.2286803564243
127,P2,1806.3965974176028
117,P3,1806.8395873210306
123,P3,1807.1819387624141
122,P3,1807.381102442623
76,P5,1808.0379045394043
118,P3,1808.044737841595
131,P3,1808.3580429269614
146,P1,1809.0847635522994
24,P7,1809.152383339311
138,P3,1809.204620119383
78,P5,1809.2401792930737
35,P6,1809.424078030558
121,P3,1809.5353580082683
112,P6,1809.7236441637826
70,P6,1811.1810224121016
143,P1,1811.3679866115867
128,P3,1811.6863932518186
118,P3,1812.7343927040647
98,P7,1812.816759413108
135,P1,1813.091150506046
113,P3,1813.4329425549402
123,P3,1814.6971084128388
119,P3,1814.7773255204181
126,P2,1814.829068010056
97,P3,1814.864716176818
149,P1,1816.0121582585386
152,P1,1816.1496210789146
150,P1,1816.881013495506
130,P2,1817.1923909569286
84,P6,1817.2666951317667
133,P3,1817.3919825400217
23,P5,1817.5696109659252
75,P6,1817.7704806992654
128,P3,1818.610789732535
28,P5,1819.2782968147449
24,P7,1819.44717916944
121,P3,1820.5244802939726
2,P7,1820.611290547435
140,P1,1820.9180772042528
136,P1,1821.1683854604214
92,P3,1822.3910760959593
138,P3,1823.1023948239454
110,P3,1823.605441121139
100,P2,1824.031381917506
147,P1,1824.245847699862
97,P3,1824.4378516052532
145,P1,1824.4996005241844
120,P1,1824.7916387942532
118,P3,1825.1834444860192
96,P6,1825.895608530341
117,P3,1826.1385194079846
87,P3,1826.3666454296247
144,P3,1826.5994569309055
140,P1,1826.6988593262238
24,P7,1828.009258229223
122,P3,1828.3336031682475
101,P3,1828.9733810688995
64,P7,1829.3398194097383
127,P2,1829.7014130331102
28,P5,1829.734619685771
92,P3,1830.3622632164795
75,P6,1830.6602239556755
119,P5,1831.2733550543776
136,P2,1832.1225925572205
94,P3,1832.4144703133156
135,P1,1834.3842438984223
142,P2,1834.466780761738
118,P3,1834.5271388181702
100,P2,1835.9582910663873
96,P6,1835.9963313416845
139,P3,1836.831704408021
134,P3,1836.881906720682
99,P5,1836.9959685308106
130,P2,1837.1777499317038
90,P5,1837.694815172499
64,P7,1837.7507727690784
145,P1,1837.9650136742825
81,P3,1838.5925156231528
28,P5,1838.680661417113
76,P5,1838.8729162635684
131,P3,1839.2948530564156
84,P6,1839.5500504346935
133,P3,1839.6447788262428
95,P3,1840.1923348957102
143,P1,1840.2151533322888
110,P3,1841.3337773130188
106,P6,1841.835210170593
105,P3,1841.891180652954
127,P2,1842.087686696761
117,P3,1842.4023780674675
107,P5,1842.7362636834894
145,P1,1842.805683891315
75,P6,1842.8309931478534
125,P2,1842.925178149828
144,P3,1844.2182605205153
89,P3,1844.4503016933925
97,P3,1844.4555015840667
134,P3,1844.5385801664906
121,P3,1844.6900064421998
139,P3,1845.2438123588179
135,P1,1845.5241045146226
76,P5,1845.9004829660164
150,P1,1847.169208130117
90,P5,1847.9090999671107
103,P2,1849.0183631245745
153,P1,1849.7321741106587
64,P7,1850.0591708216052
101,P3,1850.3941994569998
126,P2,1850.7698400019513
135,P1,1851.0090584529898
127,P2,1851.2529126071238
35,P6,1852.1958118618074
155,P1,1852.5480569365557
80,P5,1852.717511306944
50,P5,1853.2666878525697
70,P6,1853.960514479488
105,P3,1854.5236583133074
112,P6,1854.6258751080086
107,P5,1855.2259147894974
89,P3,1855.4851661831021
92,P3,1855.6486091915037
98,P7,1856.271820350089
90,P5,1856.621228862065
96,P6,1857.5086079988562
64,P7,1858.2789647536797
94,P3,1858.9432429264616
116,P2,1859.7064721609242
28,P5,1859.8736464777585
107,P5,1859.8739632719771
150,P1,1859.9965396293107
148,P1,1860.5102245667158
110,P3,1861.5976216552804
108,P3,1863.3273382549457
125,P2,1863.5041031660899
50,P5,1863.5995817324006
78,P5,1863.7856910035862
136,P2,1864.487706663123
135,P1,1864.9315438920514
103,P2,1865.2721005081405
118,P3,1865.4852608636443
139,P3,1865.7694298948848
123,P3,1865.8898988445567
106,P6,1866.0386319986144
156,P3,1866.7525777615385
155,P1,1866.786406181153
89,P3,1866.9037900811195
126,P3,1867.0432260406913
157,P1,1867.3044473230514
134,P3,1867.3251905880427
130,P2,1867.7600899313236
90,P5,1868.3585179363047
87,P3,1868.5001848125212
120,P2,1868.8105063583805
127,P2,1869.0112152533425
24,P7,1869.1054949777104
78,P6,1869.7110510869738
107,P5,1870.0336912848202
138,P3,1870.5148019003834
108,P3,1870.6015173424178
152,P1,1870.690774594498
76,P5,1870.83635575945
84,P6,1871.056859228782
112,P6,1871.0732685116986
117,P3,1871.5063556624686
136,P2,1871.9432177795443
75,P6,1872.1095636767586
118,P3,1873.4668963844608
70,P6,1873.5596601454517
121,P3,1873.7549996855241
105,P3,1874.0689890197307
142,P2,1874.3127451933312
106,P6,1874.4676878939433
149,P1,1874.9499708959793
130,P2,1875.5054584128916
84,P6,1876.2931151104788
153,P1,1877.4451191985809
151,P1,1877.8547732506806
90,P5,1878.9283424814603
81,P3,1879.2329072480347
101,P3,1879.6374378032351
148,P2,1879.7559984532693
122,P5,1879.949429548942
157,P1,1880.6721906364078
121,P3,1880.736161741544
107,P5,1880.8042589703723
126,P3,1881.3297887578992
99,P5,1881.9574346781437
138,P5,1882.1041449161803
28,P5,1882.2845592696387
87,P3,1882.67782691949
130,P2,1883.2877895075642
35,P6,1885.5103531203545
120,P2,1885.6533082606409
152,P1,1885.774292262008
103,P2,1886.4837783519579
50,P5,1886.8347559980275
118,P3,1887.03072251413
146,P2,1887.1512931861146
143,P2,1888.4289592483476
90,P5,1889.0749518963366
159,P1,1889.2262802296145
138,P5,1889.6247290498065
149,P1,1890.7172705749258
127,P2,1890.8139217053363
78,P6,1890.81692560254
126,P3,1891.2966182053103
131,P3,1891.4221099382805
122,P5,1891.983524956098
136,P2,1892.508521205202
155,P1,1892.601076951389
89,P3,1892.7449340840765
146,P2,1893.3158984606998
118,P3,1894.3723197186794
108,P3,1894.698816195861
125,P2,1894.7411404360123
75,P6,1895.3513625273793
133,P3,1895.7083414108213
87,P3,1895.790287056245
120,P2,1896.1742884473508
130,P2,1896.1881042136306
112,P6,1896.2887405082229
121,P3,1897.1175326744071
150,P1,1897.31831173952
127,P2,1897.5274927295682
157,P1,1897.7135948886614
76,P5,1899.308712056818
96,P6,1899.397681313758
28,P5,1899.6313117742252
24,P7,1899.6653879627745
142,P2,1899.9228215861135
146,P2,1900.2286153834727
138,P5,1900.4264342752965
50,P5,1901.1887166936137
136,P2,1901.4285525917048
90,P5,1901.4987822560156
70,P6,1901.7275907954177
112,P6,1902.6223374611818
75,P6,1903.52630681036
134,P3,1904.618701294224
103,P2,1904.7748661947583
90,P5,1906.1903186818665
23,P5,1906.3323862410825
149,P2,1907.4499080737637
153,P1,1907.713280459838
156,P3,1907.8518184161437
101,P3,1908.6463046629688
78,P6,1909.082980295082
119,P5,1909.3668158129838
127,P2,1910.054958403472
84,P6,1910.1630022520326
116,P2,1911.3473365924488
135,P2,1911.8281096343926
101,P3,1912.2035753967934
98,P7,1912.2541218306733
80,P5,1912.434259999961
147,P2,1912.5413595799578
121,P3,1913.0134534859112
28,P5,1913.6459774847472
142,P2,1913.7817064316757
118,P3,1914.102976481463
95,P3,1914.607138238322
103,P2,1914.654242179903
160,P3,1914.7156936283127
70,P6,1914.8924898717455
75,P6,1914.9018989540155
122,P5,1915.2038712726926
131,P5,1915.9966905551782
39,P6,1916.159254337325
146,P2,1916.6211573878754
87,P3,1916.7698239380545
123,P3,1917.3839391494275
149,P2,1917.4284350390783
129,P5,1917.7595781641362
50,P5,1917.886021069676
130,P2,1917.953401539589
107,P5,1918.1450166760633
139,P3,1918.3062595169768
155,P1,1919.3309788337526
145,P2,1920.157004836333
151,P1,1920.5061076734964
158,P1,1920.6635579720985
140,P2,1920.746120597494
103,P2,1921.0557111887777
89,P5,1921.0703238002754
78,P6,1921.6563515489074
163,P3,1921.8777934397283
159,P1,1922.057260411069
28,P5,1923.1708486502605
60,P7,1923.1949525445468
110,P3,1923.3273269053805
147,P2,1924.05694741728
80,P5,1925.0503223046328
146,P2,1925.483547903094
154,P1,1926.037568168418
134,P3,1926.1821536598932
160,P3,1927.405152107497
123,P3,1928.0413536994515
90,P5,1928.2252352157434
133,P3,1928.3093726689108
84,P6,1928.770814481186
140,P3,1929.0476413355811
120,P2,1929.5164159956537
143,P3,1929.5957160742719
70,P6,1929.606634033369
116,P2,1929.8245256185298
148,P2,1929.9367359123055
89,P5,1930.5354532835272
60,P7,1930.8003785076228
98,P7,1932.7785195562408
161,P2,1933.0202408685511
75,P6,1933.0920857833082
80,P5,1934.0876040618355
103,P2,1934.614210401233
122,P5,1935.0345499244106
130,P2,1935.0447042483788
151,P2,1935.265628774638
162,P1,1935.4734515332516
94,P5,1936.5216237839063
143,P3,1937.5453076610825
101,P3,1937.895311135123
117,P5,1937.9327838114168
124,P5,1938.4244455941562
108,P3,1938.428388034599
126,P3,1938.4988847339278
131,P5,1938.5747352522158
159,P1,1938.5757328131076
135,P2,1940.3939080631012
147,P2,1942.2470180212124
75,P6,1942.5766195445801
107,P5,1942.921987726074
116,P2,1943.4640480190342
100,P2,1943.7157071003185
99,P6,1943.7364794622986
152,P2,1943.8179102018228
125,P2,1944.2695993434413
127,P3,1946.0497185260472
78,P6,1946.5774326339945
154,P2,1947.0347323383983
139,P5,1947.1573411058723
142,P2,1947.539953484302
117,P5,1948.5618360886606
50,P5,1949.1650824901435
123,P3,1949.9175333706944
135,P2,1950.2085471482515
155,P1,1950.4466431915018
101,P5,1951.0203781653988
90,P5,1951.0260568876795
138,P5,1951.346393696223
124,P5,1951.3497282285512
28,P5,1951.5072443983042
162,P1,1952.5714419868068
92,P5,1953.1575975961193
156,P5,1953.7540130270474
125,P2,1953.8987586383325
136,P2,1954.3791711848783
35,P6,1954.7967016716086
127,P3,1954.8822400057359
76,P5,1956.0339769524692
158,P1,1956.0778411482067
157,P1,1956.4632688242448
135,P2,1957.181891199925
87,P3,1957.8956788173286
149,P2,1958.060612390837
105,P3,1958.17110508867
162,P1,1959.1276337763334
90,P5,1959.1573120686126
120,P2,1959.556769365245
138,P5,1960.0397032663477
159,P2,1961.4086168425085
164,P1,1961.5230393764493
60,P7,1961.9748973849553
143,P3,1962.3062473431241
161,P2,1962.4959116149914
127,P3,1962.7910782707754
101,P5,1963.2424469500183
92,P5,1964.0493560449418
98,P7,1964.205187225258
90,P5,1964.626500954989
156,P5,1965.245815067667
136,P2,1965.7093127037115
126,P3,1966.0323828284768
23,P5,1966.517125353264
165,P2,1967.2598134491634
131,P5,1967.4893863046857
103,P2,1968.66800199784
155,P2,1969.335265833901
117,P5,1969.4726920791395
160,P3,1970.4480696895882
157,P1,1970.6434428177404
135,P2,1970.7363551844633
138,P5,1970.758207644802
153,P1,1971.286472260744
147,P2,1971.5151928857376
87,P3,1971.6734162306932
166,P1,1972.2113564475897
150,P2,1973.1453706531925
151,P2,1973.9742959122002
167,P2,1974.00682867751
156,P5,1974.3333501766215
101,P5,1974.531259896139
146,P2,1974.9390634197287
123,P3,1975.2671428498907
99,P6,1975.9895479548322
90,P5,1976.4591464282298
39,P6,1976.5783637559796
120,P3,1977.8620499148467
154,P2,1978.4123351453698
135,P2,1979.0213055825766
152,P2,1979.0829584081405
142,P2,1979.5711450153565
118,P5,1979.5732705559642
76,P5,1979.7707914337311
143,P3,1980.4047347003238
139,P5,1980.8305664286302
60,P7,1980.9114108724107
148,P2,1981.0612095904307
155,P2,1981.4297572373227
127,P3,1981.784576564731
109,P5,1981.8595323165416
92,P5,1982.2524730474422
167,P2,1982.7771856404129
116,P2,1983.6770001594973
147,P2,1984.9165104274705
149,P2,1985.1199503677205
129,P6,1985.3063217170927
157,P1,1985.4816066993894
146,P3,1985.7629449724338
23,P5,1987.193302053032
126,P3,1987.2921014795734
154,P2,1987.5503043950541
153,P1,1988.5605838505335
83,P7,1989.6630278053485
143,P3,1989.807258719019
109,P5,1990.089905709439
168,P1,1990.2928624315045
172,P3,1990.4958652972243
171,P1,1990.7812856527999
139,P5,1990.8918797033064
169,P1,1990.9180331122484
170,P1,1991.2805428056174
148,P2,1991.6298960024494
80,P5,1992.0843069496727
98,P7,1992.1213493084244
92,P5,1992.215435581709
164,P1,1992.467010697363
126,P3,1992.5976968856269
136,P2,1992.6555885360062
160,P3,1992.7949580170045
147,P2,1993.4473592324637
156,P5,1993.7907006419703
123,P3,1993.9511962213257
138,P5,1994.6681439774627
150,P2,1996.0031323919227
83,P7,1996.1280155552631
173,P1,1996.5031684034711
125,P2,1996.7960995566348
130,P2,1997.5469570085445
87,P3,1997.5874387955198
151,P2,1997.873184541796
98,P7,1999.9250045327353
78,P6,2000.469408795173
135,P2,2000.4831650711
160,P3,2000.7908089945165
118,P5,2001.1649479353953
148,P2,2001.4568328355335
170,P1,2002.6099186956617
129,P6,2002.664473173294
171,P1,2002.8199183892962
155,P2,2002.9455985862974
127,P3,2002.9678559564984
123,P3,2003.1595547840684
60,P7,2003.1714224989253
110,P5,2004.348117814411
159,P2,2004.588379068481
116,P3,2005.3460371501433
146,P3,2005.9340710984914
103,P2,2006.1524966284965
156,P5,2006.470763502627
145,P2,2008.1080129800928
83,P7,2008.1434066248603
89,P5,2008.656569585422
157,P1,2009.238002082734
139,P5,2009.721157373762
138,P5,2009.8243544222657
100,P3,2010.0155704891297
109,P5,2012.0856241458575
149,P3,2012.2729882391661
101,P5,2014.0923673863845
160,P3,2014.0988081213854
164,P1,2014.2289179332233
80,P6,2014.2393615552378
173,P1,2014.692580152221
175,P1,2015.767809530817
75,P6,2017.142878905222
126,P3,2017.5355809061657
151,P2,2017.700912985228
131,P5,2018.2151644872952
118,P5,2018.2237472293882
152,P3,2018.4128928646498
135,P2,2018.422982062374
156,P5,2018.5280747970703
158,P2,2018.9625507617202
142,P3,2019.385118365634
103,P3,2019.8371293202886
177,P3,2020.0510101530763
143,P3,2020.4419920657326
76,P5,2020.6164141136117
138,P5,2020.7073685467294
171,P1,2021.162063383833
168,P1,2021.4439643945313
148,P2,2021.6964900379307
60,P7,2021.7441617457819
107,P5,2022.470019061912
130,P3,2022.5877417458516
94,P6,2022.6934278933265
110,P5,2022.8296922218758
124,P5,2023.20053089846
161,P3,2024.0683815877971
101,P5,2024.1321230789079
159,P2,2024.5084336275463
117,P5,2024.580533238446
165,P3,2024.9184283952661
169,P1,2025.129822422709
75,P6,2025.1625149867295
76,P5,2025.3877371950914
23,P5,2025.620330029903
160,P3,2025.7152990159761
87,P3,2025.9980096346176
140,P3,2026.1155398452895
150,P2,2027.2646301842253
175,P1,2028.2656812151652
179,P1,2029.118270153578
142,P3,2029.194110113033
151,P2,2029.3757756131104
139,P5,2029.6737811315397
159,P3,2030.9825640189556
120,P3,2031.3414105103118
83,P7,2031.452492868045
103,P3,2031.557069809395
94,P6,2031.6169469514323
171,P1,2032.1112006824128
107,P6,2032.1904985459544
162,P1,2032.799874796649
110,P5,2032.9035693248034
124,P5,2033.8263217746626
99,P6,2033.9614575702235
173,P1,2034.2330206659487
50,P5,2034.2475051787203
92,P5,2034.5856109510396
131,P5,2034.5874776910043
153,P1,2036.4366547362083
117,P5,2036.9346033034042
167,P2,2037.326907309171
78,P6,2037.8213350889523
179,P1,2037.9320660319397
83,P7,2038.1690893304897
165,P3,2038.7261388502202
126,P3,2039.8366236668683
142,P3,2040.227687096286
154,P3,2040.5327801431504
171,P1,2041.205616628848
94,P6,2041.4762284749556
166,P1,2041.6269307033022
148,P2,2042.02950287627
120,P3,2042.4317312224325
178,P1,2043.207763048527
99,P6,2043.6799455994308
130,P3,2043.9731549617838
100,P3,2044.7306597669437
75,P6,2045.30282007121
105,P5,2045.7760522262126
129,P6,2045.7977967252682
117,P5,2046.1011645050316
139,P5,2046.6661537570506
175,P1,2047.0101894823542
157,P1,2047.3748342056265
177,P3,2048.5335559011555
134,P7,2048.736997478992
163,P5,2048.738886004834
171,P1,2048.9417457362442
172,P3,2049.237498595872
179,P1,2049.421126585299
92,P5,2049.994978956118
180,P2,2050.1925600936574
178,P1,2050.843702534659
94,P6,2050.9066294658214
149,P3,2051.577070957266
120,P3,2052.151445461026
136,P3,2052.286864843995
129,P6,2052.3624703032783
152,P3,2052.5297040360647
118,P5,2052.540774646409
101,P5,2052.5622662655496
164,P1,2054.207356021364
80,P6,2054.4702575667843
130,P3,2054.5957408931035
127,P3,2054.9020315694383
142,P3,2055.030542425305
146,P3,2055.030666653012
175,P1,2056.1147696487888
170,P1,2056.2238770579934
145,P2,2056.7092194033585
88,P7,2058.6826604515422
163,P5,2058.9829635282586
120,P3,2059.8541732891968
147,P3,2060.714253288395
146,P3,2061.340102859644
176,P1,2061.788522474384
155,P2,2061.8849807690735
165,P3,2062.387040213252
75,P6,2062.5110447116353
92,P5,2062.9201963731853
98,P7,2063.3321454366906
94,P6,2063.656048767226
160,P3,2063.87047636932
148,P2,2064.763781933542
39,P6,2065.424200335672
127,P3,2065.99978139893
103,P3,2066.0752104357925
178,P1,2066.2086935690218
131,P5,2066.2753017595123
123,P3,2066.3468563698175
23,P5,2066.8849740965243
139,P5,2067.310678672173
134,P7,2067.993189554976
140,P3,2068.216521946159
178,P1,2068.7699529110923
148,P2,2069.1843002348264
155,P2,2069.348653933461
142,P3,2069.3575815234663
105,P5,2069.422090022498
88,P7,2069.431313920576
92,P5,2069.5534639434018
98,P7,2070.1072420414885
158,P3,2070.8796769096057
152,P3,2070.9314124079683
101,P5,2070.9347204834203
153,P1,2071.183231934607
146,P3,2071.8985623490466
130,P3,2073.10980503384
180,P2,2073.7737692251944
166,P1,2074.0241514210325
124,P5,2074.181023037967
164,P1,2074.31450168745
127,P3,2074.6414885609624
157,P2,2074.641767486777
23,P5,2075.0909465036298
139,P5,2075.6158845337504
88,P7,2077.519668810164
173,P1,2077.743868743891
131,P6,2078.28391064632
157,P2,2078.5069783356034
108,P3,2079.2602715870303
180,P2,2080.2802865671756
105,P5,2080.4424932359966
142,P3,2080.4832359856928
130,P3,2080.6588366684887
148,P2,2081.044522170617
147,P3,2081.9991951366987
168,P2,2082.23418437375
110,P5,2082.9226353599925
80,P6,2083.718738715923
123,P3,2084.020892191435
97,P5,2084.0898030708695
177,P3,2084.4135636831347
93,P6,2084.5932903402327
124,P5,2084.8750360098347
164,P1,2085.0701005765013
173,P2,2086.6084216422605
109,P6,2086.714493895429
23,P5,2086.757958438336
177,P3,2086.857982171064
92,P5,2087.1461309093816
162,P2,2088.3049209905366
76,P5,2088.366183570295
180,P2,2088.6318032675667
184,P1,2088.9226072467204
110,P5,2089.749419172382
170,P1,2089.8089810642023
160,P5,2089.910818952876
145,P2,2089.917547398119
181,P3,2090.323054695575
135,P2,2090.37699362566
148,P3,2090.78478136884
89,P5,2091.7891087172034
136,P3,2092.3545957376577
152,P3,2092.9252879404808
161,P3,2093.4738962797633
129,P6,2094.055910587368
115,P6,2094.2225597365345
182,P1,2094.443418455959
166,P1,2094.5701320057165
175,P1,2095.0511415453934
173,P2,2096.098732692101
185,P2,2096.1784037636494
158,P3,2096.379030025081
101,P5,2096.579270476759
39,P6,2097.2118985135235
109,P6,2097.2858557156687
152,P3,2098.6451547253296
141,P7,2098.7694727958697
160,P5,2098.9671327685264
187,P1,2099.0328707312497
179,P1,2099.161149291529
164,P2,2099.7632701049124
164,P1,2099.835583184474
172,P5,2100.0231623860655
167,P2,2100.1941064342777
143,P5,2100.3009070270205
94,P6,2100.501195978847
155,P2,2101.338428613349
165,P3,2101.397235553203
124,P5,2101.9166213602193
125,P3,2102.837651554085
149,P3,2102.9225176627574
109,P6,2103.2555550685706
93,P6,2103.3797259768776
146,P3,2103.617595216052
183,P1,2103.770777014465
127,P3,2103.8980356313396
186,P1,2104.6730217816244
83,P7,2104.995924334715
163,P5,2105.514135710662
62,P5,2105.532619221595
161,P3,2105.895767659716
169,P2,2106.140310664006
158,P3,2106.260752065955
185,P2,2106.896982114648
178,P1,2107.0683096292264
105,P6,2107.302102543818
139,P5,2107.4937851465893
141,P7,2108.3768734526902
187,P1,2109.4778023562567
94,P6,2109.6908084774423
83,P7,2110.047248933133
138,P5,2110.057839503763
150,P3,2110.1135799343947
175,P2,2110.3514711882553
88,P7,2110.478278523638
179,P1,2110.518611157903
135,P2,2110.617327267402
92,P5,2111.1517397012135
177,P3,2111.261240642269
93,P6,2111.7303181113516
155,P2,2112.080828897402
108,P3,2112.4192652689767
178,P1,2112.5317119781944
176,P1,2112.59359796517
100,P3,2113.16680325028
170,P2,2113.32420392671
129,P6,2113.3852353435245
162,P2,2113.647254229451
39,P6,2113.660249708231
157,P2,2113.9020925319414
104,P7,2114.3609428509712
130,P3,2114.5613674410506
127,P3,2114.6466463346665
146,P3,2114.811970303735
107,P6,2114.964403798042
171,P2,2115.106021027284
125,P3,2115.288158514249
103,P3,2116.720951496433
163,P5,2118.474495961423
97,P5,2119.2760256155098
23,P6,2119.4914316638037
158,P3,2119.719291898426
89,P5,2119.9043329742585
176,P1,2120.4471728813633
83,P7,2121.4134975611273
154,P5,2121.5939877259275
129,P6,2121.5958103715925
184,P1,2121.997280243963
150,P3,2122.7118528541055
125,P3,2122.7483721268386
178,P1,2122.7605847888717
101,P5,2123.1759328046414
120,P3,2123.3612176402817
149,P3,2123.3662185491353
175,P2,2123.6901196721806
170,P2,2123.703078568437
169,P2,2123.722925709217
173,P2,2124.113936081047
62,P5,2124.140959645608
165,P3,2124.30652521182
158,P3,2124.4438874793877
135,P2,2124.8554995180307
174,P2,2125.190325054846
182,P1,2125.329893926689
186,P1,2126.4755503332385
188,P1,2126.6681796263533
139,P5,2126.8469200588106
127,P3,2127.3429471496684
171,P2,2127.5163522621237
160,P5,2127.854922622566
116,P3,2127.8593838386423
151,P3,2128.0720248520006
185,P2,2128.747586345727
159,P3,2129.0794384505275
189,P1,2129.4273688599565
100,P3,2129.525560109934
76,P6,2130.574955323787
157,P2,2131.390400532634
172,P5,2131.8406875020296
165,P3,2131.9638088640877
149,P3,2132.316783391561
190,P3,2132.5971448183423
150,P3,2132.724384023995
107,P6,2133.3402407647877
120,P3,2133.7681449013626
145,P2,2134.6847566572
124,P5,2134.8232562127782
139,P5,2135.448302593108
188,P1,2136.078076813618
174,P2,2136.287558217801
181,P3,2136.472068564075
143,P5,2136.5809464223344
121,P7,2136.639290419548
160,P5,2136.7876201891036
50,P5,2137.169210919524
161,P3,2137.224146709026
151,P3,2137.428435834925
153,P1,2137.6813318300456
158,P3,2137.8328972973527
159,P3,2137.8840090859157
100,P3,2138.3944494287666
129,P6,2138.986142717791
124,P5,2139.1738515971047
125,P3,2139.3413375340656
187,P1,2139.600962590876
162,P2,2139.7993713618703
62,P5,2139.950684673242
142,P3,2139.9638585768475
136,P3,2140.2640368040225
83,P7,2140.5284724271637
120,P3,2140.61500872919
183,P1,2140.7303497512275
108,P3,2141.0658222270313
138,P5,2141.2285116955
92,P5,2141.9278199470195
186,P1,2142.1698740840447
168,P3,2142.256150496767
155,P2,2142.5740547901264
94,P6,2142.8443180534005
180,P2,2144.094414449659
164,P2,2144.2952309770885
179,P2,2144.3277055942776
169,P2,2144.835167423355
160,P5,2145.097236100641
190,P3,2145.2126465261254
97,P5,2145.4246294646045
39,P6,2145.6788117366345
157,P2,2146.060301673587
76,P6,2146.2819425401617
158,P3,2147.2462154666714
108,P3,2147.2627455152788
139,P5,2147.357303897115
89,P5,2147.683440597662
164,P2,2148.722770151556
177,P3,2149.302028212094
138,P5,2149.692785948754
135,P2,2150.1430398634116
189,P1,2150.2445319507765
115,P6,2150.43437191301
124,P5,2150.7537837713467
83,P7,2151.121426883821
186,P1,2152.149770905872
155,P2,2152.5220642542704
170,P2,2152.6624578123697
180,P2,2153.4301755026836
120,P5,2153.548242052425
174,P2,2153.789580752334
97,P5,2153.896182946218
179,P2,2154.0344412443173
154,P5,2154.2396815461348
62,P5,2154.737375007079
104,P7,2155.2777274639525
148,P3,2155.548908705104
192,P1,2155.5647132802083
145,P2,2156.2112023085124
116,P3,2156.2425159669438
142,P3,2157.5725498119
173,P2,2157.9790813826553
183,P1,2158.5294355276083
167,P3,2158.856526446108
185,P3,2159.165808584983
89,P5,2159.41517531087
168,P3,2159.9652710132764
125,P3,2160.3186691202322
157,P2,2160.609107494167
92,P5,2161.141930831118
100,P3,2161.9319220174266
83,P7,2162.1647671516507
114,P6,2162.3434533882246
153,P2,2163.5229604984474
151,P3,2164.9634292963315
178,P2,2165.1018341698236
145,P2,2165.3166110573693
148,P3,2165.5944238468146
162,P2,2165.822141677468
188,P1,2166.24112029553
120,P5,2166.7590968461564
167,P3,2167.712003330408
175,P2,2168.8317499835066
183,P1,2169.0161979980403
89,P5,2169.0968277489005
172,P5,2170.271659730245
160,P5,2170.6380049848867
189,P1,2171.190199519958
83,P7,2171.9014654007774
139,P6,2172.0287616042037
150,P3,2172.0293169003335
93,P6,2172.1153832471186
114,P6,2172.2880087329067
154,P5,2172.426336922332
39,P7,2173.317647115471
188,P1,2173.501804399865
115,P6,2173.609661310504
187,P1,2173.6617835198745
149,P3,2173.7170496345434
180,P2,2173.84424590605
174,P2,2174.1438936262234
113,P5,2174.8165120556932
190,P3,2175.8075637115276
162,P2,2176.8202132823944
153,P2,2176.8471564094057
155,P2,2177.9439785707104
187,P1,2177.9767379238097
175,P2,2178.0541883057226
171,P2,2178.0659528851465
178,P2,2178.5891325955604
177,P3,2178.738779395899
184,P1,2179.0572873158712
160,P5,2180.4953898742465
83,P7,2180.6873555138413
135,P2,2180.776450392843
103,P3,2181.596944762566
164,P2,2181.918406459186
167,P3,2181.9237311442557
179,P2,2182.388600557859
174,P2,2182.5382480349704
115,P6,2182.6397668004347
161,P5,2182.839778990962
170,P2,2183.4532394856724
190,P3,2184.746945878685
137,P6,2184.838140993755
180,P2,2185.403550521518
193,P1,2185.6730001914875
148,P3,2185.726301726779
159,P3,2186.8669344458026
169,P2,2186.8727300573973
171,P2,2187.231282937734
114,P6,2187.2564748695745
105,P6,2187.7626737568035
104,P7,2187.795710519385
154,P5,2187.8667815460867
175,P2,2188.1915386455926
139,P6,2188.36819346349
167,P3,2188.636176643161
145,P2,2188.827158856734
153,P2,2188.8589647484914
194,P1,2188.955080666039
23,P6,2189.139332534069
142,P3,2189.99381135299
76,P6,2190.428587103599
177,P3,2190.5697375987015
100,P3,2190.9025087127343
124,P5,2191.197960293109
114,P6,2191.539772347498
193,P1,2191.6526363935595
184,P1,2192.087826621772
157,P2,2192.229802078098
115,P6,2192.24285720609
166,P2,2192.2592161248444
39,P7,2192.413701714153
186,P2,2192.631995009833
62,P5,2193.266051936117
93,P6,2194.10270066859
101,P5,2194.283342169785
188,P1,2195.8155974411056
76,P6,2196.0607511561757
145,P2,2196.0982487960077
131,P6,2196.15254421141
128,P6,2196.2159898038917
195,P3,2197.223018717321
191,P3,2197.2646457454775
192,P1,2197.4852340278067
170,P3,2197.6553723905495
174,P2,2197.7597753679433
89,P5,2197.957283101391
167,P3,2200.3407391945934
100,P3,2200.612263522086
39,P7,2200.8746653591024
138,P5,2201.143940303692
93,P6,2201.2067211993194
125,P3,2201.6917649606494
124,P5,2202.429170433295
163,P6,2203.3920617646
194,P1,2203.433020057611
182,P1,2203.438122775512
115,P6,2203.522684735751
101,P5,2203.550008260713
189,P2,2204.0479410842913
176,P1,2204.360142031031
97,P5,2204.624114767068
94,P6,2205.031794652228
145,P2,2206.5442330239734
190,P3,2206.643857951187
159,P3,2207.0216769449426
195,P3,2207.343416637782
193,P1,2207.7941881111124
76,P6,2208.125085473708
138,P5,2208.990691871548
162,P2,2209.101271268523
155,P2,2209.148599835126
131,P6,2209.2179465884824
128,P6,2209.423462750107
135,P2,2209.8467405003257
167,P3,2210.504905428296
105,P7,2210.5667509620503
164,P2,2210.904163263654
94,P6,2211.0237888471174
83,P7,2211.4762802967375
161,P5,2211.706488579227
193,P1,2211.929935102825
184,P1,2212.1660454320076
120,P5,2212.1711527177927
39,P7,2212.6995305131404
151,P3,2213.0399541301313
172,P6,2213.144490343425
183,P1,2213.2739022033434
182,P1,2214.0342656702564
197,P2,2214.6454647423093
169,P3,2215.7283573380437
144,P5,2216.0408487863474
178,P2,2216.7405606455727
143,P5,2216.876844314421
88,P7,2216.9757799305357
198,P2,2217.1485063249766
76,P6,2217.712729721203
103,P3,2217.769165151538
167,P3,2218.6990774097317
192,P1,2218.7394847043697
50,P5,2218.7731985879764
191,P3,2219.797914126614
83,P7,2220.28298673576
163,P6,2220.7238666651733
180,P2,2221.4296582270954
150,P3,2222.214107974373
183,P1,2223.3810816502296
189,P2,2223.5187193407905
164,P2,2223.591092126592
158,P5,2223.6590773039693
179,P2,2224.2036269261453
108,P5,2224.359762798687
176,P1,2224.4653856950977
198,P2,2225.2806405539714
200,P1,2225.323497961527
104,P7,2226.970425392606
187,P2,2227.221393643105
131,P6,2227.4114031980325
142,P5,2227.4528905469715
144,P5,2227.7499496986147
201,P2,2228.551583985212
135,P2,2228.858197949416
171,P2,2228.927718800011
167,P3,2229.3669008837655
168,P5,2229.419187212673
177,P3,2229.6754532829
176,P1,2229.855848141901
202,P3,2230.594628241984
89,P6,2231.036202044266
184,P1,2231.4790327287265
173,P3,2231.568879530238
161,P5,2232.2244508224862
148,P3,2232.318413786985
88,P7,2232.4073007719353
120,P5,2232.6927383009884
108,P5,2232.9081831393614
138,P5,2232.978179700159
83,P7,2233.3011829612556
174,P2,2233.519196364846
172,P6,2233.621343883735
130,P3,2234.3704151825023
163,P6,2234.4281239197994
166,P2,2234.6078186248365
179,P2,2234.6665903170588
97,P5,2234.6738778914278
107,P6,2234.6831280606953
198,P2,2234.7757405665398
158,P5,2234.859856643909
183,P2,2234.886521427959
188,P2,2235.597891730071
93,P6,2235.912910907348
194,P1,2236.052920810683
169,P3,2236.393835257727
202,P3,2236.7478760077092
178,P2,2236.9789722052183
142,P5,2237.034637520381
76,P6,2237.306312195829
50,P6,2237.4905136919165
200,P1,2237.5543066107784
104,P7,2237.5766922009266
192,P1,2237.693923186952
196,P1,2237.819517150924
160,P5,2238.1451788048876
199,P3,2238.794856809391
195,P3,2238.829878785815
137,P6,2238.996661062896
130,P3,2240.0302945664002
152,P3,2240.537667118421
177,P3,2240.5974703342304
124,P5,2242.0725278351456
182,P2,2243.01364741483
197,P2,2243.3499909232037
205,P1,2243.6826300257276
180,P2,2244.990566837846
204,P3,2245.93535966544
97,P5,2246.0491012116713
137,P6,2246.0617392712415
162,P2,2246.094998779951
171,P2,2246.3285422920358
194,P1,2246.338603438894
170,P3,2246.463189067845
104,P7,2246.8366768632122
196,P1,2247.13903295852
157,P3,2247.311826685804
145,P2,2247.344053888005
191,P3,2247.5170170414276
167,P3,2247.8652656761737
120,P5,2248.596897222425
199,P3,2249.7956060298206
200,P1,2249.85941353311
130,P3,2250.5449251841787
190,P3,2250.696120598575
205,P1,2250.869778149135
184,P1,2251.272344512514
114,P6,2251.5154863664593
50,P6,2252.0858703058325
166,P2,2252.262049007889
174,P2,2253.5702962953346
189,P2,2253.9552120434746
93,P6,2254.0391699049387
169,P3,2254.3566982892803
172,P6,2254.807257044785
196,P1,2254.8890297906714
195,P3,2255.007776729296
188,P2,2255.214611605349
158,P5,2255.325228144941
180,P2,2255.466004171014
201,P2,2255.573655412525
115,P7,2255.588540010969
76,P6,2256.4604692381026
145,P2,2256.4791679921045
194,P1,2257.4347299385263
170,P3,2257.901651341003
175,P2,2258.179520202398
23,P6,2258.2940795644845
166,P2,2259.0292017228844
104,P7,2259.866847459222
143,P5,2260.3157541549044
130,P3,2260.6956031528434
39,P7,2260.939129456919
83,P7,2261.553470731265
204,P3,2261.61707187159
176,P1,2261.740409555057
200,P1,2262.235153107914
154,P5,2262.777741165057
159,P5,2262.805387309056
151,P3,2262.9454504664336
138,P5,2262.946272405144
145,P2,2263.366142789013
192,P1,2263.674106523068
161,P5,2264.337197511423
194,P1,2264.5552657616668
120,P5,2264.628128047295
97,P5,2264.708770082478
179,P2,2264.7357068432884
170,P3,2264.7456757808386
173,P3,2264.913804423149
124,P5,2265.090597235914
187,P2,2265.8444862838433
189,P2,2266.545275147989
104,P7,2266.64866476099
62,P6,2266.849245570394
197,P2,2267.300510474725
172,P7,2267.697308516438
180,P3,2267.91936465011
168,P5,2267.9556718202466
201,P2,2268.6137330437423
135,P2,2269.1448451536035
105,P7,2269.1618527410524
137,P6,2270.0313716114315
155,P2,2270.0678640342926
50,P6,2270.139982421415
108,P5,2270.2720802161734
164,P3,2270.5182060402863
191,P5,2270.734747195102
39,P7,2270.8313537189233
179,P2,2270.9861830316895
138,P5,2271.027781926992
130,P3,2271.5668056172576
189,P2,2271.6835641237585
203,P3,2271.96264420699
124,P5,2271.969906382313
166,P2,2272.1718506596367
205,P1,2272.320318221907
152,P3,2273.4557447807156
157,P3,2273.564604858501
148,P3,2273.954612146633
174,P2,2274.6302952668048
171,P2,2275.3366600002387
104,P7,2275.6614200156505
191,P5,2275.710117164038
169,P3,2275.9971130388267
190,P3,2276.595800095583
161,P5,2277.101859245661
177,P5,2277.8520070335076
192,P1,2278.0294994720643
170,P3,2278.213293782825
204,P3,2279.710199089514
143,P5,2279.8721097957045
162,P2,2279.950188101354
195,P3,2280.410015975914
202,P3,2280.5781885245738
135,P2,2280.6999448709585
200,P1,2280.7496108325713
183,P2,2281.613734577336
194,P1,2281.8469694956502
197,P2,2282.188697663583
206,P2,2283.131405936723
128,P6,2283.13206040343
179,P2,2283.8066760531206
133,P7,2283.8154867220755
191,P5,2283.9270067423868
175,P2,2285.5919779709234
62,P6,2285.6689079346042
162,P2,2285.880066900434
157,P3,2286.0047208695514
113,P5,2286.860316670262
169,P3,2286.938086460867
139,P6,2286.965193304956
143,P5,2287.1460477347814
180,P3,2287.3010556366135
76,P6,2288.280895225098
144,P5,2288.2816223846444
197,P2,2288.6083377646733
158,P5,2288.729506648968
192,P1,2288.7947170619177
188,P2,2288.8165505816223
168,P5,2289.5692871797783
50,P6,2289.635894519941
200,P1,2290.041538557249
105,P7,2290.1915084632487
137,P6,2290.208647425107
124,P5,2290.5605558055454
39,P7,2290.6389265999937
133,P7,2291.1011973990308
195,P3,2291.1330610986333
138,P5,2292.488084862384
150,P5,2293.069393032069
142,P5,2293.491850104991
155,P2,2293.5020878536784
187,P2,2293.514898058163
108,P5,2293.603475242864
158,P5,2294.3720050776624
192,P2,2294.55040199434
190,P3,2294.7055922713826
162,P2,2295.0001731655607
179,P2,2295.064211235523
194,P1,2296.0273911905774
170,P3,2296.461182599621
177,P5,2296.5551514901026
144,P5,2296.7983287907937
107,P6,2296.951585944603
168,P5,2297.182862216943
191,P5,2297.3228555284077
104,P7,2298.4935245050037
145,P3,2298.528487786428
138,P5,2299.3950991166444
159,P5,2299.726973573437
164,P3,2299.86827106263
23,P6,2300.0538403347005
205,P1,2300.1261643603875
154,P5,2300.6956364765047
182,P3,2300.801796600393
133,P7,2302.361686964609
120,P5,2302.6570338805245
124,P5,2304.051546721795
201,P2,2304.7637499914554
204,P3,2304.8796734747802
186,P2,2305.1182336056086
162,P2,2305.134414850475
104,P7,2305.208067193082
148,P5,2305.2779916063355
161,P5,2305.301148133626
174,P2,2305.671489528001
172,P7,2305.762319973624
177,P5,2305.8932681153888
170,P3,2305.98532971433
188,P2,2306.105005245649
145,P3,2306.3841458992115
160,P5,2306.977064221976
190,P3,2307.209212851544
23,P6,2307.560689225753
173,P3,2307.8141218825785
196,P1,2308.060163944145
175,P3,2308.196135935425
143,P5,2308.6977596529773
192,P2,2308.862301886305
105,P7,2308.95144175207
144,P5,2309.177688206946
107,P6,2309.4795974837257
195,P3,2309.584897226218
89,P6,2309.791223500525
39,P7,2310.6917098667973
183,P2,2312.18261458423
95,P5,2312.7001518877737
190,P3,2312.9923199788445
150,P5,2313.0190763960104
138,P5,2313.2354078236444
206,P2,2313.3834312134572
135,P3,2313.9553968994483
158,P5,2314.26334975748
97,P5,2314.8220433367583
115,P7,2315.2601564212714
197,P2,2315.723428485703
166,P2,2315.9367142054443
157,P3,2316.227784004772
174,P2,2316.304021253072
23,P6,2316.4013875375526
114,P6,2316.48662795467
198,P2,2317.0058028553185
76,P6,2317.442062464162
137,P6,2318.0702731215074
182,P3,2318.1155718254854
168,P5,2318.575092330406
202,P3,2318.6839945044644
171,P2,2319.346351801001
162,P2,2319.6867289732504
175,P3,2319.7214361572787
203,P3,2319.7265700448806
200,P1,2319.826639395661
89,P6,2320.60415507464
155,P2,2321.307942577258
160,P5,2321.3989943035854
204,P3,2321.657560671612
130,P3,2322.1639198313533
154,P5,2322.220794647132
206,P2,2322.6661919087774
179,P2,2322.744896800018
105,P7,2322.7659432930877
190,P3,2322.841178188841
108,P5,2322.843872307658
161,P5,2323.0353531342403
158,P5,2323.420116692271
125,P5,2324.1157851138196
138,P6,2324.1369110768173
205,P1,2324.2298447318735
178,P2,2324.4939755672935
194,P1,2325.3073020457737
104,P7,2325.5194098900292
171,P2,2325.958832333741
153,P2,2326.398582230239
157,P3,2327.133064327307
97,P5,2327.619646396365
182,P3,2327.6934709463026
120,P6,2328.642572294789
145,P3,2328.8808038092566
195,P3,2329.402943683047
160,P5,2330.126722805836
115,P7,2330.250633872839
175,P3,2332.4453578502107
208,P1,2332.7075417772708
166,P2,2332.7285399372286
194,P1,2333.553031055582
206,P2,2333.9271411168215
158,P5,2333.9666775091
138,P6,2334.1367710218224
179,P2,2334.29487573325
137,P6,2334.364319915515
190,P3,2335.787027868647
157,P3,2336.6754596117985
205,P2,2336.7260960030358
187,P3,2336.779534404571
76,P6,2337.069306607092
162,P2,2338.0988260367462
188,P2,2338.21591792383
182,P3,2338.352059839043
173,P3,2339.1290118143725
150,P5,2340.8193872097936
87,P7,2341.134992890016
207,P1,2341.5183322814332
198,P2,2341.5354381276943
186,P3,2341.5588691390726
50,P6,2341.878576852014
62,P6,2342.3710846834633
179,P2,2342.4532974346903
183,P2,2342.722622609672
189,P3,2342.75482168736
202,P3,2344.0803920645826
128,P6,2344.4159483770886
135,P3,2344.5313591215618
173,P3,2344.698469692892
191,P5,2344.878878936039
194,P1,2344.952329581183
193,P3,2345.735444047323
207,P1,2345.740290097132
143,P5,2346.155228365454
164,P3,2346.5879756756476
146,P6,2346.65129730702
192,P2,2347.5862557100754
158,P5,2347.6479873756944
125,P5,2348.023865484749
201,P2,2348.565583389077
95,P5,2348.8439111500397
202,P3,2349.315078961417
23,P6,2349.491296298444
97,P5,2349.9355732328186
178,P2,2351.231106136141
176,P2,2351.721663796396
186,P3,2352.1319977694243
158,P5,2352.3802660440047
208,P1,2352.533750876131
162,P3,2352.6289232070217
166,P2,2352.8614323680076
155,P3,2353.5202932103357
179,P2,2353.5787655952363
115,P7,2354.043050005704
89,P6,2354.1182214101595
145,P3,2354.1544843012052
135,P3,2354.6298934322663
183,P2,2354.637528107074
197,P2,2354.9693811752763
177,P5,2355.427972321424
188,P2,2355.842275029364
184,P2,2356.202747698767
198,P2,2356.3349099051384
209,P1,2356.3532923504426
108,P5,2356.8734688226696
171,P2,2357.3080029391444
125,P5,2358.3677071749735
191,P5,2358.708370761716
173,P3,2358.9046960727396
155,P3,2359.1171904999364
201,P2,2359.4089422743737
180,P3,2359.6739140356563
87,P7,2359.689249065476
146,P6,2359.7202962248607
187,P3,2359.783245243618
210,P1,2360.1216407438365
194,P1,2360.168244674882
154,P5,2360.1691046268866
142,P5,2360.1938223111865
23,P6,2360.272496384578
165,P7,2360.3704334852623
212,P1,2360.5794594571644
175,P3,2360.6090258065983
166,P2,2361.296063461958
168,P6,2361.339763139677
183,P2,2361.528753969985
89,P6,2361.891049240633
124,P5,2362.2120189829966
161,P5,2362.975729540865
114,P6,2362.9799464444695
206,P3,2363.152594820748
133,P7,2363.2799986642435
178,P2,2363.315691587682
190,P3,2363.958980508196
208,P1,2364.301302104674
188,P2,2364.3492399983365
198,P2,2364.524932451657
125,P5,2364.950676656216
205,P2,2365.397361299406
179,P2,2365.7807420012377
147,P7,2365.7925980255836
157,P3,2366.103437747967
145,P3,2366.7761871449943
185,P5,2366.8020848572987
182,P3,2366.8525236091473
160,P5,2367.1121338808653
143,P5,2367.302660550283
207,P1,2367.909059697581
195,P3,2368.274168492998
76,P6,2368.4454114372106
187,P3,2369.938379436239
120,P6,2370.5633048460927
166,P2,2371.0527943163697
154,P5,2371.117984002195
202,P3,2371.4670037739447
196,P2,2371.615174303051
135,P3,2371.707723896563
210,P1,2371.896182769624
214,P3,2372.4679434921854
133,P7,2372.5802143245305
208,P2,2372.7777223573894
155,P3,2372.847647006985
123,P5,2372.8568031368764
153,P2,2373.3324264546623
23,P6,2373.631444287071
183,P2,2374.909650765082
128,P6,2375.1100980401534
159,P5,2375.1448423291954
62,P6,2375.6968298787588
145,P3,2375.717068619516
160,P5,2375.7219958232326
189,P3,2375.871653629798
179,P2,2375.9213653760326
125,P5,2375.947453138767
161,P5,2375.991486730161
171,P2,2376.341408203534
146,P6,2377.043061242988
158,P6,2377.3575326579194
164,P3,2377.4575060825377
197,P2,2377.65959185351
173,P3,2377.818453672894
195,P3,2377.8772035242055
97,P5,2377.896073399557
143,P5,2379.04770469912
124,P5,2379.3109466362584
133,P7,2379.3492548407958
188,P2,2379.4998830990653
213,P3,2379.7703840848194
155,P3,2380.1192597875197
184,P2,2380.123877544379
135,P3,2380.506393886282
203,P5,2380.9256889210938
114,P7,2381.3377793801837
23,P6,2381.4821242432213
154,P5,2382.0390500862227
206,P3,2382.7813692438
87,P7,2383.6966934421143
190,P3,2384.2645977027073
123,P5,2384.5012306340004
148,P6,2384.7302167970684
185,P5,2384.807138102915
189,P3,2385.0727233424536
187,P3,2385.3098140544066
166,P2,2385.595860757384
207,P1,2386.114909753541
191,P5,2386.538038048677
214,P3,2387.0827727164396
180,P3,2387.23738615971
197,P2,2387.5940180040325
216,P1,2388.117600767224
182,P3,2388.4144999296504
205,P3,2388.7244061909178
159,P6,2388.865172384455
188,P3,2389.4252909671686
193,P3,2389.7178824229964
154,P5,2390.1254978445722
114,P7,2390.7152372622027
189,P3,2390.823490887102
164,P3,2390.9914942636005
162,P3,2391.9132640360303
203,P5,2392.1973215186613
198,P2,2392.326889428685
124,P5,2392.385614496151
23,P6,2392.4835614078834
50,P6,2392.5400614105483
185,P5,2393.5603031521323
206,P3,2393.6254617050004
135,P3,2394.0781142035876
210,P1,2394.6027348073176
125,P5,2394.949320153257
62,P6,2396.025884861408
181,P5,2396.4499575347013
104,P7,2396.6469290867044
148,P6,2396.8247470964134
214,P3,2396.9251761412256
213,P3,2397.322706921914
87,P7,2398.388112198487
198,P2,2399.5013361477813
159,P6,2400.2915724694885
184,P2,2400.295838848273
50,P6,2400.713060790262
206,P3,2400.7212866519026
120,P6,2400.902315298858
208,P2,2400.931052284017
154,P5,2401.4924764163147
161,P5,2401.6391357521125
204,P3,2401.9008191687612
189,P3,2403.25215686129
164,P3,2404.0121399279265
202,P3,2404.130976023289
153,P2,2404.5202931338845
183,P2,2404.6640368061885
185,P5,2405.0543488741396
217,P1,2405.6868273281584
166,P2,2405.7900058411146
130,P3,2405.95168244651
218,P1,2406.256919093626
186,P3,2406.483179279723
192,P2,2406.6751927153964
123,P5,2407.008957636822
181,P5,2407.0708685446743
187,P3,2407.0860582497476
200,P1,2407.758456038554
191,P5,2408.0376820554766
177,P5,2408.840557348139
198,P2,2408.845056570216
155,P3,2409.0154584548573
209,P1,2409.2257725916697
188,P3,2409.7861830171023
176,P2,2409.8323149777525
180,P3,2409.844851202463
193,P3,2410.2234575300167
216,P1,2410.247629039954
205,P3,2410.727985739563
174,P3,2411.052012291093
182,P3,2411.066946329158
160,P6,2411.2704829243326
204,P3,2412.0127236008584
215,P1,2412.788230847987
159,P6,2413.405034218332
120,P6,2413.492051367503
183,P2,2413.885300226118
128,P6,2413.941095433968
114,P7,2414.1587116507867
205,P3,2414.418455283651
219,P1,2414.5271135093435
123,P5,2414.7038732637793
166,P3,2415.3071039376364
95,P5,2415.793737763374
148,P6,2417.15971728709
153,P2,2417.3816323260553
185,P5,2417.6665982868685
180,P3,2418.5005586189222
125,P5,2419.037853623498
216,P1,2419.750171177691
211,P2,2420.2715600036986
97,P5,2420.932793357041
23,P6,2421.0476500055365
76,P6,2421.2354257140723
114,P7,2421.4333211500116
198,P3,2421.478929554019
176,P2,2421.8109514092325
161,P5,2421.820255877696
130,P3,2421.85162908265
50,P6,2422.5649261227904
162,P3,2423.265254021728
208,P2,2423.4515220609223
174,P3,2423.5532668473943
179,P3,2423.9819205225726
143,P5,2424.396309546013
213,P3,2424.514368385865
189,P3,2424.7409613778063
135,P3,2425.1633842165943
160,P6,2425.245195016238
177,P5,2425.254965236637
62,P6,2425.4020692375275
200,P1,2425.6590429872217
207,P1,2425.6865953765405
135,P3,2426.910121933927
184,P2,2426.9224192496167
155,P3,2427.437224560574
81,P7,2428.5301248550795
211,P2,2428.7780443336123
146,P6,2428.780491429903
125,P5,2428.871903714333
114,P7,2429.5989870225408
203,P5,2429.837755077139
193,P3,2429.959148143526
191,P6,2430.662803815533
178,P3,2431.4336468324295
192,P3,2431.6350480740193
148,P6,2432.098364132671
161,P5,2432.14237230614
143,P6,2433.384635086453
124,P5,2433.5597665572495
210,P1,2433.7568310899123
154,P6,2434.176163196906
62,P6,2434.2990145890235
204,P3,2434.31134409391
179,P3,2434.3247124008476
213,P3,2434.497103710265
208,P2,2435.5129723091004
76,P6,2435.678579152629
146,P6,2435.7981789259666
180,P3,2436.034804605293
168,P6,2436.189258513991
171,P2,2436.6058613654627
153,P2,2436.6970474251198
198,P3,2436.834377132857
209,P2,2436.9212219503406
125,P5,2437.0611869653985
159,P6,2437.18420183958
160,P6,2437.274542498645
195,P5,2437.9236328598713
23,P6,2438.3133587025764
221,P1,2438.5210164315245
195,P5,2439.226508690684
189,P3,2439.3981490350725
210,P1,2440.044541718022
220,P1,2440.1103439636768
50,P6,2440.2648125171136
205,P5,2440.907628802076
148,P6,2441.4291569341863
155,P3,2442.2518938583016
193,P3,2442.4288608247875
213,P3,2442.8277269343644
114,P7,2443.161276567234
158,P6,2443.816706697277
143,P6,2443.953309918302
186,P3,2444.014411000357
154,P6,2444.2750672017855
179,P3,2445.1359444348145
171,P2,2446.5503253142174
214,P3,2447.4098782576852
188,P3,2448.746360342655
145,P3,2449.100517851654
136,P7,2449.266399260957
124,P5,2449.851784470108
205,P5,2449.928272640039
211,P2,2450.148900827551
126,P6,2450.1936573780135
185,P6,2450.4744252825785
130,P3,2450.933977329264
213,P3,2451.123507224806
148,P6,2452.327176133553
161,P5,2452.66508284516
23,P7,2452.764558689512
194,P2,2452.992291343437
97,P5,2453.5832823465835
178,P3,2454.0841542403673
135,P3,2454.422454577647
164,P3,2454.4543734158724
190,P3,2454.457906431311
174,P3,2454.464139773757
160,P6,2454.7845331004096
204,P3,2455.4748540987043
218,P1,2455.9788122198315
146,P6,2456.3674495873156
205,P5,2456.5825164605108
217,P1,2456.8324683442165
138,P6,2457.991713866958
185,P6,2458.1055974395313
200,P1,2458.4998941080135
202,P3,2458.6546979616796
155,P3,2458.9347029468013
76,P6,2459.0755094217875
62,P6,2459.7453811320443
152,P6,2460.455518651047
219,P1,2460.592097855468
178,P3,2461.185305499605
221,P1,2462.3029747821265
179,P3,2462.425882172398
177,P5,2462.475997777461
50,P6,2462.7535256036645
189,P3,2462.8252159072936
23,P7,2462.886116488828
148,P6,2463.016777165178
149,P5,2463.1053800441628
152,P6,2463.3501258614187
186,P3,2463.4369342455016
95,P5,2463.716136240102
145,P3,2465.105804567248
176,P2,2465.353034976612
171,P2,2466.6627819398077
81,P7,2466.890786772423
216,P1,2466.952108403006
217,P1,2466.994511187901
62,P6,2467.010875263424
211,P3,2467.5583681237536
89,P6,2468.4103898511325
205,P5,2469.0853216265327
76,P6,2470.117130760629
180,P3,2470.148176962943
148,P6,2471.3032176283546
146,P6,2471.309065052693
130,P3,2471.37111462889
95,P5,2471.6015696714103
186,P3,2471.8913192236455
23,P7,2472.177340132123
215,P2,2472.9490382465274
190,P3,2472.970904921603
208,P2,2473.4350641259275
50,P6,2473.5425200562904
189,P3,2473.847909386955
62,P6,2475.1487137725535
204,P3,2476.548019727727
142,P6,2476.700076880872
212,P1,2477.6436647398236
89,P6,2478.0657458744495
209,P2,2478.467264594172
177,P5,2479.05849257894
191,P6,2479.128239472705
143,P6,2479.2400734564194
207,P2,2479.2543242620586
192,P3,2479.9609288184934
114,P7,2480.5940637082604
120,P7,2481.163443030937
142,P6,2481.817268391919
97,P5,2482.3364036601024
162,P3,2482.619212835828
179,P3,2482.701692288039
195,P5,2483.115809888695
148,P6,2484.3183552830055
178,P3,2484.5263493724347
159,P6,2484.617109584746
149,P5,2484.8445868475533
201,P3,2485.3985718012605
128,P7,2485.532520598846
217,P1,2485.947527313282
194,P2,2485.9836217759976
177,P5,2486.3935312948497
214,P3,2486.4002746929464
225,P1,2486.961716840306
166,P3,2486.9790061464573
145,P3,2488.082263250352
146,P6,2488.4954438012614
160,P6,2488.5468696505936
62,P6,2489.65476783568
152,P6,2489.8476837991434
210,P1,2489.951488420182
211,P3,2490.006129901288
197,P2,2490.044433117096
136,P7,2490.1838085113473
176,P2,2490.552679437773
220,P1,2490.6590022527025
196,P2,2490.749332793404
179,P3,2490.839714762362
222,P3,2490.9671135569156
223,P3,2491.4617464760117
195,P5,2491.522299038905
171,P3,2491.9101049992364
224,P1,2492.0268398312987
126,P6,2492.6759391043356
174,P3,2492.7658532975165
142,P6,2493.199128016563
189,P3,2493.704857579799
130,P3,2493.707601193084
23,P7,2494.0008187931576
148,P6,2494.71876964284
149,P5,2495.030596010071
190,P5,2495.508688638077
209,P2,2496.6547956851537
135,P3,2496.676897223254
218,P1,2497.1633135776715
76,P6,2498.848330893845
183,P3,2498.9828749318876
176,P2,2500.1071618333503
202,P3,2500.1484412116292
226,P3,2500.440509207808
153,P2,2500.4468612601277
207,P2,2500.576780562147
89,P6,2500.814520725135
189,P3,2500.91630664576
130,P3,2500.996161161547
120,P7,2501.725197632508
178,P3,2502.1134355912554
221,P1,2502.559006812482
182,P5,2503.112150141854
224,P1,2503.1321775624183
164,P3,2503.1525497063362
187,P5,2503.174904425388
220,P1,2503.4039814383955
23,P7,2503.568689354764
126,P6,2503.8396524371788
201,P3,2504.465968088292
215,P2,2504.7516584811297
177,P5,2507.003318339228
214,P3,2507.412688728685
103,P6,2508.1324979451197
95,P5,2508.587710931936
203,P5,2508.946675044066
220,P2,2509.2862471525204
114,P7,2509.9963277147413
218,P1,2510.8837352561895
186,P3,2511.1194597899807
176,P2,2511.2444941217555
191,P6,2511.3029654849483
201,P3,2511.7188952993492
174,P3,2512.0088480269565
23,P7,2512.22281723148
210,P1,2512.3931549466306
222,P3,2512.810004250292
136,P7,2512.939199766897
135,P3,2513.09606328709
223,P3,2513.403591437464
225,P1,2513.422276154665
194,P2,2514.8089319010855
177,P5,2515.021531611188
152,P6,2515.285299127521
97,P5,2515.5719139398207
153,P2,2515.7751859520786
211,P3,2516.912838508184
160,P6,2517.1286652965236
130,P3,2518.002758147159
200,P1,2518.4615103061415
127,P6,2518.880621093503
182,P5,2519.00978223131
183,P3,2519.602900369522
192,P3,2520.1988105375403
199,P6,2520.219988827849
120,P7,2520.4009999179143
205,P5,2520.570231610165
187,P5,2521.322784590404
143,P6,2521.7066649768344
103,P6,2522.2050664483936
216,P2,2522.2084434712124
219,P1,2522.2511340659903
222,P3,2522.4891515573677
162,P3,2523.3643884436783
212,P2,2523.4938261751804
217,P1,2523.750133607531
191,P6,2524.010401479782
201,P3,2524.425942860678
214,P3,2524.6170755143553
152,P6,2525.758703535775
194,P2,2526.0120192589975
218,P1,2527.2294701073465
215,P2,2527.637027144712
177,P5,2527.662333495598
103,P6,2528.084040730649
171,P3,2528.376243051005
145,P3,2528.792456994392
182,P5,2529.0965465997283
197,P3,2529.3460602246323
89,P6,2529.3719521128196
136,P7,2529.730721922603
183,P3,2529.7308698382362
222,P3,2529.8260805395175
211,P3,2530.0782353915774
126,P6,2530.1775768698603
184,P2,2530.3341165106053
114,P7,2530.560408041854
198,P3,2531.1040791778705
201,P3,2531.2832801237105
199,P6,2531.286952289699
178,P5,2531.3338775863544
128,P7,2531.559355074094
205,P5,2531.5847667059406
192,P3,2531.7024367932727
212,P2,2531.714695411308
168,P6,2532.057482760615
120,P7,2532.09610786935
220,P2,2532.4858197796593
188,P3,2532.9951139350583
194,P2,2533.784086459241
203,P6,2534.720938079364
23,P7,2534.8768533291736
177,P5,2535.1079733629613
76,P7,2535.149391230861
181,P5,2535.1709075005024
149,P5,2535.2331852250454
153,P2,2535.2699836713223
190,P5,2535.61842749328
187,P5,2535.747016710327
200,P1,2536.230634340925
208,P2,2536.230937669625
145,P3,2537.080655483281
189,P5,2537.457542898307
216,P2,2537.645222446989
197,P3,2537.7248813817637
184,P2,2537.861039211636
221,P1,2537.87508209046
212,P2,2537.9517450039784
126,P6,2538.0613809995707
227,P1,2538.9257282745434
199,P6,2539.0631258979824
153,P2,2539.4432681109374
192,P3,2539.731492070681
198,P3,2540.5884792160145
128,P7,2540.8078013442014
194,P2,2541.8816708729364
195,P6,2542.0304460024636
23,P7,2542.07174356752
208,P2,2542.5699608766877
214,P3,2543.1172296754244
114,P7,2543.451926028382
216,P2,2543.711739876835
228,P3,2543.7690883193454
229,P1,2544.1222554481224
201,P3,2544.2431203236415
180,P3,2544.5087337042073
171,P3,2544.5426663088865
76,P7,2544.843033302024
168,P6,2545.0614561187535
97,P5,2545.5598921703854
177,P5,2546.0434618638064
231,P1,2546.694647769282
145,P3,2547.348602840417
103,P6,2547.9515866649194
209,P2,2548.3490946053143
211,P3,2548.7959830167406
191,P6,2549.1268971709687
116,P6,2549.7576720205107
212,P2,2550.683708064307
230,P1,2550.7194502209804
114,P7,2552.560118184606
203,P6,2553.0270519617384
202,P5,2553.134023436027
145,P3,2554.2906912767776
181,P5,2555.4585848295164
178,P5,2555.7830134170663
166,P3,2555.971180705427
209,P2,2556.026309399448
76,P7,2556.3787295885422
217,P1,2556.451202188553
196,P3,2556.7419623678065
23,P7,2556.943054171825
225,P1,2557.0205671415174
227,P1,2557.0648680137083
192,P3,2557.919814251385
103,P6,2557.9540648351403
152,P6,2557.982603706111
228,P3,2559.2254710269776
116,P6,2559.454019777275
233,P3,2560.5768633628513
226,P3,2560.626220025359
187,P5,2561.1447115305946
169,P7,2561.848836954274
232,P3,2561.9131530403984
181,P5,2562.2163185999098
168,P6,2562.297166321711
194,P3,2563.2122602981744
97,P5,2563.626546453796
202,P5,2564.175226127892
222,P3,2564.2525175566825
127,P6,2564.5023490488766
152,P6,2565.493301208017
190,P5,2566.041610749908
182,P5,2566.3201177499354
204,P3,2566.389110380864
153,P2,2566.4917678762913
198,P3,2566.6673418802143
175,P7,2567.5631892971214
208,P3,2567.7663322666654
216,P2,2568.1453937748784
177,P5,2568.158450964355
191,P6,2568.2139178345215
187,P5,2568.843695608744
162,P3,2568.8447697738857
120,P7,2568.859024335308
221,P2,2568.9020655790673
224,P1,2569.3154636156337
219,P1,2570.358668284923
192,P3,2570.4857548264185
230,P1,2571.131489884348
232,P3,2571.553200422093
210,P1,2571.667579160215
234,P1,2572.2987942912896
220,P2,2572.439592120574
76,P7,2573.196331707509
177,P5,2573.3642050449794
210,P2,2574.438206259724
23,P7,2574.787966268441
190,P5,2575.119599909145
217,P1,2575.781124332899
103,P6,2576.076615044419
196,P3,2577.977590957904
214,P3,2578.0054708432313
218,P1,2578.0243253104986
224,P1,2578.338028368097
233,P3,2578.9215437373027
197,P3,2579.5014802984865
194,P3,2579.677011955484
208,P3,2580.693406112256
234,P1,2581.450704736802
219,P1,2581.7100791554676
189,P5,2581.9171647613402
228,P3,2582.002084312923
187,P5,2582.7621054246647
195,P6,2582.958283005026
184,P3,2583.555900512446
217,P1,2583.7643496879546
210,P2,2583.826495338971
231,P1,2583.978898576601
170,P6,2584.081497491495
160,P6,2584.731313914885
229,P1,2584.8062182486688
179,P3,2584.831241606079
76,P7,2585.0477807696047
181,P5,2585.0735124271487
216,P2,2586.6014634553585
199,P6,2587.1915534654263
169,P7,2587.393374162321
194,P3,2588.104019211208
203,P6,2588.146656811708
126,P6,2588.2440814012543
180,P5,2588.6946653910372
127,P6,2588.9225778384503
236,P1,2589.347304948572
103,P6,2589.5851345365522
89,P6,2590.01954099683
220,P2,2591.192030174704
120,P7,2591.2873402957403
127,P6,2591.6667181870744
197,P3,2592.018666794751
171,P3,2592.129268076035
202,P5,2593.2402798622425
233,P3,2593.5737589903515
179,P3,2593.587031354893
222,P3,2593.84833983995
228,P3,2594.030972434121
229,P1,2594.4694719820955
116,P6,2594.5292478254796
196,P3,2595.535826839026
215,P3,2595.6826772567892
217,P1,2596.451340093035
211,P3,2596.7243918488393
218,P1,2597.3508334414405
219,P2,2597.4170791116762
81,P7,2597.5970124606692
170,P6,2598.195875911831
149,P5,2598.36314570266
200,P1,2598.4700206801167
160,P6,2598.5601839594383
171,P3,2598.6945375626724
216,P2,2598.8124159265094
188,P3,2599.2898379832736
152,P6,2599.567007074323
230,P1,2599.824409996117
126,P6,2599.8619760124666
209,P3,2600.2023679970375
103,P6,2600.2275126830637
226,P3,2601.493607857073
212,P2,2601.7976148166927
221,P2,2601.85572253921
170,P6,2602.2296753467817
207,P3,2602.299111903997
228,P3,2602.6771613584
187,P5,2603.676975361936
203,P6,2603.827778087085
184,P3,2604.058985458652
217,P1,2606.3723599292334
153,P3,2606.777241409341
190,P5,2607.620799009518
225,P2,2607.9501339485273
194,P3,2608.769434527106
103,P6,2609.35230319547
176,P2,2610.221692153913
199,P6,2610.7094024131866
169,P7,2611.267976058711
193,P5,2611.3211272617373
89,P6,2611.4660801609166
224,P1,2611.612897899905
171,P3,2611.9098426588375
221,P2,2612.5148420624914
203,P6,2613.1399223243698
180,P5,2613.2105367134423
217,P1,2613.7822995590673
200,P1,2614.3292800677277
76,P7,2614.3382270339275
229,P1,2614.470185295258
196,P3,2614.509894937953
234,P1,2615.652203700331
231,P2,2615.65778119875
160,P6,2615.7059688180407
190,P5,2616.2836149685772
149,P6,2616.9274132657515
194,P3,2617.132869054536
236,P1,2617.1920142439544
238,P1,2617.306284151946
175,P7,2617.307614520242
215,P3,2618.09131817476
207,P3,2618.42212555153
221,P2,2619.3117317792367
181,P6,2619.373834793214
153,P3,2619.4835536247483
233,P3,2619.5001386611434
230,P1,2619.6337650620935
116,P6,2619.870036949193
231,P2,2620.3619686161296
135,P3,2620.9895137224253
195,P6,2621.0755620991004
208,P3,2621.2721329146166
224,P1,2621.3653301629815
197,P3,2622.782787567988
89,P6,2622.798579641008
234,P1,2623.2069861606583
180,P5,2623.758318849109
210,P2,2624.345898238553
178,P5,2624.7952449086274
167,P7,2624.8475466155687
235,P1,2625.1175785236674
189,P5,2625.860733138255
198,P3,2626.3322093636843
127,P6,2626.437372839038
211,P3,2626.6251420535145
228,P3,2626.797598840113
220,P2,2627.171288789963
200,P1,2627.2412866672125
76,P7,2627.3268012504486
177,P5,2628.2249903813067
184,P3,2628.9745034100124
232,P3,2629.652766789568
197,P3,2630.3013270769698
169,P7,2630.383414745001
226,P3,2630.3884851168136
196,P3,2630.696990888763
116,P6,2631.1704623148485
225,P2,2632.3958572388156
152,P6,2632.868133052257
103,P6,2633.019556105807
221,P2,2633.1516405934512
182,P5,2633.263908630983
212,P2,2633.558134794882
167,P7,2635.152267914511
218,P2,2635.4927833315883
178,P5,2635.5427136846606
184,P3,2635.720597436075
215,P3,2635.863784152434
228,P5,2636.1578415557856
208,P3,2636.621043297736
207,P3,2636.674454869823
177,P5,2636.7256322953754
196,P3,2636.9686916685114
198,P3,2637.3308200849733
127,P6,2637.5434606366825
116,P6,2638.940237087739
76,P7,2639.695711155687
189,P5,2640.507576107577
202,P6,2640.6072327282245
197,P3,2640.840079524359
226,P3,2641.3103369921955
180,P5,2641.3689508596285
151,P5,2641.516128238609
229,P1,2641.523151748504
193,P5,2642.444865388107
171,P3,2645.0226473100524
189,P5,2645.4740747003034
178,P5,2647.0283415012586
195,P6,2647.401272129278
135,P3,2647.8696227311943
211,P3,2648.051308966822
103,P6,2648.523625865892
167,P7,2649.939122787392
228,P5,2650.2541351300642
116,P6,2650.290549570065
202,P6,2650.5185876889414
173,P6,2650.8796973769595
220,P2,2651.4650049356746
234,P1,2651.528611395762
167,P7,2651.6771892552338
221,P2,2651.9961216273605
160,P7,2652.5365000870183
212,P3,2653.839622906503
238,P1,2653.8404618030536
210,P2,2653.991396818508
187,P5,2654.1502852328967
151,P5,2654.4941286370004
225,P2,2654.62199922225
149,P6,2655.2230908493807
194,P3,2655.8128870120217
190,P5,2655.9787049279316
181,P6,2656.1422526065903
76,P7,2656.5136192466503
233,P3,2656.6329789159377
171,P3,2657.1066731676983
211,P3,2657.637035967706
198,P3,2657.8283101991524
227,P1,2658.3200789448224
207,P3,2658.9826076959753
116,P6,2659.242859179623
177,P5,2659.681971299062
199,P6,2659.7346966983664
103,P6,2660.0910724178834
209,P3,2660.1792766389567
135,P3,2660.6342702514694
230,P1,2661.4805267424113
221,P3,2661.6704694796954
237,P1,2662.905508728013
173,P6,2663.1608262941045
231,P2,2663.405539360025
76,P7,2663.6761663142456
229,P1,2663.6932193780053
151,P5,2663.7372244363924
218,P3,2664.4310338768173
215,P3,2664.569859126804
212,P3,2664.6271817014467
177,P5,2665.3764117610476
213,P5,2665.613238795527
234,P1,2666.302297083898
225,P2,2666.6962195970927
211,P3,2667.2729956512508
184,P3,2667.9945344973016
236,P1,2668.3297691310386
202,P6,2668.8492822657904
198,P3,2669.124735853294
210,P3,2669.9136984794063
151,P5,2670.1010379610425
116,P6,2670.1949704691597
95,P6,2670.5798713098366
231,P2,2670.742484812421
226,P3,2671.9449011896813
195,P6,2672.2158992567033
217,P1,2673.182947950186
169,P7,2673.2185247625644
241,P2,2673.7338464151953
196,P3,2674.4882700389658
236,P1,2674.5051107626637
239,P1,2674.5183037185
212,P3,2674.830111712972
216,P2,2675.11666648189
237,P1,2675.4732330301167
227,P1,2676.039068257248
207,P3,2676.2377581989495
198,P3,2676.5299070223828
219,P2,2677.0475966047584
190,P5,2677.24983565872
221,P3,2677.3931634032233
200,P1,2677.6484252082987
184,P3,2677.989453344405
233,P3,2678.7883205104627
232,P3,2679.913656142313
221,P3,2680.2186214228627
210,P3,2680.6532127642286
103,P6,2680.7659857065505
199,P6,2681.4168595009824
202,P6,2681.5738612630266
176,P3,2682.516836706052
231,P2,2682.703834631652
237,P1,2682.8851665000316
208,P3,2683.6311453135872
217,P1,2684.02599523491
220,P2,2684.324635033113
76,P7,2684.69007371628
229,P1,2685.202602226862
178,P6,2685.5584863969207
234,P1,2685.893033587087
207,P3,2685.9977900630947
232,P3,2686.675739892237
240,P3,2686.681446589198
181,P6,2686.709822860362
189,P5,2687.09837892063
167,P7,2687.2151716428757
216,P2,2687.7124600706225
209,P3,2688.7010692740205
153,P3,2688.9072431656973
178,P6,2689.871133565341
135,P3,2689.938162977242
169,P7,2690.079309962776
228,P5,2690.8650950003753
225,P2,2691.8341465390645
208,P3,2692.3363839749168
229,P2,2692.3611487737676
220,P2,2693.192925630165
234,P1,2693.3081603778633
199,P6,2693.918867538854
237,P1,2694.1846531777214
221,P3,2694.273048905342
230,P2,2694.3323450739504
240,P3,2694.3591539914314
177,P6,2694.49104840177
173,P6,2694.983709745044
220,P2,2695.4675809339096
194,P3,2695.874602787897
81,P7,2696.5780932212083
227,P1,2696.959641983457
198,P3,2696.9798834773137
76,P7,2697.390675064967
200,P1,2697.4111944592764
209,P3,2697.844834946455
149,P6,2698.3551561903832
231,P3,2698.5072753295763
100,P5,2698.6306123683644
184,P3,2698.908887272255
196,P3,2699.71011150187
210,P3,2701.629843191509
178,P6,2702.989251488826
169,P7,2703.206820425117
237,P1,2703.2260940443507
100,P5,2703.3383747521502
176,P3,2704.0487441556957
196,P3,2704.82846608303
219,P2,2705.0599233661296
216,P2,2705.9786592159517
181,P6,2706.276399761158
194,P3,2706.2768279455236
224,P2,2706.3680054006645
184,P3,2706.5004974061317
236,P1,2707.9182636132773
242,P3,2708.2149879573367
149,P6,2708.362931627939
190,P5,2709.2146571174894
208,P3,2710.8627658131577
237,P1,2711.236326492485
244,P3,2712.300349104215
240,P3,2713.218793663719
178,P6,2713.740768439374
241,P2,2714.2826008591164
221,P3,2714.3413364273465
196,P3,2714.379064257381
173,P6,2714.5582127912476
95,P6,2714.6228434045875
230,P2,2715.543882654033
218,P3,2715.6920820167616
231,P3,2715.7952149352122
186,P6,2716.7372556498276
215,P3,2717.31068147993
153,P3,2717.5970206086026
239,P1,2718.280689151559
140,P5,2718.574517545537
228,P5,2720.415197669621
233,P3,2720.7746528455323
244,P3,2720.942013811213
211,P3,2721.164649932341
221,P3,2721.3416818295605
151,P5,2721.347331229813
193,P6,2721.4246044820984
194,P3,2721.5725742764466
226,P3,2721.9354302467495
190,P5,2722.3715072220716
212,P3,2722.649921511941
208,P3,2723.060540727039
242,P3,2724.9723636711224
225,P3,2725.077257661883
229,P2,2725.1513068495365
100,P5,2725.4690096943878
239,P1,2725.5567010289296
181,P6,2726.569420365451
243,P3,2727.0567021208803
236,P1,2727.183419282847
224,P2,2727.5854803854636
228,P5,2727.6024241814716
186,P6,2728.4902866049315
211,P3,2729.473578857106
208,P3,2729.512421089645
215,P3,2729.7564267690286
230,P2,2729.892448329891
193,P6,2729.900746779965
153,P3,2730.748775248413
177,P6,2731.151636820834
95,P6,2732.2510269552918
217,P1,2732.3303288221114
187,P5,2733.062817049337
226,P3,2733.640784144554
216,P2,2735.587132160018
140,P5,2735.9605725251395
243,P3,2736.1147028807754
151,P5,2736.5983969761787
231,P3,2737.79468274616
236,P1,2737.8943680545863
208,P3,2738.011095920858
81,P7,2738.012862581387
233,P3,2738.174925369143
190,P5,2738.823210288739
209,P3,2738.852636187328
228,P5,2738.992850216806
135,P3,2739.285136447753
177,P6,2740.406058212875
210,P3,2740.4173035178487
220,P2,2740.5369453620137
197,P3,2741.111242437485
215,P3,2741.1771787221455
235,P1,2741.229939294043
245,P1,2741.392335705439
178,P6,2741.4273327601545
230,P2,2741.48649806263
176,P3,2742.2453591751478
151,P5,2742.405754960794
237,P1,2743.611836741572
244,P3,2743.612091069687
149,P6,2744.127627158694
229,P2,2744.3693686270517
219,P2,2744.436292036396
100,P5,2744.7073071841905
140,P5,2745.4713327523773
190,P5,2745.8711799738835
217,P1,2746.5978607054294
186,P6,2746.732584305773
242,P3,2747.000348878986
236,P1,2747.9258298649524
181,P6,2748.6669156812127
157,P5,2748.768837941987
153,P3,2748.7860181995793
225,P3,2749.3054400238393
135,P3,2750.040926669246
239,P1,2750.3787919594133
224,P2,2750.4936087266483
95,P6,2750.5769907441822
211,P3,2751.000146933903
228,P5,2751.1034175413797
217,P1,2751.169195698828
178,P6,2751.332973096694
220,P2,2751.6164319000977
234,P2,2752.6468279237474
240,P3,2753.4698975498573
151,P6,2754.016813617351
227,P2,2754.2320455610966
225,P3,2754.364032198688
212,P3,2754.9970254076443
224,P2,2755.6929910967565
242,P3,2755.7254544344414
219,P2,2755.7928038564296
184,P3,2755.8056004538107
157,P5,2756.3623299243905
190,P5,2757.590507862621
153,P3,2758.3650696201435
100,P5,2758.5704439484352
236,P1,2758.77503141099
180,P6,2759.212917614755
228,P5,2759.3121079665457
226,P3,2761.811479152379
160,P7,2762.5713839538275
208,P5,2762.9618059424492
235,P1,2763.004367617189
151,P6,2763.112582863592
140,P5,2763.5084555302433
178,P6,2763.5231702734404
244,P3,2763.538151567834
135,P3,2763.5949113954957
225,P3,2764.0886303909215
227,P2,2765.065788311035
234,P2,2765.9292034201267
231,P3,2766.3682679026037
149,P6,2766.398722999003
157,P5,2767.223960063123
186,P6,2767.4467822034508
246,P3,2767.7650669061936
169,P7,2768.0457033180096
209,P5,2768.1827992564627
228,P5,2768.283280217541
237,P1,2768.374631897538
200,P1,2768.742478937876
160,P7,2769.8942352434883
230,P2,2769.979619049342
220,P2,2770.2695532038615
180,P6,2770.3074312712506
176,P3,2770.457796822769
221,P3,2770.726631806363
239,P1,2772.2074983339508
238,P1,2772.81643379823
245,P1,2773.7377990577133
194,P3,2773.928143737899
217,P1,2775.517099368987
229,P2,2775.6097254387296
242,P3,2775.706048135554
149,P6,2776.866492219363
209,P5,2777.149297609785
224,P2,2777.153262202535
211,P3,2777.427872731193
225,P3,2778.4228114479047
153,P3,2778.436820158997
180,P6,2778.809962345958
210,P3,2779.890743827816
228,P5,2780.4794270998345
239,P1,2780.8152528530677
249,P1,2781.6054807994155
160,P7,2781.6221679785835
207,P5,2783.594828308187
135,P3,2783.8847981425774
95,P6,2784.0280937040034
187,P5,2784.288893344822
184,P3,2785.318092826673
234,P2,2785.539686808172
216,P2,2786.56548518058
241,P2,2786.85401234655
225,P3,2786.931229380742
236,P1,2787.008510387269
242,P3,2787.7269865683
247,P1,2788.0055751590817
176,P3,2788.541742878755
157,P5,2788.63813635111
228,P5,2788.9862682803446
187,P5,2789.5886566161453
210,P3,2790.372282746299
249,P1,2791.783076242709
233,P5,2792.738516960377
160,P7,2793.0685597474644
135,P3,2793.338750792465
230,P2,2793.8781111505714
237,P1,2794.7448446967896
151,P6,2794.8854744939717
234,P2,2794.8871620088153
225,P3,2795.308314499671
209,P5,2795.82712312086
217,P1,2795.8837120742983
194,P3,2796.4691166098823
241,P2,2796.71996707865
190,P5,2796.8462589814058
176,P3,2797.8227578733854
233,P5,2798.0084489801507
186,P6,2798.2209942132395
226,P3,2798.265463040763
157,P5,2798.863536638594
234,P3,2799.035654997133
240,P3,2800.4539713553195
200,P2,2800.5494064764607
219,P3,2800.974505426401
228,P5,2801.2204623579682
229,P2,2802.445854995447
241,P2,2802.9921990231
187,P5,2804.414677632196
246,P3,2804.7171248620884
212,P3,2805.3136515721917
140,P5,2805.754150334349
194,P3,2805.8888129115317
186,P6,2806.07876015688
157,P5,2806.3668255009807
210,P3,2806.6198529694966
189,P6,2807.7759512266102
225,P3,2808.4651614525037
204,P7,2808.7396827378943
208,P5,2808.762253500662
250,P1,2809.1401736028233
169,P7,2809.3343947341523
149,P6,2809.3823289215875
153,P3,2811.1980076999907
240,P3,2811.280324769413
211,P3,2811.353844270938
246,P3,2812.7393512957283
100,P5,2813.2241991222954
212,P3,2815.3009427319494
194,P3,2816.0747575328746
140,P5,2816.3993469334782
216,P2,2816.9321994667926
234,P3,2817.0861631291536
197,P3,2817.646862128028
241,P2,2817.7321264685193
206,P7,2817.778005507862
180,P6,2817.9325463563764
225,P3,2818.176730867497
184,P5,2818.5189875427577
181,P6,2818.7054369823304
186,P6,2819.3780434152177
226,P3,2820.739921205146
160,P7,2820.934067266253
169,P7,2822.101317795172
215,P5,2822.152093189605
228,P5,2822.73646382388
151,P6,2822.860708751124
241,P2,2823.9460560839293
196,P3,2824.0395372014127
224,P2,2824.5976211093734
186,P6,2824.989438180092
211,P3,2825.2660318623157
212,P3,2826.0083156757582
219,P3,2826.0834974688555
197,P3,2826.6320028074447
184,P5,2826.6872797526917
245,P2,2827.16799748778
235,P1,2827.168897941955
221,P5,2827.409949642337
242,P3,2827.4445465480258
149,P6,2828.316489772506
239,P1,2829.315429890309
238,P2,2829.667679062668
177,P6,2830.0262226814607
200,P2,2830.7389361072965
196,P5,2832.215843113446
140,P5,2832.474539278633
227,P2,2832.4934119300133
241,P2,2832.704421552372
216,P2,2834.348428514925
212,P3,2834.618172877253
206,P7,2835.1235553864794
204,P7,2835.6454870651305
176,P3,2835.8211190566753
229,P2,2836.2258934511074
180,P6,2837.0507875459716
184,P5,2837.497895315112
157,P5,2837.9411663641968
100,P5,2838.017899512133
233,P5,2839.2624728498467
169,P7,2839.689523287033
216,P3,2840.038409965048
176,P3,2841.8682627469984
230,P2,2842.153588402006
215,P5,2842.262064480227
221,P5,2842.6347457746942
247,P1,2842.943738653988
242,P3,2843.647985757003
151,P6,2843.846926851536
201,P7,2844.6373540654213
194,P3,2844.8482145962007
180,P6,2845.9693834156087
235,P1,2846.1163874910767
220,P3,2846.950359790911
233,P5,2847.1451075749064
245,P2,2847.5117182016797
186,P6,2847.7520179725807
189,P6,2848.197397472079
149,P6,2848.63958517406
239,P1,2849.13454779259
248,P2,2849.1662190881266
250,P1,2849.3387527728737
249,P1,2850.032587717527
157,P5,2850.467384618072
197,P3,2850.5552084663123
234,P3,2851.406498911394
177,P6,2851.4468970478756
252,P1,2851.531686633324
196,P5,2852.1106383412684
210,P3,2852.7846811560166
237,P1,2852.8257824139305
226,P3,2852.8498402669493
212,P3,2853.7638084967552
233,P5,2854.1310447977285
242,P3,2854.535524769779
176,P3,2854.679844109076
201,P7,2854.700705225206
253,P1,2855.4851141943946
229,P2,2855.5589838229557
240,P3,2855.796578917075
162,P7,2857.0506826254145
222,P6,2857.3188788931598
215,P5,2857.337878705094
221,P5,2857.617949047337
250,P1,2857.6348385972146
251,P1,2857.964172305321
210,P3,2859.030844714563
239,P1,2860.4332423157375
211,P3,2860.9899161531143
153,P3,2861.240849268165
235,P1,2861.3124399676335
95,P6,2861.4424865375804
247,P2,2861.5784841099235
216,P3,2862.1069044978835
227,P2,2862.404920435553
180,P6,2862.7328039939202
215,P5,2863.926578703483
220,P3,2863.970824946835
240,P3,2864.537046522689
217,P1,2864.926152247522
225,P3,2865.4559666791124
237,P1,2865.7638837126674
176,P3,2866.194760556408
162,P7,2866.640148259254
140,P5,2867.1725192830495
250,P1,2867.4685791763322
223,P6,2868.085917520596
210,P3,2868.273922331595
233,P5,2868.364320649326
247,P2,2868.3986236853234
211,P3,2868.4134159472605
245,P2,2869.289306716013
169,P7,2869.5078504028806
230,P2,2870.0379462647415
239,P1,2871.0810611004154
180,P6,2871.7233776369226
153,P3,2872.8449758074357
207,P5,2872.8877915025128
174,P6,2873.3066539912575
229,P3,2873.5061845038185
234,P3,2873.7373584929956
162,P7,2873.9587116293146
246,P3,2874.7953246240577
190,P5,2875.3341981158337
140,P5,2875.382202870959
251,P1,2875.571724392987
242,P3,2875.828623139664
210,P3,2875.877735729701
179,P7,2875.897256181437
211,P3,2876.0129161482955
238,P2,2876.474035159944
217,P2,2876.60776988905
196,P5,2877.5023690358476
234,P3,2877.540320356066
240,P3,2877.549381949914
184,P5,2877.6524257524898
100,P5,2878.2307026098683
215,P5,2878.2357760099626
176,P3,2878.490426617602
221,P5,2878.843839064374
180,P6,2879.015432530325
186,P6,2879.9294964719393
233,P5,2880.102485600398
187,P5,2880.391559623313
153,P3,2880.466026333486
239,P1,2880.582171194669
235,P1,2881.4311084415485
197,P3,2882.006333685127
162,P7,2882.085287103438
212,P3,2882.473963878791
228,P5,2882.60941413295
216,P3,2883.291670095202
237,P1,2883.5183407049058
221,P5,2883.545389884984
248,P2,2883.5620003047447
217,P2,2883.887567422801
241,P3,2884.0381316964554
180,P6,2884.7912014705093
256,P3,2885.1731566034227
179,P7,2885.21488134807
100,P5,2886.233226521269
176,P3,2886.6331143062253
245,P3,2886.7908478062277
201,P7,2887.1606936766025
149,P7,2887.4701860339055
238,P2,2887.656476162851
250,P1,2887.8833123712725
233,P5,2887.971829715643
247,P2,2888.7644692200115
153,P3,2889.275294097629
186,P6,2890.3344502652176
187,P5,2891.125238446832
230,P2,2892.0558994624284
235,P1,2892.242058217218
169,P7,2892.479731564582
226,P5,2892.7082202561146
212,P3,2892.722676332135
221,P5,2893.704717153597
179,P7,2893.706337569386
242,P3,2893.7590063997823
174,P6,2894.6764081116225
181,P6,2894.835317314308
224,P2,2895.5483844005844
211,P3,2896.0838276264176
223,P6,2896.903823331313
162,P7,2897.595912259884
209,P5,2897.805593111812
200,P2,2898.4995643704465
157,P5,2898.9730075597713
239,P1,2898.9809744604095
247,P2,2900.1234658417156
207,P5,2900.5825312465436
249,P1,2900.9128660726196
236,P2,2901.129541763874
212,P3,2901.278553508223
255,P1,2901.3737399385677
258,P1,2901.902371121205
235,P1,2902.2547777111376
220,P3,2902.7337341783723
241,P3,2903.9217132793033
252,P1,2904.934815829707
254,P1,2904.991079440045
253,P1,2905.385782357304
221,P5,2905.5240333312263
184,P5,2905.537325220564
251,P1,2905.60195935958
233,P5,2905.9804227122286
196,P5,2906.3992895448414
217,P2,2906.5005124466265
201,P7,2907.437877673489
237,P2,2907.8365084716133
181,P6,2908.572460724728
100,P5,2908.6850215449035
252,P1,2909.2844313683104
179,P7,2911.8509608000704
186,P6,2911.936012410972
235,P1,2912.25385362578
256,P3,2912.4686962929627
155,P6,2912.61814272961
176,P5,2912.634124773722
207,P5,2912.9039574769
149,P7,2913.6757341263265
157,P5,2914.571560308989
181,P6,2915.526492858918
221,P5,2915.6772116385687
245,P3,2917.9161835206883
255,P1,2917.9722526936657
190,P5,2918.2892392616614
211,P3,2918.3984357832505
239,P1,2918.851557274935
258,P1,2919.2000409057664
251,P1,2920.5715740776077
259,P3,2921.1583757902167
230,P3,2922.2328105447386
244,P3,2922.6544860138297
261,P3,2923.2404082570356
226,P5,2923.2527215143914
207,P5,2923.615838236576
196,P5,2923.9653209859953
236,P2,2924.6974732575372
253,P1,2926.3958183856034
179,P7,2926.85102226345
149,P7,2927.643077869113
187,P6,2927.8422580471142
262,P2,2928.0997290250807
238,P2,2928.152022770928
186,P6,2929.245278952041
252,P1,2929.4765935841383
145,P7,2929.5208176770566
260,P3,2929.6076999817187
230,P3,2929.771626498148
157,P5,2930.4963085760683
155,P6,2930.7841601014006
176,P5,2931.134311884958
244,P3,2931.346115685325
200,P2,2931.437276293226
214,P5,2932.549233982965
235,P1,2933.5862763589057
229,P3,2934.2238087601813
201,P7,2935.472887237416
253,P1,2935.5629792415857
157,P5,2935.6035865328263
223,P6,2936.1829994508057
238,P2,2936.900664998846
260,P3,2937.3686597071237
224,P2,2937.4226903407716
241,P3,2938.114868624299
221,P5,2938.421712316178
250,P1,2938.5885362060203
257,P1,2938.6332592483864
219,P3,2938.654850179317
145,P7,2938.667047974698
155,P6,2940.3877791255672
253,P1,2942.243938613511
236,P2,2942.402534307339
247,P2,2942.67205034848
250,P1,2942.8759753898985
241,P3,2943.150766866617
261,P3,2943.458057205672
196,P5,2944.019774177136
235,P1,2945.5793705677547
140,P6,2945.6319560849
186,P6,2946.5427112805737
157,P5,2947.119493211066
239,P1,2947.1609448943104
260,P3,2947.500059504672
184,P5,2947.582857665849
217,P2,2947.675335851736
233,P5,2948.1826762389874
238,P2,2948.831659961329
252,P2,2948.94436144729
192,P7,2949.0834408391574
162,P7,2949.0879574843148
200,P3,2949.7089506293382
236,P2,2949.7404587987303
248,P3,2950.3253692702983
155,P6,2950.5330817196614
261,P3,2950.649219608099
145,P7,2950.809382593694
211,P3,2951.0131641241155
164,P7,2954.242215438412
255,P1,2955.378517675369
253,P1,2955.4819910395645
153,P3,2955.751996348061
140,P6,2955.7679854761586
221,P5,2955.7991685448
238,P2,2956.085327588771
263,P3,2956.3120268328794
235,P1,2956.3826388864495
226,P5,2957.818268087121
211,P3,2957.9179602031622
155,P6,2958.2030582782945
184,P5,2958.3676696289776
239,P1,2958.3733132354096
227,P3,2958.5684749427005
197,P3,2958.574445729269
245,P3,2958.701994583474
212,P5,2959.2354884835577
216,P3,2959.4371427138226
145,P7,2959.8175731072292
258,P1,2959.820433710895
149,P7,2960.6566181223575
264,P1,2961.7265925132124
229,P3,2962.554416821071
247,P2,2963.2035972729186
184,P5,2966.1026135487314
254,P1,2966.3509297386977
190,P6,2966.7077191664666
260,P3,2966.97631854355
217,P2,2966.9825932588838
248,P3,2967.0684247874087
224,P2,2967.264699405315
200,P3,2967.450449559122
187,P6,2967.9222902997462
237,P2,2967.9489269293117
264,P1,2967.952435369356
239,P1,2968.030078993394
250,P1,2968.4599732096635
261,P3,2968.9987421837286
155,P6,2969.0179685714347
252,P2,2969.354119125313
222,P6,2969.7097238142624
215,P6,2969.9045759379337
149,P7,2970.2164420503386
256,P3,2971.9414116013922
145,P7,2973.277018661486
216,P3,2973.2983310922227
237,P2,2973.590543084477
259,P3,2973.9826400203865
253,P1,2975.1690543245545
164,P7,2976.0751558474326
211,P5,2976.9047409775844
223,P6,2976.9602553128084
184,P5,2977.6631060525415
250,P1,2977.9163746271806
252,P2,2977.991487984709
162,P7,2978.0745065779556
197,P3,2978.152183517163
188,P6,2978.3634593523802
238,P2,2978.7164049054095
149,P7,2978.8886965108877
190,P6,2979.456455689031
155,P6,2979.773630653949
264,P1,2980.61818693795
212,P5,2980.6464805602036
145,P7,2980.687548207958
255,P2,2980.7968321334806
227,P3,2980.949149402564
230,P3,2981.3589510855045
261,P3,2981.4116924198956
245,P3,2981.695893669063
166,P6,2981.978640224605
225,P5,2982.334687589926
256,P3,2982.4081668939766
236,P3,2982.410050384622
239,P1,2982.6123433162397
211,P5,2982.993355318224
216,P3,2983.354481790174
196,P5,2983.9888550118944
229,P3,2984.684987449375
242,P5,2984.7384904468263
164,P7,2984.7623360960706
228,P6,2985.520357776926
217,P3,2985.920452817643
224,P2,2986.4802119006968
190,P6,2986.7768646737277
263,P3,2987.2378158349693
252,P2,2988.5821988524394
145,P7,2988.774042035866
153,P5,2989.855868646244
157,P5,2990.0339797159736
256,P3,2990.069011112002
216,P3,2990.4474820405653
239,P1,2991.272904894435
241,P3,2991.5145306622394
188,P6,2991.5196340518773
230,P3,2991.5516589809954
242,P5,2992.3323865389275
149,P7,2992.6424833182446
235,P1,2993.4448936888584
261,P3,2993.5781395782515
251,P2,2994.0716178484195
187,P6,2994.474858072158
155,P6,2995.569799585898
217,P3,2995.857778966409
100,P5,2995.9374268872025
140,P6,2996.381037183349
237,P2,2996.8164781971573
236,P3,2997.0407968645795
247,P3,2997.5110045278507
197,P3,2997.5337696907804
238,P2,2998.0920190645816
261,P3,2998.168669514802
225,P5,2998.2698882844243
157,P5,2998.657152606288
166,P6,2998.7445417119698
188,P6,2998.999590675742
164,P7,2999.295062644778
263,P3,2999.95588963708
155,P6,3000.3606828221436
212,P5,3002.5173040305995
196,P5,3002.857227847517
153,P5,3004.002000124192
265,P1,3004.8397456572875
179,P7,3005.2777155766576
211,P5,3005.56696545866
207,P6,3005.7365058155724
262,P2,3006.057009509306
224,P2,3006.49672162314
235,P1,3006.587084981652
219,P3,3006.7077436956174
166,P6,3007.00147284001
237,P2,3008.0525600783235
192,P7,3008.1740648330747
248,P3,3008.830020616179
251,P3,3009.1855297326333
149,P7,3010.6528670299863
257,P1,3010.786672291367
261,P3,3011.825439633219
226,P5,3011.9000953863756
268,P1,3012.4770993754055
250,P2,3012.7131331787105
256,P3,3012.772988850115
211,P5,3013.0937124864317
207,P6,3014.467022220481
235,P1,3014.6046873432106
190,P6,3014.7098009343836
267,P1,3016.9186559539403
164,P7,3017.137809957691
239,P1,3017.464316049114
251,P3,3017.59513261155
207,P6,3018.10153300752
100,P6,3018.89777131259
153,P5,3019.0396910305785
224,P2,3019.4786578343774
269,P1,3019.6072971283484
265,P1,3020.4786445813984
200,P3,3021.1549009718633
267,P1,3023.2555775018814
216,P3,3023.423349673392
227,P3,3023.448686757848
262,P2,3024.2873487337224
250,P2,3024.382177946357
196,P5,3024.8796377792255
251,P3,3024.9088257389376
238,P2,3025.0734079371528
179,P7,3026.3123699856396
259,P3,3026.6479907631037
248,P3,3026.805122599086
263,P3,3027.9271172753797
197,P3,3028.2897532519496
212,P5,3028.8749928533834
219,P3,3029.274503569745
190,P6,3029.353696363566
153,P5,3029.8687219499225
188,P6,3030.403939680467
250,P2,3030.757187674619
268,P1,3031.153614626068
248,P3,3031.163008513414
265,P1,3031.935887043463
235,P1,3032.5113618271457
256,P3,3032.8404985688912
251,P3,3034.0445457311603
164,P7,3034.398852748812
262,P2,3034.9235979901528
258,P2,3035.119979823643
224,P3,3036.20139975442
247,P3,3036.381067336335
197,P3,3036.410470556104
239,P1,3036.746316522679
212,P5,3037.846322958759
179,P7,3038.0712351168645
229,P3,3038.0956985085695
179,P7,3039.0975109553624
268,P1,3039.4109116264362
225,P5,3039.704934844566
260,P3,3040.2227285103195
254,P2,3040.572076271477
230,P3,3040.7453546944225
188,P6,3041.1490341398035
155,P6,3042.290735944159
227,P3,3042.3844597051716
258,P2,3042.9154406694233
237,P3,3044.0620228017415
217,P3,3044.3067922929954
140,P6,3044.841641125526
236,P3,3045.3502528042304
267,P1,3045.696785433395
225,P5,3045.9291417575405
224,P3,3046.513375600403
238,P2,3046.617445168512
157,P6,3047.000175872045
251,P3,3047.8799106124725
219,P3,3048.19088816174
230,P3,3050.5565945065537
261,P3,3050.6007519875147
264,P1,3051.9854817592877
266,P1,3052.343374500109
183,P7,3052.5527081647783
166,P6,3053.05873666262
176,P5,3053.463737116481
211,P5,3055.0558273753195
247,P3,3055.3616687916
229,P3,3055.688791007653
192,P7,3057.292598536479
236,P3,3057.977798252147
267,P1,3058.1341789315243
157,P6,3058.296997666267
238,P2,3058.3592611462755
183,P7,3058.610190108418
264,P1,3058.6544777779136
263,P3,3058.677188319701
149,P7,3058.9309855442507
200,P3,3060.129746168244
271,P1,3061.014179469709
145,P7,3061.4406236999607
237,P3,3062.633638954552
176,P5,3062.803388608132
207,P6,3064.019542394105
227,P3,3064.190942826033
270,P1,3065.497554984601
263,P3,3065.909976798325
266,P2,3066.4652625829963
231,P6,3066.7694556876345
253,P2,3066.8562967595076
268,P1,3067.934254743609
215,P7,3068.3792620615377
257,P1,3069.0754683656687
207,P6,3070.0017956931483
270,P1,3070.8948603703675
211,P5,3071.056348325212
249,P2,3072.4835749536733
235,P1,3073.1687656150316
179,P7,3073.382763519624
255,P3,3073.8452542230666
256,P3,3073.873569720109
262,P2,3074.0766270841223
224,P3,3075.1317965323674
232,P6,3075.1807181658305
271,P1,3075.816974527754
166,P6,3076.567191822788
266,P2,3076.5956663869997
197,P3,3077.1051019376546
236,P3,3077.341042973754
140,P6,3078.610057712533
265,P2,3079.9928049918176
215,P7,3080.266615388488
232,P6,3080.3447764363345
246,P6,3080.67566045728
200,P3,3080.710721577785
255,P3,3080.7435519149253
261,P5,3081.429971410813
248,P3,3081.950595607893
196,P5,3082.343585693876
250,P2,3083.59838867675
251,P3,3085.390072208026
249,P2,3086.0770956487163
261,P5,3086.5248580891503
238,P2,3086.8309495408425
239,P1,3087.864024995957
271,P1,3088.8957879309805
258,P2,3088.9575421501836
249,P2,3089.775691939875
257,P1,3090.1577055000766
149,P7,3090.1596152125135
246,P6,3090.3192610365068
100,P6,3090.7124952517897
272,P3,3090.920586483259
256,P3,3092.2062529287823
252,P3,3093.177566869982
179,P7,3093.440316724657
235,P1,3093.491668365522
176,P5,3094.2398853073846
238,P2,3094.726949448762
249,P3,3094.789619315141
237,P3,3094.8127361095585
216,P3,3096.1210426305756
265,P2,3096.136131795042
224,P3,3096.2883929069835
247,P3,3097.311652336602
246,P6,3097.6941118238974
217,P3,3097.8479146458967
269,P1,3097.991307410962
200,P3,3098.0235330500795
100,P6,3098.129933512485
260,P3,3098.5728536776305
155,P6,3098.8356100601295
250,P2,3099.3646096084967
188,P6,3099.735573924196
257,P1,3100.390352447324
248,P3,3100.6897105341914
197,P3,3101.5276699475953
253,P2,3101.7259319738114
232,P6,3103.0723556630014
270,P1,3106.6766610072427
176,P5,3106.8018420912144
247,P3,3107.0540371607703
217,P3,3107.2832476886156
183,P7,3107.755562960657
166,P6,3107.8199043024424
100,P6,3109.636342975582
157,P6,3110.0900709689527
261,P5,3110.429814532331
257,P1,3110.9908288940387
188,P6,3111.4352162455048
250,P2,3111.9408887381105
246,P6,3112.346057183795
230,P3,3112.5206880914398
256,P3,3112.9061038444315
235,P1,3113.5155567738025
272,P3,3113.795855814323
264,P2,3114.102547627245
217,P5,3115.0861878840265
227,P3,3115.3583196186864
236,P3,3115.47807787625
261,P5,3115.919484066151
238,P2,3115.9768880091037
271,P2,3115.9870425885797
270,P1,3116.3302282918676
247,P3,3116.412947700403
255,P3,3116.6160446401495
265,P2,3117.669890942565
251,P3,3118.160563152566
253,P2,3118.602379974571
183,P7,3119.18637081145
255,P3,3121.254548007346
153,P5,3121.258002843981
216,P3,3122.866827248739
176,P5,3123.8067696507414
217,P5,3124.258321839915
256,P3,3124.4416182135665
251,P3,3124.771927648943
264,P2,3124.9620952257724
179,P7,3126.299757913308
237,P3,3126.46723979117
226,P6,3126.555619421572
157,P6,3126.9449643856287
267,P1,3127.617539415888
192,P7,3128.7925767059764
153,P5,3129.6302921508586
200,P3,3129.796058817653
100,P6,3130.2972016572057
211,P6,3130.5877114164014
155,P6,3131.7726065881347
273,P2,3131.8956297561244
237,P3,3132.682459854073
270,P1,3133.423444965005
255,P3,3134.7491462956964
231,P6,3135.013183062474
252,P3,3135.137304732383
224,P3,3135.535322554225
267,P1,3135.746956650882
249,P3,3135.7939310385395
251,P3,3136.647637230479
217,P5,3137.8594439999015
183,P7,3138.1575606123647
271,P2,3138.381080864335
200,P3,3139.0711365929624
273,P2,3139.308830137104
256,P3,3139.797522262953
211,P6,3139.9423115357345
100,P6,3140.3145436082523
155,P6,3140.3212236852846
216,P3,3141.550459978592
250,P2,3141.7585570660494
272,P3,3142.480096266618
238,P3,3142.895766249626
212,P6,3143.3402945078305
252,P3,3145.7078452267488
249,P3,3145.7189896883556
267,P1,3147.569721541299
264,P2,3148.370028951567
253,P3,3148.7370811352125
157,P6,3149.1765549178585
256,P3,3149.6825716772073
100,P6,3149.8987811943034
270,P1,3150.126444988262
274,P1,3150.217476938299
250,P2,3150.2972662477487
246,P6,3150.8122800058277
153,P5,3151.1861462712627
269,P1,3151.7743541369873
238,P3,3151.8314468090316
171,P7,3153.266154031165
226,P6,3154.3968346668644
249,P3,3154.942354335893
216,P3,3155.2080515740595
262,P2,3155.9584855550584
239,P1,3156.8387268401725
232,P7,3156.891625060972
252,P3,3157.4600902899997
265,P2,3158.0663791263482
238,P3,3159.5270173231975
197,P5,3159.9626266574232
211,P6,3161.337723714723
226,P6,3162.263575219243
252,P3,3162.501511807827
256,P3,3162.799745776681
227,P3,3162.8757704357904
251,P3,3163.3429116265065
212,P6,3163.3479302870046
155,P6,3164.127615839439
216,P3,3164.3449914195394
254,P3,3166.521785879264
164,P7,3166.752365326691
100,P6,3166.7557795719767
264,P2,3167.144516076307
271,P3,3168.444577037694
268,P2,3170.5989392258525
155,P6,3171.147755135898
272,P3,3171.239216505799
200,P3,3172.073572665809
239,P1,3174.2152722886763
176,P5,3174.351453323675
272,P3,3178.145523374021
251,P3,3178.2243018610066
239,P1,3178.233856207523
234,P7,3178.7762369055686
176,P5,3178.848611820635
224,P3,3179.1011083632175
100,P6,3179.144809456104
276,P3,3179.6760921960235
235,P2,3179.8491057923984
261,P5,3180.1497890751416
271,P3,3181.3629991760013
253,P3,3181.479130272512
200,P3,3181.4986412122903
275,P3,3181.9478245863693
257,P1,3182.361628363836
227,P3,3183.46809775027
249,P3,3183.605932340061
256,P3,3185.3165080167632
273,P3,3185.9810225898573
271,P3,3186.1591587260123
262,P2,3186.2364644920067
238,P3,3187.586027147171
277,P1,3188.0184408923433
276,P3,3188.1601639430473
265,P2,3189.0260747974653
153,P5,3189.415143816552
250,P3,3189.502652480258
270,P1,3190.5447578978265
258,P3,3190.8927587291573
255,P3,3191.125063233609
226,P6,3194.923996410682
267,P2,3195.304811171137
261,P5,3196.5751318544394
277,P1,3196.84937028373
262,P2,3197.405070447827
250,P3,3198.228380508358
265,P2,3198.312993208003
192,P7,3198.44170154235
232,P7,3199.1628328460924
238,P3,3199.6400522374684
275,P3,3200.1550845669253
268,P2,3200.2091050738472
239,P1,3200.3871399154027
276,P3,3200.540925940416
211,P6,3201.5216033469696
272,P3,3201.5947516308647
227,P3,3201.7527439720016
153,P5,3202.7385122203946
249,P3,3203.925248946438
210,P7,3204.780887626478
251,P3,3204.923342823738
164,P7,3205.062476342025
218,P7,3205.8808848294007
200,P3,3206.2330910038772
176,P5,3206.7325421254736
273,P3,3206.75105076343
268,P2,3207.120610848142
153,P5,3207.687434734373
272,P3,3209.7923867438794
234,P7,3210.0539449245853
267,P2,3210.2651964765423
211,P6,3210.8312247619406
266,P3,3211.0507640390956
275,P3,3211.736107942329
269,P1,3213.0534254770246
246,P7,3213.159407946183
256,P3,3213.502326356674
253,P3,3213.575755350249
277,P1,3215.9568527440424
249,P3,3216.1801348864
261,P6,3216.7608801621063
226,P6,3217.3512330477365
179,P7,3217.8197836778695
251,P3,3218.7891137752054
188,P7,3219.094972522976
267,P2,3219.2262209441847
265,P2,3219.3866367405312
253,P3,3220.249295157293
235,P2,3220.387002874325
266,P3,3220.8802400030827
183,P7,3220.983310877207
212,P6,3221.239653067891
272,P3,3221.9295650911645
276,P3,3223.5206982078184
274,P2,3225.394368595728
264,P2,3225.408264158599
261,P6,3225.877612544255
171,P7,3226.0201026575032
198,P5,3226.3272162175563
269,P1,3226.6328203046446
100,P6,3227.0823157331884
239,P1,3227.9005001858554
183,P7,3228.628890096159
200,P3,3229.879563311684
266,P3,3230.0901810544815
253,P3,3230.4183020195146
276,P3,3232.0501264117356
212,P6,3232.0588063610016
235,P2,3232.404581161127
197,P5,3233.4154707413036
216,P3,3233.744864623529
256,P3,3233.949893931728
273,P3,3234.7613928433266
261,P6,3235.9185683122623
249,P3,3236.394794864884
266,P3,3238.6579332991905
255,P5,3239.5923669330637
257,P1,3239.930833986959
258,P3,3240.513703587791
272,P3,3242.377479375203
238,P3,3242.8494116306497
239,P1,3242.976576510664
273,P3,3243.063640316257
269,P2,3243.718776082341
264,P3,3244.2649673646006
210,P7,3244.293885932065
267,P2,3244.567997576406
249,P3,3245.2110557193437
270,P2,3245.3275700464096
261,P6,3245.396393582267
164,P7,3245.7842075543967
100,P6,3246.903425223736
258,P3,3248.323624982557
239,P1,3248.660187127644
267,P2,3248.706093045152
250,P3,3250.9232667349593
216,P3,3251.796609801232
200,P3,3251.838295374676
276,P3,3252.336746412496
164,P7,3252.6394620417723
176,P5,3252.945077603319
275,P3,3253.1270793414833
212,P6,3253.129074371127
269,P2,3255.3147974824415
226,P6,3256.1415389559456
198,P5,3256.4535001075565
238,P3,3257.5962645826307
277,P1,3259.0255243833035
273,P3,3259.15697367427
200,P3,3259.260289560195
153,P5,3260.562727036752
257,P1,3260.950729003219
274,P3,3262.1864307318115
216,P3,3262.456819945494
253,P3,3263.25237610463
261,P6,3263.6378552120304
266,P3,3263.644326201077
252,P3,3263.8119532852947
269,P2,3265.430430101497
244,P5,3265.6903553629463
257,P1,3267.0333042545158
153,P5,3267.186144593733
271,P3,3268.7571042832556
239,P1,3270.2301930124518
276,P3,3270.666994055092
266,P5,3270.7493493928505
273,P3,3272.331047908609
197,P5,3272.901144123184
253,P3,3273.0652864685603
100,P6,3273.119737251923
240,P7,3274.13839101026
216,P3,3274.1721130917244
176,P5,3275.5110618559625
249,P3,3276.4643919568407
264,P3,3276.482340046504
212,P6,3276.761981121917
267,P2,3279.7261380660443
198,P5,3280.6538459526887
261,P6,3280.9758155638265
279,P3,3281.9701782940665
266,P5,3282.2658698168675
240,P7,3282.4450193943317
212,P6,3284.782562251532
269,P2,3285.7370843311064
267,P2,3285.8430797604287
277,P1,3286.3935691708148
249,P3,3286.9121321432253
235,P3,3287.218595005315
274,P3,3288.815909414091
258,P3,3289.9657333109444
200,P3,3290.205212793913
266,P5,3290.2533429652835
245,P7,3290.425142830154
261,P6,3290.5888542350244
255,P5,3290.9111592614104
272,P3,3290.9941365244827
253,P3,3291.0528253910643
238,P3,3291.8691135404224
244,P5,3292.3190432655388
171,P7,3293.1624429343706
212,P6,3293.7142817550625
262,P3,3293.8707221195677
269,P2,3293.950936314106
280,P3,3294.711548952692
275,P3,3295.130689011964
235,P3,3296.1442892254627
268,P2,3299.0881878947735
274,P3,3299.220080099737
226,P6,3300.155003961908
198,P5,3302.3521492554455
281,P3,3302.9287880139404
256,P3,3303.2716818619756
270,P3,3303.3283794416034
252,P3,3303.5198965410646
262,P3,3303.54716230825
253,P3,3304.3451139092317
171,P7,3304.4854952850883
269,P2,3305.476455145498
268,P2,3305.4918520097094
267,P2,3305.7688445710132
198,P5,3305.800328188582
212,P6,3306.3882819240725
265,P3,3306.8084001222887
258,P3,3306.859083771894
164,P7,3309.599120575223
274,P3,3310.1998031910007
282,P1,3310.612497334744
240,P7,3310.910325310496
279,P3,3312.038216754865
226,P6,3312.3186171473576
261,P6,3316.021011095014
245,P7,3316.9163931497146
244,P5,3317.076621584519
268,P2,3317.1255791359417
282,P1,3317.434230164917
270,P3,3318.0332038302467
277,P2,3319.9091617039653
267,P2,3320.657167736842
275,P3,3321.4019905348764
197,P5,3321.8674896983684
235,P3,3322.0509750754486
238,P3,3322.072778477936
270,P3,3322.8763487327215
244,P5,3323.3384963686344
249,P3,3324.738612258047
262,P3,3327.131161087845
261,P6,3327.273773775164
200,P3,3327.602020324836
264,P3,3328.520937007104
279,P3,3328.862831582754
198,P5,3330.212049924432
278,P1,3330.861537817817
269,P2,3331.0270425261824
275,P3,3331.567807878417
240,P7,3332.6234532591056
277,P2,3332.782815636601
261,P6,3332.879012746703
216,P3,3332.8973716809223
284,P2,3333.9501009478813
275,P3,3339.36901654643
266,P5,3339.555170646014
274,P3,3339.556696313304
268,P2,3339.676883614796
235,P3,3339.7544706581475
153,P5,3340.1899445948375
252,P3,3340.3924638678864
267,P2,3340.567255907653
249,P5,3342.581422704472
269,P2,3343.03993278718
257,P2,3343.8396907774286
238,P3,3344.250722786328
279,P3,3344.28732004907
262,P5,3344.6151087258713
284,P2,3345.682866654829
244,P5,3345.83277627075
271,P3,3346.391859987058
258,P3,3347.2033726475006
272,P3,3347.7792591318675
282,P1,3348.0769964149104
164,P7,3348.559891105462
268,P2,3349.3085701593704
265,P3,3349.777336139374
284,P2,3351.1421128368784
216,P3,3351.2407025273883
135,P5,3352.376022572659
278,P1,3352.4232159964395
261,P6,3353.5503845739854
281,P3,3353.846447604415
220,P6,3354.71506207494
198,P5,3357.845644128521
255,P5,3359.1568243910338
258,P3,3359.5828274730784
253,P3,3360.120554201523
135,P5,3360.2760311117418
278,P1,3361.0932350810986
235,P3,3361.315098471521
265,P3,3361.746896118834
238,P3,3361.7684528906257
279,P3,3363.923998184176
270,P3,3364.0830998463007
287,P1,3364.4562735614227
255,P6,3366.1030492263585
272,P3,3366.8732137766424
286,P2,3366.9162645114525
198,P5,3369.206268883455
282,P1,3369.731418138771
279,P3,3370.1109247456384
239,P1,3371.097675025064
264,P3,3371.5824005865547
275,P3,3372.177183809931
283,P1,3372.7286236917557
257,P2,3373.154019568068
216,P3,3373.3974780352755
284,P2,3373.7981965926365
285,P1,3373.799709656071
266,P6,3374.2001275007733
262,P5,3374.9126093350337
220,P6,3375.303270708854
238,P3,3375.6156415415126
255,P6,3375.782889062969
241,P7,3376.8281066152745
235,P3,3376.83144027065
264,P3,3377.3332462974936
258,P3,3377.7900598035185
239,P1,3378.6233484509157
135,P5,3379.395038293821
284,P2,3379.631050438801
283,P1,3380.04264103361
249,P5,3381.468649757884
198,P5,3381.7574553876425
271,P5,3383.5743356383714
277,P3,3385.108733247479
235,P3,3385.1464331793986
280,P3,3385.154210044961
253,P3,3385.668974414911
257,P2,3388.370591130086
198,P5,3389.287173008217
239,P1,3389.3709349335895
288,P3,3390.1697115962497
252,P5,3390.732564948043
277,P3,3391.6094672012955
278,P1,3392.5551266447874
262,P5,3393.645551998778
216,P3,3394.1537512735736
255,P6,3395.5373737218715
229,P6,3397.398959555402
264,P3,3397.8190688947707
194,P7,3399.009342355713
278,P1,3399.9168605081218
275,P3,3400.0044222989895
253,P3,3400.573300633183
252,P5,3400.910586871074
197,P5,3401.4566852348494
285,P1,3401.485276364709
287,P1,3401.6790760446206
266,P6,3403.1131924229817
277,P3,3403.2834609950614
269,P2,3403.59751446163
282,P2,3403.621500328105
255,P6,3403.74799646128
238,P3,3403.8589228354936
262,P5,3404.4010664837892
286,P2,3405.741777407603
272,P3,3406.2960250832007
274,P3,3406.7965063737893
288,P3,3409.4331527456307
135,P5,3409.588722962364
277,P3,3409.63363207858
285,P1,3410.240550095931
289,P3,3410.4283743123665
258,P3,3410.5752418535358
290,P3,3412.675068917928
268,P3,3414.284705107132
249,P5,3415.3053549262904
239,P2,3415.305675440206
291,P2,3416.9067896517045
135,P5,3417.2025595508953
265,P3,3417.382530284949
278,P1,3417.763218755568
271,P5,3418.2859943311782
264,P5,3419.283905119145
288,P3,3419.629761018125
216,P5,3420.384785395383
197,P5,3420.3888922906344
280,P3,3420.7314518285248
198,P5,3421.446303023202
287,P1,3421.826811355041
272,P3,3422.586251032727
282,P2,3422.9416588647605
267,P3,3425.0734244892997
281,P3,3425.1867197035217
274,P3,3426.1744270066743
291,P2,3426.2073263877865
289,P3,3427.2805291235436
197,P5,3428.4947702930685
216,P5,3428.9450381648094
235,P3,3429.6791813492027
241,P7,3430.129652661348
257,P3,3430.311601880807
237,P6,3432.261767998108
286,P2,3432.380635266791
198,P5,3433.1950810894614
220,P6,3433.2183784678186
266,P6,3433.2730451630196
284,P3,3433.763521535766
198,P5,3434.8023466727022
248,P5,3435.0814629515967
273,P5,3435.7261448398176
265,P3,3436.346856275974
287,P1,3436.444416802148
235,P3,3439.2854911953646
292,P1,3440.1064418717947
259,P5,3440.7693625743236
257,P3,3440.8159230300553
241,P7,3440.9966340362125
277,P3,3441.2189924418108
220,P6,3443.3006108178606
229,P6,3444.5985595000416
194,P7,3445.340497116665
262,P5,3447.3603977897446
274,P3,3448.7302599635814
248,P5,3448.820959032591
265,P3,3449.2126907516335
238,P3,3449.5489937796137
267,P3,3449.76577785526
135,P5,3449.813430276665
271,P6,3450.494026315882
258,P3,3450.7209979360314
272,P3,3450.940414088522
253,P3,3451.0755313891837
153,P5,3451.1001572050577
284,P3,3451.2269912596357
264,P5,3451.432958590361
273,P5,3452.0580300389925
263,P6,3452.2235970722368
255,P6,3452.2896681092807
229,P6,3452.560965803031
294,P2,3452.953118277802
277,P3,3453.21315081668
248,P5,3453.4266762786947
282,P2,3453.5468195376625
259,P5,3453.59440529595
287,P1,3453.9595437099
293,P1,3454.4933580992647
268,P3,3454.497025604593
286,P2,3455.4003648460985
288,P3,3457.510288315298
130,P6,3457.9114568351615
253,P3,3458.1013064147946
272,P3,3460.3703840626677
198,P5,3461.0556144707716
263,P6,3461.451195613405
248,P5,3461.712710414085
273,P5,3461.741198827281
194,P7,3462.0581868463873
290,P3,3462.2575891466913
284,P3,3462.4504646798587
237,P6,3462.570558856848
220,P6,3462.656209939896
257,P3,3462.6934166542055
264,P5,3462.7968143283597
286,P2,3462.9872697350215
255,P6,3463.0488594608073
287,P1,3463.468944653236
281,P3,3464.2059177453325
282,P2,3464.4796470447986
285,P1,3465.7264105927425
229,P6,3467.054366924317
194,P7,3467.9933894156657
288,P3,3468.4822662907745
235,P3,3469.1977100905688
292,P1,3469.4486997938147
264,P5,3469.862269509896
274,P3,3471.065813144018
278,P1,3472.3330586798465
263,P6,3472.6924882711915
271,P6,3473.53955092106
238,P3,3473.966215754284
284,P3,3474.3467578246555
277,P3,3475.13022974904
297,P1,3475.9310018638757
269,P3,3476.15220688677
278,P1,3476.3670510303723
294,P2,3477.2988409465233
216,P5,3478.124467117605
284,P3,3478.4029184373044
262,P6,3480.3821392165696
255,P6,3480.6643652227563
194,P7,3481.3544862818876
135,P6,3482.003599412665
197,P5,3482.1495669955725
237,P6,3482.2530369786796
249,P5,3483.079684065487
290,P3,3483.8178013739093
287,P1,3485.9605770246417
237,P6,3486.659917525223
264,P5,3486.661939987292
296,P2,3486.8719697613765
292,P1,3488.714713441917
135,P6,3489.3274243659907
269,P3,3491.1508033859964
216,P5,3491.390673122374
284,P3,3491.6709802505234
290,P3,3492.7774283907156
239,P2,3493.045939660753
293,P1,3493.4579520357997
220,P6,3493.5484845688557
286,P2,3494.910163325988
285,P1,3495.2747485826385
262,P6,3495.354763389003
287,P1,3495.659102098002
298,P3,3496.187275430079
268,P3,3497.045110216297
241,P7,3497.426351385138
216,P5,3497.7483977533634
274,P3,3498.7779178426536
259,P5,3499.583884372942
235,P3,3499.6106839778754
289,P3,3499.7498562753035
295,P1,3500.277353579737
197,P6,3501.180288404269
296,P2,3501.26155282871
194,P7,3501.5226380419244
290,P3,3502.0782674516367
278,P1,3502.199208359812
292,P1,3502.892940287584
294,P2,3502.997999291059
277,P3,3503.455763568049
282,P2,3504.0780306475017
135,P6,3505.1156635812235
268,P3,3506.140680648178
258,P3,3507.9813465340326
300,P1,3508.8880378224085
235,P3,3509.3559502068388
264,P5,3509.674690836668
295,P1,3511.1508283266294
284,P3,3511.2162842989205
273,P5,3511.254526859942
277,P3,3511.590248427033
238,P3,3512.005090473891
293,P1,3512.5181353611088
301,P2,3513.237376382898
294,P2,3514.265651333605
197,P6,3514.4652715547404
282,P2,3515.182033247895
274,P3,3515.7729474993516
272,P5,3516.265004655188
258,P3,3517.573248806305
262,P6,3517.8361068653244
289,P3,3518.108667444045
294,P2,3518.9629104843084
282,P2,3521.948595268929
298,P3,3522.2030834497014
299,P3,3522.2293226802212
236,P6,3522.3614576681393
254,P5,3522.8758596439397
267,P3,3523.047818387216
287,P1,3523.7351949894246
135,P6,3523.943477514618
239,P2,3524.5109482938155
292,P1,3524.6008086569873
248,P5,3525.2917942751105
296,P2,3526.1910398958894
276,P6,3526.4243838636876
135,P6,3527.1710352751884
230,P5,3528.4956385409982
295,P1,3528.679663178852
254,P5,3530.4153472045505
278,P1,3530.4668201397158
303,P1,3530.63569022062
130,P6,3530.9618476059104
249,P5,3531.2444913425306
292,P1,3531.5249633580697
258,P3,3531.681981005617
194,P7,3532.391818104954
283,P2,3532.49505920046
282,P2,3533.6583244940507
268,P3,3533.7560303395703
285,P2,3534.6913044998114
293,P1,3535.1937305920956
296,P2,3535.5983931278497
263,P6,3535.8858772341073
257,P3,3535.8952230669747
239,P2,3537.8701810391294
249,P5,3538.6256889953575
197,P6,3538.8822632835463
305,P2,3538.9776557186638
278,P1,3539.0139577070504
194,P7,3539.6088384555214
289,P3,3540.6961515862827
274,P3,3541.102254008905
264,P5,3541.938554383729
286,P2,3542.234327658239
135,P6,3542.818096612968
248,P6,3543.031793047402
254,P5,3543.627347405711
299,P3,3543.7025476394483
238,P3,3545.175857168194
300,P1,3546.5858924621484
285,P2,3547.4787806055483
292,P1,3547.665258782419
276,P6,3548.5949149115804
273,P5,3548.7915417347554
259,P5,3549.2680209956284
291,P2,3550.324888072204
299,P3,3550.98441281193
287,P2,3551.4494514188027
251,P7,3551.4620617550286
274,P3,3552.5290844312226
264,P5,3552.6430144270967
235,P3,3553.9370761813293
268,P3,3554.0824182596584
198,P5,3556.2493887300184
284,P5,3557.529584724318
198,P5,3557.8836403717287
264,P5,3558.6507857712127
197,P6,3558.9260184374866
289,P3,3559.1739331547965
263,P6,3560.0920815521768
307,P3,3560.1530770251443
262,P6,3560.4711426974277
194,P7,3561.957207615739
219,P7,3562.237962779929
267,P3,3562.298179410776
269,P3,3562.831903203156
301,P2,3563.1368500119343
295,P1,3563.3953447130634
227,P6,3563.9347107357144
305,P2,3564.07199684319
276,P6,3564.3386037658684
254,P5,3564.4720928351417
296,P2,3564.818810544571
251,P7,3565.879129109492
274,P5,3566.093455235963
197,P6,3566.439823723368
273,P5,3567.3023913025067
307,P3,3568.0094687632386
295,P2,3569.4221354236497
289,P3,3569.5402759099184
285,P2,3569.7074355000987
304,P2,3570.3543374254014
308,P2,3570.8399532845497
283,P2,3570.9017586257505
236,P6,3571.288289417802
305,P2,3571.938258690856
300,P2,3572.2500005436386
198,P5,3572.4761880897477
259,P5,3572.652290822622
248,P6,3572.792540406556
297,P2,3573.734498823944
194,P7,3573.8480777691225
200,P6,3574.4052670901015
286,P2,3574.7999436962873
274,P5,3574.960398783018
238,P5,3576.31252604322
276,P6,3576.388596011502
306,P2,3576.4147951716295
268,P3,3577.50445081808
302,P3,3578.087446461674
259,P5,3578.698153788763
307,P3,3578.808088963111
300,P2,3579.0771945310858
194,P7,3580.074490656703
135,P6,3581.757291433752
293,P1,3582.0248661114715
200,P6,3582.0770316817634
301,P2,3582.129972257534
287,P2,3582.6382895018273
291,P2,3583.011917358255
282,P3,3583.1528550003413
308,P2,3583.749083510075
305,P2,3583.967549552484
219,P7,3585.3001619480306
294,P3,3585.4601262983756
268,P3,3585.8140946983594
302,P3,3586.6370108253313
248,P6,3586.849809706498
297,P2,3587.3432180551354
309,P2,3587.4221545860123
200,P6,3588.525641933519
252,P6,3589.0363255449442
291,P2,3589.4172499334604
307,P3,3589.552523866512
194,P7,3589.951426692153
216,P5,3590.8235066385914
267,P3,3590.8252343254294
293,P1,3591.0946158519037
292,P2,3591.148198317161
296,P3,3591.219801588122
304,P3,3591.406548083514
299,P3,3592.6412833215636
130,P6,3592.8661760509253
285,P2,3592.957635970611
310,P2,3593.2348516341176
272,P5,3593.8343236950705
286,P2,3593.8902704127136
276,P6,3596.1106529653644
238,P5,3596.765999186526
194,P7,3597.2487654191996
269,P3,3599.0216757010216
230,P5,3599.311708402642
252,P6,3599.6992538096692
263,P7,3600.1852356300365
304,P3,3601.0073383644094
198,P5,3601.254315685555
260,P5,3601.5428929849804
197,P6,3601.657020375105
269,P3,3602.175455441939
293,P1,3602.407431464514
235,P3,3603.106471600155
219,P7,3603.187119279094
289,P3,3603.7724305746815
292,P2,3604.067078330844
276,P6,3604.260921402107
250,P6,3604.333420347475
248,P6,3605.5496553306966
270,P6,3606.0832565523388
304,P3,3606.9084835717076
275,P5,3607.3244008724
268,P3,3608.0136722362645
278,P1,3609.2307188744467
295,P2,3610.5950518121913
263,P7,3610.8798094161966
300,P2,3610.991600938682
283,P2,3611.018551142524
289,P3,3611.473797380674
308,P2,3611.747023226765
219,P7,3612.8482547026406
286,P3,3614.164088713182
130,P6,3614.478837826533
248,P6,3614.500806171446
310,P2,3614.5818359759833
254,P5,3614.607855345104
200,P6,3614.9071224649633
284,P5,3615.440941320055
301,P2,3616.915756596971
298,P3,3617.3386689982667
235,P3,3617.9140868681957
289,P3,3617.9862013612615
297,P2,3618.299822241671
230,P5,3618.4986544928333
260,P5,3619.3901087733125
197,P6,3619.467112864766
248,P6,3619.591115525192
198,P5,3620.198897259153
282,P3,3621.5907112709374
299,P3,3622.034740376692
298,P3,3623.4310864276636
267,P3,3623.631942270713
272,P5,3624.2859700133845
239,P2,3625.794279044795
292,P2,3626.330575635581
130,P6,3627.781718406883
235,P3,3627.940991422408
278,P1,3628.931351638487
258,P3,3629.829139777256
275,P5,3630.0362633809914
216,P5,3630.211697203855
304,P3,3630.7052331392215
267,P3,3631.225337476236
198,P5,3631.5649170609695
298,P3,3631.5667558064047
291,P2,3632.0189099237864
310,P2,3632.1329336777853
200,P6,3632.2719847890785
289,P3,3632.935054171491
287,P2,3634.2259124379734
286,P3,3635.098276817748
239,P2,3635.1204336451183
274,P5,3635.6083356256454
258,P3,3636.3149535613934
306,P2,3636.3500340115593
230,P5,3636.4262891405792
273,P6,3636.5372680253486
285,P2,3638.0257529723303
307,P3,3638.3878221665786
198,P5,3638.799536873015
197,P6,3638.826508233572
289,P3,3638.8624741147823
216,P5,3639.285675283013
275,P5,3639.3359896780607
283,P3,3639.9353831479684
303,P1,3640.1051723728533
278,P2,3641.153283660344
310,P2,3641.3019065192157
299,P3,3641.5299192009884
297,P2,3641.5635730521863
267,P3,3641.5728820390427
298,P3,3641.992675054046
254,P5,3642.63594544036
264,P5,3643.2711204615243
311,P3,3644.113122192852
292,P2,3644.200142477348
279,P5,3644.311642997501
272,P5,3644.509192567434
282,P3,3644.9536866549897
260,P5,3645.587855494227
270,P6,3646.063918208088
230,P5,3647.129080522656
295,P3,3648.2434958150757
296,P3,3648.3529472504274
312,P1,3648.4298859931655
291,P2,3648.5153243446925
275,P5,3649.923973756672
309,P2,3650.3316529852013
287,P2,3650.514515467411
248,P6,3650.5331042965854
198,P5,3651.022926989276
130,P6,3651.190310834413
274,P5,3651.281110170347
254,P5,3651.2974434764415
227,P6,3652.28106405553
260,P5,3652.4499976486118
308,P2,3652.6045644963133
282,P3,3653.114280181919
301,P2,3653.16874256761
268,P3,3654.3258119399857
249,P6,3655.674154579361
303,P2,3656.882460535681
235,P3,3656.9026387153017
267,P3,3658.5466884335206
296,P3,3658.550970759859
263,P7,3658.743551663545
254,P5,3659.764171800909
275,P5,3660.5945234283554
300,P2,3660.894219368347
227,P6,3662.3873605123267
197,P6,3662.905015331619
305,P3,3662.9791811879177
292,P2,3662.997762885504
293,P1,3663.1456522346334
264,P5,3663.3131474994243
308,P2,3663.5030373374884
238,P5,3664.9849210953143
298,P3,3666.6185881536685
268,P3,3667.363111662407
230,P5,3667.40362833756
258,P3,3667.6050165110814
313,P3,3668.673250886155
216,P5,3669.5332241443193
264,P5,3669.5435642673538
296,P3,3669.5962016879885
299,P3,3670.169400195624
249,P6,3671.7326197717944
235,P3,3672.1189271851936
254,P5,3672.752495281061
287,P2,3673.190930441565
311,P3,3673.4513986627144
258,P3,3673.842669402926
248,P6,3674.527280849781
260,P5,3674.611613247478
216,P5,3675.9321417003857
279,P5,3676.1791157933053
317,P1,3676.2293345138255
268,P3,3676.2808244188277
238,P5,3676.469277558231
197,P6,3678.2515802312937
292,P2,3679.696514072256
289,P3,3680.556106324028
312,P1,3680.648281183156
303,P2,3680.8657939538493
252,P6,3681.200426556345
300,P2,3681.3689776657584
287,P2,3681.923283404073
219,P7,3682.7173874512846
198,P6,3683.0969306478682
293,P1,3684.069806662235
308,P2,3684.6850007666035
248,P6,3684.717820591532
283,P3,3684.9304267742023
260,P5,3685.014766188546
200,P6,3685.859975895559
272,P5,3686.59669179504
306,P2,3686.9611017054435
295,P3,3687.118635070943
281,P6,3687.49438541717
230,P5,3687.6541059837045
264,P5,3687.730667949646
313,P3,3688.166644579155
316,P1,3688.725577123514
279,P5,3689.9565561044383
130,P6,3689.987778538528
300,P2,3690.1587770730175
291,P2,3690.5079774700926
235,P3,3690.9696631432635
314,P3,3691.6660301409675
315,P1,3692.0243202774404
258,P3,3692.257699921722
200,P6,3692.3537347433976
274,P5,3692.8872149679532
311,P3,3693.057526867232
301,P3,3693.2824626185175
272,P5,3694.39189440994
308,P3,3697.5197429033196
279,P5,3697.7226386655193
285,P3,3698.040313286232
300,P3,3699.3501288627035
314,P3,3699.7550638361054
198,P6,3699.9689175579997
305,P3,3700.009978726608
296,P3,3700.2360803871425
258,P5,3700.892235315565
289,P3,3702.093431197235
252,P6,3702.095170500881
292,P2,3702.641846821204
282,P5,3702.7468015724303
315,P1,3702.972215385094
260,P5,3703.0063083730506
301,P3,3703.2146505321334
278,P2,3703.3419485301256
264,P5,3704.374098427276
252,P6,3704.481840681881
297,P3,3704.589666651585
249,P6,3704.8435243796266
310,P2,3704.8691253596007
248,P6,3704.983108806777
291,P2,3705.3214581596544
272,P5,3706.57164421788
267,P5,3706.9090413860677
303,P2,3707.5813109296746
197,P6,3707.7220648307202
313,P3,3708.156273332501
198,P6,3708.5881125359806
285,P3,3709.9667384209447
312,P1,3711.242334413657
200,P6,3711.6947310140363
239,P3,3712.9609159402203
286,P3,3713.046780342371
293,P1,3713.5683581699705
248,P6,3713.929309853291
296,P3,3713.980328527967
316,P1,3714.085799995176
315,P1,3714.400114399836
317,P1,3714.879091810486
249,P6,3714.932892153884
227,P6,3715.0691952181605
314,P3,3715.761048698093
258,P5,3715.7712767661765
260,P5,3717.2578425997895
303,P2,3717.669376167386
290,P5,3717.79885315213
238,P5,3718.0488169111177
312,P1,3718.5400099049903
294,P3,3718.582861355204
318,P3,3719.48183461155
320,P2,3719.5657819677235
254,P6,3719.8177627127834
279,P5,3720.420716384877
296,P3,3720.573196242938
248,P6,3722.3127308447106
258,P5,3722.353988296581
260,P5,3722.3910151950518
230,P5,3724.1121259235633
278,P2,3724.1982586130944
300,P3,3724.7828782185547
200,P6,3725.550530765965
238,P5,3725.5518319098533
315,P1,3725.7305985388034
308,P3,3725.9870202485254
312,P1,3726.7616112638175
274,P5,3727.38026521188
297,P3,3727.482701528814
311,P3,3727.6599893659018
252,P6,3728.3085149302938
303,P2,3728.97260323118
291,P2,3730.59493566252
198,P6,3730.7528635985964
264,P6,3731.0964642320864
239,P3,3731.359088259818
300,P3,3731.604586802538
278,P2,3731.904757661322
253,P5,3732.0074788172606
320,P2,3732.2197390243477
301,P3,3733.5335663962264
238,P5,3733.578612208129
272,P5,3734.5583202987877
287,P2,3734.5649643337915
314,P3,3735.445859681274
130,P6,3735.5670283766754
258,P5,3735.7237772669787
296,P3,3736.269155460716
293,P1,3736.416264037051
281,P6,3736.9530264201303
291,P2,3737.5985747147793
198,P6,3738.0261191675845
297,P3,3738.9808526748334
316,P1,3739.124597450606
312,P1,3739.754013894837
316,P2,3740.966175375977
321,P2,3741.1987934997683
311,P3,3741.7955980101474
267,P5,3742.5213700946456
227,P6,3743.078314545812
283,P3,3743.265299871829
306,P2,3743.3424230544447
288,P6,3743.5357009396457
292,P2,3743.627948058988
301,P3,3744.07459255891
309,P3,3744.3924153748003
315,P1,3744.5608832893504
286,P3,3744.6107099335704
294,P3,3745.3848480174147
272,P5,3745.779030858556
260,P5,3745.9236869423567
265,P6,3746.0696115394503
303,P2,3746.1757073171625
312,P1,3746.9407779197236
316,P2,3747.6616033698224
317,P1,3747.83612530001
319,P2,3747.96325436445
303,P3,3749.1943257418234
197,P6,3749.516608108603
198,P6,3749.5504008682256
224,P7,3749.619139533695
278,P2,3749.680271743666
282,P5,3749.945554196471
267,P5,3750.3263186688346
318,P3,3750.988561208057
296,P3,3751.1993449567035
291,P3,3751.752247156593
302,P3,3752.1227268715684
315,P1,3752.155191934534
320,P2,3752.7953759194193
322,P3,3752.9103622660127
309,P3,3752.972297268946
294,P3,3754.7590583284937
308,P3,3755.025600469811
290,P5,3755.8248248931127
301,P3,3755.8406334800884
283,P3,3756.345600322315
248,P6,3756.8741022852564
314,P3,3758.48845726035
321,P2,3759.1594902679335
296,P3,3761.1079602071472
197,P6,3761.2782308004607
267,P5,3761.7799323119552
289,P5,3762.00898313076
300,P3,3762.2541768387186
297,P3,3763.216545007074
315,P1,3763.465278054581
258,P5,3763.817552231068
301,P3,3764.5020638023516
309,P3,3764.9461255680226
253,P5,3765.532103145548
318,P3,3767.672175728068
272,P5,3767.8627475392723
312,P1,3767.9548866745836
254,P6,3768.3506922336887
282,P5,3768.473040472682
285,P3,3768.852532314456
291,P3,3769.5129856311833
239,P3,3769.611684717946
289,P5,3770.551431763902
296,P3,3770.9777553805175
253,P5,3771.1089753920405
238,P5,3771.487148347909
198,P6,3771.681516448569
197,P6,3771.8604132677306
287,P2,3772.046628567802
321,P2,3772.5855337914463
281,P6,3773.4378751389213
286,P3,3773.5159253897787
230,P6,3774.1367611021337
309,P3,3775.0376019194277
283,P3,3775.1626664651267
260,P5,3775.4688917486014
317,P1,3775.5434483402055
264,P6,3776.1003171006464
308,P3,3776.274623666257
312,P1,3778.636238241961
260,P5,3779.221635204023
267,P5,3779.6122500102565
291,P3,3779.7028095194055
318,P3,3780.1794910943313
282,P5,3780.204408254574
280,P5,3782.1479482802215
287,P2,3782.287493930772
315,P1,3782.6606175510037
272,P5,3783.295416584637
230,P6,3784.6258133197066
308,P3,3785.5694150110476
301,P3,3786.0777799577104
264,P6,3786.13604940372
238,P5,3787.0032309031862
310,P2,3787.5027027611573
306,P3,3787.576529198373
312,P1,3788.5935947869334
286,P5,3790.331086782055
296,P3,3790.4845131462557
303,P3,3790.6567155055336
291,P3,3791.14915717652
287,P2,3791.38769394299
198,P6,3791.9297036085873
289,P5,3792.8675762406347
293,P1,3793.038315752344
321,P2,3793.55378634437
282,P6,3793.632981136396
283,P3,3793.6378139337316
322,P3,3793.84458833944
319,P3,3794.4598764048596
272,P5,3794.8611805278033
281,P6,3795.993986743202
267,P5,3800.274422499447
265,P6,3800.8416595039416
224,P7,3800.84990130379
287,P2,3801.1573980919848
292,P3,3802.3913966647387
230,P6,3802.6989957422315
278,P2,3802.8492586972825
309,P3,3802.9114093295157
254,P6,3803.751920547084
260,P5,3804.4502677265878
238,P5,3804.7323516565975
296,P3,3804.832028934015
323,P3,3805.4788084702673
283,P3,3806.118361741225
272,P5,3806.2383638743554
308,P3,3806.4505765312124
319,P3,3807.3117337587296
289,P5,3807.5049058024892
254,P6,3807.5444640829755
198,P6,3807.7100840206786
264,P6,3807.764256086793
274,P6,3808.9063809059435
316,P2,3810.507507174759
303,P3,3810.6268308550493
292,P3,3811.234991071737
312,P1,3811.2419738718604
287,P2,3811.2974095770974
258,P5,3811.7796528323897
280,P5,3812.422795392709
260,P6,3813.63816009926
238,P5,3815.101343069335
253,P5,3815.47749668648
317,P2,3815.859370327
282,P6,3815.969919140495
279,P6,3816.2610580151004
312,P1,3818.1153098134982
292,P3,3818.302389748567
302,P3,3819.0340945572866
324,P2,3820.4803577932635
198,P6,3820.5900569583578
301,P3,3821.3037368125124
306,P3,3821.3500699182423
317,P2,3821.85975152252
254,P6,3822.2991905058625
253,P5,3823.132967802843
323,P3,3823.8921311403474
272,P5,3823.9025928251153
293,P2,3825.0628882544656
314,P3,3825.0699435481597
307,P5,3825.3187063301134
279,P6,3825.7012396155474
280,P5,3825.9915226680587
264,P6,3826.1401104773972
287,P2,3826.6413301229773
312,P2,3826.77091507714
310,P3,3827.07560485686
285,P5,3827.095925221821
290,P6,3827.7690668738855
319,P3,3828.172044739133
281,P6,3828.433260778321
296,P3,3828.6069484794994
282,P6,3829.0802391732286
254,P6,3831.352982126429
278,P2,3831.7240087348414
289,P5,3831.9915138665137
272,P5,3834.3903992574446
264,P6,3834.4700424633465
238,P5,3834.7035959737877
281,P6,3835.3133809778747
312,P2,3837.7906873295938
253,P5,3837.8255148462445
297,P3,3837.9621653269514
265,P6,3838.4855568991384
322,P3,3839.6267350482954
292,P3,3840.6279241474213
258,P6,3841.9755391581048
324,P2,3843.2118161806534
230,P6,3844.3290999926917
304,P7,3845.2864646151384
278,P2,3845.5132590490734
277,P5,3845.9320767808
197,P6,3846.155069519761
272,P5,3846.1976487221837
319,P3,3847.777585282397
303,P3,3848.30534139126
282,P6,3848.4784471049725
323,P3,3848.648470384528
296,P3,3851.4326978256263
315,P2,3853.0567728021933
317,P2,3853.134419899863
289,P5,3853.1876718146505
291,P3,3854.158215573692
304,P7,3854.869898395745
278,P2,3854.969376093732
327,P1,3855.1314472986683
301,P3,3855.1902169850973
272,P5,3855.936334467491
293,P2,3857.117833761439
230,P6,3857.4527057668615
312,P2,3858.0315545409126
274,P6,3858.2633263548673
323,P3,3858.6952370355907
224,P7,3858.975885719489
258,P6,3859.1035796983456
326,P1,3860.0976172642877
317,P2,3860.9564683313615
247,P7,3861.1961246709893
280,P5,3861.316354766777
322,P3,3861.5536564423073
320,P3,3862.302610292365
307,P5,3864.6473123273026
301,P3,3864.7181652199406
325,P1,3865.9554802152593
323,P3,3866.218490219869
265,P6,3867.0328126555137
326,P1,3868.302513661025
297,P3,3868.331364967804
292,P3,3868.358331967338
289,P5,3869.0314938050215
312,P2,3869.47479556268
253,P5,3870.9434531829284
317,P2,3871.459618784139
313,P5,3871.56766505356
285,P5,3871.5844338472925
309,P3,3871.614105270956
325,P1,3872.030066566275
278,P2,3873.157827413039
290,P6,3875.04732840829
264,P6,3876.710052169866
265,P6,3877.069485412466
230,P6,3877.1846852570357
258,P6,3878.4153185891846
260,P6,3878.998570089611
197,P6,3879.3975122674847
256,P5,3879.7649009434876
292,P3,3879.8332280201003
278,P2,3882.129080778776
301,P3,3882.7295666828527
325,P1,3882.894980579601
247,P7,3883.4473676618964
253,P6,3883.514159667156
313,P5,3884.950659446612
230,P6,3885.564331527957
286,P5,3885.90977010331
314,P3,3886.6781433919896
285,P5,3886.7337754977016
302,P3,3887.589952005972
327,P1,3887.9385424301454
293,P2,3888.0434288430774
256,P5,3888.711872906523
260,P6,3888.9374215806065
319,P3,3889.541878845633
278,P2,3889.6418568235194
264,P6,3889.8265134498283
287,P3,3890.0084685015845
326,P1,3890.650527581633
320,P3,3892.370983920697
286,P5,3893.008258555789
322,P3,3893.026379244204
321,P2,3893.301059168585
287,P3,3895.148140978109
310,P3,3895.1979369101714
315,P2,3895.950711015449
230,P6,3896.3143409612894
265,P6,3897.615670877111
264,P6,3898.075010486913
326,P1,3898.210856639883
285,P5,3898.452172554984
260,P6,3900.5641612024137
197,P6,3900.65487185506
314,P3,3900.7677465618117
289,P5,3900.773691720628
292,P3,3900.998133423428
254,P7,3903.166340044295
291,P3,3903.8560102470924
297,P3,3904.7135148095645
286,P5,3905.140805637031
313,P5,3905.413700966683
299,P6,3905.6338959524032
309,P5,3906.536978968043
278,P2,3906.6887221488387
290,P6,3906.694987959705
314,P3,3907.1787940756512
230,P6,3907.314034624317
256,P5,3907.5008737229937
319,P3,3907.702741291626
329,P3,3907.964398120088
197,P7,3908.102816526001
306,P3,3908.1337598634823
300,P5,3908.3830036146596
316,P2,3908.4379186314713
312,P2,3908.9233928010717
260,P6,3909.536533835163
293,P2,3909.922126084241
330,P1,3911.8062967722885
291,P3,3912.4659064354046
320,P3,3913.4048491649914
224,P7,3913.801096812932
317,P2,3914.1293787762215
285,P5,3914.894452514064
324,P3,3916.204193748641
299,P6,3916.2954268922167
327,P1,3916.3881453056856
256,P5,3916.6501539652754
272,P6,3916.769402333433
296,P3,3918.340581463997
278,P3,3918.7551053407956
197,P7,3919.1505182060555
277,P5,3919.276007838374
254,P7,3919.5194162950306
260,P6,3922.178069115138
315,P3,3922.6815183638137
253,P6,3923.1357585689348
300,P5,3923.2334420042157
320,P3,3924.071098265892
328,P1,3924.2104312798356
330,P1,3924.247447765298
280,P5,3924.5161224105377
272,P6,3927.381461013199
314,P3,3927.9109675734067
307,P5,3928.0075066941417
224,P7,3928.2202851250204
278,P3,3928.5550760430315
302,P3,3928.567867930487
313,P5,3928.6149693549587
306,P3,3929.2493043571103
320,P3,3929.478925165968
300,P5,3930.0563187860967
258,P6,3931.704754256088
321,P2,3931.7556113847113
292,P3,3931.9221788312343
309,P5,3932.0910989656263
322,P3,3932.4459212988345
310,P5,3932.5660186417426
297,P3,3935.8316220953857
324,P3,3936.602481043433
285,P5,3937.262259993735
307,P5,3938.5416160183254
315,P3,3939.30237653333
224,P7,3939.9063410148387
316,P3,3940.4925086175886
302,P3,3940.8989430048505
258,P6,3941.503999209137
280,P5,3942.4494111958306
331,P2,3943.9303740460145
320,P3,3944.1943191752193
322,P3,3944.2419460580254
310,P5,3944.453833291269
247,P7,3944.5925148574656
309,P5,3944.8405221719227
299,P6,3946.482417271357
319,P3,3947.04579164038
289,P5,3947.176079547846
287,P3,3947.4527299495276
327,P1,3947.459394630588
272,P6,3948.577549388739
256,P5,3949.003620335859
302,P3,3949.163998076923
330,P1,3949.717721246952
325,P2,3950.2189205788277
297,P3,3950.4398288957495
224,P7,3951.3060188169534
301,P3,3951.544863742599
320,P3,3952.954567855914
272,P6,3953.6307330965237
317,P2,3953.9379720858747
264,P7,3953.94595180709
322,P3,3953.9768484557976
286,P5,3954.8305476860373
325,P2,3955.79709572553
256,P5,3955.9769574075317
297,P3,3955.9845961665446
313,P5,3956.4790954384553
247,P7,3956.548702763594
277,P5,3956.8699624356004
293,P2,3957.333216565918
238,P5,3957.385048195775
264,P7,3957.8490176010664
314,P3,3958.8436875731104
269,P5,3958.907717740156
324,P3,3959.3913375350153
331,P2,3960.000570368962
258,P6,3961.1524596061236
254,P7,3961.6011600512684
330,P1,3961.6337335831813
316,P3,3961.8132898239996
329,P3,3962.1309972134677
313,P5,3963.8420417714783
320,P3,3963.8763041661973
277,P5,3964.4534382633865
285,P5,3964.920475073937
322,P3,3966.6532786805365
247,P7,3966.750878162707
332,P2,3966.9114575958774
238,P5,3967.1774983285604
334,P3,3967.884514331628
326,P1,3967.9239362261296
314,P3,3968.2110010751785
256,P5,3968.5161071503762
260,P6,3969.310910830987
316,P3,3969.686524628785
253,P6,3970.2828410561465
197,P7,3970.846542325239
315,P3,3970.910314695312
312,P2,3971.0980270214673
295,P7,3971.4058600987514
278,P3,3972.06081637276
322,P3,3972.9195348859516
307,P5,3974.6388115447016
321,P2,3976.280590811937
285,P5,3976.696559927752
293,P2,3977.02587901415
287,P3,3977.423393976827
238,P5,3977.8548543042834
253,P6,3978.01909128302
302,P3,3978.980783203001
327,P1,3979.33744509213
301,P3,3979.8542967612966
224,P7,3981.7412758265136
331,P2,3983.46030255047
197,P7,3983.612158103059
314,P3,3984.0605645206947
287,P3,3984.0659347300984
309,P5,3984.1624755983194
330,P1,3984.487815680833
315,P3,3985.0025836409477
307,P5,3985.3395230658266
313,P5,3985.7360015676786
300,P5,3986.980601315283
316,P3,3987.129525355214
325,P2,3987.4336366236594
332,P2,3988.2344228989177
317,P2,3988.736772986989
260,P6,3989.4488938100085
224,P7,3991.4435098402723
316,P3,3991.503577299435
320,P5,3993.444799754734
329,P3,3993.6966654585635
314,P3,3995.7919787859682
327,P1,3996.1013068703332
287,P3,3997.5797889229584
238,P5,3997.8361280212225
309,P5,3998.096236216006
272,P6,3998.2311088765837
292,P3,3999.446967794452
326,P1,3999.5720118352115
253,P7,3999.8639848577095
324,P3,4000.5965895870595
316,P3,4000.6976673166923
305,P7,4000.8571021315256
302,P3,4001.204024586096
332,P2,4001.6368198290074
278,P3,4001.795556140729
300,P5,4001.9330626931555
238,P5,4005.677368958007
321,P3,4005.927883151343
334,P3,4005.9592326149095
332,P2,4006.5156677181635
319,P3,4007.6823108694616
292,P3,4008.137188500816
260,P6,4008.1829215603484
307,P5,4008.2594655439448
197,P7,4008.3867701600357
285,P5,4008.5198112319877
297,P3,4009.048768670603
325,P3,4009.3610056716498
295,P7,4011.388587749197
264,P7,4012.1627955163185
300,P5,4012.344925470608
320,P5,4012.658030375166
317,P3,4012.93506028099
324,P3,4013.176116026048
323,P3,4013.5855594163354
287,P3,4013.8500926586976
247,P7,4015.402385683148
272,P6,4015.52203147956
337,P1,4016.3207414252524
253,P7,4016.7759145986706
289,P5,4017.087501439464
321,P3,4017.7159129220618
238,P5,4018.121192487549
260,P6,4018.12360757179
293,P2,4019.630000646255
256,P5,4019.820221462017
269,P5,4020.655698914997
300,P5,4021.8398484185896
301,P5,4022.2940685738185
309,P5,4023.372080339949
257,P6,4024.052133483019
334,P3,4024.2616085829723
287,P5,4025.3157834833637
299,P6,4025.8571139214037
324,P3,4027.2345228560803
306,P5,4027.3827538023224
269,P5,4029.123808829182
309,P5,4030.1474713562966
292,P3,4031.0921325419704
332,P2,4031.139305271476
335,P2,4032.2846197560166
310,P5,4032.9442806029747
314,P5,4033.5063898115854
253,P7,4035.832531309438
330,P1,4036.6647102714182
326,P1,4036.9757650426504
299,P6,4037.0415503442828
238,P5,4037.3233190689166
277,P5,4037.8890306686462
337,P1,4038.4587665367912
324,P3,4039.075685036759
297,P3,4039.2936398447728
330,P2,4039.7918393227446
256,P5,4040.3115501565035
335,P2,4040.6389979151904
235,P6,4040.7756508017
289,P5,4041.103679326374
310,P5,4041.223966263863
300,P5,4041.627625728668
264,P7,4042.4855085005893
277,P5,4043.536984946142
309,P5,4044.904205025504
197,P7,4045.3810454851314
339,P3,4045.7221170206335
338,P2,4047.18027345809
331,P3,4047.5810296641603
327,P1,4048.0718857826914
256,P5,4048.3238600921923
306,P5,4048.366479568303
301,P5,4049.205633200318
300,P5,4050.3719063071526
314,P5,4050.517811482456
324,P3,4050.746768495706
325,P3,4050.783441810368
309,P5,4051.1102139796694
238,P5,4052.535966611487
297,P3,4054.2020938572714
258,P7,4054.6744799938106
287,P5,4055.1087155905034
253,P7,4055.2974070727228
338,P2,4055.748672983446
311,P6,4056.245908458785
292,P3,4057.235400483663
235,P6,4057.788476534087
327,P1,4059.1027178212453
272,P6,4059.521820240019
323,P5,4059.9653122928453
306,P5,4062.5124725985256
278,P3,4062.7742222135803
336,P3,4063.092615081868
264,P7,4063.4412807138415
235,P6,4063.90752648514
238,P5,4065.0877055431083
277,P5,4065.160560900652
285,P5,4065.457621832851
334,P3,4066.0816589928763
340,P1,4066.5506117310274
299,P6,4067.057061365624
319,P3,4067.0759201488027
324,P3,4067.475509954247
331,P3,4067.577340828363
321,P3,4068.221896557433
341,P1,4068.6452369773065
336,P3,4068.8439711357883
289,P5,4069.727901769444
292,P3,4069.9105346459064
320,P5,4072.900430080127
310,P5,4073.2122825312367
335,P2,4073.556833368986
278,P3,4075.1550834204445
311,P6,4075.756043147155
323,P5,4075.8100899619576
331,P3,4076.46466576945
258,P7,4076.838806495728
292,P3,4076.839895349615
328,P2,4077.217909521795
272,P6,4077.227295876407
324,P3,4078.0259497408274
315,P3,4079.106434339519
316,P5,4079.7245386214304
256,P5,4080.415473128006
310,P5,4081.056066352607
301,P5,4081.1774597856993
328,P2,4083.344656907435
339,P3,4084.016827022334
330,P2,4084.035133583146
320,P5,4084.0448408742814
340,P1,4084.437405293109
334,P3,4084.718218037387
256,P5,4085.06257293843
272,P6,4086.1391802826497
253,P7,4086.6354085145795
341,P1,4086.801260370533
258,P7,4087.788675141685
312,P2,4087.8244743796317
277,P6,4087.894773597427
306,P5,4088.6848483073095
319,P3,4089.370625489474
285,P5,4089.5375940217637
289,P5,4089.687223362333
334,P3,4089.7775740395864
235,P6,4090.4575514069625
320,P5,4091.530555866555
292,P3,4091.5803749454726
327,P2,4092.6569240893236
285,P5,4092.9694159535497
330,P2,4092.974179452877
293,P3,4093.0219629222765
264,P7,4093.2311803587168
256,P5,4094.337695532934
343,P3,4094.5026226026175
339,P3,4094.631659029019
344,P3,4095.3829072343988
306,P5,4095.7411948724584
325,P3,4097.606076144997
197,P7,4098.2347320608915
272,P6,4098.626414298932
316,P5,4098.841030778549
268,P7,4099.389426695428
321,P3,4099.891075377078
238,P5,4100.203485777326
331,P3,4101.2469900983215
341,P1,4101.6205072699995
315,P3,4101.745843188849
334,P3,4101.772837642853
264,P7,4102.67302131657
342,P2,4102.94633567137
294,P6,4103.723817688829
325,P3,4104.654667690147
323,P5,4105.583841695555
321,P3,4107.248403115864
319,P3,4107.500683175299
343,P3,4107.652533485369
316,P5,4107.777138686432
264,P7,4110.228156207162
287,P5,4111.937473387687
239,P5,4112.314393179806
323,P5,4114.927346272058
337,P1,4115.197802747148
334,P3,4115.20014052329
326,P2,4115.256247924346
285,P5,4116.071349027384
343,P3,4116.5572783258585
278,P3,4116.798386049996
268,P7,4117.414373431344
312,P2,4118.7282590474215
272,P6,4119.6692834730275
327,P2,4119.768587544403
307,P6,4120.0001152855975
294,P6,4120.245158937591
309,P5,4120.321827082949
323,P5,4121.163983522144
315,P3,4121.965274010905
334,P3,4122.034570101668
264,P7,4122.542196347246
335,P2,4123.567702706233
310,P5,4124.403434029835
340,P2,4124.653679073802
327,P2,4124.819883471065
339,P3,4125.033168728295
328,P2,4125.363459026213
317,P3,4126.050795891253
333,P2,4126.751136695083
299,P6,4127.121808404351
311,P6,4127.497917701438
316,P6,4128.054188802468
315,P3,4128.235970148039
268,P7,4128.352491092364
197,P7,4129.101463506533
335,P2,4129.788315802996
312,P2,4130.186601810713
277,P6,4130.253007119793
301,P5,4131.386462753607
330,P2,4132.773256350686
256,P6,4133.088181917552
283,P5,4133.155575327781
287,P5,4133.340746066001
269,P6,4133.471913200868
344,P3,4134.109892491716
343,P3,4134.369802688616
278,P3,4134.6442280143365
332,P2,4135.214815830074
345,P2,4135.3222886709655
335,P2,4135.465863750625
326,P2,4135.9650903544825
307,P6,4136.290179199938
342,P2,4136.300492983876
325,P3,4136.922470992993
317,P3,4137.206285360892
347,P1,4137.548558826833
321,P3,4138.138005110976
277,P6,4138.41113820629
331,P3,4138.634227564524
340,P2,4139.271786323508
256,P6,4141.004851626598
314,P5,4141.233901974936
293,P3,4141.475482023588
323,P6,4141.491610983813
315,P3,4141.790674645545
239,P5,4142.905707084778
330,P2,4142.929298318558
333,P2,4144.018079739066
325,P3,4144.18750924123
347,P1,4145.66266844179
344,P3,4146.019653225457
319,P3,4146.599578263669
297,P5,4147.127774970609
197,P7,4147.95801080779
338,P2,4148.035277189386
256,P6,4149.083052803485
336,P3,4149.638009617821
306,P5,4150.729564542295
315,P3,4150.760262163497
328,P2,4153.616583995226
314,P5,4153.775447819021
326,P2,4154.722649886959
310,P5,4155.4293745963205
344,P3,4156.0113663190305
297,P5,4156.169728521609
340,P2,4156.216236248075
256,P6,4157.201263785528
345,P2,4157.428511583331
272,P6,4158.069743712817
311,P6,4158.408628707408
331,P3,4158.444892931849
238,P5,4158.844309964639
293,P3,4158.987687157276
327,P3,4159.084866717546
346,P3,4159.571691997559
336,P3,4159.656282415283
235,P6,4160.618526365088
197,P7,4160.897387228977
289,P6,4161.045830426976
314,P5,4161.754109284838
283,P5,4161.930784309662
325,P3,4162.13550704253
342,P2,4162.336281786758
317,P3,4164.01786655102
345,P2,4164.517955789523
197,P7,4164.766542669838
343,P3,4165.133050738879
338,P2,4166.0359994578075
350,P3,4166.641408083813
272,P6,4166.923938570028
238,P5,4167.217064305345
287,P5,4168.354695453618
307,P6,4168.368722305458
332,P3,4168.823655008815
301,P5,4169.5871348091105
316,P6,4170.395809269407
319,P3,4170.741714735287
349,P3,4171.0406290807405
283,P5,4171.088398556033
293,P3,4171.739488249572
289,P6,4172.227739241458
320,P5,4172.34811369329
352,P1,4172.497682089215
334,P3,4172.982475201857
264,P7,4173.73276184142
239,P5,4173.97409435287
350,P3,4174.27571822552
317,P3,4174.906397817162
344,P3,4175.498002968382
297,P5,4175.654551425228
345,P2,4176.977397374064
302,P6,4177.050685587414
340,P2,4177.361209157521
325,P3,4178.030726453086
332,P3,4178.042024801366
338,P2,4178.140377945763
348,P3,4178.462389430771
343,P3,4178.562658549684
336,P3,4179.215040207844
277,P6,4179.492877102364
346,P3,4179.894580364174
319,P3,4180.322602682219
272,P6,4180.826542472343
328,P2,4180.947043643682
326,P2,4181.828457579229
342,P2,4181.8577371853735
314,P5,4181.95584810335
337,P1,4182.784831758487
352,P1,4182.835682308564
334,P3,4183.146526133245
344,P3,4184.145435868344
310,P5,4184.224810210863
269,P6,4184.435905250968
339,P3,4184.579253118217
315,P3,4185.025940814958
341,P2,4185.356955689634
294,P6,4185.675119377979
272,P6,4186.237071309666
283,P5,4186.383088297061
347,P1,4186.654545372342
325,P3,4186.802435757701
317,P3,4187.013495665704
285,P5,4187.476829790902
345,P2,4188.333181152509
311,P6,4189.069176145127
348,P3,4189.700528241367
301,P5,4190.884827487301
353,P2,4191.987754543721
264,P7,4192.030290966538
320,P5,4192.539792293724
297,P5,4192.986056751797
337,P1,4194.15316371733
278,P3,4194.721761664297
352,P1,4195.409526116719
302,P6,4195.773036526002
330,P2,4196.1723789072075
323,P6,4196.33647259182
272,P6,4196.390284041535
312,P3,4196.966131093108
329,P7,4198.080088202265
336,P3,4198.638546078397
294,P6,4198.788315556743
349,P3,4199.140707397345
318,P7,4200.7865801778125
256,P6,4201.346401089714
310,P5,4201.649842426414
301,P5,4201.7048956384
342,P2,4201.782872236118
308,P5,4201.9042893844935
326,P2,4201.966607293252
320,P5,4202.011178726172
317,P3,4202.569698994109
316,P6,4202.611834888841
328,P2,4203.185600529161
332,P3,4205.507134684929
333,P2,4206.736001956606
269,P6,4207.002504423332
311,P7,4207.2778349650325
319,P3,4207.851765974128
268,P7,4208.300568707228
349,P3,4208.664426899728
289,P6,4209.1283962779835
354,P3,4209.483280731312
340,P2,4209.609680439525
294,P6,4209.619013947786
314,P5,4209.732401016705
238,P5,4209.881638507296
283,P5,4210.0868631377225
339,P3,4211.067745867146
308,P5,4211.151380818547
315,P3,4212.59228783262
238,P5,4212.686366365886
264,P7,4213.396272171396
340,P2,4213.656542962511
325,P3,4215.955272363918
333,P2,4215.973361777948
310,P5,4216.038116747004
329,P7,4216.047688547114
328,P2,4216.061459679547
338,P3,4216.6334124791465
197,P7,4216.777271846509
316,P6,4217.087935125105
352,P1,4217.267517795819
297,P5,4217.9664380278255
348,P3,4218.67212091948
256,P6,4219.939674316007
314,P5,4220.102969599065
318,P7,4220.309144394617
346,P3,4220.656138293419
283,P5,4220.729124553019
307,P7,4221.728979831443
308,P5,4221.802740114304
301,P5,4222.009619455463
264,P7,4222.495788018377
327,P5,4222.960739450652
350,P3,4223.511170198677
297,P5,4223.935319444881
289,P6,4224.002412132218
353,P2,4224.541493087242
339,P3,4225.314057030964
340,P2,4226.104241931356
301,P5,4226.26101709879
325,P3,4226.408357547395
269,P6,4226.480907100958
316,P6,4226.515108527098
323,P6,4226.6212928881005
337,P1,4226.949067368885
346,P3,4227.676178349413
320,P6,4227.689367592884
336,P3,4227.937895047414
287,P6,4228.05824620409
268,P7,4228.646455189051
332,P3,4229.74613083043
353,P2,4230.371055989388
256,P6,4232.686654110208
293,P3,4232.965520890553
336,P3,4233.1687737081975
283,P5,4233.420442303201
272,P6,4233.632253952105
344,P3,4233.957111012511
307,P7,4234.767850261699
310,P5,4235.171678709286
339,P3,4235.222252301399
341,P2,4235.45914877987
347,P1,4235.939268403979
346,P3,4236.82969868294
355,P1,4237.114530618529
333,P2,4237.646210891186
278,P5,4237.860421539522
314,P5,4238.727943550025
343,P3,4238.933627659423
348,P3,4239.140007499581
349,P3,4240.124665167298
340,P2,4240.964798637657
289,P6,4241.39498883207
350,P3,4242.292896162432
357,P1,4243.69088256917
329,P7,4244.439606240306
337,P1,4245.794008556213
338,P3,4246.142427813565
269,P6,4246.45140174122
278,P5,4246.596724623958
336,P3,4248.346989280715
337,P2,4248.688569380782
311,P7,4248.719584831786
291,P7,4249.33285912658
356,P1,4249.9288969130475
289,P6,4251.392976607008
330,P2,4251.703057596024
269,P6,4252.340392789951
256,P6,4252.474145994265
340,P3,4252.70428824766
314,P5,4253.006085744517
346,P3,4253.420368384724
324,P5,4254.322774780585
318,P7,4255.200743694585
341,P2,4255.259204438132
272,P6,4256.367363451294
348,P3,4256.592401217454
302,P6,4256.668479168269
312,P3,4257.075934797471
339,P5,4257.162766320645
358,P1,4257.714261114695
350,P3,4257.827804877239
352,P2,4257.844818588524
357,P1,4258.358993788563
268,P7,4258.7507541524155
307,P7,4259.718554347138
291,P7,4260.856432772398
333,P2,4261.092068022482
341,P2,4261.862714851214
328,P2,4262.040148975476
327,P5,4262.560885331643
347,P1,4262.76756022195
272,P6,4262.857017691188
345,P2,4263.007571888107
350,P3,4263.159089916552
335,P3,4263.248125790015
310,P5,4263.3766153193
353,P3,4263.38272966183
317,P3,4264.409285694258
349,P5,4265.593283455131
338,P3,4266.645247964709
278,P5,4266.915706182675
287,P6,4267.584176428556
319,P3,4267.605947789562
294,P6,4267.658988897414
352,P2,4268.365090949975
302,P6,4268.643671991941
360,P3,4269.425516774009
293,P3,4269.491354765273
337,P2,4269.80496839647
326,P2,4271.438415811413
340,P3,4271.488602120022
308,P5,4271.906749950082
289,P6,4272.808666689934
310,P5,4273.123349605669
341,P2,4275.203339376117
320,P6,4275.325562150253
277,P7,4275.5505013664015
311,P7,4275.683147734534
294,P6,4277.026976626821
358,P1,4277.111484103099
344,P5,4277.908043097336
319,P3,4278.2512530577305
298,P5,4278.285375345585
337,P2,4278.4963145540205
354,P3,4278.530307957877
346,P3,4279.039512150272
351,P1,4279.35155142828
335,P3,4279.421122583344
345,P3,4279.833047327214
361,P1,4279.855826799187
297,P6,4280.023241657327
327,P5,4280.062394514719
352,P2,4280.760740813701
293,P3,4281.101447690971
342,P3,4281.266306948002
360,P3,4281.914228487169
303,P5,4282.166620166013
308,P5,4282.733554250999
349,P5,4282.750922412977
340,P3,4283.505342583439
341,P2,4283.646846807707
338,P3,4283.829365636601
328,P3,4284.256676098916
277,P7,4285.292917093023
358,P1,4285.422518419593
272,P6,4285.722943559204
268,P7,4285.8523276167825
312,P3,4286.146371014462
320,P6,4286.148066290283
332,P3,4286.837606797852
333,P3,4286.9878445750555
287,P6,4287.017547530992
278,P5,4287.903306391267
361,P1,4288.362803463781
345,P3,4289.277045831091
360,P3,4290.042376332903
355,P1,4290.546109678807
283,P5,4291.820392132035
349,P5,4291.840334405146
307,P7,4292.832814421086
335,P3,4292.853234468128
293,P3,4293.259626707708
353,P3,4294.772422729485
326,P2,4294.97291576536
359,P1,4294.973822025715
350,P3,4296.487921318509
354,P3,4296.5440204862825
351,P1,4297.463484566109
332,P3,4299.724850199979
325,P3,4299.807056133544
330,P2,4301.622113813864
314,P5,4302.103547099441
335,P3,4302.570411123256
328,P3,4304.435212263742
354,P3,4305.167112532308
349,P5,4305.5885617234335
350,P3,4306.270662619988
339,P5,4306.435546077534
358,P1,4306.500597560118
312,P5,4306.9794103104505
268,P7,4307.6002449295875
345,P3,4307.905588455587
337,P2,4308.412095444321
287,P6,4309.513167269274
360,P3,4309.624367675551
278,P5,4309.675352168603
352,P2,4310.316972913269
351,P1,4310.7501588571595
308,P5,4310.958438359991
283,P5,4311.930302833655
324,P6,4311.973048586454
341,P2,4312.361015464196
326,P2,4313.079098723313
330,P2,4314.134466630054
268,P7,4314.650745268302
328,P3,4315.124257973716
345,P3,4315.491680787807
319,P3,4315.838376387515
347,P2,4315.86741556175
352,P2,4316.617398507723
359,P1,4316.914657939841
298,P5,4316.971261457157
337,P3,4317.705055229732
335,P5,4317.764003424031
287,P6,4318.532244426734
312,P5,4318.546762756861
339,P5,4318.596930354886
297,P6,4320.748368127538
291,P7,4321.16511129875
330,P2,4322.351620305136
363,P1,4322.519099718982
314,P5,4322.659050542326
340,P3,4322.818745065375
349,P5,4323.172824019701
341,P2,4323.52978562019
323,P6,4323.796045508523
277,P7,4324.892857176132
289,P6,4325.1238237244215
356,P1,4325.885484679834
308,P5,4325.9309299509305
337,P3,4326.919125590231
335,P5,4327.258490742342
339,P5,4327.872317481786
314,P5,4328.601787601799
320,P6,4328.616853463782
352,P2,4329.197268588499
287,P6,4329.224287516823
293,P3,4329.4434693645
342,P3,4329.795311405277
362,P1,4329.795692903979
312,P5,4330.337466395878
349,P5,4330.520102627219
326,P3,4330.962460910395
361,P1,4331.223605478963
318,P7,4333.123356741389
341,P2,4333.242804128086
320,P6,4334.068573107391
335,P5,4335.1276658730485
333,P3,4335.73694069973
359,P1,4336.049101397988
355,P1,4336.43388913467
325,P3,4336.714814305759
361,P1,4337.218167974632
269,P7,4338.084398059934
356,P1,4338.598278262222
344,P5,4338.976542770063
312,P5,4339.076800376421
328,P3,4339.14397454031
268,P7,4339.377325875852
362,P1,4339.7185381966
322,P5,4339.991351727675
351,P1,4342.168171319098
341,P2,4342.58905670115
303,P5,4342.656155025302
360,P5,4342.806373818347
320,P6,4344.286831659126
330,P2,4344.495675364924
365,P1,4344.524240972921
328,P3,4345.432714301655
312,P5,4347.136121672361
332,P3,4347.982771077706
351,P1,4348.046240058826
324,P7,4348.2217630206
326,P3,4348.7595843470845
278,P5,4349.2940761284635
361,P1,4349.382740187791
314,P5,4349.89715382315
325,P3,4350.637301815868
330,P3,4350.668128966919
277,P7,4351.883846991177
363,P1,4352.501535212931
364,P2,4352.957239453275
323,P6,4353.2075115516545
319,P5,4353.273123717331
340,P3,4354.996407874297
330,P3,4356.302654169024
367,P2,4357.524886485173
356,P2,4357.90808328394
350,P5,4357.9918449409415
332,P3,4358.081636061748
342,P3,4359.341376529316
335,P5,4359.344808792461
339,P5,4359.596829441272
291,P7,4360.156419718472
326,P3,4360.7930282487105
333,P3,4361.095317756331
347,P2,4361.651949436299
314,P5,4362.023206321565
293,P3,4362.030073311638
369,P2,4363.727781036405
359,P1,4364.1882656097105
283,P6,4364.635516570294
344,P5,4365.272082490151
364,P2,4366.241628280233
351,P1,4366.780715798781
353,P3,4366.861534587728
333,P3,4367.146055871397
337,P3,4367.485793524185
347,P2,4367.829274230574
298,P5,4369.011047017291
345,P3,4369.0682720738005
278,P5,4369.111243597316
352,P2,4370.137806246042
319,P5,4370.4204263976
368,P1,4370.798100840376
332,P3,4371.28691859089
296,P5,4371.826209888253
303,P5,4372.949428562258
330,P3,4373.361452917812
322,P5,4373.889403733475
318,P7,4374.797272266478
332,P3,4375.247475153878
323,P6,4376.3686069752775
344,P5,4376.69118764587
352,P2,4377.450929421952
365,P1,4377.494214042073
328,P3,4377.6112021824765
298,P5,4378.031215836889
331,P7,4378.373430443354
368,P1,4378.920414013222
326,P3,4379.550259121798
297,P6,4379.724736906251
340,P3,4379.733366442811
324,P7,4379.785970423769
364,P2,4380.161617537028
367,P2,4380.598957183524
369,P2,4383.037309697343
365,P1,4384.333695483613
351,P2,4384.718580295166
328,P3,4384.965016464319
339,P5,4385.833068899917
323,P6,4386.7941483304485
297,P6,4387.369462224692
283,P6,4387.874348866014
368,P1,4389.164768691012
372,P3,4389.394145396038
337,P5,4389.728820694115
357,P2,4390.4742415356795
369,P2,4390.730842372414
362,P1,4390.8095769484
293,P3,4390.977180220775
364,P2,4391.076624043311
278,P5,4392.066669326352
360,P5,4392.151732791749
324,P7,4392.428443567548
358,P1,4393.506458194784
323,P6,4393.981910712859
322,P5,4394.5401593133065
361,P2,4395.0294847549285
371,P1,4397.224599035727
278,P5,4397.842572294999
345,P3,4398.758848194239
347,P3,4399.61319220208
364,P2,4399.857033765195
352,P2,4400.310911346251
337,P5,4400.8930548785365
328,P3,4401.58219635165
319,P5,4403.048012185461
344,P5,4404.4432544066185
351,P2,4404.839818495669
348,P5,4405.14483716946
359,P1,4405.172557045762
278,P5,4405.42927903181
332,P5,4406.160443396522
353,P3,4408.094246136742
326,P3,4408.1878355989265
324,P7,4408.401207436887
364,P2,4408.592654898361
350,P5,4408.632438901865
356,P2,4408.695707890803
358,P1,4408.70334197914
368,P2,4409.096765116689
283,P6,4410.279303497765
347,P3,4410.465768012197
297,P6,4410.53993062517
303,P5,4410.5687160512725
365,P2,4411.469606804315
308,P6,4411.588640276557
283,P6,4411.987669011284
349,P6,4412.366405164408
341,P3,4412.547698681885
314,P5,4412.710319033306
296,P5,4412.885833395642
373,P1,4414.111038313523
298,P5,4414.4370213908705
319,P5,4414.925951689542
347,P3,4414.9495732798705
348,P5,4415.569967231373
342,P3,4417.462928276605
364,P2,4418.794179456462
367,P2,4419.51529527714
333,P5,4420.2885975557765
369,P2,4420.440916628283
278,P5,4421.023603272726
314,P5,4421.233180943749
296,P5,4421.507626748816
303,P5,4422.415760811715
355,P2,4422.740683574065
373,P1,4422.987050072813
349,P6,4423.26665440312
341,P3,4423.536713715634
348,P5,4424.916280760856
331,P7,4425.14376857715
319,P5,4425.218009364925
328,P3,4425.487416793407
367,P2,4426.671308543084
325,P3,4426.89742452039
356,P3,4427.7016219216675
360,P5,4428.060767183299
339,P5,4428.084807703366
371,P1,4428.3372480057915
347,P3,4429.424584008691
364,P2,4429.865733527374
358,P1,4430.086463422249
324,P7,4430.6119477412185
368,P2,4430.685862837267
366,P2,4432.0703439270965
359,P1,4432.610622071402
370,P3,4433.363283923126
298,P5,4433.500732957693
339,P5,4433.686734120293
355,P2,4433.859397107758
349,P6,4434.571692345225
364,P2,4435.345951399929
330,P3,4437.118442564023
325,P3,4437.375406548827
323,P6,4437.896155636861
351,P2,4438.103905446217
283,P6,4438.174799901547
365,P2,4438.442041168173
348,P5,4438.9672441109815
333,P5,4439.379502033451
360,P5,4439.392846149322
350,P5,4440.409873462324
296,P5,4440.763973677448
324,P7,4442.052552788546
319,P6,4442.221205659492
355,P2,4443.405200678635
374,P3,4443.854263555636
359,P1,4445.94332519776
371,P1,4446.19615442853
373,P1,4446.961901981839
362,P2,4447.310422267746
364,P2,4447.335064198061
344,P5,4447.97009502683
325,P3,4448.0363890124945
358,P1,4448.900629585515
345,P3,4449.860556772975
333,P5,4450.86283879602
374,P3,4451.6509466286425
372,P3,4451.8993042484
365,P2,4452.189946382302
351,P2,4452.857267955301
355,P2,4453.0811327000165
324,P7,4453.678736855974
347,P3,4454.477603533861
348,P6,4454.55873271876
373,P1,4455.094427840179
359,P1,4456.1676975053715
344,P5,4456.313074048119
308,P6,4456.575960850845
326,P3,4457.14592706206
325,P3,4457.3347037480935
312,P5,4457.3435927556775
374,P3,4457.406816377688
361,P2,4458.435707458444
372,P3,4459.383471075608
321,P5,4460.070316172723
303,P5,4460.105410626149
360,P5,4460.141437372891
366,P2,4460.706556536646
333,P5,4460.808611338322
352,P3,4461.348089904931
339,P5,4461.502744338612
324,P7,4461.527521784319
298,P6,4462.035992695768
360,P5,4465.258587835482
341,P3,4466.083727712498
357,P3,4466.166349697393
372,P3,4467.051936942562
358,P1,4467.812495845783
359,P1,4468.870321006049
356,P3,4469.020492647045
361,P2,4469.197513799245
322,P5,4470.691514680569
370,P3,4471.609323271426
293,P3,4472.126048828246
341,P3,4473.413697292266
319,P6,4473.519173670227
367,P2,4473.810316021608
328,P3,4474.408447390728
344,P5,4475.322188465307
352,P3,4475.323308148162
339,P5,4475.658847066896
367,P2,4476.108027292503
322,P5,4476.352583280305
337,P6,4476.720110328666
361,P2,4478.177413238279
364,P2,4478.7248529025455
360,P5,4478.967274471947
326,P3,4478.9875917184845
296,P5,4479.243754326489
356,P3,4480.121826129989
324,P7,4480.629438277368
351,P3,4481.159981590544
352,P3,4481.171387010319
366,P2,4481.199716313058
323,P6,4481.271338119459
363,P1,4481.601863113531
357,P3,4481.789840679888
298,P6,4482.9982983808195
365,P2,4484.280805134983
373,P1,4484.544414026228
370,P3,4486.218113968831
358,P1,4486.326391311967
339,P5,4486.474356358876
371,P1,4486.612550428382
337,P6,4486.837433621701
332,P5,4487.52136732105
374,P3,4488.365943808303
360,P5,4488.41728836954
366,P2,4489.486175475705
326,P3,4489.803956441471
325,P3,4489.996922356977
296,P5,4490.967729852201
338,P5,4491.04501708671
293,P3,4492.500675225003
365,P2,4492.77601175052
314,P6,4493.308064101039
369,P2,4493.654392825874
321,P5,4494.4147266791115
363,P1,4495.314806693329
319,P6,4496.049826481682
347,P3,4496.356730486605
375,P2,4496.650786302396
341,P3,4496.7091063413245
367,P2,4497.366184016854
345,P3,4498.273599409644
338,P5,4499.558460475308
356,P3,4499.65488968488
283,P7,4501.026529351903
368,P3,4502.273928281151
371,P1,4503.355397833108
357,P3,4503.718097886936
314,P6,4504.343797264077
321,P5,4504.490247251346
344,P5,4504.8073474328385
374,P3,4504.892970871535
319,P6,4505.062113861301
338,P5,4508.116844054486
372,P3,4508.298179281035
356,P3,4509.836576806387
350,P5,4510.395937432342
360,P5,4511.1581494500615
326,P3,4511.237272544887
355,P2,4512.024472801084
323,P7,4512.296938888972
298,P6,4512.4367784071455
370,P3,4512.813426229754
377,P1,4514.861842438774
378,P3,4515.285757280276
321,P5,4515.742105227115
358,P1,4516.776196360169
367,P2,4517.522769828163
360,P5,4517.5260774263525
347,P3,4517.758962646437
371,P2,4517.89231447083
322,P5,4517.969071321777
376,P3,4518.126051775103
338,P5,4518.232297762443
303,P5,4518.342891830149
325,P3,4518.804061994963
333,P5,4518.851456751957
377,P1,4519.5630392666135
355,P2,4519.669632507191
357,P3,4520.229728963002
365,P2,4520.281620134654
368,P3,4520.489939078656
350,P5,4520.690242158819
312,P5,4521.046008014497
348,P6,4521.26747227601
332,P6,4522.270602775825
374,P3,4522.3028084520965
341,P3,4524.022234383077
378,P3,4524.722363551865
344,P5,4525.913847900845
337,P6,4526.368979550321
325,P3,4527.16477401889
370,P3,4527.518168702637
364,P2,4527.70370588883
352,P3,4527.898411978877
347,P3,4528.525921093856
296,P5,4530.159357841415
338,P5,4530.720927233515
312,P5,4531.104833289502
355,P2,4531.330084584274
334,P6,4531.670736759319
303,P5,4532.738780653775
345,P3,4533.462469306304
283,P7,4534.463797447575
344,P5,4534.871565675674
322,P5,4535.164485339802
352,P3,4535.783668922895
378,P3,4536.181553550955
365,P2,4536.206278166101
375,P2,4537.648093992694
372,P3,4537.788801723517
374,P3,4538.014968418142
376,P3,4538.091885402513
338,P5,4538.317833066911
312,P5,4538.511459267827
369,P2,4539.144039798863
381,P3,4539.845159532972
357,P3,4540.145000099599
345,P3,4540.46561712419
322,P5,4540.771258442166
364,P2,4541.417126026251
358,P1,4542.433771787263
379,P3,4542.506839539039
303,P5,4542.957898008509
358,P1,4544.957201293167
333,P6,4546.58831855225
345,P3,4547.232564328215
314,P6,4547.453403170527
382,P2,4547.477414249612
308,P7,4547.583800525765
364,P2,4547.8946451765305
330,P5,4548.576661726767
298,P6,4548.62103292246
371,P2,4548.777440649221
381,P3,4548.92212156581
372,P3,4549.618100585162
373,P2,4550.332075352922
350,P5,4550.797268492287
343,P5,4551.793087808723
314,P6,4553.583725339167
334,P6,4554.285931278682
321,P5,4554.486898197263
323,P7,4554.955392356455
381,P3,4555.254214563028
380,P2,4555.274574524916
332,P6,4555.832062613941
352,P3,4556.377114873197
312,P5,4556.793924450903
383,P1,4557.342413409205
322,P5,4557.687896995169
338,P5,4557.806991662437
326,P3,4558.091252116169
376,P3,4558.264903174907
375,P3,4559.159635258789
372,P3,4559.522590715839
298,P6,4559.618524590946
371,P2,4560.1321010344955
365,P2,4560.774265511225
359,P2,4561.358128086883
357,P3,4561.868579475197
367,P2,4562.01598963528
323,P7,4562.4042988885885
352,P3,4562.713675256088
314,P6,4563.205250773166
362,P3,4563.351255590964
369,P2,4564.068390788358
367,P2,4565.786723936661
321,P5,4565.945020217632
360,P5,4567.865998670082
326,P3,4570.034121211869
330,P5,4570.093180101008
381,P3,4570.42371517844
351,P3,4571.114344028357
325,P5,4571.287500419124
375,P3,4571.567855186589
323,P7,4571.6321669392955
363,P1,4572.0196776490275
387,P2,4572.737456422571
355,P3,4573.59856135215
378,P3,4575.807005995373
382,P2,4576.551241112249
337,P7,4576.587206598198
383,P1,4577.141688218159
362,P3,4577.473496580307
338,P5,4577.52658237847
358,P2,4577.734751268351
388,P1,4577.83196844217
360,P5,4578.028131063357
364,P2,4578.151598654186
381,P3,4579.393905411286
326,P3,4579.571409637746
369,P2,4579.935937683183
330,P5,4580.174747797098
343,P5,4580.245487189423
323,P7,4580.813779630969
363,P1,4580.836382660243
351,P3,4580.862752548229
334,P6,4580.884621442646
308,P7,4580.942885778557
385,P1,4581.07539145209
379,P3,4581.284199450903
386,P2,4581.926477989257
387,P2,4582.130974150365
283,P7,4582.332035996712
344,P6,4582.444257162402
365,P2,4582.5493871191875
357,P3,4582.809629347702
380,P2,4582.872659834505
359,P2,4584.837488901839
332,P6,4586.364038191776
341,P3,4586.468338056046
384,P3,4586.871609477773
370,P5,4587.713293370605
337,P7,4587.963197407345
344,P6,4588.460639169204
322,P5,4588.812329899169
345,P3,4591.006886173461
323,P7,4591.406478420492
341,P3,4592.024191808462
336,P5,4592.164122909635
363,P1,4592.211617312565
382,P2,4593.027936686367
371,P2,4594.439254599018
359,P2,4594.929162943892
391,P2,4595.800118369662
350,P5,4595.842473490095
377,P2,4595.970516832859
357,P3,4596.811531499684
388,P1,4598.448305612497
364,P2,4599.212200966534
383,P1,4599.268018204552
366,P2,4599.4488743817665
381,P3,4599.603985904583
390,P3,4600.027024675031
372,P5,4600.187328181191
354,P7,4601.9709203227085
325,P5,4602.5549532721
338,P6,4603.165435941779
363,P1,4603.532234219527
358,P2,4603.836146476283
392,P2,4603.850159047094
380,P2,4603.977885800497
362,P3,4605.601971102659
352,P3,4605.655420928296
355,P3,4605.836451625283
344,P6,4606.709740148862
343,P5,4608.361164063136
372,P5,4608.646601465273
388,P1,4609.4863577397555
392,P2,4610.232981990346
350,P5,4610.3156650699
390,P3,4610.645359338755
321,P5,4610.655918095189
366,P2,4611.028527111472
352,P3,4611.147610326055
389,P2,4611.757420677262
355,P3,4612.477242099422
334,P6,4612.571159820389
363,P2,4612.886899917684
296,P6,4613.021757650077
358,P2,4613.0396308489735
341,P3,4614.676397657123
333,P6,4615.166057953602
377,P3,4615.789913168958
332,P6,4616.142141530105
322,P5,4617.443631567267
325,P5,4618.397659505572
321,P5,4618.408236917407
392,P2,4619.99205890602
336,P5,4620.164248911826
375,P3,4620.221699019901
360,P5,4621.465645806796
382,P2,4622.54257269934
378,P5,4622.649032202682
366,P2,4625.109404472886
394,P1,4626.117897243281
358,P2,4627.5592511976965
322,P5,4627.7178703555
392,P2,4627.756812730742
388,P1,4628.912280938145
381,P3,4629.266822164627
326,P3,4629.72426268196
390,P3,4629.994014245307
391,P2,4630.748284840585
353,P5,4630.933588894738
364,P2,4631.370093647699
385,P2,4631.428357966691
330,P5,4631.896733622587
378,P5,4632.594013731809
384,P3,4633.8052373671
395,P3,4634.959942245521
362,P3,4636.270439804505
358,P3,4636.338334907246
340,P7,4636.692598600232
382,P2,4636.741114620328
355,P3,4637.299707318786
380,P2,4637.66436464792
379,P3,4637.902556165548
367,P3,4638.106646073154
373,P2,4638.644808311343
354,P7,4639.259537197104
338,P6,4640.291235115993
333,P6,4640.640276261733
378,P5,4640.823275766775
351,P3,4641.081422104253
322,P5,4641.549095334644
393,P2,4641.921698901349
385,P2,4642.031490933202
383,P1,4642.508408064778
377,P3,4644.519144598225
384,P3,4644.834035938457
358,P3,4645.1644044455425
350,P6,4645.311487233011
382,P2,4645.928839152312
390,P3,4646.205296501631
380,P2,4646.286546847497
340,P7,4646.438086575297
333,P6,4646.476919954309
351,P3,4646.528811253861
296,P6,4646.810348342517
361,P3,4648.349424609677
395,P3,4648.688758592543
354,P7,4648.8595978192325
367,P3,4648.935638242062
360,P5,4649.221752364871
396,P1,4650.058833039652
394,P1,4650.330914442272
338,P6,4650.658926753036
336,P5,4651.553060351208
389,P2,4652.20236002565
371,P3,4652.652850718593
386,P2,4652.871156887308
296,P6,4653.495188548698
362,P3,4653.736322762943
370,P5,4653.788924337723
352,P3,4654.332828695853
350,P6,4655.050473591714
372,P5,4656.1218812534335
364,P2,4656.145726588236
321,P5,4656.281065110245
325,P5,4656.7823392161445
390,P3,4657.2302266970155
330,P5,4657.239203204257
395,P3,4657.418614948351
344,P6,4657.558494523937
399,P2,4657.916315638986
355,P3,4658.233133819134
379,P3,4658.454872896776
338,P6,4658.655467834287
387,P2,4659.802619496127
341,P3,4661.958369360214
350,P6,4662.185095004516
391,P2,4662.639558142591
375,P3,4663.571239206589
389,P2,4664.205658944513
371,P3,4664.7975095675665
382,P2,4665.200989256072
380,P2,4665.205969269023
386,P2,4665.777043307552
367,P3,4665.944120145455
358,P3,4666.279622115389
384,P3,4667.748205883948
372,P5,4667.84287952142
326,P3,4668.71232565219
363,P2,4670.229478635292
389,P2,4670.265234243419
359,P3,4670.748850433458
373,P3,4670.93774663441
344,P6,4671.477235387687
379,P3,4671.594684555462
378,P5,4671.808731519773
336,P5,4673.48914936748
387,P2,4673.862559480167
395,P3,4674.166129353586
358,P3,4675.332676788607
392,P3,4675.657081282868
385,P2,4676.036986775546
296,P6,4676.434522579956
391,P2,4676.729012805077
340,P7,4676.827481707232
373,P3,4677.217822365323
367,P3,4677.550907757009
325,P5,4677.629514833884
388,P1,4678.066171379188
397,P3,4678.118974011253
326,P3,4679.0137695277435
344,P6,4679.045527882429
394,P1,4680.322455207617
364,P2,4680.349212218036
369,P2,4680.410219005408
387,P2,4680.609319972138
386,P2,4681.452411908947
378,P5,4681.5165105195865
395,P3,4682.811384834868
292,P6,4682.9708651848505
352,P3,4683.486813711039
296,P6,4683.682753794427
391,P2,4683.807362220533
365,P3,4683.931297384893
397,P3,4684.5036434782705
350,P6,4684.830275928369
351,P3,4685.933516246722
359,P3,4686.11778330493
377,P3,4686.503330442617
364,P2,4687.010426537897
361,P3,4687.1661265153925
371,P3,4687.433764274076
358,P3,4687.459957179313
392,P3,4687.785120440111
381,P3,4688.748608822979
372,P5,4689.0754249502925
344,P6,4689.782282547992
373,P3,4689.8275084298
343,P6,4690.107865844265
389,P2,4690.277768297752
350,P6,4691.326161521021
359,P3,4694.30045141881
399,P2,4695.731162072722
392,P3,4696.609894438615
340,P7,4697.1915670975195
380,P3,4698.115005751546
343,P6,4698.167713187632
379,P3,4699.495677776742
389,P2,4700.35251511534
351,P3,4700.688474926957
398,P3,4700.804464080033
296,P6,4701.999033820005
369,P2,4702.119629742037
385,P3,4702.198244953259
358,P3,4703.746036003959
338,P6,4704.282895615061
292,P6,4704.7662685245605
378,P5,4704.772241607619
350,P6,4705.9732058625195
367,P3,4706.466499062214
400,P1,4706.528404178896
391,P3,4706.697261491582
365,P3,4706.880642714766
396,P1,4708.091396262438
382,P2,4708.474220657139
343,P6,4709.259245050205
379,P3,4709.454924788385
392,P3,4710.451052772759
353,P5,4710.462606401395
378,P5,4710.477634006605
403,P1,4711.13754074365
394,P1,4712.629855410091
402,P2,4712.799119685483
352,P3,4712.809787784417
400,P1,4713.177839717602
371,P3,4713.239156378762
384,P5,4713.580048483998
399,P2,4713.892599349614
370,P5,4714.634943399251
383,P2,4714.993509341279
393,P2,4715.208334560688
350,P6,4715.76618645813
341,P3,4716.252154728627
389,P3,4717.347050598883
326,P3,4717.433356882945
330,P5,4718.796567271653
398,P3,4718.8066954131655
391,P3,4718.94488561038
373,P3,4719.061503163836
382,P2,4719.433842054364
355,P3,4719.704378296249
369,P2,4720.110786629141
386,P2,4721.194791766929
378,P5,4722.206216386327
358,P3,4722.72592044477
402,P2,4724.773706023742
400,P1,4725.102970129359
341,P3,4725.796216221258
352,P3,4725.876540951866
366,P3,4726.613588517866
387,P2,4726.613826015284
403,P1,4726.660325928246
376,P7,4726.715158151743
401,P1,4727.146710229851
381,P3,4727.445746068413
342,P5,4727.706825238385
377,P3,4727.761625837961
370,P5,4728.280224947832
384,P5,4728.418197219099
330,P5,4728.9916627285165
398,P3,4729.087496552265
380,P3,4729.345860696949
364,P2,4729.9999620559
326,P3,4730.185768164824
367,P3,4730.394362142599
383,P2,4730.469621606852
390,P3,4730.914069195288
379,P3,4730.9198331129355
394,P1,4731.305597158726
378,P5,4731.9273129714875
363,P2,4733.161118902879
376,P7,4733.400520820528
389,P3,4733.462300813389
362,P5,4734.806787940642
402,P2,4734.930631938438
359,P3,4735.444426255136
399,P2,4735.521565809359
387,P2,4735.688722225351
395,P3,4735.776725555947
367,P3,4736.039609829931
400,P1,4736.515383659699
398,P3,4736.636575378858
352,P3,4737.847805289161
381,P3,4737.963999004502
390,P3,4738.156609895076
370,P5,4738.70433134047
358,P3,4739.03204980207
330,P5,4740.064227722432
379,P3,4741.991377943247
350,P6,4742.013056682217
369,P2,4742.6471406047385
383,P2,4744.045621449367
380,P3,4744.541676252847
362,P5,4744.797286291258
341,P3,4744.893007867381
399,P2,4745.543102940535
384,P5,4746.433811421543
370,P5,4746.571763539935
325,P5,4747.435932369979
404,P1,4747.598044355459
382,P2,4748.326805623563
361,P3,4748.4489636025955
376,P7,4748.548481821977
394,P1,4748.565078962217
368,P6,4748.755708330274
365,P3,4749.171853697464
373,P3,4749.4521833218705
363,P2,4749.882319498377
342,P5,4750.8361717766
396,P2,4750.979400458544
292,P6,4751.131979425501
402,P2,4751.6676076046915
387,P2,4751.941268321857
399,P2,4752.329385009104
393,P2,4753.312670556691
385,P3,4753.675331484103
341,P3,4753.732413323397
328,P6,4755.300574688454
401,P1,4755.991448866217
351,P5,4756.042996418195
326,P3,4756.937060987332
405,P1,4757.6134991558965
401,P2,4758.85824647096
384,P5,4758.89147114128
361,P3,4759.567198382101
373,P3,4759.715714562148
381,P3,4760.0015518570945
388,P2,4760.465107527071
378,P5,4760.850036627764
366,P3,4762.045213953124
383,P2,4762.4493822076565
292,P6,4762.466264806716
344,P6,4763.210875135192
393,P2,4763.862478715171
356,P7,4763.948938877389
358,P5,4763.978611537459
342,P5,4765.111793630067
353,P6,4765.170398936471
400,P1,4765.2645653699565
384,P5,4765.982392925919
367,P3,4766.841821610318
376,P7,4767.658740761681
379,P3,4768.8709703525155
369,P2,4769.995813182436
365,P3,4770.2909563919575
381,P3,4771.059025271023
397,P3,4772.547286132971
396,P2,4773.253714945276
351,P5,4773.5438745441925
391,P3,4774.312282924861
367,P3,4776.120278799651
400,P1,4776.412878937773
384,P5,4777.509378806489
403,P1,4777.977415044848
380,P3,4778.049171302533
401,P2,4778.339497682749
381,P3,4778.891880121982
325,P5,4780.262404016867
344,P6,4780.632686003109
343,P6,4781.083398051167
363,P2,4781.13214255887
393,P2,4781.519544366918
356,P7,4781.822106491526
405,P1,4782.593373216966
399,P2,4783.095026706285
388,P2,4783.382871339305
365,P3,4783.534883445491
328,P6,4784.245521405413
382,P2,4785.723660078226
389,P3,4786.307882423435
400,P1,4786.380164955148
372,P5,4786.665400168754
398,P3,4787.861551170824
364,P2,4787.869146552061
404,P1,4789.433149927961
403,P1,4789.7523726732115
405,P1,4790.043105419719
379,P3,4790.326213537572
367,P3,4791.329774998411
353,P6,4793.012337491739
399,P2,4793.014971885101
325,P6,4793.160279994006
402,P2,4793.171886949881
397,P3,4793.587099014363
408,P1,4794.318748254935
391,P3,4794.905330509561
387,P2,4794.9256239112865
328,P6,4796.102417192906
388,P2,4796.481604460698
346,P7,4797.01194978409
381,P3,4797.6658253068235
402,P2,4798.776958557884
379,P3,4799.589249478872
384,P5,4800.098353805917
404,P1,4801.032298926101
372,P5,4801.313839528435
363,P2,4801.406780354757
399,P2,4801.497741132807
365,P5,4801.9662494809545
343,P6,4801.97601649948
395,P5,4802.4318803310425
373,P3,4802.568912089192
362,P5,4803.573673361008
397,P3,4804.187103535744
368,P6,4804.464611667759
346,P7,4804.8955749298475
350,P7,4805.361020205053
382,P2,4805.432131793695
347,P5,4805.97006618556
367,P3,4807.955170352923
391,P3,4808.285369855827
358,P5,4808.531735740975
373,P3,4809.54121637734
366,P5,4810.471582278477
343,P6,4811.109818493781
393,P2,4812.256787720379
388,P2,4813.323895441711
411,P1,4813.342908439542
369,P2,4813.701283279692
351,P5,4814.955900914482
328,P6,4815.422750354615
386,P2,4815.837099511721
373,P3,4818.151412097093
366,P5,4818.342958513138
386,P2,4818.502934600599
358,P5,4819.87700056169
317,P7,4820.026332817527
401,P2,4820.15183018694
405,P2,4821.487476319724
383,P3,4821.813130007488
400,P2,4822.263547152587
365,P5,4822.686753612269
397,P3,4823.337596754008
372,P6,4823.741680083648
369,P2,4824.029356608543
328,P6,4825.113943848743
411,P1,4825.884439870611
363,P2,4826.7468915143545
381,P3,4826.946475784725
380,P3,4827.765682523945
369,P2,4828.53939402432
344,P6,4829.115325816662
404,P1,4829.4596666598
406,P3,4829.4940283228925
346,P7,4831.157202670026
400,P2,4831.209402100431
356,P7,4831.3663750739415
408,P1,4831.748989452914
399,P2,4832.122786030541
387,P2,4832.216866206765
292,P6,4832.327604215521
388,P2,4832.497600124721
325,P6,4833.007868936883
411,P1,4833.076062483353
383,P3,4833.1090515724445
378,P6,4834.060895330659
402,P2,4834.289819660217
382,P2,4836.007146285472
410,P1,4836.082515406871
363,P3,4836.817029675459
404,P2,4837.365065576912
389,P3,4837.639886680422
365,P5,4837.84842896121
391,P3,4838.293460837886
398,P3,4838.582478264063
379,P3,4838.864093152091
400,P2,4840.08333440655
403,P1,4840.182948178367
387,P2,4840.20573160215
358,P5,4840.4174242445
351,P5,4841.339804224968
386,P2,4841.436431759287
382,P2,4842.75443758781
372,P6,4843.147633934154
410,P1,4844.554317220371
346,P7,4845.200871202397
358,P5,4847.15203935846
389,P3,4847.684990215699
342,P5,4847.93786450478
396,P2,4848.192489226864
381,P3,4848.234222705191
412,P2,4848.73246676511
383,P3,4849.840137857486
356,P7,4849.9470658858145
292,P6,4850.486753370467
399,P3,4850.844417449209
366,P5,4851.4884141026205
347,P5,4852.037651312309
409,P3,4852.407294011851
387,P2,4853.550433023433
369,P2,4853.623529919064
370,P5,4853.684857495636
367,P5,4854.948495389743
406,P3,4856.262372251278
372,P6,4856.323972126685
315,P5,4859.049431979265
373,P3,4859.070073493141
366,P5,4859.853240839888
399,P3,4860.307475130882
379,P3,4860.8487232388015
346,P7,4861.345128025067
400,P2,4862.5259302831255
411,P1,4862.60485757581
347,P5,4863.183655053597
387,P2,4864.3379790646095
409,P3,4864.510873169018
386,P2,4864.718176216503
352,P3,4864.727220235893
393,P2,4865.214624607568
406,P3,4865.469772505568
369,P2,4865.645531767162
292,P6,4866.868249365351
388,P3,4868.243565185749
398,P5,4868.292506329623
408,P1,4868.325375853226
391,P3,4869.189170077838
364,P3,4869.480146168465
346,P7,4869.777333311464
394,P2,4869.921425180036
351,P5,4871.357748074593
372,P6,4871.401493211718
347,P5,4873.595975929876
356,P7,4874.02271962108
389,P3,4874.935954373394
413,P3,4875.572892952021
373,P3,4875.580958966386
365,P5,4876.0546974311
404,P2,4877.077141345256
391,P3,4878.157784640418
342,P5,4879.416235621469
406,P3,4879.725641341381
292,P6,4880.481227590052
410,P1,4880.675826063995
352,P5,4881.383686805398
386,P2,4881.611220446528
351,P5,4882.034828916171
325,P6,4883.70392339727
413,P3,4883.911415425581
370,P5,4883.9419280292705
365,P5,4884.124515927396
411,P1,4885.852743096326
389,P3,4887.455614206656
394,P2,4887.496457011646
382,P2,4887.941432222553
401,P2,4888.211341402226
400,P3,4890.4668344008305
395,P5,4890.719114259617
416,P1,4891.3705962064105
342,P5,4891.462576037215
347,P5,4891.876991102128
402,P2,4893.062121182219
365,P5,4893.075039913342
367,P5,4893.345610418318
393,P2,4894.119106195327
396,P3,4894.141393285512
413,P3,4894.240050326673
391,P3,4896.157012842766
363,P3,4896.443358236616
398,P5,4897.210204082133
412,P2,4897.210886852871
382,P2,4897.254287586527
370,P5,4897.83733969213
364,P3,4898.246667122425
292,P6,4899.522056678079
401,P2,4900.6624338097245
415,P1,4902.147543190928
394,P2,4902.956268201051
413,P3,4903.635924443866
412,P2,4903.792858457855
367,P5,4904.481662953571
364,P3,4905.204781382084
389,P3,4905.334383080659
388,P3,4905.676982024887
346,P7,4906.271803322266
395,P5,4907.647228462942
406,P3,4907.755779498919
315,P5,4908.781664795138
401,P2,4909.16350853624
400,P3,4909.592920469691
352,P5,4910.177307835189
363,P3,4910.693830491411
379,P3,4910.896331841727
399,P3,4911.919291750342
369,P2,4913.088189304334
386,P2,4913.443590120292
372,P6,4913.719694568727
396,P3,4913.87371346087
414,P1,4915.642724648177
375,P7,4916.2631438008875
383,P3,4916.273073526065
398,P5,4916.615729457184
413,P3,4917.068524716461
391,P3,4917.65313395613
415,P1,4920.741015552834
405,P2,4921.002305916396
342,P5,4921.128246805811
347,P6,4922.4068881644025
372,P6,4922.952810214485
346,P7,4923.1073200126175
352,P5,4923.3290994618865
413,P3,4923.672344081191
395,P5,4923.902276128571
366,P6,4924.442377200871
418,P1,4924.900866158958
409,P5,4925.747665937104
386,P2,4925.801741281791
419,P1,4926.420326181585
404,P2,4926.713442827579
315,P5,4926.987288769534
365,P5,4927.286766495532
385,P6,4927.680368409292
346,P7,4928.797073051374
365,P6,4929.422046760836
363,P3,4929.605364101467
405,P2,4930.502082676283
352,P5,4930.957021477316
400,P3,4931.304202358319
292,P6,4931.497470259119
417,P1,4931.571485251523
412,P2,4931.742738098545
358,P5,4932.061994901805
364,P3,4932.124316276614
416,P1,4932.376071332597
366,P6,4933.254155239981
386,P2,4933.281500411108
317,P7,4933.357198947892
374,P6,4933.676019073483
382,P2,4933.677594695646
414,P1,4934.070441910254
395,P5,4934.669834904233
383,P3,4934.946905700551
406,P3,4935.582536887593
315,P5,4935.719731791677
342,P5,4935.940678603974
389,P3,4936.1646671592725
422,P3,4936.541722450637
418,P1,4937.020207320786
385,P6,4937.992095336559
365,P6,4938.5866345738805
375,P7,4938.710147653502
363,P3,4938.846430530348
391,P3,4938.995490913539
346,P7,4939.827777421571
342,P5,4940.017849665139
408,P1,4940.121307223676
347,P6,4941.6341747658225
292,P6,4942.201576823002
419,P1,4943.877688805401
352,P5,4944.416986113131
315,P5,4945.591080932807
418,P1,4946.254532301629
365,P6,4947.214046795373
379,P3,4947.429635034479
402,P2,4947.453537900768
388,P3,4948.239900251438
358,P5,4949.452270605899
408,P1,4949.735022223007
389,P3,4950.016509106455
420,P3,4951.299457080563
373,P5,4951.634576123776
393,P2,4951.947791878339
401,P2,4952.548864262249
417,P1,4953.215114885625
374,P6,4953.25876277525
402,P2,4954.5923913728375
375,P7,4955.255927659747
347,P6,4955.456685809067
389,P3,4956.441847075021
408,P1,4959.2044830324785
418,P1,4959.3153054715685
401,P2,4959.353226909997
421,P3,4960.495305789518
403,P1,4960.6320436732685
407,P2,4961.286082597541
357,P7,4961.5797389466015
387,P3,4961.632136551383
422,P3,4962.08376466903
292,P6,4962.889587496202
352,P5,4962.953706641878
417,P1,4963.191383780587
419,P1,4963.5801731215215
393,P2,4964.083901995507
315,P5,4964.267469302095
366,P6,4964.616058466875
420,P3,4966.19581417057
363,P3,4966.50706873598
385,P6,4967.780155689009
404,P3,4969.165556822876
421,P3,4969.798212974762
407,P2,4970.240167835701
410,P1,4970.278359253343
374,P6,4971.222365401906
396,P3,4973.053344438716
387,P3,4973.130115480153
379,P3,4973.741547707208
402,P2,4975.024411905848
422,P3,4975.479641677673
364,P3,4975.925515311925
413,P3,4976.603132640396
398,P5,4976.694267723339
416,P1,4976.715884298037
365,P6,4977.158181513116
375,P7,4978.1482266276935
405,P2,4978.151008135848
408,P1,4978.398780982832
421,P3,4978.502241045614
366,P6,4978.538719770282
414,P1,4978.775635063495
401,P3,4980.370259118198
396,P3,4980.602658388119
404,P3,4980.717080036092
363,P3,4980.861921748469
369,P2,4982.056591331324
374,P6,4983.152232492551
367,P5,4983.169115407175
382,P2,4983.222731152662
372,P6,4983.718511864124
386,P2,4984.531605158635
393,P3,4985.833126058654
406,P3,4986.19743451397
366,P6,4986.227811481131
414,P1,4986.39178098798
412,P3,4986.860846551076
370,P5,4987.109739381717
418,P2,4987.609919724753
404,P3,4987.745874538908
375,P7,4988.52465133707
398,P5,4988.727401637743
396,P3,4990.049381100434
379,P3,4990.284051757625
373,P5,4990.351969353472
374,P6,4990.868982509041
425,P3,4990.968169577934
367,P5,4991.816568906864
400,P3,4992.317467341606
418,P2,4992.878559659435
345,P6,4993.251108502965
409,P6,4993.359425516449
292,P6,4993.67568542287
382,P2,4993.741020029051
405,P2,4994.060596417613
394,P3,4994.084454778663
370,P5,4994.363140710912
420,P3,4994.506841359876
347,P6,4994.90629578775
398,P5,4996.426296591938
394,P3,4996.468259463202
426,P1,4998.044850226398
387,P3,4998.182876368178
315,P5,4998.261837270402
406,P3,4998.308198243006
424,P3,4998.925302217585
369,P2,4998.947708919166
411,P3,5000.295062750062
358,P6,5001.376707384867
417,P1,5001.403875456164
374,P6,5001.853047565017
401,P3,5002.16320273724
379,P3,5002.437523653286
419,P1,5002.722569427811
375,P7,5003.708779994492
405,P2,5003.8127743968
402,P3,5004.433079139416
413,P3,5005.249311644462
421,P3,5005.438084524968
370,P5,5006.206293392983
358,P6,5007.188393500128
411,P3,5007.824091794821
417,P1,5007.8972431080665
418,P2,5008.12082667215
355,P6,5008.721084048826
398,P5,5008.824626880144
408,P1,5009.479411376765
292,P6,5010.714911482074
396,P3,5011.694079424472
407,P2,5011.701835442558
413,P3,5011.952287536442
373,P5,5012.62179670885
410,P1,5013.101675976359
405,P2,5013.255071379156
418,P2,5013.736646829509
364,P3,5014.6649530587265
386,P2,5014.803314957469
402,P3,5015.218129789827
367,P5,5015.700174222867
426,P1,5016.074710075832
355,P6,5016.083596710132
315,P5,5016.454344011124
366,P6,5016.812762203259
399,P3,5019.026687049588
402,P3,5019.668087438809
379,P3,5019.897481969724
373,P5,5021.04915618876
375,P7,5021.654899660793
406,P3,5021.994043172077
419,P1,5022.301582509459
400,P3,5022.4316087190755
415,P3,5023.275629370263
393,P3,5023.279464119881
409,P6,5023.360224923678
369,P2,5023.600481022679
374,P6,5023.680003980863
386,P2,5023.775076829632
407,P2,5024.002227061738
417,P2,5024.369577582726
367,P5,5024.666505415695
387,P3,5026.156807153328
406,P3,5026.658671918598
427,P1,5027.650515340139
423,P1,5027.984563662277
403,P1,5028.660063509372
363,P3,5028.920217526548
419,P2,5028.963817415749
412,P3,5029.411602045224
421,P3,5030.361426077384
419,P1,5030.478555929296
347,P6,5031.88144786464
369,P2,5031.987512998396
407,P2,5032.651997040894
399,P3,5032.847592383607
342,P5,5033.550849622048
292,P7,5033.7686405541845
400,P3,5033.8183240517
374,P7,5034.314498079087
373,P5,5034.732300438553
418,P2,5035.063018801193
379,P3,5035.4207634005925
394,P3,5035.463775674475
421,P3,5035.46406613938
402,P3,5035.586425555587
410,P2,5035.687406593128
405,P3,5036.548474392336
404,P3,5036.62330043328
377,P5,5037.099550466749
375,P7,5037.280279824607
408,P2,5037.55855105818
367,P5,5037.948035343642
315,P5,5038.079360108117
379,P3,5038.300628055595
423,P1,5039.079246758754
363,P3,5039.773859732396
403,P1,5039.934589791009
422,P3,5040.428414954378
419,P2,5041.589200614846
386,P2,5042.142966559912
393,P3,5042.311689219226
410,P2,5043.257488020848
387,P3,5044.0806304994885
405,P3,5044.408975528065
398,P6,5045.805562818769
315,P5,5047.453000683665
416,P1,5047.76886855976
375,P7,5048.442063884852
416,P2,5049.329867591118
401,P3,5049.753651697105
364,P3,5050.4401922926045
292,P7,5051.883280344257
427,P1,5051.932005344261
424,P3,5052.162395780901
400,P3,5052.618305103487
393,P3,5053.106278692397
426,P1,5054.966447588531
382,P2,5055.148101346105
369,P2,5055.641585287065
342,P6,5056.126183537447
422,P5,5056.939521051768
418,P2,5057.050165610213
403,P1,5058.003685661355
345,P6,5058.342186809798
415,P3,5058.673204181256
355,P6,5058.851149051922
370,P5,5059.860881482413
347,P6,5062.269546870157
398,P6,5062.741492447562
374,P7,5062.760295603453
393,P3,5063.557283066468
427,P1,5063.820979554591
423,P1,5064.183460482017
382,P2,5065.3536229502215
412,P3,5065.797750196494
405,P3,5067.0570613331465
379,P3,5067.200842487421
403,P1,5067.665219807558
418,P3,5067.792162347871
375,P7,5068.267851016137
425,P3,5068.708917599251
400,P3,5070.3087184583555
417,P2,5071.787880464384
359,P6,5072.305031248024
315,P6,5072.422803369359
402,P3,5072.710488658908
370,P5,5075.037965174772
405,P3,5075.2180317649645
421,P3,5075.334158484657
364,P3,5077.08612817111
367,P5,5078.136757171444
369,P2,5078.387215098114
403,P1,5079.110849175896
418,P3,5079.554903380278
404,P3,5079.5757859097685
423,P1,5079.725483732576
401,P3,5080.871877899249
425,P3,5081.10898618117
394,P3,5081.208149362942
398,P6,5081.819014623385
292,P7,5081.917267760163
393,P3,5083.104972937556
386,P2,5083.78006871424
405,P3,5084.359718267478
364,P3,5086.907564390076
421,P3,5087.060249393375
393,P3,5088.006782376046
387,P3,5088.045822799913
426,P2,5088.146546369519
347,P7,5088.531534279413
410,P2,5090.2415908895455
423,P1,5090.283778524895
407,P2,5090.840818731225
419,P2,5090.938184982411
416,P2,5091.614705168881
398,P6,5092.4949058145485
369,P2,5092.841692273976
367,P6,5093.210646414661
404,P3,5093.263164739179
374,P7,5094.106436487839
315,P6,5096.615224906886
421,P3,5096.985519232721
370,P5,5097.157220069305
394,P3,5097.292615337129
398,P6,5098.495308464459
382,P3,5098.667686490193
411,P3,5098.780047248386
426,P2,5098.9463746087995
347,P7,5099.012829505008
422,P5,5099.130421983777
359,P6,5099.371253470383
342,P6,5099.531124501411
367,P6,5100.389608406798
401,P3,5100.507311031186
369,P2,5100.676754300584
315,P6,5100.725412071354
377,P5,5100.819634768951
416,P2,5102.160548966226
405,P3,5102.930988762219
402,P3,5104.149150995185
426,P2,5105.785387373924
411,P3,5107.67100873956
371,P5,5107.687279701367
367,P6,5109.635451525205
404,P3,5110.573102985605
416,P2,5110.692932504373
418,P3,5110.75967610723
414,P2,5111.061260192019
417,P2,5112.150114794295
293,P6,5112.399453623616
387,P3,5112.879491273853
359,P6,5113.249790745015
415,P3,5113.652328556679
292,P7,5114.402416358154
402,P3,5114.652774913084
355,P6,5115.5623801446145
429,P1,5118.036766358234
382,P3,5118.050991211388
375,P7,5119.432629210596
418,P3,5120.344228796382
417,P2,5121.294960972021
425,P3,5121.657385986127
293,P6,5121.9911383405815
402,P3,5122.744709462074
342,P6,5124.157085493003
367,P6,5124.691652341053
410,P2,5125.038680921148
370,P5,5125.293953011088
393,P3,5125.3259565203925
404,P3,5127.585318894778
412,P3,5128.603956594274
429,P1,5128.743860375973
394,P3,5128.930828300475
411,P3,5129.116194165445
419,P2,5130.745039954146
379,P3,5130.747552401737
405,P3,5131.382184979273
367,P6,5131.61739584358
369,P3,5131.729238477119
341,P6,5132.505354033496
315,P6,5132.914640272251
292,P7,5133.716617155006
393,P3,5134.592595945022
417,P2,5135.074443811048
371,P5,5136.180024989958
363,P3,5136.3068918134695
426,P2,5137.599142571869
425,P3,5140.101718683512
407,P2,5140.277713560914
347,P7,5140.697890655243
428,P1,5140.739182367232
418,P5,5143.032485392822
398,P6,5143.386209549034
361,P5,5144.03500100965
341,P6,5145.435621658219
293,P6,5145.663537751937
369,P3,5146.326246790356
342,P6,5146.470985509013
412,P3,5146.727923745097
404,P3,5147.292242726967
370,P5,5147.6238848723
382,P3,5147.729617389503
398,P6,5150.972524634112
315,P6,5151.069113348908
386,P3,5151.265528732532
402,P3,5152.191957017589
359,P6,5152.508912288724
426,P2,5152.693604441291
418,P5,5153.023856932719
429,P1,5153.378016562192
405,P3,5154.295490411038
361,P5,5155.007884286436
391,P7,5156.264972286052
342,P6,5156.357494876959
428,P1,5157.807913708423
363,P3,5158.689190550507
387,P3,5159.225622500391
397,P6,5161.070198299122
423,P2,5161.868169449415
359,P6,5163.953218460407
402,P3,5164.039782630681
367,P6,5164.724647038135
386,P3,5165.112624932693
387,P3,5165.255668355365
422,P5,5166.277755827728
418,P5,5166.790271837626
375,P7,5167.173432642237
394,P3,5167.70960389858
403,P1,5168.485872930456
407,P2,5169.608057527294
398,P6,5169.7086554804555
347,P7,5169.731469504426
391,P7,5172.671678989844
402,P3,5172.673885801909
315,P6,5173.05557202062
411,P5,5173.136989628802
412,P3,5173.650409517769
418,P5,5173.841089534646
397,P6,5174.325681359864
405,P3,5176.827132510675
414,P3,5177.3986270351625
427,P2,5178.15806023146
407,P2,5179.08727419477
428,P1,5179.252417149382
347,P7,5180.659633350485
398,P7,5180.804065605133
359,P6,5182.127192515039
369,P3,5182.733900352971
402,P3,5182.924293074738
425,P3,5183.0201436724665
342,P6,5184.661734736673
363,P3,5186.36288902303
361,P5,5186.394463398522
293,P6,5186.428968318322
382,P3,5187.475122153753
394,P3,5187.531181918028
414,P3,5187.765507608373
347,P7,5188.075061197159
417,P3,5189.327972643511
367,P6,5189.37546706748
398,P7,5191.330307765968
397,P6,5191.346011489973
371,P5,5191.486557418645
393,P3,5191.886364775577
391,P7,5192.356477488323
342,P6,5193.584436453444
363,P3,5194.598728288458
424,P6,5195.98780786576
402,P3,5196.167528238812
370,P5,5196.505055955371
422,P5,5196.843763626536
404,P3,5197.68445029493
414,P3,5198.2005003343165
429,P1,5199.428736281097
408,P2,5199.952002186679
361,P6,5200.374654108395
416,P2,5201.419622659315
391,P7,5201.71346542733
397,P6,5201.904589563391
393,P3,5203.310429445635
430,P2,5204.386082321154
342,P6,5206.466873781861
403,P2,5206.648839796706
427,P2,5206.837879261103
363,P3,5207.125251483912
417,P3,5207.727341591017
359,P6,5208.566862600699
361,P6,5208.869956553257
424,P6,5209.600307598593
428,P1,5209.863383963483
416,P2,5209.895992296435
425,P3,5210.286119342845
382,P3,5210.501205612695
391,P7,5211.276700562326
397,P6,5212.045333297155
370,P5,5212.541555819824
293,P6,5212.598735167657
379,P3,5212.853386097836
410,P2,5214.0709538343335
371,P5,5214.26313458492
386,P3,5214.44869034993
432,P1,5214.587934865084
369,P3,5214.90913498911
419,P2,5216.162627689699
410,P3,5216.542878333664
400,P7,5217.032991347025
428,P1,5217.323233405228
387,P3,5217.663782941198
363,P3,5218.011389165011
427,P2,5218.287295305811
418,P6,5219.375011477729
367,P6,5219.6494939222275
359,P6,5220.288499497046
369,P3,5221.863250271212
431,P1,5222.28794930748
411,P5,5223.345317781796
403,P2,5224.897264234374
390,P7,5225.405535864007
410,P3,5225.878358640098
400,P7,5226.697308466881
391,P7,5226.750426081574
370,P5,5227.870911868595
422,P6,5228.781224788531
424,P6,5229.652623103746
418,P6,5229.9777026395295
382,P3,5230.938542034605
367,P6,5232.773095435866
315,P6,5233.032652847395
416,P2,5233.127993232924
397,P6,5234.031720732426
387,P3,5234.131843798753
369,P3,5234.254733682939
431,P1,5234.363054285042
293,P6,5235.106290972937
386,P3,5235.387178918721
420,P6,5237.6396160924
326,P5,5237.978640188325
427,P2,5239.498589654469
432,P1,5239.699386424961
425,P3,5240.126776472168
361,P6,5240.258087370006
367,P6,5240.708628595714
428,P1,5241.199149902035
398,P7,5241.924614718862
379,P3,5241.983855676979
361,P6,5244.272428859714
386,P3,5245.534045652457
387,P3,5245.708496263278
426,P3,5246.372252411408
410,P3,5246.620937775344
422,P6,5246.644880952754
424,P6,5247.262648977541
414,P3,5247.355480611782
432,P1,5249.311948874377
393,P3,5250.632824266371
428,P1,5250.825950431596
398,P7,5250.945729907846
408,P2,5250.977122234025
430,P2,5252.956142191733
359,P6,5253.012381902647
387,P3,5253.46720619915
423,P3,5254.957884374336
414,P3,5254.991094499997
400,P7,5255.762237577637
403,P2,5256.0740903989035
380,P7,5256.926352572788
410,P3,5257.5167731838765
407,P3,5258.245044995242
429,P1,5259.1356615132845
387,P3,5260.152367221889
423,P3,5260.456385822075
380,P7,5261.633958892136
369,P3,5262.839025848389
359,P6,5263.32387292211
425,P3,5263.649589640976
383,P5,5264.306052770199
430,P2,5264.3924062589585
426,P5,5264.845790480727
424,P6,5266.224348655502
407,P3,5266.280479560929
403,P2,5266.4812584208785
390,P7,5266.746927796304
429,P1,5267.299025617946
432,P1,5268.4096477275325
398,P7,5269.6798008197065
401,P7,5269.845007022327
367,P6,5269.893936266164
419,P2,5270.192716118943
359,P6,5270.907236870808
428,P1,5271.704529521788
369,P3,5273.166756492239
430,P2,5273.2883043163465
426,P5,5274.509272136409
403,P2,5275.166303234535
411,P5,5275.441726696167
408,P2,5275.509057247457
401,P7,5276.038454189153
379,P3,5278.1533084903795
410,P3,5278.452665205396
400,P7,5278.476875796271
414,P3,5278.542269891569
407,P3,5279.22811176097
390,P7,5279.3049611937395
426,P5,5280.348653292296
420,P6,5281.806179536045
380,P7,5282.318373649192
396,P6,5283.413671476745
293,P6,5283.572720873303
435,P3,5283.601116457553
411,P5,5283.614541838608
423,P3,5284.148688861612
393,P3,5284.305811230731
430,P2,5284.715576474663
370,P5,5284.767579540271
410,P3,5286.32620566495
417,P3,5287.456089199949
326,P5,5288.117780321626
427,P3,5288.363942290223
436,P1,5288.432375012537
382,P3,5288.927673945983
361,P6,5289.35058337364
401,P7,5289.397312256933
433,P1,5290.458120767856
359,P6,5291.23102976848
434,P1,5291.628182126608
397,P6,5293.2975541803235
369,P3,5293.492162171652
315,P7,5295.00298371088
439,P1,5295.094058521805
438,P1,5295.609106553892
414,P3,5296.158922793697
326,P5,5298.293769163887
429,P2,5298.754250850863
410,P3,5299.688859167972
403,P2,5300.210283291572
369,P3,5301.231105734899
423,P3,5303.391073426926
426,P5,5303.730193701388
419,P3,5304.309095266454
396,P6,5304.805729990478
380,P7,5304.970311204939
416,P3,5305.364454109532
434,P1,5305.543243420003
293,P6,5306.201439480187
410,P3,5306.572866724815
414,P3,5307.113059904742
426,P5,5307.43544056577
438,P1,5307.539268924078
408,P2,5307.885208206397
439,P1,5309.241078092934
436,P1,5309.421649417016
326,P5,5309.50109445674
435,P3,5310.455790615288
398,P7,5310.805377014457
393,P3,5312.175569655413
430,P2,5312.7696513723895
383,P5,5313.819658376376
403,P2,5316.017577631466
431,P1,5316.82565308849
390,P7,5316.8607139464075
436,P1,5317.115043213081
387,P3,5317.226369166369
427,P3,5317.793559972521
439,P1,5318.476079370483
408,P2,5318.687459346348
431,P2,5318.974038342388
410,P3,5320.096085560618
425,P3,5320.449825281053
433,P1,5320.82072560359
379,P3,5321.592540247692
293,P6,5322.87330167437
361,P7,5323.272290978238
428,P1,5324.021893107069
393,P3,5324.844962709815
386,P3,5325.421098134259
390,P7,5326.000548593491
382,P3,5327.524278408265
370,P5,5328.32681501429
408,P2,5328.8861697997145
410,P3,5329.9375819304705
419,P3,5330.204294937655
429,P2,5330.332097629822
430,P2,5330.405014107849
407,P3,5330.636645925794
431,P2,5330.819944579822
426,P5,5330.982773848764
427,P3,5332.033148093571
423,P3,5333.083015523582
416,P3,5333.561103803778
359,P6,5333.63572217437
438,P1,5333.746696379026
415,P7,5334.347198588611
414,P3,5335.5776740277615
433,P1,5336.479620877226
390,P7,5337.051817012291
407,P3,5337.191600018022
441,P1,5338.546726897182
439,P1,5339.371034659186
440,P1,5340.251970089847
431,P2,5341.150716847652
379,P3,5341.185606798824
440,P1,5341.542559583252
293,P6,5342.418573042549
415,P7,5342.776771046674
369,P3,5343.282676098713
387,P3,5343.41544919298
426,P5,5343.479476168845
367,P7,5343.537218824935
430,P2,5343.987230284432
361,P7,5345.784529805562
429,P2,5346.929661982362
438,P1,5347.863578215546
441,P1,5348.744259846073
359,P6,5350.38640626461
431,P2,5350.618021850894
433,P2,5351.1518733543035
361,P7,5351.627639969231
435,P3,5352.274903036865
396,P6,5353.853115620527
293,P6,5354.048762693597
444,P1,5354.405566054112
429,P2,5355.621169210778
370,P5,5355.690359518029
403,P2,5357.02321720289
435,P3,5361.0460681228515
361,P7,5361.412074163945
370,P5,5361.808373427743
428,P1,5361.977246166099
430,P2,5362.381326718217
442,P1,5362.854510160156
386,P3,5364.355322599853
438,P1,5364.8454755252815
403,P2,5364.899894070287
426,P6,5365.662820418685
396,P6,5365.812735467155
417,P3,5367.629725726368
433,P2,5367.772784607875
437,P2,5369.495531065701
430,P2,5369.663364110804
431,P2,5369.826122189966
379,P3,5370.118911180385
399,P7,5372.362362010416
389,P6,5372.458031688564
386,P3,5373.554149263823
411,P5,5374.815722447901
383,P5,5374.961118414712
415,P7,5374.961250649258
423,P3,5375.477874742611
438,P1,5376.167609746877
416,P3,5377.111425116892
426,P6,5378.098423351968
434,P1,5379.464513955687
419,P3,5379.561900409198
443,P3,5380.34630109349
393,P3,5380.763469511995
442,P1,5380.996853898672
399,P7,5382.217584890429
383,P5,5382.659232751636
361,P7,5383.504852636124
389,P6,5383.94302332662
438,P1,5384.394410263306
446,P1,5385.34590312594
367,P7,5385.594013598044
444,P1,5388.878131374402
386,P3,5390.581113579939
437,P2,5391.737537304517
387,P3,5391.896298127056
359,P6,5392.164991312459
326,P5,5392.273135836213
388,P7,5392.358282524707
442,P1,5393.001233463918
379,P3,5393.352590516929
446,P1,5393.621361834542
383,P5,5393.662043916802
427,P3,5393.792523984774
396,P6,5394.406540122789
361,P7,5394.533702033176
370,P5,5395.134545063215
440,P1,5395.178387178726
411,P5,5395.293137060193
449,P1,5397.649236442559
417,P3,5397.803065440701
432,P2,5398.523712077742
435,P3,5398.528986682627
441,P1,5398.7957570523
315,P7,5398.984111311983
431,P2,5399.78478152432
410,P3,5400.268685149906
447,P1,5400.417400877195
414,P5,5400.500110099549
423,P3,5401.4973862869465
367,P7,5401.521339320291
399,P7,5401.554449191282
315,P7,5401.783382556073
326,P6,5401.799052653845
444,P1,5403.578241637568
439,P2,5403.6713835282035
388,P7,5403.7789270157455
386,P3,5404.230574222145
446,P1,5404.44927194993
389,P6,5405.556523270975
414,P5,5406.008576645906
440,P1,5406.409869137111
383,P5,5407.17853346082
417,P3,5407.25299064602
438,P1,5407.388987599148
438,P2,5407.708978769267
410,P3,5408.242314318629
443,P3,5409.216506466887
427,P3,5409.577520373377
448,P3,5411.160780368832
379,P3,5412.0206150854365
434,P1,5413.751265932138
421,P6,5414.329215022335
389,P6,5415.245071654125
370,P5,5415.994122640871
449,P1,5416.80763076709
315,P7,5416.837983066832
421,P6,5418.563573084905
414,P5,5418.74756223384
429,P3,5419.056893629959
447,P1,5421.841713315668
387,P3,5422.180154029119
432,P2,5422.623316683521
396,P6,5422.640895834447
437,P2,5422.824459029461
442,P1,5423.237265255261
393,P3,5423.338072626705
388,P7,5423.765985418792
436,P2,5423.863099092545
423,P3,5424.1866061999735
386,P3,5424.22790513503
403,P3,5424.348660562247
315,P7,5424.833786081871
408,P3,5425.127877272661
416,P3,5425.179792907874
433,P3,5425.8852474053865
390,P7,5427.709236221374
429,P3,5427.864283549584
408,P3,5428.642256762718
414,P5,5428.817785238348
426,P6,5429.344727882215
438,P2,5430.283698288114
451,P1,5430.907157259369
432,P2,5431.182443959974
442,P1,5433.448437867181
445,P3,5433.690651137655
367,P7,5433.971735062421
430,P2,5434.388433839953
446,P1,5434.927019971778
429,P3,5435.189049926968
444,P2,5435.537013419249
440,P1,5436.0425234446175
386,P3,5436.523650896904
438,P2,5438.269472617266
427,P3,5438.632445493826
426,P6,5438.879681745068
431,P2,5439.860193508013
370,P5,5439.8927816025625
381,P5,5440.690993172361
443,P3,5440.932815971865
315,P7,5442.42543603639
416,P3,5443.038839005363
408,P3,5443.263448396744
447,P1,5443.384746610933
446,P1,5443.4845582366615
383,P5,5444.253009254794
437,P2,5444.475394502744
434,P1,5444.5557007544485
433,P3,5444.6778287382795
417,P3,5445.008122286642
411,P5,5445.244106573343
413,P5,5445.345886967475
439,P2,5445.402033517545
431,P2,5451.182540640854
438,P2,5451.527714976179
435,P3,5451.828753546535
388,P7,5451.91103787552
447,P2,5452.473960703014
437,P2,5452.748460900896
442,P1,5453.316065533796
386,P3,5453.327117045592
452,P3,5453.4142964725215
399,P7,5453.626732952555
419,P3,5453.752339385295
369,P3,5454.441721173197
412,P7,5454.729714628747
453,P1,5455.165973018677
434,P1,5456.43263231377
414,P5,5456.551810889046
417,P3,5456.711788249885
383,P5,5457.002318743008
433,P3,5457.3096056567465
426,P6,5457.897835124641
435,P3,5458.012204528067
421,P6,5459.19740309559
427,P5,5460.157629253755
419,P3,5460.3827181545275
389,P6,5460.990695410308
430,P2,5461.514669038217
399,P7,5462.236161184852
367,P7,5462.607726395797
446,P1,5462.643976683377
441,P2,5463.558544706795
413,P5,5463.77783136229
449,P1,5463.991200630575
433,P3,5464.0949520439135
369,P3,5464.146505051981
447,P2,5464.817740434301
426,P6,5464.841409265195
423,P3,5466.025513037787
383,P5,5466.043708747012
450,P1,5466.470821828742
396,P6,5466.643560366077
412,P7,5466.791023031208
315,P7,5467.305758124664
431,P2,5468.924209956692
453,P1,5469.286337048325
451,P1,5469.365617990295
419,P3,5469.582690390997
370,P5,5470.370057390209
417,P3,5470.845335475675
399,P7,5470.996651834679
379,P3,5471.07153333445
443,P3,5471.496610909244
439,P2,5471.534800725302
429,P5,5472.230981341631
428,P2,5472.2699025558395
386,P3,5473.054801345041
387,P3,5474.05948851091
326,P6,5474.641080707728
436,P2,5474.729227503169
452,P3,5476.093876219562
396,P6,5476.201615131157
426,P6,5476.424465184087
379,P3,5477.437935572161
427,P5,5477.959168196095
408,P3,5478.100688098493
443,P3,5478.964195736072
396,P6,5479.868665855047
428,P2,5480.20873757683
440,P1,5480.644447655789
430,P3,5481.999487497792
431,P2,5482.242292966421
386,P3,5482.453223937871
434,P1,5483.706320022251
413,P5,5484.000604521269
405,P5,5484.906048226458
451,P1,5485.112954372409
370,P5,5486.1722328260175
412,P7,5486.32083405608
403,P3,5486.642974625653
426,P6,5488.3215227787
359,P6,5489.310170743254
454,P1,5490.174807844725
434,P2,5490.559956181404
443,P3,5490.635447813969
423,P3,5491.883476256802
408,P3,5491.918722974769
442,P1,5492.0088479113665
315,P7,5492.599964668617
445,P3,5492.657461035447
367,P7,5492.839479538302
439,P2,5493.919450702093
448,P3,5494.08826956948
416,P3,5494.203202895225
446,P1,5494.2708249653715
383,P6,5495.240373417947
405,P5,5495.355555249175
386,P3,5496.04177535251
454,P1,5496.319056167476
436,P2,5496.522690785256
388,P7,5497.229755595615
438,P2,5497.497697882677
426,P6,5498.1955746698195
403,P3,5498.604941327415
444,P2,5498.837525477807
413,P5,5498.873979343791
437,P2,5499.219283816632
443,P3,5500.410403961091
396,P6,5501.047665510941
455,P2,5502.068001324006
408,P3,5502.364563350941
442,P1,5502.804819409198
446,P1,5503.214320855306
359,P6,5503.3064693302385
405,P5,5503.607001763683
451,P1,5503.871603385716
436,P2,5504.362268383168
369,P5,5504.777151531318
411,P5,5505.479737818156
387,P3,5505.673837567163
412,P7,5506.1853958580805
386,P3,5507.07869132774
431,P2,5507.574430172003
453,P1,5507.965505627401
454,P1,5508.0037393539515
444,P2,5508.118208490701
414,P5,5508.643998024531
448,P3,5509.719294037379
369,P5,5511.4371626226875
434,P2,5511.5938533836215
381,P5,5511.631029898171
413,P5,5512.390230231165
412,P7,5512.625510039271
443,P3,5512.978190987307
432,P3,5513.599324670696
455,P2,5513.770593413564
396,P6,5514.132849743834
388,P7,5514.556753363974
428,P2,5514.845363305694
452,P3,5516.5739643519555
406,P7,5517.13083603538
416,P3,5517.162570611898
403,P3,5517.524596251534
381,P5,5517.530779544602
441,P2,5518.552473755423
326,P6,5519.716308920264
454,P1,5519.935165889893
408,P5,5520.022958448109
439,P2,5520.326360207776
453,P1,5520.481090853935
413,P5,5520.536815949829
428,P2,5521.357083650528
427,P5,5521.795772759496
444,P2,5522.079699007439
437,P3,5523.607527572834
403,P3,5523.688506768924
452,P3,5524.709673865779
450,P2,5524.8369687960885
388,P7,5525.068304242644
442,P2,5527.285255552761
399,P7,5527.326077377729
383,P6,5527.940608332947
416,P3,5528.358062695969
441,P2,5528.997235836639
438,P2,5529.08501592379
443,P3,5529.307193210076
381,P5,5529.324846749
453,P1,5531.138404177671
446,P1,5531.253796664901
419,P3,5531.375206544568
428,P2,5531.575465164456
430,P3,5531.647606080954
359,P6,5532.0295104930765
450,P2,5532.147846529477
442,P2,5532.444694302063
399,P7,5532.79786374516
445,P3,5532.898249610824
435,P3,5532.919837670187
455,P2,5533.076981746983
439,P2,5533.5040785226
370,P6,5533.949130911445
444,P2,5536.336005794791
396,P6,5537.432680131694
419,P3,5538.067250436179
438,P2,5538.138609457165
383,P6,5538.29342278226
381,P5,5538.356325331056
435,P3,5539.062827504355
315,P7,5540.137008759077
430,P3,5540.291525857081
406,P7,5540.584898073436
450,P2,5541.601043347526
444,P2,5541.782184574575
431,P3,5543.1628029750655
452,P3,5543.65137892938
369,P5,5543.990188919851
363,P5,5546.3771097107665
446,P1,5546.577064098165
453,P1,5546.821934680937
447,P3,5547.319459888939
438,P2,5548.236584198963
425,P7,5548.248906696762
455,P2,5548.911573604325
446,P1,5549.014341119966
436,P3,5549.4032166215475
456,P3,5549.809160904394
437,P3,5549.903099959188
404,P5,5550.917203802345
457,P3,5551.143191726065
394,P6,5551.938401340678
439,P2,5552.546015692692
419,P3,5552.784702040652
432,P3,5553.064800495097
451,P2,5553.399093333204
387,P3,5554.64729979386
449,P1,5554.721659854714
408,P5,5555.0082163877005
389,P6,5556.107129766878
413,P6,5556.408459930273
431,P3,5556.681857932801
379,P3,5556.935892626139
436,P3,5557.619899265136
369,P5,5557.632739175377
425,P7,5557.859659477959
383,P6,5559.432932916202
427,P6,5560.484864383152
434,P2,5560.643609145281
432,P3,5561.30442871048
443,P3,5562.532524425106
439,P2,5563.276578492707
419,P3,5564.6919881423
450,P2,5564.740775233764
326,P6,5564.955734353272
453,P1,5565.552938065486
452,P3,5565.725308836667
383,P6,5566.1090706338855
402,P5,5566.450427218743
446,P1,5566.6083254567275
399,P7,5566.635022679067
413,P6,5566.844663479544
403,P3,5566.925546340983
444,P2,5567.301040068077
442,P2,5568.21600890631
456,P3,5568.3333033851795
458,P1,5568.643968829361
457,P3,5568.943130841219
379,P3,5568.99610878667
369,P5,5569.098976461386
370,P6,5569.698521450494
431,P3,5570.593848678483
394,P6,5570.613768989867
435,P3,5570.856454211688
451,P2,5570.935307398999
425,P7,5571.905597066877
387,P3,5572.314956300261
454,P1,5572.38628827841
408,P5,5572.39376183512
441,P2,5573.623061240488
443,P3,5573.675648223138
428,P2,5574.289303376696
399,P7,5575.43832204891
439,P2,5576.235770240664
445,P5,5577.378952374625
383,P6,5577.430458323621
440,P2,5578.972286425988
430,P3,5580.708215572678
369,P5,5580.731763294873
443,P3,5581.128240232785
423,P3,5581.278337577613
370,P6,5581.564404491784
437,P3,5581.8686542120995
435,P3,5581.870388187988
428,P2,5582.066179668901
439,P2,5583.218585699914
408,P5,5583.384720706662
387,P3,5583.553391626803
452,P3,5583.766477834864
427,P6,5584.828068125787
389,P6,5585.350410839272
444,P2,5585.380630381674
402,P5,5585.798906333913
406,P7,5586.124816199718
381,P5,5588.0123858366605
438,P2,5588.462475741651
453,P1,5588.474896290077
403,P3,5589.496572911113
369,P5,5590.632545666069
405,P6,5591.251400828719
454,P1,5591.320530090425
404,P5,5592.179672077937
452,P3,5592.357564484841
359,P6,5592.401192220038
437,P3,5592.564373550762
326,P6,5592.696758613069
443,P3,5592.77459223133
427,P6,5592.8234166883485
423,P3,5592.867896121488
428,P2,5593.566464072668
413,P6,5593.853176084763
434,P2,5594.261313482561
450,P2,5594.343647148021
459,P2,5594.925919828207
411,P6,5596.541661227373
440,P2,5596.8044988673755
389,P6,5597.337239277446
458,P1,5597.711704769942
403,P3,5598.464034719019
442,P2,5599.564991238174
460,P1,5599.852172214712
405,P6,5600.033120991764
436,P3,5600.230743932117
445,P5,5601.149069364914
404,P5,5602.189330277943
435,P3,5602.65169601007
439,P2,5603.559121298296
454,P2,5603.730620113026
417,P3,5604.56236782055
326,P6,5607.876552946099
440,P2,5608.631578320836
399,P7,5610.542675641937
443,P3,5610.835297146618
423,P3,5611.43266029135
442,P2,5611.443896869761
459,P2,5611.803312892866
404,P5,5611.998512436755
437,P3,5612.13943579279
431,P3,5612.428319328898
451,P2,5612.966270054984
387,P3,5613.586108442479
446,P1,5614.185528153387
389,P6,5614.23210179223
427,P6,5614.609293776118
434,P2,5615.633602593381
440,P2,5615.772675635774
428,P3,5617.18281854093
394,P6,5618.031345467122
461,P3,5618.577695095944
460,P1,5618.639503413891
456,P3,5618.659831389029
403,P5,5619.325398247531
402,P5,5619.566157268663
431,P3,5619.819515746117
432,P3,5622.395603055498
439,P2,5623.034003153002
399,P7,5623.221991113868
450,P2,5623.375906425706
452,P3,5623.777970660512
363,P5,5624.239396831621
408,P5,5624.245118649739
444,P2,5624.604992376258
369,P5,5624.922631043197
359,P6,5625.482920940624
449,P1,5626.653963764839
441,P3,5627.122243857962
430,P3,5628.111784131018
369,P5,5628.113040083874
460,P1,5628.419994311977
451,P3,5628.668434739547
458,P1,5629.307599789749
428,P3,5629.380000542106
457,P3,5629.680655991904
402,P5,5630.496024659799
379,P3,5630.571043529615
438,P3,5631.344248044319
431,P3,5632.871199484483
408,P5,5633.275071486429
427,P6,5633.333290202183
451,P3,5634.470320734648
459,P2,5635.524452082308
447,P6,5636.135142939644
460,P1,5636.579539222323
411,P6,5636.6036314372695
432,P3,5637.611711132609
379,P3,5637.835725024434
440,P2,5638.314265091991
437,P3,5639.283239205166
370,P6,5639.367902222689
430,P3,5639.548708759752
381,P5,5640.241055759349
383,P6,5641.265870418265
394,P6,5641.55215495577
403,P5,5641.6538089833975
408,P5,5642.169895273504
407,P6,5642.596288267452
431,P3,5642.941544760738
427,P6,5643.091614410225
450,P2,5644.348479122518
446,P1,5644.988687673061
413,P6,5645.873821811274
363,P5,5646.76284624788
417,P3,5646.781066132166
445,P6,5646.803604458301
389,P6,5647.082508610295
461,P3,5647.552861022879
451,P3,5648.633752141643
456,P3,5648.656728389338
458,P1,5648.907390640537
428,P3,5649.120879691547
457,P3,5649.139683931763
441,P3,5650.7729044882335
370,P6,5650.97727359298
449,P2,5651.70715448118
389,P7,5652.9999248964905
433,P6,5653.8665288414095
417,P3,5654.218399342798
459,P2,5654.313815974942
359,P7,5654.601128074449
413,P6,5655.251032629404
452,P3,5655.536300562044
326,P6,5656.600387871357
404,P5,5657.083730120728
428,P3,5657.487668921524
381,P5,5658.411085704561
442,P3,5659.093488423816
445,P6,5659.804861675777
407,P6,5659.81523396212
460,P1,5661.017084845379
432,P3,5661.027076234544
437,P3,5661.081410329598
408,P5,5661.554141339985
459,P2,5662.030751781508
389,P7,5662.338988984241
455,P3,5663.068887820468
464,P3,5664.388952220915
382,P6,5665.131720492798
439,P2,5665.621703561104
428,P3,5666.749597867428
402,P5,5667.126702157165
383,P6,5667.504101601971
454,P2,5668.28924886274
445,P6,5668.29288663283
462,P1,5668.979833847643
394,P6,5669.056744764552
457,P3,5669.272054710987
407,P6,5670.196034239354
403,P5,5670.296074545205
444,P2,5670.296196977786
439,P3,5670.416604991374
453,P2,5670.9047981669455
461,P3,5671.352786720632
459,P2,5671.74739278758
427,P6,5671.976523345831
464,P3,5672.032826877081
452,P3,5672.643906038622
451,P3,5673.167141578003
444,P2,5674.624694636718
445,P6,5676.131025131294
326,P6,5676.671952150608
461,P3,5677.8312548678305
457,P3,5678.45764583991
428,P3,5678.5196283424475
359,P7,5678.710737560333
441,P3,5679.0162233231595
434,P2,5679.293987837415
458,P1,5679.529499788482
430,P3,5679.769033642791
438,P3,5680.049370029573
435,P3,5680.14654041621
407,P6,5680.471364778677
389,P7,5680.940450027375
465,P1,5681.342092950423
468,P1,5681.435240587893
457,P5,5682.092784606702
433,P6,5684.075380734961
452,P3,5684.159156973468
446,P1,5685.534129879693
460,P1,5685.8405793412
363,P5,5686.158076265055
413,P6,5686.517888800079
449,P2,5686.544047593224
462,P1,5687.638751943492
417,P5,5687.816109127961
425,P7,5688.594300258989
383,P6,5688.632484978485
464,P3,5689.017583518711
441,P3,5689.308492981287
469,P1,5689.324029100514
438,P3,5689.616154279262
465,P1,5689.624784961411
436,P3,5689.736105745898
428,P3,5689.774082785786
432,P3,5689.864016125981
381,P5,5691.216888377627
471,P1,5691.700486532101
446,P1,5691.847075599429
394,P6,5692.141197243216
452,P3,5692.160218412384
450,P2,5693.730530854249
455,P3,5694.406727032146
435,P5,5694.666274387246
431,P3,5694.69083585578
451,P3,5695.375363100193
461,P3,5696.370997271187
441,P3,5698.144700346418
382,P6,5698.207735022291
462,P1,5698.237873216646
436,P3,5698.359460830482
468,P1,5699.4444960102555
440,P2,5699.9872264880205
460,P1,5700.0487088429045
413,P6,5700.602709642939
465,P1,5700.914873693284
471,P1,5701.245071328601
445,P6,5701.411846584662
458,P2,5701.912290013335
449,P2,5702.006109969206
431,P3,5702.860475468023
369,P5,5703.188836342659
434,P2,5703.251517056954
404,P5,5703.823383044631
363,P6,5704.192202795544
446,P1,5706.638785695482
441,P3,5707.7685345371365
463,P1,5708.635699870777
465,P1,5709.513077525632
436,P3,5709.63520117069
431,P3,5709.931091760109
443,P3,5709.973811328642
461,P3,5710.04070786425
462,P1,5710.198699669324
403,P5,5710.569056789829
369,P5,5710.591752730493
459,P2,5710.800763411579
394,P6,5710.903571678002
389,P7,5711.608089661974
472,P1,5712.947841546757
434,P2,5713.012613477216
445,P6,5713.141037057669
408,P5,5713.237411518597
452,P3,5713.296781729284
364,P6,5713.866095028781
413,P6,5714.49913584597
326,P6,5714.998815844053
466,P1,5715.250780590596
451,P3,5715.729212169774
465,P1,5716.148440676005
417,P5,5716.251200931257
449,P2,5716.723922275323
428,P3,5717.402277960819
442,P3,5717.740701121521
413,P6,5717.938875837218
464,P3,5718.220663900394
394,P6,5718.731940609034
441,P3,5719.500264156442
469,P1,5720.2748583589655
440,P2,5720.519080901446
466,P2,5721.308927204748
443,P3,5721.590306730492
431,P3,5723.120948948676
413,P6,5723.814715697882
382,P6,5724.92214440651
404,P6,5725.10632056554
435,P5,5725.172663950702
403,P5,5725.336060397964
451,P3,5725.503932158018
425,P7,5725.74522736659
450,P2,5725.880857969623
438,P3,5727.026150443862
359,P7,5727.345906867054
363,P6,5727.39570896331
461,P3,5727.462293822993
431,P5,5727.5425152249
446,P2,5727.809729221664
460,P1,5727.867505515957
458,P2,5728.295225695255
462,P1,5728.337669190536
436,P3,5729.221125544693
428,P3,5729.9010072536985
394,P6,5730.2539306077115
441,P3,5730.912663320842
457,P5,5732.0871052362645
407,P6,5732.305967718229
468,P1,5732.604387190933
471,P1,5732.686073401214
455,P3,5732.854299000261
452,P3,5733.347574091904
472,P1,5734.063710084731
442,P3,5734.064119895554
453,P2,5734.428690403738
413,P6,5734.6062448848725
464,P3,5735.709862032364
434,P2,5735.752381378695
402,P6,5736.187524812216
449,P2,5736.616835933617
389,P7,5737.88704609071
431,P5,5738.123336739479
451,P3,5738.8434281598475
435,P5,5739.044018623112
439,P3,5739.325693307414
458,P2,5739.985529405458
445,P6,5740.2551195695705
467,P1,5741.381615165827
435,P5,5743.636961034357
455,P3,5743.640473526836
472,P1,5744.649436525358
464,P3,5744.678983881345
458,P2,5744.956762333275
451,P3,5745.127949313265
404,P6,5745.4347951496575
382,P6,5745.835792860315
441,P3,5747.41800029369
394,P6,5747.857243602393
475,P3,5748.1887150138855
428,P3,5749.003499967693
410,P7,5749.30303728155
442,P3,5749.62236425166
463,P2,5749.82195386113
465,P1,5749.835227168277
473,P3,5750.567981723958
436,P3,5750.719397927505
460,P1,5752.1081895959915
389,P7,5752.1450630963645
454,P3,5752.182395356562
471,P1,5752.469111465391
472,P1,5753.614167698244
434,P2,5753.8012098205445
364,P6,5753.860583322891
431,P5,5754.244559519252
459,P2,5754.605679168814
404,P6,5755.364107852953
477,P1,5758.236141388536
438,P3,5759.157514406986
442,P3,5760.014731588678
444,P3,5760.276004744877
452,P3,5760.753223344872
471,P1,5760.931826150677
383,P6,5761.42463757965
394,P6,5761.932818989364
434,P2,5762.517977574268
468,P1,5762.580359656189
431,P5,5762.764467777861
363,P6,5762.973016134697
459,P2,5763.26634946674
454,P3,5763.65792800661
450,P2,5764.68977439519
466,P2,5765.180023682359
451,P3,5765.766654778384
469,P1,5766.920614839349
453,P3,5767.149285409583
478,P1,5768.245442436699
465,P1,5768.818998138406
436,P3,5768.989144288684
467,P1,5769.197553822006
466,P2,5769.783864648195
431,P5,5770.524216562077
471,P1,5771.553088072271
453,P3,5771.628422870117
459,P2,5772.383143093808
476,P1,5772.9962657012
472,P1,5773.469055521573
450,P2,5773.579782238171
462,P2,5774.594749024683
449,P3,5775.086637423153
477,P1,5775.24093226596
363,P6,5775.436718012496
402,P6,5777.145579590258
460,P1,5777.431343122109
404,P6,5777.6966687332315
446,P2,5777.732717283635
451,P3,5777.9610653166355
440,P2,5778.598529509158
467,P1,5779.813336284623
466,P2,5780.2405893876
389,P7,5780.432924264416
442,P3,5780.9535547973455
383,P6,5781.29877733066
464,P3,5781.441294533305
479,P1,5782.758119540406
449,P3,5783.568013846429
436,P3,5783.71442607613
468,P1,5784.342252640455
454,P3,5784.6519962442335
402,P6,5784.986130078588
364,P6,5785.2189967076
417,P5,5785.550203217819
428,P3,5786.261616851769
404,P6,5786.895410787851
467,P1,5786.964733839745
383,P6,5788.679357755562
478,P1,5789.141254157998
394,P6,5789.686929029887
480,P3,5789.774924412452
473,P3,5790.399187167265
402,P6,5792.10500672772
476,P1,5793.009080056593
474,P3,5793.126973788878
462,P2,5793.290624815233
435,P5,5793.508561255646
470,P1,5793.565557753034
326,P6,5794.185186078325
363,P6,5794.513105021013
472,P1,5794.923445356016
417,P5,5795.3266962440775
466,P2,5795.3344242731255
479,P1,5797.007222505175
438,P3,5797.586762079068
478,P1,5797.923990841224
475,P3,5798.2141135420525
470,P1,5798.9012858825
431,P5,5799.189424887977
394,P6,5800.02066845305
440,P2,5800.338103995586
454,P3,5801.73869545697
442,P3,5802.192382344277
477,P1,5804.284340187193
436,P3,5804.655226810053
364,P6,5804.677361441556
466,P2,5805.165178786378
449,P3,5805.379377313745
453,P3,5807.017879082118
402,P6,5807.973275289008
417,P5,5808.028064176849
467,P1,5809.141198998089
404,P6,5809.2608808281
473,P5,5809.8068344892945
474,P3,5809.968422325897
442,P3,5810.653252511971
470,P1,5811.524529808806
439,P3,5811.625483762432
444,P3,5812.225499383189
463,P2,5812.289475644493
471,P2,5812.92841963745
472,P1,5813.557736455884
435,P5,5813.591129740439
468,P2,5813.733658252355
450,P2,5814.060383350248
465,P2,5814.183637174412
455,P3,5814.992932903514
326,P6,5815.233562886051
449,P3,5815.396954420807
463,P2,5816.532383667083
477,P1,5816.802034044105
473,P5,5816.823493584773
364,P6,5818.098714811877
469,P1,5820.017092791398
467,P1,5820.039534957781
438,P3,5820.5225091809125
449,P3,5821.990721095577
453,P3,5822.650654707895
382,P6,5822.766306205021
466,P2,5823.241703330863
462,P2,5824.187362324941
479,P1,5824.460131924572
450,P2,5825.301251916717
364,P6,5826.530705955647
431,P5,5827.251954424347
404,P6,5828.267408708951
476,P2,5828.270372787993
463,P2,5828.556907448682
459,P3,5829.0295344296055
457,P5,5830.546159853104
454,P3,5831.062217877288
471,P2,5831.093416841392
467,P1,5831.246813818293
474,P3,5832.719015794351
444,P3,5832.7419209376685
382,P6,5832.9494959789845
460,P2,5833.980147518379
449,P3,5834.146250375811
369,P6,5834.1463928653275
480,P3,5834.783486849759
473,P5,5835.214547382342
450,P2,5835.549002720495
479,P1,5836.293506278875
465,P2,5837.002509442719
440,P3,5837.115435073505
438,P3,5837.511048173117
471,P2,5837.6929620792325
417,P6,5838.667542807723
428,P3,5838.952709221009
470,P1,5839.503300496629
463,P2,5841.32997765272
466,P2,5841.5382988091815
434,P3,5842.83017244145
451,P5,5843.045530263684
453,P3,5843.239533619419
455,P3,5843.910361036954
404,P6,5845.07034312064
435,P5,5845.118474255919
475,P3,5845.972469659987
459,P3,5846.437409163701
463,P2,5849.214849538397
456,P6,5849.437712349239
428,P3,5851.100429707904
431,P5,5851.230653625804
404,P7,5853.990119871106
428,P3,5856.2399969462895
469,P2,5856.485531116635
457,P5,5856.555020755626
471,P2,5857.087554126851
455,P3,5857.523551275728
446,P2,5857.54799817443
474,P3,5858.256696482376
475,P3,5858.975646561348
458,P2,5859.54057255799
472,P2,5859.579029354904
466,P2,5859.608404835917
473,P5,5859.639415648996
460,P2,5859.656070525968
459,P3,5859.831310778826
450,P2,5859.943927408401
431,P5,5861.261064365599
480,P3,5862.419345205527
364,P6,5862.540083274568
469,P2,5862.600150257232
434,P3,5862.681122607397
439,P3,5863.179872078786
417,P6,5863.839086742361
475,P3,5864.673085035064
457,P5,5865.091954251771
473,P5,5865.286518814673
482,P1,5865.451263188629
465,P2,5866.48069108199
404,P7,5867.176052821694
386,P5,5868.528691096512
463,P2,5868.595924961352
460,P2,5869.3247096555
476,P2,5869.467476597228
453,P3,5870.202569295618
431,P5,5870.335969682158
474,P5,5870.396694911381
446,P2,5870.6339777280455
454,P3,5870.919004656134
458,P3,5871.825563111542
450,P2,5873.84050962368
434,P3,5874.395300555258
486,P1,5875.206934689435
444,P5,5875.718426021964
465,P2,5876.512863789319
446,P2,5876.813926693539
448,P7,5877.416976751679
478,P1,5877.703062303724
471,P2,5878.213343810217
386,P5,5878.231997551236
487,P1,5878.954706168263
431,P5,5878.974000858632
457,P5,5879.133109534969
449,P3,5879.748269071806
480,P3,5880.017900031594
440,P3,5881.997881287167
479,P1,5882.839099713345
404,P7,5884.71602281186
486,P1,5884.835309110752
434,P3,5885.164997768247
386,P5,5885.626052624164
481,P1,5885.856654231732
475,P3,5886.356058631622
482,P1,5886.9325247495135
456,P6,5887.325492521873
438,P3,5887.550867977135
369,P6,5887.961544214554
470,P1,5888.2186865188105
487,P1,5888.515567489279
485,P1,5888.8279041626465
453,P3,5888.964803776841
460,P2,5889.540615469526
437,P5,5890.335274224572
431,P5,5890.431944213975
404,P7,5892.19544910563
479,P1,5892.5474977694585
489,P1,5892.634675366532
477,P2,5893.169028145388
465,P2,5893.496538185941
463,P3,5893.573827464861
469,P2,5893.93599974056
453,P3,5894.058395871348
454,P3,5895.075316089829
457,P5,5895.415851628649
473,P6,5895.6136355053895
483,P3,5896.399876471589
480,P3,5896.744496155166
455,P3,5896.7637812600315
438,P3,5897.661714715792
448,P7,5897.922547315086
456,P6,5898.575864619837
478,P1,5899.880621287639
482,P1,5900.483636822618
386,P5,5900.9817044908295
434,P3,5901.421325461234
417,P6,5901.7283854400575
472,P2,5902.443816722134
484,P2,5902.612795019448
455,P3,5903.020054874604
467,P2,5903.352571125622
458,P3,5903.547637200326
473,P6,5903.728646846198
419,P7,5903.849099605644
456,P6,5904.05677097348
469,P2,5904.765798425617
479,P1,5904.867556215205
437,P5,5905.139677368763
481,P1,5905.19891963967
475,P3,5905.25740003816
490,P3,5906.59342886919
486,P1,5906.672566043887
451,P5,5907.11072660167
470,P1,5908.944087582449
458,P3,5909.114614277077
487,P1,5909.321772251668
465,P2,5909.3251888673585
431,P5,5910.158649036121
482,P1,5910.76300608861
462,P3,5911.808302110593
473,P6,5912.309839211828
488,P2,5912.851237241103
449,P3,5914.139867458775
489,P1,5915.422859356535
455,P3,5915.475772390981
466,P3,5915.8319287094655
423,P6,5916.5913146928
419,P7,5917.1502902153925
485,P1,5917.449336472069
456,P6,5917.713074028363
471,P2,5917.978498184216
479,P1,5918.335849915961
470,P1,5918.566939093951
481,P1,5918.587411106445
369,P6,5918.730718629762
460,P2,5918.893838121213
440,P3,5919.432947421157
480,P3,5919.593967941036
490,P3,5919.80237355747
472,P2,5920.682453688957
473,P6,5920.906999823529
458,P3,5921.541552635572
454,P3,5921.842565382634
455,P3,5922.616244678986
435,P5,5922.761710466535
462,P3,5923.306636042082
469,P2,5923.7316855872905
476,P2,5923.793302725464
478,P1,5925.072704104883
451,P5,5925.133215939264
419,P7,5925.210207337494
444,P5,5927.9395672053215
471,P3,5928.114085477173
364,P6,5928.609600403306
472,P2,5928.658696747471
428,P3,5928.973991040504
449,P3,5929.034247144474
456,P6,5929.263326144876
483,P3,5929.326079804141
490,P3,5929.991627365785
404,P7,5930.647843552535
379,P6,5931.408602395841
437,P5,5931.77579593505
457,P5,5932.824637533214
484,P2,5933.083566114914
469,P2,5933.7840132396
477,P3,5934.2044658453
444,P5,5934.687334636211
481,P1,5935.3541324359885
450,P3,5935.530942401576
483,P3,5935.622341381507
369,P6,5935.801008181961
480,P3,5936.095444373473
364,P6,5936.174781135926
419,P7,5936.534790174274
488,P2,5937.3075148658845
474,P5,5937.685609209136
472,P2,5939.4497985058615
494,P2,5940.0000667557915
456,P6,5940.378560318224
417,P6,5940.588332581285
477,P3,5940.9596293151235
479,P1,5941.321017282527
460,P2,5941.720063243792
369,P6,5943.699381041313
416,P7,5944.223619092045
473,P6,5944.262123333089
435,P5,5944.580325931704
451,P5,5944.672893598753
469,P2,5945.487407397799
450,P3,5946.688169144336
488,P2,5946.998130852186
386,P5,5947.571226792305
480,P3,5947.59472667205
487,P1,5947.756778576205
364,P6,5948.151534313847
448,P7,5949.0185405248985
492,P2,5949.131147217684
431,P5,5950.5157317508165
478,P2,5951.2015558294015
428,P3,5951.832511901648
457,P5,5952.771211375107
434,P3,5952.8081585897835
379,P6,5953.187980970616
369,P6,5953.498723408167
473,P6,5953.618670892454
454,P3,5954.257627842161
455,P3,5955.384619088216
463,P3,5955.59115402793
488,P2,5956.345955418035
448,P7,5956.952519603352
462,P3,5957.664589642096
450,P3,5958.499873650452
491,P3,5958.5180202066485
428,P3,5958.640530633972
386,P5,5959.048366685976
474,P5,5959.775593339259
483,P3,5960.781676978797
492,P2,5964.18551650213
449,P3,5964.961347329265
488,P2,5965.086297757026
470,P2,5965.449695522897
476,P3,5965.856655883742
450,P3,5965.97354297724
364,P6,5966.166071351728
462,P3,5966.217331370741
434,P3,5966.299277857512
456,P6,5967.349246126564
438,P3,5967.504484028196
457,P5,5968.310463664754
479,P2,5968.742939617773
448,P7,5968.829859240449
467,P2,5969.355112482904
496,P2,5970.689558779323
491,P3,5970.857777656498
490,P3,5971.7269756037085
474,P5,5971.799770559587
449,P3,5971.933760938953
481,P2,5972.33377836895
458,P3,5972.358901921895
454,P3,5972.627435228551
476,P3,5972.834165282007
477,P3,5972.903135503349
483,P3,5972.9394335117595
437,P5,5974.726696076173
404,P7,5975.249695940223
460,P3,5975.630821278271
364,P6,5976.4380102320865
431,P5,5977.375612489067
488,P2,5977.939355044174
386,P5,5977.998400925868
468,P2,5978.950659390404
435,P5,5979.253350025462
483,P3,5979.8344847633225
419,P7,5980.095216370465
454,P3,5980.462174028882
493,P3,5980.726783730723
496,P2,5981.57055003037
494,P2,5981.8848090181855
495,P2,5982.302069063158
379,P6,5982.322694292822
466,P3,5982.80360425349
491,P3,5983.738044868914
462,P3,5985.247104827173
470,P2,5985.541196858222
467,P2,5986.473436199787
438,P3,5987.04665479276
483,P3,5987.640564843393
419,P7,5988.479137602142
485,P2,5988.6121326572165
489,P2,5989.083501834693
468,P2,5989.816682295989
471,P3,5990.29905485558
478,P2,5990.422924860876
491,P3,5990.4545257160935
428,P3,5990.508416824871
481,P2,5990.908027014972
493,P3,5991.750793198135
495,P2,5992.059902888816
448,P7,5992.894549686115
462,P3,5993.838615715279
497,P1,5994.274976985193
476,P3,5995.02712278991
484,P2,5995.280371684972
463,P3,5995.593065814594
487,P1,5995.953452973407
435,P5,5996.0668569999025
451,P5,5997.2613704123305
450,P3,5997.670664414963
479,P2,5997.742545806332
475,P3,5997.945778522174
467,P2,5998.734000316989
482,P2,5999.700109467818
491,P3,5999.993222845115
428,P3,6000.448986440566
483,P3,6000.880633490133
496,P2,6001.467147532379
444,P5,6002.107694916052
451,P5,6002.1336268043315
434,P3,6002.150053334255
462,P3,6003.532900753252
490,P3,6003.905524258804
489,P2,6004.666312546147
440,P3,6004.819018426968
476,P3,6005.669643535718
485,P2,6006.030136334459
457,P5,6006.335163401289
386,P5,6006.50159284635
484,P2,6006.560950742631
460,P3,6007.108686789159
498,P1,6007.533596458802
459,P7,6008.08301147503
444,P5,6008.797609871616
491,P3,6009.484490088295
493,P3,6009.539340475835
496,P2,6010.480621354502
481,P2,6013.44482655664
434,P3,6013.470774195664
379,P6,6013.626166415577
478,P2,6013.750712814261
435,P5,6014.028957420794
419,P7,6014.078401503533
471,P3,6014.339605469755
386,P5,6014.5180109857765
369,P7,6015.198427032158
437,P5,6015.25564040409
457,P5,6015.480304184057
498,P1,6016.062077455553
456,P6,6016.986915075796
451,P5,6017.029645471631
472,P3,6017.149336441659
444,P5,6017.464611398287
485,P2,6017.664365177556
467,P2,6018.634608007215
428,P3,6018.861694705013
477,P3,6019.395306222082
468,P3,6019.40108709568
471,P3,6019.624122309729
479,P2,6020.212581193371
423,P6,6021.09516965417
459,P7,6021.175888529469
501,P3,6021.430851774239
457,P5,6021.637199447212
446,P3,6021.733374617145
494,P2,6021.823153742728
440,P3,6022.073317796064
483,P3,6022.368158051382
458,P3,6023.058882364096
444,P5,6023.206599071004
495,P2,6024.060943347311
416,P7,6024.232170241851
435,P5,6024.467205648017
437,P5,6024.482685211674
482,P2,6024.8055665552365
498,P1,6026.765089666915
456,P6,6027.0891738640275
446,P3,6027.39135510657
478,P2,6027.399613858512
458,P3,6027.583588634347
468,P3,6027.674739969759
419,P7,6027.687307272171
499,P1,6027.823703641077
369,P7,6028.5934232104855
479,P2,6029.559885598222
460,P3,6030.2497621388475
490,P3,6031.061742798587
466,P5,6031.602840072583
500,P1,6033.122943269718
416,P7,6033.519765225268
454,P3,6033.651492657008
379,P6,6033.941052751336
457,P5,6034.0724104753845
437,P5,6034.319685182375
468,P3,6034.764797717615
479,P2,6035.634609057325
497,P1,6036.401944227697
491,P3,6037.309623404636
450,P3,6037.816426064034
500,P1,6038.609668714654
466,P5,6038.66634714467
432,P6,6038.789263828287
465,P2,6039.610015755917
486,P2,6039.627500945953
459,P7,6040.294243625331
448,P7,6040.310257573268
456,P6,6041.085302715125
455,P5,6041.255986265694
386,P6,6041.673936614599
440,P3,6041.947225905613
483,P3,6042.208021967785
490,P3,6042.693919848841
501,P3,6042.933916504564
477,P3,6043.776764546068
495,P2,6043.89398181082
497,P1,6044.028797213126
432,P6,6044.1766587382035
416,P7,6045.0828076189555
462,P3,6045.53806032735
456,P6,6046.601559364956
369,P7,6047.352161098077
498,P1,6047.449241059554
482,P2,6047.978429705399
491,P3,6048.0026968088505
493,P3,6048.015759385661
469,P3,6049.553457291261
499,P1,6049.8383071413755
502,P3,6050.017401443479
492,P2,6050.2755179034275
494,P2,6050.310631544589
466,P5,6050.554331397651
386,P6,6050.776120751389
459,P7,6050.779345770412
485,P3,6050.827947315613
478,P2,6051.114886104608
458,P3,6051.873986332489
504,P2,6052.635180148492
489,P2,6053.143475667792
500,P1,6053.2018107558615
462,P3,6053.444425451301
481,P3,6053.707462201768
457,P5,6053.966605609107
487,P2,6054.882779397564
490,P3,6055.216914872435
423,P6,6055.419603692539
502,P3,6055.6329252492105
455,P5,6055.687378583803
479,P2,6056.382492191872
506,P1,6056.471392428714
499,P1,6056.9201824661595
469,P3,6057.201012971324
483,P3,6057.255729565736
507,P2,6057.265525000331
493,P3,6057.939454640843
369,P7,6057.996741996192
485,P3,6058.839512746526
467,P3,6060.382314736712
460,P3,6060.547355042384
498,P1,6061.221367866545
466,P5,6062.783064222187
496,P2,6062.945379761834
506,P1,6063.015882689276
501,P3,6063.684090669404
504,P2,6063.819934791992
491,P3,6064.009126152169
462,P3,6064.352357322262
457,P5,6064.832208331542
497,P1,6065.120969258865
483,P3,6065.530791530023
492,P2,6066.365755400144
479,P2,6067.1335141383815
491,P3,6067.196538341801
465,P2,6067.344128429715
448,P7,6068.692008579731
486,P2,6069.160089211779
369,P7,6069.329841282068
481,P3,6069.720355398197
446,P3,6069.735984587331
489,P2,6069.737132529252
499,P1,6069.831855040941
430,P5,6069.854727682586
440,P3,6070.719541592944
505,P1,6072.048000645374
434,P3,6072.153494289484
494,P2,6072.224193934755
478,P2,6072.765334263911
497,P1,6073.140862370674
450,P5,6073.439536789799
504,P2,6073.810156322685
486,P3,6073.850149206564
500,P1,6074.175425851383
437,P5,6074.558855348335
457,P5,6074.692995460217
482,P2,6075.555669422835
507,P2,6076.018113294502
465,P2,6076.482844388525
430,P5,6077.374733517833
499,P1,6077.397995708906
492,P2,6077.516746635338
488,P3,6077.643903645913
446,P3,6077.815444326545
478,P2,6078.587627321975
481,P3,6079.204496585532
491,P3,6080.021031853972
471,P3,6080.029500811798
496,P2,6080.40248829143
494,P2,6080.8847924565825
489,P2,6082.454211259088
505,P1,6082.543860282679
501,P3,6082.604431578211
500,P1,6082.788934132857
440,P3,6084.110885117147
469,P3,6087.534154858623
386,P6,6087.789406372929
502,P3,6088.631539378704
479,P2,6088.934227955952
379,P6,6089.4924941056415
486,P3,6090.020795777962
491,P3,6090.16728815059
481,P3,6090.875311247138
478,P2,6091.316362784079
460,P3,6091.523567465088
500,P1,6091.863249948125
450,P5,6092.761816580334
501,P3,6092.785749063109
505,P1,6093.393531890482
503,P1,6094.010557338629
454,P5,6094.206645402202
497,P1,6094.579780100902
369,P7,6095.533367095709
465,P2,6095.67123210067
468,P3,6095.717813995141
469,P3,6096.620667522069
492,P2,6097.753096156724
502,P3,6098.88305911705
461,P5,6099.175122507093
456,P6,6099.4870165703915
460,P3,6099.758122214132
448,P7,6099.7797790099985
432,P6,6099.836246586045
488,P3,6100.860124439392
481,P3,6101.987138624227
479,P3,6102.7727734586915
490,P3,6103.244958068998
439,P7,6104.1143196696685
455,P5,6105.5329131486305
500,P1,6105.621876919827
504,P2,6105.668486299239
435,P5,6105.731580790523
505,P1,6105.76147184143
498,P1,6105.944580655346
369,P7,6105.950846972948
506,P1,6106.33283025053
485,P3,6107.128801360865
386,P6,6107.132839776298
502,P3,6108.797652100282
499,P1,6108.968506322676
469,P3,6108.986402043791
482,P2,6110.528491238401
483,P5,6111.126108307714
379,P6,6111.533772967282
467,P3,6112.287310674189
506,P1,6112.676321359269
466,P6,6113.058119449292
495,P2,6113.211658118067
490,P3,6113.215266393607
455,P5,6113.359310996581
450,P5,6113.3698268069265
492,P2,6116.785007299861
456,P6,6116.902418790952
487,P2,6117.306539690687
507,P2,6117.52268928051
470,P3,6118.4706360897235
499,P1,6118.909826572205
506,P1,6120.594428311982
471,P3,6120.815158862774
493,P3,6121.489641085455
467,P3,6122.152870126743
478,P2,6123.217598887321
488,P3,6123.323760795793
439,P7,6123.55496521781
458,P3,6123.661511124144
497,P1,6123.701722819126
510,P2,6124.474964755973
509,P1,6124.865984972502
369,P7,6125.010293325994
484,P3,6125.5153582323555
479,P3,6125.7503581792935
502,P3,6125.827327404911
505,P1,6126.310949466336
434,P3,6126.390882766002
437,P6,6126.449131185851
393,P6,6126.5850879883255
495,P2,6127.172634480877
471,P3,6128.731161967666
487,P2,6128.736905823857
461,P5,6129.42259319367
468,P3,6130.0449645812305
489,P3,6130.523329622682
458,P3,6130.583293581541
440,P3,6131.410881711729
488,P3,6132.235889226125
472,P3,6132.236267971918
505,P1,6132.295174092513
494,P2,6132.981423112883
466,P6,6133.310538642506
432,P6,6134.047589253436
484,P3,6134.352124673708
490,P3,6134.462078276576
491,P3,6134.770241583993
503,P1,6135.281469984908
437,P6,6135.8033214204115
487,P2,6135.884281659366
472,P3,6136.647374437759
492,P2,6137.257582108716
369,P7,6137.30743823535
501,P3,6138.028002344647
485,P3,6138.154706478658
460,P3,6138.160052013133
498,P2,6138.672683903954
467,P3,6138.919731365229
489,P3,6139.390374114431
448,P7,6139.795650043945
488,P3,6140.179238299905
499,P1,6140.846100302227
469,P3,6142.213222150879
501,P3,6142.368879559961
493,P3,6143.088749632274
483,P5,6143.6822562884145
495,P2,6143.86204498876
494,P2,6144.0368700550325
504,P2,6144.151859523363
482,P3,6144.270784079464
379,P6,6144.562349003129
479,P3,6144.938121211384
455,P5,6145.441144341867
386,P6,6145.66031996686
441,P6,6145.778555544614
454,P5,6146.563290573202
465,P2,6147.066610797813
506,P1,6147.608543756472
460,P3,6148.310170444623
461,P5,6148.334828976217
492,P2,6148.996151946985
450,P5,6149.640475931956
440,P3,6149.938135789951
486,P3,6150.289892032563
490,P3,6151.171419258259
488,P3,6151.406001434353
483,P5,6152.430522344683
434,P3,6152.528008949764
430,P5,6152.567229185907
494,P2,6153.13695666586
455,P5,6153.247418385509
479,P3,6154.536576478949
369,P7,6154.899283665952
482,P3,6155.450830488399
508,P1,6155.580356744116
441,P6,6155.620216403661
505,P1,6156.049255096292
465,P2,6156.127117944848
495,P2,6156.782234315889
435,P5,6157.863636388449
448,P7,6157.934172299256
468,P3,6157.9930299098805
488,P3,6158.492295708673
472,P3,6159.695887333612
461,P5,6160.502467482492
478,P2,6160.528053148088
393,P6,6160.5399203704
493,P3,6160.97046410415
496,P3,6161.9961787381535
506,P1,6163.3998075920235
379,P6,6163.733391490387
482,P3,6163.942355124338
503,P1,6164.290636355837
511,P3,6164.4123288325045
484,P3,6164.515590756665
485,P5,6164.516144736696
432,P7,6166.468851702999
458,P3,6167.295537099913
462,P5,6167.595578823728
489,P3,6167.700264150156
502,P3,6168.107050589633
472,P3,6168.272150988758
470,P3,6168.305639477309
498,P2,6170.027149269223
488,P3,6170.089413385704
512,P1,6170.96319382279
505,P1,6172.707463218433
430,P5,6172.7463757520245
482,P3,6173.29173588335
483,P5,6174.057080577217
484,P3,6174.580608243816
511,P3,6174.926979543323
490,P3,6175.428991367362
462,P5,6175.610250426527
485,P5,6175.900198797575
465,P2,6175.9225328754765
435,P5,6176.365392385962
454,P5,6176.9324396627535
487,P2,6176.938036597987
468,P3,6177.3400627769815
470,P3,6177.638812972794
387,P6,6178.838398874735
464,P7,6180.415105514089
489,P3,6180.566047444744
393,P6,6180.598684059317
467,P3,6180.69452124719
439,P7,6181.029538667919
466,P7,6181.173612222144
478,P2,6181.329715257268
450,P5,6182.187724095532
455,P5,6183.38065825477
434,P3,6183.908186514162
435,P5,6184.403219713228
494,P2,6185.079248652851
499,P2,6185.5344949040045
469,P3,6185.972153605333
510,P2,6187.668955755622
369,P7,6187.695606388024
495,P2,6188.0079368882525
509,P1,6188.4019604327195
456,P7,6189.3066235401875
437,P6,6190.2044393048445
506,P1,6190.583218631123
454,P5,6191.084707675531
482,P3,6192.192658462247
494,P2,6193.656283199096
503,P1,6193.878984397737
434,P3,6193.9324045111125
393,P6,6194.727385867172
470,P3,6195.903833184038
485,P5,6196.072196485057
504,P2,6197.147764062325
478,P2,6197.6629570071855
507,P2,6197.743714478293
441,P6,6198.018941745944
456,P7,6198.067154389054
493,P3,6198.724152634355
509,P1,6198.77411230298
468,P3,6199.232643534822
387,P6,6199.385343874301
482,P3,6200.936763109973
504,P3,6201.197932343028
467,P3,6202.120448639644
455,P6,6202.1509352472385
461,P5,6202.204133693433
490,P3,6202.8925442477685
434,P3,6203.200600749561
430,P5,6204.411777197409
465,P2,6204.60648482706
505,P1,6205.466469968643
487,P2,6205.51888728521
369,P7,6205.526942743566
484,P3,6205.729621272281
470,P3,6205.80192178636
485,P5,6206.005107381544
499,P2,6206.095587907905
508,P1,6206.751585619856
441,P6,6207.045393481282
507,P2,6207.360697955552
461,P5,6207.87602020274
464,P7,6208.028149479291
432,P7,6208.4910471595595
393,P6,6210.378217998275
467,P3,6211.395900151749
448,P7,6212.247701723114
478,P2,6212.794616822507
509,P1,6213.388570552991
369,P7,6214.256715447136
460,P5,6214.317129310545
494,P2,6214.344277299439
511,P3,6215.026120651431
509,P1,6215.186619701081
499,P2,6216.051021701952
503,P1,6216.092164847011
455,P6,6216.377323510447
510,P2,6216.736975150746
497,P2,6217.176260690074
506,P1,6217.395201313331
441,P6,6217.736113780256
387,P6,6217.8590298243225
458,P3,6218.6630711572025
500,P1,6220.2851683685785
491,P3,6220.8774065270345
505,P1,6220.931239716303
508,P2,6221.118637648286
393,P6,6221.449389866227
460,P5,6221.87915833773
512,P1,6222.179877947897
479,P3,6223.094732577845
465,P3,6223.104981154965
490,P3,6223.310400356618
515,P1,6223.9155558300645
511,P3,6224.748362574209
504,P3,6224.884361439013
450,P5,6225.306706504244
393,P6,6225.717316377252
434,P3,6225.783212362077
379,P6,6227.045803965636
496,P3,6227.165113365985
477,P6,6227.306245942762
462,P5,6227.447631504723
468,P3,6227.494570720726
510,P2,6227.525635648648
491,P3,6228.325502225958
437,P6,6228.73131400112
440,P5,6230.320673881022
487,P2,6230.556721775481
448,P7,6230.93829975749
450,P5,6231.965692668778
490,P3,6232.305137351906
499,P2,6233.374066066144
485,P5,6233.522473546391
512,P1,6233.885596156878
455,P6,6234.193100246625
461,P5,6234.380000639302
510,P2,6234.5513437711315
492,P3,6234.617693987607
460,P5,6235.003654209434
513,P2,6235.053528971118
437,P6,6235.119296651941
449,P7,6235.6319563422385
369,P7,6235.979887722181
501,P5,6237.105467556655
462,P5,6239.722738748153
456,P7,6240.204058952709
465,P3,6241.510806884088
504,P3,6241.951877610455
455,P6,6242.853754587452
472,P3,6242.859292116448
487,P3,6242.990047286342
434,P3,6243.010442113109
430,P5,6243.146485896976
512,P1,6243.345308863973
507,P3,6243.3477575904235
503,P1,6243.372085208075
478,P3,6243.869586484487
491,P3,6244.332654966814
516,P1,6245.174627613312
497,P2,6246.711708650766
499,P2,6247.322426587239
369,P7,6247.557787550959
468,P3,6248.233362074988
387,P6,6248.351224498563
485,P5,6248.8777842698055
493,P5,6249.787667284054
432,P7,6250.02248516268
490,P3,6250.201566043984
494,P3,6250.375975708039
442,P7,6251.279904473973
393,P6,6251.484007138466
460,P5,6251.630129693325
484,P3,6253.498021529554
487,P3,6253.534788962914
514,P2,6254.676180217841
467,P3,6254.91346892859
449,P7,6254.99487344757
465,P3,6255.4656110840915
469,P3,6256.517271937409
511,P3,6257.158428975577
480,P5,6257.644600576795
432,P7,6257.702198204592
506,P1,6257.884286185281
464,P7,6258.360439523498
498,P2,6258.616086800905
434,P3,6259.667582455883
506,P1,6260.737211322985
461,P6,6260.843991771621
478,P3,6261.411388368839
517,P3,6262.63874436314
449,P7,6263.119650287287
518,P3,6263.718487376442
470,P3,6265.814225505549
507,P3,6266.131953083238
480,P5,6267.02615398543
472,P3,6267.561065666261
504,P3,6269.626060208953
515,P1,6269.773643917564
508,P2,6269.825493151256
464,P7,6269.931131483824
507,P3,6270.516602106116
448,P7,6270.8346646341915
455,P6,6270.950190727338
499,P2,6271.249452523085
519,P1,6271.591086313656
478,P3,6272.717987625675
461,P6,6272.890903886887
516,P1,6273.539172843049
379,P6,6274.314804016587
489,P5,6274.975984652718
492,P3,6275.094695954776
490,P3,6275.715569345934
469,P3,6276.006482328289
456,P7,6276.420187514729
470,P3,6276.582417685038
511,P3,6276.777982742622
462,P5,6277.952827211433
387,P6,6278.001208830355
448,P7,6278.566267053564
472,P3,6279.038893535761
505,P2,6279.152964984366
440,P5,6279.553701182606
509,P1,6279.71052198553
500,P2,6280.06075650522
516,P1,6282.368756182841
478,P3,6282.368799714309
455,P6,6282.966683428116
517,P3,6283.335564555808
465,P3,6283.705466926796
460,P5,6283.840427541392
511,P3,6284.968922445568
507,P3,6285.36825911921
518,P3,6285.42421831029
506,P2,6285.57916801547
500,P2,6286.208439615382
514,P2,6286.473996302216
496,P5,6287.710864594082
449,P7,6287.836223946224
468,P3,6289.316672274667
517,P3,6290.572150004822
505,P2,6290.994132896698
520,P1,6291.095870039681
515,P1,6291.1161791475015
460,P5,6292.932291595446
434,P3,6293.661029767803
478,P3,6293.762936118506
514,P2,6293.785871914688
489,P5,6293.792328459082
449,P7,6293.830212401516
516,P1,6293.84069190594
504,P3,6293.91684433302
455,P6,6294.05683106163
465,P3,6294.967229742768
497,P2,6295.252544611936
369,P7,6295.634770803128
506,P2,6295.891103978906
480,P5,6297.006977257314
492,P3,6297.9497117578285
470,P3,6298.158689776234
478,P3,6298.74565174253
467,P3,6299.308887835075
393,P6,6299.386573943607
460,P5,6299.536978589108
472,P3,6300.296013734658
493,P5,6300.512438681557
379,P7,6300.910934688366
477,P6,6300.967483538044
442,P7,6301.456774917068
487,P3,6301.886988265114
509,P2,6303.030643819347
469,P3,6303.053643350552
500,P3,6303.643025651067
490,P3,6303.689515862015
455,P6,6303.840911213157
482,P3,6304.202764562308
504,P3,6304.285174415724
492,P3,6305.127448645893
512,P2,6305.710419374265
516,P1,6306.170630278323
507,P3,6306.792230344527
476,P6,6307.620462183264
506,P2,6308.048677670817
510,P3,6308.5539593432195
477,P6,6309.114611134912
369,P7,6309.261722029832
460,P5,6309.3109171732585
512,P2,6310.467544044414
513,P2,6310.942712393781
493,P5,6311.647129907295
449,P7,6311.854807342831
518,P3,6311.971030416651
516,P1,6312.6521952140565
501,P6,6312.897531958441
489,P5,6314.471252855589
430,P5,6314.873302341422
521,P1,6315.47543284525
507,P3,6315.991215199416
504,P3,6316.195637056757
490,P3,6316.205453542342
514,P2,6316.370432353956
519,P1,6316.414492952516
476,P6,6317.016304180116
484,P3,6317.8687095350815
471,P7,6318.024207700821
520,P1,6318.113423879231
507,P3,6318.260275607223
522,P3,6318.607920715876
469,P3,6318.896107317575
477,P6,6319.550888931781
523,P3,6319.777767199961
495,P3,6320.13506761098
524,P2,6320.35022763432
430,P5,6320.895036895557
500,P3,6321.513424679953
504,P3,6321.638682370025
509,P2,6322.004371901697
484,P3,6322.109166826796
449,P7,6322.171948754416
487,P3,6322.306955838129
505,P2,6323.573709812456
479,P5,6323.749559058347
469,P3,6324.301680445438
471,P7,6324.8324149757
465,P3,6325.493535280207
525,P3,6325.551746115774
493,P5,6325.937748694183
515,P2,6328.054763507494
506,P3,6328.159054143054
468,P3,6328.773954079534
456,P7,6328.815580446206
476,P6,6328.817023793564
509,P2,6329.156092275915
508,P2,6329.849582990284
478,P3,6330.175419196754
526,P2,6330.326184072256
505,P2,6330.38056687976
512,P2,6331.479515285595
507,P3,6331.643465418305
480,P6,6331.671243153822
517,P3,6331.919720116863
514,P2,6332.670272705234
430,P5,6332.683666401789
513,P2,6332.814709286847
471,P7,6333.866309487858
504,P3,6333.991711676401
489,P5,6334.365980624758
519,P1,6334.386294230582
501,P6,6334.906086717359
461,P6,6335.627387586512
499,P2,6335.7220667699
369,P7,6335.80865159525
510,P3,6336.272542211211
497,P2,6337.148395456084
520,P1,6338.213663486568
508,P2,6338.670025920847
527,P1,6338.752530214162
494,P3,6339.082953230354
496,P5,6339.41341970493
430,P5,6340.1571019426365
517,P3,6340.394413991634
507,P3,6340.927260012884
498,P3,6342.07472943169
504,P3,6342.235153716055
501,P6,6342.571163311191
511,P3,6343.013599010387
514,P2,6343.220365135974
477,P6,6343.683470625217
516,P1,6343.924913431855
484,P3,6344.480065008279
471,P7,6344.5178089616575
469,P3,6345.083790120336
499,P2,6345.096526332664
489,P5,6347.091210925178
509,P2,6349.205662482238
503,P2,6349.304476017611
527,P1,6349.850262476853
517,P3,6350.165979192772
494,P3,6350.179503038579
501,P6,6350.836385961453
526,P2,6351.22160563112
498,P3,6352.657375960016
520,P1,6352.66731246215
461,P6,6353.1711588673525
476,P6,6353.769155537058
430,P5,6353.8133114232205
438,P6,6353.934371104494
471,P7,6354.404788252137
484,P3,6354.776849023678
504,P3,6355.525235812877
526,P2,6356.459845436527
379,P7,6357.065930063505
369,P7,6357.496419013013
525,P3,6357.589528003793
453,P6,6357.593397740962
489,P5,6358.2409350439275
510,P3,6358.707416916455
477,P6,6359.587535512353
528,P1,6360.332743444662
516,P1,6360.9854243460295
494,P3,6361.174408341805
430,P5,6361.2643102112415
442,P7,6361.43005722494
379,P7,6361.846603154633
487,P3,6363.56930860242
460,P5,6363.570207031445
518,P3,6363.6640816199215
480,P6,6364.868218154532
476,P6,6365.509221158329
496,P5,6365.725165315873
430,P5,6365.933128626608
513,P2,6365.9916974469825
499,P3,6366.617297255805
462,P6,6367.264364203628
472,P3,6367.349205967839
504,P3,6368.409868932571
515,P2,6368.535113447955
528,P1,6368.5431172075705
514,P2,6368.989019498235
453,P6,6369.126199078405
379,P7,6371.02942485877
478,P3,6371.6471216267955
501,P6,6371.7659826899735
471,P7,6372.116389726899
500,P3,6372.270930103493
450,P6,6372.430200269198
504,P3,6372.506855695461
509,P2,6372.5837560015
512,P2,6373.326294809629
499,P3,6373.680558997636
489,P5,6373.899690826299
438,P6,6374.077986098861
513,P2,6375.037928104713
511,P5,6376.022882473732
476,P6,6376.322688335773
469,P3,6376.670676429934
530,P3,6377.489280781829
510,P3,6377.611707473439
517,P3,6378.171847329987
522,P5,6378.51855101787
526,P2,6378.9041342614
521,P1,6378.934451166425
387,P6,6379.123490445961
496,P5,6379.700460581955
505,P2,6379.944641999637
500,P3,6379.965550807507
495,P3,6380.225378193458
529,P2,6380.434155024139
440,P5,6380.45209192305
524,P2,6381.176424912517
516,P1,6381.853676233071
520,P2,6381.914487662732
461,P6,6382.205810856593
460,P5,6382.488623791945
493,P5,6383.017561903626
484,P3,6383.315274131446
479,P5,6383.3974479563285
499,P3,6384.216621726604
507,P3,6385.197795309605
476,P6,6386.943331761357
472,P3,6387.476479100971
526,P2,6387.9764202334145
493,P5,6388.68352685267
524,P2,6388.699243868502
530,P3,6388.794508997892
496,P5,6388.856299735529
506,P3,6390.133686970538
450,P6,6390.626571085445
529,P2,6390.640441540758
481,P7,6390.7414443621665
517,P3,6390.997541062018
504,P3,6391.60590760318
387,P6,6391.661730459754
507,P3,6392.31015005141
497,P3,6393.186463166565
438,P6,6393.330970420737
505,P2,6393.3858007095705
499,P3,6393.438055832462
460,P5,6393.598270724085
487,P3,6394.302126883721
453,P6,6394.889383128489
476,P6,6395.2315868542755
484,P3,6395.647375864216
519,P2,6395.812987375024
523,P3,6397.138261895406
450,P6,6397.627428414932
511,P5,6397.885906815932
369,P7,6398.132932419131
530,P3,6398.362943501011
524,P2,6398.523288009374
525,P3,6398.801744011393
472,P3,6398.936792318233
505,P2,6399.22870635945
496,P5,6400.1366909793105
478,P3,6400.592779800077
500,P3,6400.637164185376
519,P2,6401.011669872509
503,P3,6401.052083088728
495,P3,6401.60088027151
493,P5,6401.969184315138
520,P2,6402.1688630726185
498,P3,6402.3337459482955
528,P1,6402.873984736338
508,P2,6403.882607954035
511,P5,6404.52759196565
430,P5,6404.633359167677
518,P3,6405.2534994451125
450,P6,6405.640662389333
524,P2,6406.186286267665
484,P3,6406.242427022119
513,P2,6406.4717513471
369,P7,6407.455410642924
527,P2,6408.661418398617
393,P6,6409.767874061689
517,P3,6410.402159622554
527,P2,6410.579026369278
496,P6,6410.998194390537
472,P3,6411.5462207150495
520,P3,6411.869199084407
510,P3,6412.215250552729
498,P3,6412.244074928217
379,P7,6412.395307119769
528,P1,6412.408341494769
518,P3,6413.154851925951
512,P2,6413.423189617345
519,P2,6413.447984850913
476,P6,6414.07979458471
529,P2,6414.216803600727
503,P3,6414.648143341989
501,P6,6415.516437177389
532,P1,6415.6624748321765
465,P3,6415.878626235547
379,P7,6416.47064283243
524,P2,6416.6282707047885
514,P3,6416.9313290407235
489,P5,6416.945570740578
530,P3,6417.279184094336
512,P2,6417.819782530284
522,P5,6418.518765074278
494,P3,6418.756884824246
460,P5,6419.050980611928
502,P5,6419.254314235064
453,P6,6419.852006399522
498,P3,6420.693474985375
472,P3,6421.7287340270595
496,P6,6421.736348045886
518,P3,6422.727722339498
519,P2,6424.360029127971
489,P5,6424.420002497596
499,P3,6424.751806013648
513,P2,6424.961993580928
369,P7,6425.475449196943
516,P1,6425.983347851506
532,P1,6427.60512859195
527,P2,6428.640063228312
524,P2,6428.89341935116
529,P2,6429.151531211523
440,P5,6429.336510017081
472,P3,6430.177567568611
520,P3,6430.499108947963
531,P1,6430.514757196859
450,P7,6430.571969338706
509,P2,6431.083549702048
518,P3,6431.439286552792
393,P6,6431.865721400476
484,P3,6432.042120014918
430,P5,6432.298741168467
436,P5,6432.646821682206
499,P3,6432.6912021379985
508,P2,6434.291779568531
526,P3,6434.355089480162
519,P2,6434.857856735033
487,P3,6434.972865970391
533,P3,6435.137773539303
496,P6,6435.304448177691
369,P7,6435.6968628390505
453,P6,6437.954393804784
387,P6,6438.970934406712
521,P2,6439.159347661749
488,P6,6439.324942575896
500,P3,6439.423337169893
509,P2,6440.246329532613
472,P3,6440.318752615815
508,P2,6440.636972294572
512,P2,6440.665357703789
496,P6,6442.040177910769
379,P7,6442.170431511023
518,P3,6442.277915479465
532,P1,6442.490538395786
502,P5,6442.922761052249
478,P3,6443.169488537166
515,P2,6443.260349585222
531,P1,6443.557167838145
497,P3,6443.764190381101
453,P6,6446.008432070161
497,P3,6446.059460605252
519,P2,6446.990637669828
472,P3,6447.048501748042
526,P3,6448.71737246148
508,P2,6448.904710599388
495,P3,6449.618177327011
518,P3,6451.716553324669
524,P3,6452.018221420841
534,P3,6452.080073653463
509,P2,6452.421680548149
496,P6,6452.716351866291
502,P5,6453.008451764387
478,P3,6453.158265878925
526,P3,6455.092072219071
532,P1,6455.517444982178
453,P6,6455.580687984367
462,P7,6455.7371568270955
511,P5,6456.7743861046065
514,P3,6457.736814951069
438,P6,6460.565403787673
379,P7,6461.289268099821
500,P3,6461.43958956635
508,P2,6462.735714651376
519,P2,6463.089114195248
479,P5,6463.173757153484
509,P2,6463.333033807667
484,P3,6463.385336600023
528,P2,6463.5576559854335
505,P3,6464.231430935258
453,P6,6465.952061318331
488,P6,6467.216008452856
521,P2,6467.638589861196
462,P7,6468.120833697082
502,P5,6468.697679779866
428,P6,6469.230958324393
489,P6,6469.840539748539
529,P2,6470.009517791964
515,P2,6470.994417908406
460,P5,6471.669959057622
379,P7,6471.695467396689
516,P1,6473.4545795330105
487,P3,6474.606828375978
509,P2,6474.648533068175
532,P1,6474.662327970404
533,P3,6475.305912586566
534,P3,6476.27912450819
479,P5,6476.320133087012
369,P7,6476.439663729046
488,P6,6477.173793428467
535,P2,6477.203742000721
503,P3,6478.294806811473
521,P2,6478.346033000262
453,P6,6478.5391810790725
524,P3,6478.676999164517
495,P3,6478.883503466358
519,P2,6479.520004844622
514,P3,6479.55278764279
436,P5,6479.6043586661335
379,P7,6479.712096838444
513,P3,6480.190495766712
537,P2,6480.607536148094
489,P6,6480.876244067203
478,P3,6481.310667693835
494,P3,6481.432667231402
438,P6,6483.322781413624
499,P3,6483.490969867925
527,P2,6483.562831076544
536,P2,6483.602082417129
520,P3,6483.765947556105
529,P2,6483.833364330333
369,P7,6484.385231376772
462,P7,6485.244431314843
465,P3,6485.643971896491
511,P6,6488.344725785857
498,P3,6488.905049169622
509,P2,6489.211847794872
532,P1,6489.324572458111
379,P7,6489.77833103197
428,P6,6492.016454167514
465,P3,6492.681509979845
529,P3,6492.834986081097
489,P6,6495.649932950331
535,P2,6496.11956348468
518,P5,6496.436077903703
523,P3,6497.2528366787865
503,P3,6497.613162268374
532,P1,6497.988463961783
534,P3,6498.133251003871
515,P2,6498.212338131506
379,P7,6498.667997339164
539,P1,6498.726294472733
488,P6,6498.737444216329
494,P3,6499.264665654435
521,P2,6499.29244174304
505,P3,6499.5463242694195
540,P2,6499.884948036665
460,P5,6500.466798954021
482,P7,6501.333041108275
525,P6,6502.537237655408
528,P2,6502.556390593106
509,P2,6502.851161806828
503,P3,6503.901231227956
488,P6,6505.089700082172
479,P5,6505.43958994501
489,P6,6505.469233144431
519,P2,6505.668545278362
532,P1,6506.209979553189
428,P6,6507.679811762
436,P5,6508.551031426346
465,P5,6510.293825298004
482,P7,6510.52567138636
509,P2,6511.702415317458
475,P6,6511.994489956807
379,P7,6512.4610478625955
479,P5,6512.925307428453
536,P2,6512.9805352685335
512,P2,6513.470352856673
438,P6,6514.73013701723
533,P3,6514.897152205134
513,P5,6515.262936058148
488,P6,6516.680364637915
443,P6,6516.950789272699
506,P6,6516.99898103262
515,P2,6518.2013112595405
482,P7,6518.887667496563
505,P3,6518.908721975248
523,P3,6518.921519249522
540,P2,6519.970587349923
465,P5,6520.147687059297
533,P3,6521.74245483146
475,P6,6521.830497028928
436,P5,6522.124257008984
524,P3,6522.142816051809
499,P3,6522.264149177627
497,P3,6522.625620008476
450,P7,6522.795474503015
369,P7,6523.5370153259255
536,P2,6526.202538112746
519,P2,6528.325858530298
508,P3,6528.3484549688565
509,P2,6529.192130538395
496,P6,6529.9527021152335
463,P6,6530.173578725136
525,P6,6531.1015394294
428,P6,6531.2183434368435
505,P3,6531.264850251627
526,P3,6531.355579859794
513,P5,6531.404981837028
533,P3,6531.42351184575
529,P3,6531.801987224767
492,P6,6531.813102858432
460,P6,6532.744099585885
528,P2,6532.819467140896
494,P3,6533.071304110922
475,P6,6533.509291150398
503,P3,6534.200036640812
518,P5,6535.496083505097
511,P6,6536.717430238956
523,P3,6537.297589376602
463,P6,6537.781962988001
540,P2,6538.032389998106
539,P1,6539.149740396774
462,P7,6539.284275725143
535,P3,6539.2849313304805
525,P6,6541.3877412649335
436,P5,6541.748647866591
519,P3,6541.795744117347
515,P3,6543.810225421764
438,P6,6544.243621897749
518,P5,6544.271681330017
506,P6,6545.31236355949
496,P6,6545.438050379799
536,P2,6545.704897138321
369,P7,6545.850833844909
498,P5,6545.896222685294
541,P1,6545.94941952125
511,P6,6548.254133979028
463,P6,6548.960279794592
440,P6,6549.040300202821
436,P5,6550.343822678237
512,P2,6550.502549890911
460,P6,6551.028616139641
465,P5,6552.485819870243
499,P3,6552.628135156355
527,P3,6552.736238395447
505,P3,6553.389318146924
525,P6,6553.835748480835
519,P3,6554.1863435881605
521,P3,6555.120745404847
544,P1,6555.475668511034
506,P6,6555.611318406465
534,P3,6556.516761955281
542,P2,6556.697200680723
514,P3,6557.064127839385
443,P6,6557.709987161607
463,P6,6558.302950564842
470,P5,6559.253640858672
509,P2,6559.2551286083535
465,P5,6560.16007862882
537,P2,6560.57371388791
475,P6,6560.930890402425
428,P6,6561.253413262607
528,P3,6561.5128944893195
511,P6,6561.54622601858
496,P6,6561.784097372773
546,P1,6562.958608551847
536,P2,6563.461087718765
494,P3,6563.575796863126
535,P3,6564.112662142227
506,P6,6564.2467939181815
515,P3,6564.316369481526
527,P3,6564.500927200166
498,P5,6565.299431081032
513,P5,6565.3105838786105
521,P3,6565.325449663007
525,P6,6566.855824946401
538,P1,6567.336825429452
440,P6,6567.480823049485
470,P5,6568.066991840643
542,P2,6569.593755795775
475,P6,6571.408570278564
503,P3,6571.839824499413
533,P3,6572.32419614548
543,P2,6572.680260641454
495,P5,6572.734724325241
513,P6,6573.160513978702
525,P6,6573.182138121577
540,P2,6573.307155297572
524,P3,6574.374185332983
531,P2,6575.82962231599
511,P6,6576.120637286202
470,P5,6576.721043463809
502,P5,6576.734432742444
532,P1,6576.968022538725
539,P1,6577.853537587781
463,P6,6577.9895512973
508,P3,6578.9560234097125
440,P6,6579.1172626809475
525,P6,6579.6820141519365
524,P3,6580.218459904227
489,P6,6580.324348124623
495,P5,6580.869360115879
438,P6,6580.901941309284
538,P1,6581.138742673864
527,P3,6581.626426535027
513,P6,6582.49026352248
509,P2,6582.790397969022
492,P6,6583.304854651059
499,P5,6584.059000010958
506,P6,6584.464423088308
515,P3,6585.31750343347
369,P7,6587.044770196539
542,P2,6587.205854425904
503,P3,6587.251529940074
470,P5,6587.512119589324
505,P3,6589.321783889467
534,P3,6589.3966246725695
436,P5,6589.578354878696
496,P6,6589.9205224820125
514,P3,6590.626061362689
532,P1,6591.070015702844
509,P2,6591.440702234112
463,P6,6591.493074638102
543,P2,6592.189539642888
512,P3,6592.274901433988
428,P6,6592.78197563824
438,P6,6592.990014923139
544,P1,6593.088215644033
475,P6,6593.281476203717
534,P3,6593.570353665666
536,P3,6593.75707237094
492,P6,6593.851143639442
369,P7,6594.331716446239
498,P5,6594.848987535147
516,P3,6595.450685059073
506,P6,6595.624816729466
545,P3,6597.0923991175405
515,P3,6597.134616260903
533,P3,6597.145904033165
513,P6,6597.613586290172
540,P2,6597.776947780159
535,P3,6598.06029400346
530,P3,6598.7539798204725
521,P3,6598.999489060911
514,P3,6599.088024385988
546,P1,6599.742128086694
512,P3,6599.89003366273
436,P5,6600.193295547193
428,P6,6600.800832917763
495,P5,6601.9409035882945
475,P6,6602.246646498919
536,P3,6602.776951794499
505,P3,6603.202977513018
496,P6,6603.253010537152
503,P5,6603.628697778025
509,P2,6604.318464899306
497,P3,6604.441232165914
521,P3,6605.698540641792
498,P5,6606.629178677527
443,P6,6607.236901744691
528,P3,6607.489775146178
544,P1,6608.014902375356
532,P2,6608.054205816222
515,P3,6608.154311876977
428,P6,6608.375015739203
509,P2,6608.8439122714935
516,P3,6608.990373645316
446,P7,6609.168947574664
465,P5,6609.327416055189
529,P3,6609.92041839466
489,P6,6610.011869247173
502,P5,6610.257200642657
531,P2,6610.689171829626
542,P2,6611.158252914096
528,P3,6613.053665251303
535,P3,6613.2311623128835
517,P5,6615.145704367887
539,P1,6615.371587185424
549,P1,6615.381890962403
513,P6,6615.630964672574
548,P3,6615.896769853454
498,P5,6617.134157984829
541,P1,6617.334765076498
497,P3,6618.558758174049
502,P5,6618.658385013256
443,P6,6619.61549703047
492,P6,6620.104059534458
436,P6,6620.108449926971
531,P2,6620.218929400702
537,P3,6620.266375461964
496,P6,6620.329405822668
519,P3,6621.090867578396
536,P3,6621.613076979861
499,P5,6621.993204332131
546,P1,6622.701495530032
460,P6,6623.636510944845
529,P3,6623.836500346902
527,P3,6624.4204887483165
539,P2,6625.250556150851
511,P7,6626.628353285715
506,P6,6629.055186142743
494,P3,6629.359129295494
486,P7,6629.860625468949
529,P3,6631.027152320557
475,P6,6631.109965454824
527,P3,6632.209292751946
536,P3,6633.107092712073
492,P6,6633.205065561797
496,P6,6633.416541436003
538,P2,6634.59695971683
551,P1,6635.936666712879
440,P6,6636.907298920875
541,P1,6637.134875930608
521,P3,6637.455956447893
436,P6,6637.931182318356
540,P3,6639.407189346571
428,P6,6639.439780072563
492,P6,6640.0887101288035
499,P5,6640.533691775383
536,P3,6641.040292364121
465,P5,6641.0680570422865
547,P1,6641.546466935487
528,P3,6641.685441234468
538,P2,6642.409880366551
537,P3,6643.763423479286
535,P3,6643.797158461913
512,P3,6644.194803189609
503,P5,6645.118048600629
548,P3,6645.642174949265
544,P1,6646.187548110396
517,P5,6646.327066849567
533,P5,6648.915752486456
443,P6,6649.437779482843
545,P3,6649.504965825421
505,P3,6650.4301981128865
486,P7,6650.834630879243
452,P5,6651.092178310321
528,P3,6651.563269408211
446,P7,6651.717857938622
475,P6,6652.15818307235
465,P5,6652.575596015876
532,P2,6652.602012960233
428,P6,6652.6491581724285
549,P1,6652.910903249188
515,P3,6653.875202384081
492,P6,6653.886096846197
495,P5,6654.61746955619
508,P5,6656.011931103212
546,P1,6656.200132117888
443,P6,6657.764407767138
521,P3,6657.952018061187
498,P5,6657.955275951058
542,P2,6657.990186730889
529,P3,6658.390448383093
554,P3,6658.686992118779
553,P2,6658.886415454022
468,P5,6658.972601935402
436,P6,6658.982919712522
545,P3,6659.029340197609
492,P6,6659.363874871767
531,P2,6660.127788746973
533,P5,6660.172775724833
556,P3,6660.541262840856
519,P3,6660.7130219081055
475,P6,6661.009375421315
502,P5,6662.953735396952
509,P2,6663.03705797545
543,P2,6663.159761497244
534,P3,6663.264384939332
547,P2,6663.563615678492
549,P1,6664.960170695643
542,P2,6664.978001387297
516,P3,6666.762566079957
553,P2,6667.4836894222035
546,P2,6668.10953934658
506,P6,6668.292748348783
519,P3,6668.8885962016675
537,P3,6669.047447837726
545,P3,6670.296058784101
515,P3,6670.564609357292
555,P1,6670.610236493626
552,P3,6670.938329551464
467,P5,6672.07918606213
538,P2,6672.494336078464
498,P5,6674.240754971351
529,P3,6674.2408820977735
517,P5,6674.588722357554
542,P2,6674.9868776873245
544,P1,6676.038442539045
505,P3,6676.176142553529
539,P2,6676.536689838117
548,P3,6676.651658924992
554,P3,6676.705993542827
537,P3,6677.682605309032
486,P7,6679.205311226056
546,P2,6680.016668620759
452,P5,6680.372855064556
502,P5,6680.4880736205605
541,P2,6680.732947081972
551,P1,6680.891067297849
531,P3,6680.917655842076
543,P2,6681.024578239868
436,P6,6681.032322847929
467,P5,6681.62441727464
552,P3,6681.983938969997
446,P7,6682.613693763348
512,P3,6683.317629584277
548,P3,6683.529867788617
508,P5,6684.759145053178
515,P3,6685.655046062604
538,P2,6685.871014456041
540,P3,6686.669647770905
537,P3,6686.779538711743
465,P5,6688.178461800883
428,P6,6689.361525632775
538,P2,6689.3777931644645
468,P5,6689.63246144608
516,P3,6689.723343344533
452,P5,6690.286590223619
458,P5,6690.776244574945
553,P2,6690.808351386108
504,P6,6691.660912406377
550,P1,6692.652612622424
544,P1,6693.4053701096755
506,P6,6693.416434164747
509,P2,6694.4374960924515
515,P3,6694.904458380273
531,P3,6695.251236632027
556,P3,6695.942595892962
428,P6,6697.156339522232
436,P6,6697.2674531044295
468,P5,6698.029290713899
516,P3,6698.0457323258925
545,P3,6698.3255435692145
521,P3,6698.441773162718
540,P3,6698.987254083841
553,P2,6699.827323158512
559,P1,6700.614267721252
505,P3,6700.677682692961
465,P5,6700.79697508329
499,P5,6702.186922690984
539,P2,6702.4694842841
541,P2,6703.684934302039
536,P3,6703.82463991049
458,P5,6703.83066991957
467,P5,6704.4588669141085
504,P6,6704.517865850886
440,P6,6705.340056727669
517,P5,6705.526588074551
528,P3,6706.555757809951
495,P6,6707.208586502415
465,P6,6708.312767301543
548,P3,6708.6271796768015
533,P5,6711.045433916199
559,P1,6711.093372479358
505,P3,6712.175536323429
541,P2,6713.3869968440595
468,P5,6713.561404357012
547,P2,6714.967386589204
534,P3,6715.128960732181
555,P1,6716.049215717913
458,P5,6716.417791538816
498,P5,6716.618516101501
542,P2,6717.155302948705
553,P2,6717.162660271143
533,P5,6718.163482308275
486,P7,6718.744893714104
436,P6,6719.048064854879
540,P3,6719.78106432508
458,P5,6720.470114402423
545,P3,6720.47299673251
502,P5,6720.979718761431
495,P6,6721.3654838484235
557,P1,6721.517057141747
505,P3,6721.7488630104735
536,P3,6722.275131754309
492,P6,6722.367511422169
475,P6,6723.118469308771
508,P5,6723.423496954849
512,P3,6724.5195193795225
548,P3,6724.8984596705295
551,P1,6725.819196518325
468,P5,6726.230660237993
537,P5,6728.051563522588
446,P7,6728.396802239165
540,P3,6728.703884690511
452,P5,6728.746063919207
428,P6,6728.965270228231
559,P1,6729.08504800569
502,P5,6729.361212544313
555,P1,6729.458014019221
520,P5,6729.5860062864185
495,P6,6729.749336484804
509,P2,6730.5710785136935
458,P5,6731.27325613533
492,P6,6731.768234717378
561,P3,6731.911154200432
467,P5,6731.989548140956
536,P3,6733.073193990854
506,P6,6733.25851414244
541,P2,6733.374572142873
544,P1,6734.608848333549
547,P2,6734.964397200322
539,P2,6735.3277132426165
517,P5,6735.468366629592
519,P3,6735.568500784532
548,P3,6736.119564348953
549,P1,6736.400318432572
534,P3,6737.129997827716
529,P5,6737.169953821415
509,P2,6737.4825869159295
563,P1,6738.599696248576
486,P7,6739.005188044583
492,P6,6739.373858377992
549,P1,6739.957997278373
551,P1,6740.00575498895
521,P3,6740.33973264948
428,P6,6740.673077290745
554,P5,6740.676609512953
533,P5,6741.443487103892
558,P1,6741.914441078943
547,P2,6741.955577962129
550,P2,6742.139366179316
544,P2,6742.3068390996805
506,P6,6742.682733948769
540,P3,6742.697297645474
550,P1,6742.758291759686
536,P3,6742.888020165715
546,P2,6742.912475594477
528,P3,6743.194938504138
560,P1,6743.723439913647
552,P3,6744.234741429854
519,P3,6744.311778103484
534,P3,6744.413028914828
529,P5,6746.211412129601
465,P6,6746.815181389152
533,P5,6748.101704529617
541,P2,6748.467211098885
492,P6,6748.718922523895
555,P1,6748.970163051053
446,P7,6749.494316761051
538,P2,6750.491096951395
499,P5,6751.048317329132
505,P3,6751.243353824907
534,P3,6751.53768641205
503,P5,6751.541071423229
556,P3,6751.666159407502
520,P5,6751.967038056215
542,P3,6752.114402559602
544,P2,6752.680556856076
512,P3,6753.947426564985
539,P2,6754.99879705695
517,P5,6755.868367722868
468,P5,6757.14214897061
565,P1,6757.668227728807
558,P1,6757.735518972267
550,P2,6758.274124655517
499,P5,6758.282048761632
559,P1,6758.831644794645
548,P3,6758.859203965749
467,P5,6759.219769814231
560,P1,6759.414430900713
532,P2,6759.627977176801
465,P6,6759.762791259513
552,P3,6760.059540115237
541,P2,6760.4089739147885
520,P5,6760.786242223809
542,P3,6760.854818357548
567,P1,6760.885704012131
486,P7,6760.890431566972
428,P6,6761.289585745492
502,P5,6761.343509792992
544,P2,6763.177238387435
531,P3,6763.701129107044
532,P2,6764.418087762894
458,P5,6765.5204188401885
546,P2,6766.175391872852
545,P5,6766.5804966010965
564,P1,6767.007470567834
534,P3,6768.150983469744
428,P6,6768.37950872343
537,P5,6768.990433393331
551,P1,6769.44555526905
540,P3,6769.655595612281
495,P6,6769.6785449469
550,P2,6769.7258130972705
520,P5,6770.46520245926
562,P3,6770.908506607219
549,P1,6772.382828838349
458,P5,6772.935593520479
542,P3,6774.507559541758
529,P5,6774.533152834221
567,P1,6774.695455024955
541,P2,6774.769732769446
558,P1,6774.778629581052
539,P2,6775.453625737942
512,P3,6776.133173502966
517,P5,6776.75270885917
543,P3,6776.883971017535
565,P1,6777.508208604317
563,P1,6777.664553104265
534,P3,6778.021697753911
545,P5,6778.348541641317
561,P3,6778.367216029728
428,P6,6778.488543449638
550,P2,6779.65840047425
546,P2,6779.841699283832
533,P6,6780.37006902707
467,P5,6781.022044991685
446,P7,6781.151371102824
540,P3,6781.496295850309
560,P1,6782.052399020356
465,P6,6782.504477332177
519,P3,6782.907361554722
534,P3,6782.933495744801
508,P5,6783.027487785336
545,P5,6783.51184780588
504,P6,6783.533907206647
505,P3,6783.630199649396
536,P3,6783.812747863353
555,P1,6783.94554896724
533,P6,6784.763664488852
566,P2,6784.807341101694
465,P6,6785.961977039665
532,P2,6786.629034904578
529,P5,6788.062001062137
452,P5,6788.787996936429
564,P1,6789.249245999364
553,P2,6789.642349233481
561,P3,6789.819488854344
547,P2,6791.076111147515
569,P2,6791.521173284359
537,P5,6791.70413739157
552,P3,6792.661639557516
536,P3,6792.669967569628
539,P2,6793.087187994843
512,P3,6793.297381914672
528,P3,6793.428446641896
562,P3,6793.598035273394
567,P1,6793.816586505453
504,P6,6794.153774285423
521,P5,6794.601834649336
555,P1,6795.066481780152
508,P5,6795.315530529081
534,P3,6795.436088666452
551,P1,6796.714945816688
468,P5,6799.297383931365
517,P5,6799.330339973577
564,P1,6799.472162303222
550,P2,6799.871415283449
452,P5,6801.165099865371
536,P3,6801.527832473826
567,P1,6802.408023716517
505,P3,6802.429828722826
562,P3,6802.460323737877
558,P2,6802.595197579237
495,P6,6802.960539223428
542,P3,6803.051441375429
565,P1,6803.863294236861
564,P1,6804.365512253951
532,P3,6805.090540946193
458,P5,6805.12688345313
549,P1,6805.367246572111
539,P2,6805.907321453625
465,P6,6807.286777917341
468,P5,6807.404474933006
549,P1,6807.850919288198
541,P3,6807.874351033674
559,P2,6807.894831623212
560,P2,6808.4875700722705
440,P6,6809.466348342648
536,P3,6810.269535100425
538,P3,6810.346416121533
567,P1,6812.104763052606
504,P6,6812.501628436057
452,P5,6813.00504205005
557,P2,6813.657952173073
552,P3,6813.984540423291
428,P6,6814.6812358566585
521,P5,6814.873103838569
554,P5,6815.90228986773
548,P5,6815.9474831121615
568,P3,6815.965748931872
526,P5,6816.115996559208
532,P3,6817.336638842563
467,P5,6818.375245335041
529,P5,6818.455090859891
550,P2,6818.540065882477
508,P5,6818.775107259478
535,P6,6819.570054089301
520,P5,6819.923125738991
563,P1,6820.069021905343
537,P5,6820.151444651078
547,P3,6820.49375280133
549,P1,6820.64940197525
536,P3,6821.035987238694
528,P3,6821.582714668729
458,P5,6822.941158255294
558,P2,6823.840678586722
517,P5,6824.029030774951
548,P5,6824.2356130827275
553,P3,6824.5341079406
542,P3,6825.487732845713
543,P3,6825.962767124973
533,P6,6826.220228151238
526,P5,6826.650026892477
567,P2,6827.481036247878
468,P5,6827.827688769355
571,P1,6828.0453695414435
552,P3,6828.831279595452
467,P5,6828.914052571027
569,P2,6829.105649730325
469,P7,6829.33658015606
527,P5,6829.344087780564
550,P2,6829.472192341525
553,P3,6829.658414497806
561,P3,6829.748496235133
458,P5,6830.366934764844
452,P5,6830.862739405013
544,P2,6831.459043877097
546,P2,6831.716068357226
545,P5,6831.832347898259
440,P6,6832.422353475862
571,P1,6832.500112729846
520,P5,6832.943991209056
539,P2,6833.212497077447
507,P5,6833.360830798586
538,P3,6833.467014233154
547,P3,6833.489870528538
545,P5,6834.608655852792
508,P5,6835.566682412793
532,P3,6835.5786049995695
556,P3,6836.2137662901705
512,P5,6837.814562794842
527,P5,6838.7486807387895
564,P1,6838.758328258291
428,P6,6838.926210838845
570,P3,6839.0144075242915
538,P3,6839.377689359231
467,P5,6839.4653562865715
561,P3,6840.355131427475
556,P5,6840.7021579661005
547,P3,6840.92859613921
509,P3,6841.964109412255
528,P3,6842.111641190806
553,P3,6842.153430009858
502,P6,6842.292029126733
452,P5,6842.608653346366
544,P2,6842.705398414901
564,P1,6843.1785559820755
504,P6,6843.5892505085485
529,P5,6844.357753404195
568,P3,6844.4588933557
557,P2,6844.6088973518545
521,P5,6845.141455391607
539,P2,6845.597601070651
571,P1,6845.735634610915
517,P6,6846.06139125467
549,P1,6846.188162815114
551,P2,6846.612652473416
562,P3,6846.631439777228
527,P5,6847.18732548591
520,P5,6848.950442137097
569,P2,6849.035518828954
545,P5,6849.662311243665
512,P5,6849.665097699642
552,P3,6850.028164622072
566,P2,6850.0516977724465
567,P2,6850.20806925766
565,P1,6850.701451680429
562,P3,6850.818690061065
568,P3,6851.826891238163
472,P6,6851.861636752006
428,P6,6851.928479353348
526,P5,6852.0448070251305
458,P5,6852.88563743365
502,P6,6853.2317969313335
551,P2,6853.649145188137
557,P2,6854.000485215917
544,P2,6854.057691213897
517,P6,6854.083533914239
570,P3,6854.312795562362
452,P5,6854.795312025148
548,P5,6854.89861633787
491,P7,6854.980227926101
505,P5,6855.674135720104
542,P3,6855.7051951825615
566,P2,6855.966887831103
559,P2,6856.08711797521
534,P3,6857.2979579999355
508,P5,6858.240485329731
507,P5,6858.9135209781625
556,P5,6859.103655806963
500,P7,6859.563393772261
537,P5,6859.716354430111
512,P5,6859.935021164028
552,P3,6860.560160161244
535,P6,6860.680807004357
546,P3,6861.569075503714
526,P5,6862.506824045204
572,P1,6862.808011422761
551,P2,6863.813712531458
555,P2,6864.458060428949
553,P3,6864.489051859008
567,P2,6864.521393710413
566,P2,6864.852316466345
509,P3,6865.00014683953
532,P3,6865.015125385337
560,P2,6865.025231387657
554,P5,6865.114984042581
529,P5,6865.348013485793
558,P2,6866.006036964217
504,P6,6867.039719201445
571,P1,6867.178464713832
543,P3,6867.200001063768
550,P2,6867.468022663354
507,P5,6867.5742612285285
528,P3,6867.793256340946
570,P3,6868.33277920679
517,P6,6869.2978569186
563,P1,6869.623716872242
523,P5,6870.52681131035
536,P3,6870.719589268744
565,P1,6871.361244354635
547,P3,6871.474310172236
535,P6,6872.207864967478
569,P2,6873.047210177449
544,P2,6873.216404939677
542,P3,6873.338639310837
434,P5,6873.814612954203
562,P3,6874.453934219573
526,P5,6874.863840433385
507,P6,6875.214965820151
465,P6,6875.613942385752
555,P2,6875.866153947342
502,P6,6875.901384547981
508,P5,6876.821631872545
543,P3,6877.3447465678955
505,P5,6877.386822718394
551,P2,6877.488785519498
527,P5,6878.127910487456
535,P6,6878.341746682621
563,P1,6879.352193817196
567,P2,6879.478599208994
546,P3,6880.5037637547775
523,P5,6880.535317497536
440,P6,6880.703161872395
536,P3,6880.854207489423
452,P5,6881.039602205923
467,P5,6881.923010520189
573,P3,6882.351437965354
569,P3,6882.515086162669
542,P5,6883.7412965496615
500,P7,6884.534959978554
541,P3,6885.15100731181
554,P5,6885.440016647535
549,P2,6885.527615289503
557,P2,6885.708309944864
505,P5,6886.9730335199065
527,P5,6887.512686546553
440,P6,6887.674862837156
552,P3,6888.034187322548
529,P5,6888.964556005348
512,P5,6889.13488498242
465,P6,6889.62642435878
517,P6,6889.955034004
567,P2,6889.981840284507
528,P3,6890.559664403416
547,P3,6890.829754715254
467,P5,6891.487631592333
575,P2,6891.701329741754
566,P3,6892.219044267786
536,P3,6892.411236532177
541,P3,6892.705641071625
548,P5,6892.728609262413
500,P7,6893.1853921592865
542,P5,6894.108486254556
564,P1,6894.740156355835
523,P5,6895.7413041773325
507,P6,6896.664016357084
560,P3,6897.414449017743
557,P2,6897.418691193353
533,P6,6897.740428526484
440,P6,6897.742207341607
527,P5,6897.9043294242265
521,P5,6898.504868214475
539,P3,6898.676836993281
549,P2,6898.697368565272
573,P3,6898.929832615843
577,P1,6899.053141870124
551,P2,6899.0560292324435
512,P5,6899.874934214641
536,P3,6901.117108024484
467,P5,6901.886434307486
559,P3,6902.259791687163
568,P3,6902.403213678044
578,P1,6902.867793811467
555,P2,6902.992326280228
500,P7,6903.212388785873
544,P2,6903.667156617819
541,P3,6903.953778276339
534,P3,6905.569881638395
491,P7,6905.628223522646
551,P2,6905.823592071229
529,P5,6906.6194968271275
560,P3,6907.108562666778
428,P6,6907.917076670866
566,P3,6908.15192675059
543,P3,6908.272173632822
572,P1,6908.946563068484
539,P3,6909.009619488227
465,P6,6909.131237531353
565,P1,6909.466139721122
546,P3,6909.628111680236
491,P7,6909.669356917217
562,P3,6910.139196756949
535,P6,6910.342379999723
467,P5,6910.9571925695
532,P3,6911.357105313641
523,P5,6911.782713641955
500,P7,6912.739698517128
526,P5,6912.920432646612
469,P7,6913.185645905299
574,P3,6913.239218477566
478,P7,6913.412844471289
545,P6,6914.2833083393725
521,P5,6914.504811985998
576,P3,6914.607720308278
544,P2,6914.735751573636
554,P5,6914.745149512171
440,P6,6915.4056135945375
566,P3,6915.810419130911
534,P3,6916.206013784228
551,P2,6916.293844704835
548,P5,6916.621450381615
529,P5,6916.826679764546
512,P5,6916.9794187808575
578,P1,6917.468755071605
472,P6,6917.724344646817
575,P2,6918.6699881180875
549,P2,6918.710935866169
556,P5,6919.0206916575335
520,P5,6919.128133894934
547,P3,6919.468990007166
468,P5,6919.699501985542
558,P3,6920.284102165047
527,P5,6920.491401192144
577,P1,6920.542862091659
567,P2,6921.749308897872
572,P1,6922.067798211436
434,P5,6922.501342592332
541,P3,6923.443044916813
552,P3,6923.498774274096
528,P3,6923.792535975606
555,P2,6924.60685764091
573,P3,6924.838609400161
548,P5,6925.0484245192
557,P3,6925.096564282733
529,P5,6925.512517777141
578,P1,6925.752357126303
550,P3,6925.980399858803
566,P3,6926.031445347225
534,P3,6926.49269783593
517,P6,6926.571220300967
465,P6,6927.321497952085
516,P6,6927.403825039533
469,P7,6927.817751964074
527,P5,6927.868780566677
472,P6,6928.615892077709
551,P2,6928.908775252611
478,P7,6928.944173915002
565,P1,6929.370071564874
563,P1,6929.962769347994
546,P3,6929.967627174119
547,P3,6930.856387475832
452,P5,6931.0022137768265
552,P3,6931.065616514692
559,P3,6931.176885998334
536,P3,6931.66304974868
478,P7,6931.995461489813
491,P7,6932.705603685764
539,P3,6932.76160372475
579,P3,6932.8978664369115
576,P3,6932.9396230082
502,P7,6933.850161488758
560,P3,6933.875367701752
544,P2,6934.1291115805425
467,P5,6934.263696202056
529,P6,6934.7207361313585
573,P3,6934.808962547263
532,P3,6934.88197861278
543,P5,6935.171135152944
566,P3,6935.261573937989
553,P3,6935.398772551214
523,P5,6935.700536485746
526,P5,6936.035226562898
505,P5,6936.734590502127
549,P2,6937.365259358905
558,P3,6939.853076648816
528,P3,6940.327669353027
570,P3,6940.428600971846
547,P3,6941.569204991287
534,P3,6943.449487868533
500,P7,6943.532677082862
566,P3,6943.692672954513
568,P3,6944.007361649384
529,P6,6944.343117046309
558,P3,6944.514755450311
562,P3,6946.744438246067
563,P1,6946.77887718549
570,P3,6947.09833310765
545,P6,6947.210381734078
571,P2,6947.282209773757
478,P7,6947.423365085512
576,P3,6948.459276430437
535,P6,6949.1342017487195
555,P2,6949.952331740783
467,P5,6950.798891133375
536,P3,6951.062737593126
552,P3,6952.035468008234
569,P3,6952.225639957682
547,P3,6953.016560767967
579,P3,6954.11367359083
542,P5,6954.2172266512525
509,P3,6954.818603890562
585,P3,6955.177554381746
551,P3,6955.342375556777
491,P7,6956.351623460276
521,P5,6956.485116986651
573,P3,6956.938545342157
468,P5,6957.8013209654755
548,P5,6957.952104090582
539,P3,6958.207660250733
582,P1,6958.551157410102
581,P1,6958.828057920538
560,P3,6959.024869829326
570,P3,6959.077084204184
571,P2,6959.12271698141
567,P2,6959.753300907741
577,P1,6959.778883061895
568,P3,6959.924371250499
572,P1,6960.2241184439235
509,P3,6960.390565805145
574,P3,6960.752327851136
557,P3,6960.95225892686
467,P5,6961.271797772469
552,P3,6962.051872727443
580,P1,6962.445816558281
569,P3,6962.641622318972
524,P5,6962.812288069488
545,P6,6962.9357351312865
515,P7,6963.1803154329245
542,P5,6963.581331903368
573,P3,6964.968473015564
576,P3,6965.1146859371465
516,P6,6965.26705768997
562,P3,6965.297691816681
502,P7,6965.97295764588
556,P5,6966.97063714228
507,P6,6967.041566848667
571,P2,6967.817396583103
544,P3,6968.249410544452
581,P1,6968.607201056253
579,P3,6969.301146751086
574,P3,6969.911329684363
567,P2,6970.561784022061
558,P3,6971.003630350638
523,P5,6971.657991115613
583,P1,6972.292834523277
563,P1,6972.493046795854
535,P6,6972.873052951678
577,P1,6972.91126206296
509,P3,6973.299147757463
569,P3,6973.565868793225
548,P5,6973.614575929161
573,P3,6973.952640149556
565,P2,6974.917365376951
553,P3,6974.984167452883
469,P7,6977.2073560734625
584,P1,6977.634273284902
569,P3,6977.8914924838
541,P5,6977.894418219081
542,P5,6978.030120561335
534,P3,6978.490021734893
505,P5,6978.825009109926
467,P5,6979.277149567997
567,P2,6979.406385399768
502,P7,6979.458322998503
564,P2,6979.8244531973005
487,P5,6980.27637438909
558,P3,6980.439841034199
509,P3,6980.551890816669
556,P5,6980.742062036764
550,P3,6981.624979516915
523,P5,6981.714459723166
515,P7,6981.864553604929
563,P1,6981.8762010231785
553,P3,6982.053206831489
577,P1,6982.322329790975
552,P5,6982.418695896914
434,P5,6983.409450168904
502,P7,6983.572429553559
529,P6,6984.338288712607
585,P3,6984.453824120334
559,P3,6986.449157460973
543,P5,6986.507314767011
557,P3,6986.521385016627
583,P1,6986.952484635379
528,P5,6986.994665810808
551,P3,6988.1241277956005
546,P3,6988.897772418133
563,P1,6989.209355660439
507,P6,6990.635803085833
581,P1,6991.495617236662
523,P5,6991.889671864995
558,P3,6992.093996811403
580,P1,6992.117524205842
542,P5,6992.14456975967
569,P3,6992.210150575347
543,P5,6992.549703277366
559,P3,6992.606202553236
510,P5,6993.302889957319
552,P5,6993.680195415205
553,P3,6994.247274905086
577,P1,6994.590291717428
574,P3,6994.823570037649
529,P6,6995.31280531924
548,P5,6996.736514972552
465,P7,6996.922378565641
528,P5,6997.087074923425
576,P3,6997.161732809777
544,P3,6997.167350671995
550,P3,6997.3692173243935
581,P1,6997.453392608895
567,P2,6997.826035751693
547,P3,6998.005423294285
570,P3,6999.072297490989
571,P2,6999.3904388081955
568,P3,6999.437469053592
535,P7,7001.281094169717
510,P5,7001.827050654169
491,P7,7002.376798091631
575,P2,7002.946009432946
580,P1,7003.1023165871775
509,P3,7003.781398893342
582,P1,7004.3951780190155
543,P5,7004.568353987752
570,P3,7004.887454439714
541,P5,7005.383274846164
583,P1,7005.971447382424
552,P5,7005.990602788826
507,P6,7006.245150785896
502,P7,7007.774035400337
571,P2,7007.800345810659
523,P6,7007.870097862498
487,P5,7007.9385527040695
572,P2,7008.357936003205
578,P2,7008.433904711256
505,P6,7008.498101565155
548,P5,7008.620862585565
567,P2,7009.329274510493
465,P7,7009.935389078851
563,P1,7011.65770195315
577,P1,7012.011794321007
568,P3,7012.913591848201
491,P7,7013.071069418913
550,P3,7013.840506553649
468,P5,7013.946641056536
467,P6,7014.53848198051
558,P3,7015.057089679776
555,P2,7015.1695711478305
583,P1,7015.539382947543
536,P3,7015.891261558385
465,P7,7016.251418214368
509,P3,7016.57256713717
574,P5,7017.075139867165
529,P6,7017.145257300471
546,P3,7017.4836313716405
573,P3,7017.5002886420025
551,P3,7017.8873303649525
580,P2,7018.09842192326
558,P3,7018.362478538284
577,P1,7018.3646932563115
583,P2,7019.718452123015
567,P2,7020.216694131012
584,P2,7020.276541869104
575,P2,7020.773448152429
549,P3,7021.09082100419
472,P6,7021.380988489157
562,P5,7021.884921743083
565,P2,7023.033872713869
544,P3,7023.765540504508
468,P5,7024.438788527032
534,P3,7025.898886168885
543,P5,7026.009282503869
434,P5,7026.0308703469955
505,P6,7026.032425586015
467,P6,7026.853045288914
528,P5,7028.060575825531
581,P1,7028.061571483328
580,P2,7030.158914973976
500,P7,7030.645347935654
563,P1,7032.016729497189
571,P2,7032.209489827046
535,P7,7032.918990046878
510,P5,7034.015801781045
573,P3,7034.146081746272
577,P1,7034.341583043246
586,P1,7035.302949245955
541,P5,7035.43941443049
549,P3,7035.555054545799
555,P2,7035.802130377283
509,P3,7036.334794495183
583,P2,7038.41796094933
577,P1,7038.59991487699
484,P7,7038.949499785063
563,P1,7039.128786497981
557,P3,7039.608469478217
540,P5,7039.656874291929
562,P5,7040.63976431828
575,P2,7040.769457999236
564,P2,7041.293310465458
434,P5,7041.597652315764
467,P6,7042.149117487164
549,P3,7042.900100395212
555,P2,7043.465830318975
574,P5,7043.465946325177
568,P3,7043.51392624435
573,P3,7043.629201148798
587,P1,7043.897129717358
543,P5,7044.178811953845
544,P3,7044.303148059358
529,P6,7045.007028753135
552,P5,7045.137672398945
509,P3,7045.736587532294
583,P2,7045.9101611020715
528,P5,7046.703220019217
510,P5,7047.169335005429
487,P5,7047.368141982432
586,P1,7047.39813095005
465,P7,7047.876894891694
515,P7,7048.320485898887
548,P5,7048.411308356541
581,P1,7049.038342426039
535,P7,7049.448740686086
578,P2,7050.035622186641
472,P6,7051.0520083833335
542,P5,7051.6760196591085
568,P3,7051.708963938444
587,P1,7054.370269725773
524,P5,7054.867388018895
589,P1,7055.200445926529
576,P3,7055.440004768855
467,P6,7055.529723466704
523,P6,7056.556756204497
539,P3,7056.769530317114
584,P2,7056.790348921831
548,P5,7057.167661161173
583,P2,7057.381958206956
571,P2,7057.751348559624
562,P5,7058.425211438597
505,P6,7059.0473010242995
586,P1,7059.355745645586
546,P3,7059.806290393911
434,P5,7059.973210592061
570,P3,7060.541124809937
536,P3,7060.909293870506
590,P2,7061.441071460186
497,P6,7061.604831573401
467,P6,7061.676466934947
553,P3,7061.816812515801
581,P1,7061.8586478236175
529,P6,7062.425482574468
568,P3,7062.450216700124
585,P3,7062.692828938693
542,P5,7062.82669052946
510,P5,7063.751135689661
588,P3,7064.497301030957
579,P3,7064.777559061618
580,P2,7065.6116409301785
548,P5,7066.651973004857
572,P2,7066.660659712772
589,P1,7067.133763638158
530,P5,7067.143084533625
507,P7,7067.450961528988
555,P3,7067.963958574479
472,P6,7068.6805351023395
583,P2,7068.939793416342
505,P6,7069.718197971313
570,P3,7069.882673531579
571,P2,7070.152336235336
564,P2,7070.78640669521
577,P1,7071.516099206612
568,P3,7072.339882039675
593,P1,7072.523621282922
581,P1,7073.035009589519
587,P1,7073.109749619145
584,P2,7073.303063141193
543,P5,7073.556448470567
509,P3,7074.010284420377
542,P5,7074.240416615227
572,P2,7074.48414179262
588,P3,7074.600982512811
576,P3,7074.630628280412
528,P5,7075.058004942708
589,P1,7075.306280446785
541,P5,7075.62358904204
570,P3,7077.359070162476
583,P2,7077.470917176493
544,P3,7077.611081569053
564,P2,7077.626540811359
582,P1,7078.855167246259
571,P2,7079.452294301167
472,P6,7080.553904540996
540,P5,7081.418324830575
568,P3,7082.457896153598
507,P7,7082.591647155126
581,P1,7082.881926938071
563,P2,7083.412364390941
548,P5,7084.55921733942
434,P5,7084.861455314672
575,P3,7084.982764294192
590,P2,7085.044673109267
585,P3,7085.346755090447
552,P5,7085.478781855599
586,P1,7085.578840276827
472,P6,7086.479412602131
543,P5,7086.833124734081
584,P2,7087.1962738800175
538,P6,7088.544293823513
529,P6,7088.768329594927
544,P3,7089.088203751791
591,P3,7089.609741008268
572,P2,7090.062289508808
578,P3,7090.256556359042
558,P3,7091.745160895839
542,P5,7092.152669719347
577,P1,7092.3994429597005
579,P3,7092.452974836192
564,P2,7092.820500211259
563,P2,7092.821308774544
543,P5,7093.153672274816
497,P6,7093.634224188686
590,P2,7094.236865778135
529,P6,7094.248095995847
568,P3,7094.781270046547
509,P3,7095.002887561464
587,P1,7096.032682843932
552,P5,7096.340032991226
530,P5,7097.481637513409
583,P2,7098.3079428372475
534,P5,7098.8589874247145
584,P2,7099.132441168899
484,P7,7100.050098957666
567,P3,7100.397489526228
553,P5,7101.254716307564
590,P2,7101.686778174256
487,P5,7102.03027097339
542,P5,7102.33149158589
472,P6,7102.413588214956
595,P3,7102.806407865043
587,P1,7102.941720133455
552,P5,7103.091572862046
497,P6,7103.345858359337
586,P1,7103.807434878968
524,P6,7104.291869113615
588,P3,7104.315300209373
575,P3,7105.295361418733
505,P6,7105.398057488181
596,P2,7106.2219784490635
576,P3,7107.006723830809
544,P3,7107.337768964786
589,P1,7108.376552992555
514,P6,7108.48430023605
570,P3,7108.546861845058
434,P5,7109.042586642035
567,P3,7109.4791757050425
563,P2,7109.6620073713075
497,P6,7109.771540755876
592,P3,7109.963834835599
515,P7,7110.198641387511
546,P5,7111.739233810185
540,P5,7111.974970240543
539,P3,7113.258768301635
574,P5,7113.306599744499
588,P3,7113.358942609044
573,P3,7113.5715070647675
541,P5,7114.863247792198
576,P3,7115.046240347241
595,P3,7115.546013144893
587,P1,7117.143106598731
583,P2,7117.565334261795
572,P2,7118.102057734604
594,P3,7118.933770849201
563,P2,7120.341810205839
567,P3,7120.460238014945
487,P5,7120.527472402794
577,P1,7120.799332743591
582,P1,7121.380450282164
579,P3,7121.513287429262
561,P6,7122.53529516919
553,P5,7123.298000504245
509,P3,7123.415789928645
576,P3,7123.656066885463
510,P5,7123.693768295386
597,P1,7123.826042456262
505,P6,7124.286110489638
562,P5,7124.373569677818
595,P3,7124.501270440444
587,P1,7124.81998977049
565,P2,7124.957400598402
497,P6,7125.0434279767605
586,P1,7125.214109527879
572,P3,7126.381677303161
589,P1,7128.161746806093
539,P3,7128.226876714756
555,P3,7129.47046952153
581,P2,7129.651156647553
497,P6,7130.598512657137
579,P3,7130.863587312126
563,P2,7130.871014208562
542,P5,7130.905532333132
576,P3,7131.092293513617
544,P5,7131.801890415832
487,P5,7132.902034525486
467,P6,7132.907513378074
593,P1,7134.128893155805
548,P5,7134.970314013031
434,P5,7136.114949859452
561,P6,7136.670784370541
586,P1,7136.818578934907
592,P3,7137.214917522588
591,P3,7138.349892366036
568,P3,7138.8921949237865
571,P3,7139.374028807151
582,P1,7140.554590701562
563,P2,7140.727502005581
534,P5,7141.03131742332
580,P3,7141.055261886134
538,P6,7142.437066293308
546,P5,7142.521944319321
467,P6,7142.906312976836
562,P5,7143.014721055058
540,P5,7143.0179046361645
555,P3,7144.773958236356
572,P3,7145.841514434439
434,P5,7146.119331125675
565,P2,7146.6696694521015
570,P3,7146.972389396054
599,P1,7147.168123519588
598,P3,7147.399379885274
571,P3,7148.566046986728
590,P3,7148.629200591025
497,P6,7149.444155529555
597,P1,7149.584373257757
583,P3,7151.527878763835
563,P2,7152.347513203325
544,P5,7152.406967244519
542,P5,7153.094333974043
553,P5,7154.159968320891
540,P5,7154.651218337272
510,P5,7154.70766752924
589,P1,7154.959045350184
596,P2,7155.130772656362
467,P6,7155.286793081327
595,P3,7155.90903788721
524,P6,7156.226430803345
538,P6,7156.241341895204
593,P1,7156.544474812867
509,P5,7156.914159694422
555,P3,7157.006584736266
580,P3,7157.595214458645
514,P6,7157.613006959027
564,P3,7158.465053967032
577,P2,7158.78751600487
588,P3,7159.039892282349
570,P3,7159.1702060284915
578,P5,7159.529068231024
567,P3,7159.866576423321
531,P5,7160.08796145869
582,P1,7160.6889944639115
546,P5,7160.924122298146
530,P5,7161.125280901999
544,P5,7162.099851069071
595,P3,7162.730151299223
597,P1,7162.979995903584
509,P5,7163.28821736338
593,P1,7163.405064911191
576,P3,7163.485954659802
523,P6,7163.658192626794
583,P3,7163.846458184891
497,P6,7163.870832534861
592,P3,7163.975406187349
598,P3,7164.027666501492
568,P3,7164.348474239551
589,P2,7164.451478088134
575,P3,7165.309084804229
553,P5,7165.348412722631
563,P2,7165.676510094726
467,P6,7165.978813839631
596,P2,7166.220193160359
570,P3,7167.328654509269
514,P6,7167.545429480567
571,P3,7169.199725002906
582,P1,7169.310980696003
523,P6,7170.000658321187
574,P6,7170.332897636061
494,P5,7171.033435131772
534,P5,7171.177120393311
589,P2,7171.614337919171
542,P5,7172.463995368193
594,P5,7172.803291640366
577,P2,7172.869115093524
599,P1,7174.465022991317
510,P5,7174.653712862485
576,P3,7175.0012556595
524,P6,7175.875370516576
484,P7,7176.12160907202
555,P3,7176.359751582458
586,P1,7177.838353368216
571,P3,7179.339726584697
584,P3,7179.550554545058
562,P6,7180.728519944557
553,P5,7183.068158438124
598,P3,7184.169482070417
576,P3,7184.405774929073
587,P1,7184.595212687717
583,P3,7185.1369171766155
597,P1,7185.26159848064
524,P6,7185.630817915183
599,P1,7186.712608374855
578,P5,7186.844173921366
570,P3,7187.222464850702
534,P5,7187.270291563089
574,P6,7187.390035140009
590,P3,7187.756258949441
579,P5,7191.096914807535
562,P6,7191.220059765666
564,P3,7191.464197276648
597,P1,7192.764370155252
555,P3,7193.693362072586
587,P1,7194.001939708876
523,P6,7194.7038985802765
570,P3,7194.974664870187
572,P3,7195.131375437863
564,P3,7195.977524904046
598,P3,7196.751372813325
514,P6,7197.691852797634
586,P1,7197.771612678055
509,P5,7198.164541145728
599,P1,7198.367041940346
571,P3,7199.179079592076
592,P3,7199.250462819308
579,P5,7199.591525945922
578,P5,7199.701299031713
581,P2,7199.785121919438
484,P7,7200.038718109855
593,P2,7201.390356663749
544,P5,7201.7289581618115
595,P3,7201.761757348909
505,P6,7202.0901789504205
523,P6,7202.139357651822
524,P6,7202.891716760737
601,P1,7202.92159711255
562,P6,7202.948268420148
597,P1,7203.713091108621
467,P6,7203.888916007964
565,P3,7203.984696510792
540,P5,7204.10061806551
555,P3,7204.225446442051
599,P1,7204.619314441927
434,P5,7204.790950834807
484,P7,7205.837916389266
587,P1,7206.005526041391
594,P5,7206.554949491948
581,P3,7206.873425241698
572,P3,7207.070465649739
583,P3,7207.27386496697
560,P5,7208.234300617011
578,P5,7208.254397954336
534,P5,7208.50003308447
588,P3,7208.659045356807
494,P5,7210.73927586618
519,P6,7211.191430391242
579,P5,7211.768340706532
602,P1,7213.3236160037895
540,P5,7213.956179221432
588,P3,7214.165109554677
434,P5,7214.274735183469
546,P5,7214.563054446008
603,P1,7214.953102047373
576,P3,7215.016013759585
571,P3,7216.23559069323
563,P2,7216.938937985542
552,P6,7217.374869469541
563,P2,7217.797647092913
581,P3,7218.474988036429
577,P2,7218.567221610359
584,P3,7219.027424023155
582,P1,7219.493672560312
578,P5,7221.181568809725
544,P5,7221.187990011028
562,P6,7221.878372250042
604,P3,7221.881712714153
583,P3,7222.215570670698
494,P5,7222.351636250042
566,P7,7222.968783121055
467,P6,7223.875713779328
595,P3,7224.361413751861
580,P3,7225.184698795013
552,P6,7225.70269770826
558,P7,7226.7469985492
565,P3,7227.286394199803
570,P3,7227.37937831423
551,P7,7227.483837082786
583,P3,7228.122132515101
549,P7,7228.3883422691115
494,P5,7228.483497303911
586,P2,7228.635513712966
531,P5,7228.676277544423
596,P2,7229.407131659169
581,P3,7229.467322909522
579,P5,7229.591484932228
589,P2,7230.970688618389
576,P3,7232.993341487359
536,P6,7233.276239310103
553,P6,7233.396308572359
542,P5,7234.18590860284
599,P2,7234.925041358392
524,P6,7235.469225133382
467,P6,7236.066348210132
546,P5,7236.632136370934
593,P2,7236.755109226683
580,P3,7237.296546119364
586,P2,7237.309397124356
505,P6,7237.396769577682
551,P7,7237.502818715348
604,P3,7237.9006929139305
581,P3,7238.743283855246
531,P5,7239.215197054798
576,P3,7241.031031938422
560,P5,7241.186806078953
603,P1,7241.622274843001
583,P3,7241.928728417402
519,P6,7241.941534873859
538,P6,7243.604224216672
536,P6,7244.050416939407
582,P2,7244.440303924573
595,P3,7244.4699028177965
544,P5,7244.486465731011
546,P5,7244.779530863342
599,P2,7244.852477006843
558,P7,7246.301773388326
588,P3,7246.55678067778
603,P1,7247.179446377527
591,P5,7247.296422329012
579,P5,7247.495415559358
570,P5,7248.098423393918
600,P2,7248.643590342428
434,P5,7248.789077572549
592,P3,7249.152210353215
581,P3,7249.410152537065
586,P2,7249.426400650289
566,P7,7250.355103603864
594,P6,7252.112443399289
534,P5,7252.266042960193
531,P6,7252.719799634542
553,P6,7253.274692664713
576,P3,7253.404058955938
597,P2,7253.46894969945
467,P7,7254.227425381563
602,P1,7254.26306985937
549,P7,7254.477964909647
577,P2,7255.479207078026
509,P5,7255.789401148159
605,P1,7255.809433999177
558,P7,7256.587783977588
592,P3,7256.617183625086
582,P2,7257.462297529422
579,P5,7258.155016076019
603,P1,7258.256356321868
546,P5,7258.401403492479
601,P1,7258.692436583341
467,P7,7259.351972523379
571,P3,7259.624433091456
566,P7,7261.713097232635
563,P2,7261.984543587301
578,P6,7262.241065435347
580,P5,7262.328977916195
589,P2,7262.867080453026
596,P3,7263.364507277158
544,P5,7263.550170879853
590,P5,7263.662834281067
540,P6,7263.935138672856
551,P7,7265.283185932257
576,P3,7265.553365174749
599,P2,7265.654312405918
531,P6,7266.119110729355
603,P1,7266.393043524137
608,P3,7266.78700467384
605,P1,7266.938987047217
582,P2,7267.065447933338
580,P5,7268.698735402983
583,P3,7269.006079889515
577,P2,7269.078578463062
607,P1,7269.600894767606
534,P5,7269.80859520616
494,P5,7269.880432940003
571,P3,7271.916501254225
519,P6,7272.5358541207415
605,P1,7273.1949369077065
576,P3,7273.627837359232
597,P2,7273.822896408999
563,P2,7273.861846945569
531,P6,7274.157160389225
571,P3,7274.6326465676
538,P6,7274.763952680668
505,P6,7276.409557385315
606,P1,7277.414248779647
577,P2,7277.67522411798
586,P2,7278.57617838072
592,P3,7279.344286960807
607,P1,7279.8443736420695
484,P7,7279.986409223093
590,P5,7280.874267537183
553,P6,7282.017105849239
604,P3,7282.205307690633
591,P5,7282.569611576546
601,P1,7282.585129929013
524,P6,7283.593187646443
596,P3,7283.672004827072
566,P7,7284.4814386935095
591,P5,7285.152433704551
603,P1,7285.60752434925
509,P5,7286.009886159646
582,P2,7286.4154358994665
534,P5,7287.795840522187
549,P7,7287.830749750864
589,P2,7288.233997423623
586,P2,7289.7800424869465
572,P3,7289.785509878816
581,P3,7289.888166579502
607,P1,7290.4522449334745
570,P5,7290.536737610466
601,P1,7290.548878818502
532,P7,7291.232374973807
593,P3,7291.755410562532
542,P5,7292.5037465918585
605,P1,7292.72659389502
594,P6,7292.811503605514
559,P6,7293.262737754691
578,P6,7294.94436037872
524,P6,7295.110748984833
565,P3,7295.139271717503
597,P2,7295.236104310146
553,P6,7295.689641838779
584,P3,7296.135991276577
606,P1,7298.577540612889
494,P5,7298.924869324616
607,P1,7300.843264557733
569,P7,7301.566702847744
579,P5,7303.483897297237
578,P6,7304.460770626248
524,P6,7304.6118048832
538,P6,7304.913672778511
602,P1,7305.326975129907
565,P3,7305.872665906417
434,P5,7306.009299812073
607,P1,7306.284014563292
563,P2,7306.300116228791
588,P5,7306.605594889354
553,P6,7306.844966946077
549,P7,7306.90195238906
570,P5,7307.46887301422
582,P2,7307.929856889716
558,P7,7309.202467859533
580,P5,7309.266363700016
494,P6,7309.801707340143
586,P2,7309.885799514739
563,P2,7310.098500819594
604,P3,7310.4325063671495
540,P6,7311.852596891149
536,P6,7312.830999475819
587,P1,7313.146723507661
596,P3,7313.46857526422
595,P3,7313.478734575137
559,P6,7313.612051236175
582,P2,7313.873250581381
570,P5,7314.473638235952
588,P5,7314.482675406558
605,P1,7314.731749994205
581,P3,7316.2613562708975
531,P6,7317.65056924078
593,P3,7317.862199430071
607,P1,7319.224385017269
589,P3,7319.497877355595
611,P3,7320.563817833497
494,P6,7321.3034810733625
571,P5,7321.337754038912
577,P2,7321.377689883881
563,P2,7321.414247029756
542,P5,7322.119889152734
534,P5,7322.197185241534
606,P1,7322.334578837377
603,P2,7322.376237827835
596,P3,7323.017591871278
552,P6,7324.359718428048
576,P3,7324.881940589692
588,P5,7325.088205090397
553,P6,7325.429740245966
467,P7,7325.853838339064
599,P2,7325.9707449943135
577,P2,7327.660020994445
581,P3,7327.744017175609
540,P6,7328.459605016127
538,P6,7328.573594011568
609,P1,7329.079460912403
494,P6,7329.215368759047
607,P1,7329.495586320437
608,P3,7329.794208964082
566,P7,7330.919908058094
542,P5,7330.972300920684
505,P6,7331.295389663043
591,P5,7331.39646394353
532,P7,7332.181763634333
583,P3,7332.659172501448
549,P7,7334.690529858584
610,P1,7335.783165720949
552,P6,7336.253384527331
611,P3,7336.464046409023
571,P5,7336.750398176325
434,P5,7337.303479983518
609,P1,7337.41207263255
601,P1,7338.046869893425
540,P6,7338.12796297109
597,P2,7338.459934487461
591,P5,7338.476830271298
569,P7,7339.486371107675
566,P7,7339.742949569251
581,P3,7340.115477861645
532,P7,7340.465021582441
583,P3,7341.778249268864
579,P5,7342.270035241368
590,P5,7342.528680397482
467,P7,7342.726282762675
538,P6,7344.135058166836
595,P3,7344.345177053834
531,P6,7344.37306840249
580,P6,7344.730351582353
587,P1,7344.984969001909
608,P3,7345.49076924338
602,P1,7346.234848179715
612,P3,7346.563031864037
563,P3,7346.61808884162
582,P2,7346.966158175086
592,P3,7347.410830678301
609,P1,7347.777687495696
566,P7,7348.303701026849
612,P3,7349.537496553546
519,P6,7349.726417152615
591,P5,7350.60295478529
531,P6,7350.939164688017
532,P7,7352.325650102053
604,P3,7353.1157024812865
601,P1,7353.52856560945
553,P6,7354.678079370957
582,P2,7354.930303184087
546,P6,7355.382601967052
586,P3,7355.746114037592
581,P3,7356.101507287397
540,P6,7358.058257048034
611,P3,7358.106414510378
567,P6,7358.474102787524
609,P1,7358.690761425829
591,P5,7359.356352182832
607,P2,7359.469542514645
484,P7,7359.556768797362
563,P3,7359.980795245927
494,P6,7360.02697184297
566,P7,7360.600015338431
571,P5,7361.628601361414
596,P3,7361.773805628248
579,P5,7361.860109532391
600,P3,7361.979156191741
597,P3,7363.452571569849
542,P5,7364.228760329974
549,P7,7364.491369577184
434,P5,7364.779436975285
587,P1,7364.910407052816
586,P3,7364.945802890547
592,P3,7366.543746001433
581,P3,7366.989719253752
563,P3,7368.252658219857
603,P2,7369.160882275205
490,P7,7369.285454692995
606,P1,7369.863999190764
591,P5,7369.893969598801
600,P3,7371.63482296639
578,P7,7372.326867573266
579,P5,7372.912327956091
540,P6,7372.914834141499
538,P6,7374.981615817533
597,P3,7375.1481297221235
583,P3,7375.3208362964915
580,P6,7375.556114480579
567,P6,7375.901264467396
601,P2,7376.648915826388
565,P3,7378.2674250231485
589,P3,7378.38480857817
570,P5,7378.467100025523
579,P5,7380.2553463170825
584,P3,7380.594866776807
593,P3,7381.433690309767
583,P5,7381.558725387191
613,P2,7382.611892093266
532,P7,7383.185643320631
577,P3,7384.328946931573
581,P3,7384.797831277309
549,P7,7385.228541017777
434,P5,7385.315070540438
557,P6,7386.0690602140985
588,P5,7386.175574905892
565,P3,7386.275157149798
587,P1,7386.995402383319
570,P5,7387.369688097762
609,P1,7387.923240337336
614,P3,7388.173728018967
494,P6,7389.763780902607
605,P2,7389.871587445494
575,P7,7390.84191822174
599,P2,7391.042706193684
583,P5,7391.254906381169
612,P3,7391.849418391863
575,P7,7392.400294456519
604,P3,7393.000158075622
524,P6,7394.186996173076
615,P1,7397.431948510239
588,P5,7397.692806262226
570,P5,7397.970621256684
593,P3,7398.62176387737
613,P2,7400.118648425427
566,P7,7400.295373627218
605,P2,7400.965606180076
603,P3,7401.416337794916
611,P3,7401.524281532086
599,P2,7403.178701848753
606,P1,7403.515111498483
616,P2,7404.067836517941
586,P3,7404.152291898054
538,P6,7404.292193908121
509,P6,7404.363945139931
434,P5,7405.598593703947
612,P3,7406.0207310155265
588,P5,7407.019922240875
577,P3,7407.019957547269
570,P5,7407.0398747999125
601,P2,7407.0478280098805
582,P2,7408.693711253484
609,P1,7409.6917611396575
604,P3,7409.948619687538
564,P6,7411.155562867612
579,P5,7411.53978171506
540,P6,7411.792999804606
494,P6,7412.569939832223
590,P5,7412.668417188495
538,P6,7413.580608495024
617,P1,7413.772503067755
603,P3,7414.951711748075
583,P5,7415.047127681327
434,P5,7415.052759865754
580,P6,7415.141562262212
614,P3,7416.629701311225
597,P3,7416.764673311376
582,P2,7417.093223659286
618,P1,7417.508228202777
577,P3,7417.544105323362
615,P1,7417.96339977178
546,P6,7418.258350219698
566,P7,7418.874445375648
490,P7,7420.4881460482
604,P3,7421.170810631362
540,P6,7421.539228782093
583,P5,7421.87024515184
617,P1,7422.603489195373
596,P3,7423.529437203971
575,P7,7423.556248534255
605,P2,7424.321306713112
612,P3,7424.411959370878
588,P5,7424.500663286072
577,P3,7424.642534840276
582,P2,7424.973910365179
434,P5,7426.139681525542
614,P3,7427.120788597703
593,P5,7427.796075315126
571,P5,7427.848103753413
524,P6,7429.21102132649
617,P1,7430.224294135377
596,P3,7430.275799274228
540,P6,7430.704385257403
607,P2,7431.003754871354
606,P1,7431.59315116816
604,P3,7432.22408001241
601,P2,7434.271521228691
467,P7,7435.085306469153
603,P3,7435.096821785023
609,P1,7436.151978248684
618,P1,7436.3893332738935
593,P5,7436.71881414309
613,P2,7436.881843667022
538,P6,7437.5592880576605
591,P5,7437.747623033155
542,P6,7437.898441096143
494,P6,7438.598633652431
579,P5,7439.53375889645
490,P7,7439.9755890607175
604,P3,7441.404317684477
583,P5,7442.151999178557
588,P5,7443.311426386801
601,P2,7443.623078936599
607,P2,7445.159903240356
603,P3,7445.529124313819
580,P6,7445.604809854763
606,P1,7445.767451756095
577,P3,7446.761829840405
591,P5,7446.9548354462895
563,P3,7446.965737975251
621,P2,7447.917683436088
509,P6,7449.858682065631
618,P1,7449.9576325230955
622,P1,7450.026933958676
614,P3,7450.988673105683
620,P2,7451.423375961813
596,P3,7452.28859205544
434,P5,7452.707432105419
602,P2,7452.772844397485
583,P5,7452.833854645189
566,P7,7453.265188495479
588,P5,7453.575665696879
546,P6,7453.600317023784
600,P3,7453.977264155452
595,P5,7454.155634859272
580,P6,7454.603391910608
615,P1,7456.249591981843
610,P2,7456.258353037169
597,P3,7456.56622532818
582,P2,7456.615472532902
563,P3,7459.05968210357
600,P3,7459.155268673697
602,P2,7459.393104766621
583,P5,7460.049262142476
467,P7,7461.204437652369
623,P2,7461.799097303243
577,P3,7462.413231790664
603,P3,7463.251199561553
604,P3,7463.926745346394
612,P3,7464.095741282448
434,P5,7464.568664396776
592,P3,7465.749302328813
582,P2,7465.8440295844175
597,P3,7465.959196602539
563,P3,7467.113136493758
600,P3,7467.151634553983
620,P2,7471.0305130688
566,P7,7472.35441764298
612,P3,7472.484164357555
580,P6,7472.910566612079
590,P5,7472.998434284174
577,P3,7474.062277175505
599,P2,7474.100628268559
547,P7,7474.111219684447
546,P6,7475.016120343119
622,P1,7475.29739628606
623,P2,7475.322895633417
586,P3,7476.102131208017
587,P2,7476.443509772658
571,P5,7476.651907442243
563,P3,7478.425734413083
613,P3,7479.224312687691
590,P5,7479.77214969499
600,P3,7480.553593405881
610,P2,7480.946342818971
606,P1,7481.790436461189
625,P1,7482.270225417817
618,P1,7482.585929424277
579,P5,7482.842874648377
597,P3,7483.306380065986
571,P5,7483.74831329174
624,P1,7484.691907074435
566,P7,7485.318127729607
547,P7,7486.291967716739
616,P2,7486.33186913328
599,P2,7486.342980307863
593,P5,7487.316529779057
610,P2,7488.241936088014
585,P7,7488.289835047257
612,P3,7488.542896785999
611,P3,7489.865924199467
607,P2,7490.076690086429
590,P5,7491.781184308209
627,P1,7492.856436727448
542,P6,7496.239502327849
599,P2,7496.31354632048
595,P5,7496.421098461867
624,P1,7496.631413204491
546,P6,7497.039087898486
615,P1,7497.740990350776
593,P5,7498.031655865793
628,P1,7498.147021609959
611,P3,7499.06520572126
571,P5,7501.745886877963
563,P3,7501.905795608501
509,P6,7502.848175876162
601,P2,7503.026899175361
547,P7,7503.7542267821655
612,P3,7503.915101683213
546,P6,7504.709940202252
616,P2,7505.299818608327
627,P1,7505.745050406091
573,P6,7505.839458094802
582,P2,7506.734100436565
599,P2,7507.223090387639
605,P3,7507.5986594266815
614,P3,7507.612130729225
597,P3,7507.98157221996
626,P1,7508.12311736196
490,P7,7510.022282686421
624,P1,7510.787413639113
603,P3,7511.0855329077895
587,P2,7511.371997261327
494,P6,7511.426775504697
619,P2,7512.036900013335
583,P5,7512.180003026489
620,P2,7512.466461203196
612,P3,7514.038548247383
623,P2,7514.289793760655
625,P1,7514.573243626385
607,P3,7514.871063953676
573,P6,7515.546706375779
601,P3,7515.823760123662
620,P3,7516.721662312408
596,P5,7518.087282332078
618,P2,7518.207649349718
617,P1,7518.306695702007
571,P5,7518.609211780179
609,P1,7519.281643531896
605,P3,7519.99322969876
612,P3,7521.190000575806
490,P7,7521.335309275988
579,P5,7522.587175311536
586,P3,7522.984107462795
601,P3,7523.25325225636
613,P3,7524.180395830635
494,P6,7524.654285606792
606,P2,7524.977276723222
546,P6,7525.189983729403
617,P1,7525.248814236553
627,P1,7525.325380419574
593,P6,7525.351310729135
622,P1,7525.53792828122
597,P3,7525.923140384014
582,P2,7525.988657923898
626,P1,7526.717005735024
547,P7,7526.7887114464875
609,P1,7527.7580003509875
589,P5,7528.52239571685
630,P1,7528.693009198295
585,P7,7529.117624222004
542,P6,7529.510096925281
628,P1,7529.652630213888
566,P7,7529.717463730326
604,P3,7530.256128476437
619,P2,7530.265356860772
587,P2,7531.700140042191
550,P6,7532.467432719094
601,P3,7533.067451711331
623,P2,7533.172892500021
597,P3,7533.625410476807
583,P5,7533.63029349202
625,P1,7534.058046353775
571,P5,7536.401845803922
609,P1,7536.757400391148
618,P2,7537.165089199671
605,P3,7537.375270200832
613,P3,7537.461367371747
573,P6,7537.8172391590715
614,P3,7537.839560771253
582,P2,7538.704800658763
616,P3,7538.806759224715
621,P2,7539.373017145903
607,P3,7540.622878160284
583,P6,7541.643828482115
629,P3,7541.987552506835
547,P7,7542.222671405174
494,P6,7546.296040644274
622,P1,7546.654569897941
582,P2,7547.037986957071
571,P5,7547.66921167628
621,P2,7548.048859769651
614,P3,7548.573345921144
589,P5,7549.159503558991
509,P6,7549.723220136144
618,P2,7549.769544262084
606,P2,7550.400398966712
608,P6,7552.563356899321
622,P1,7553.523784285203
611,P3,7553.7856753320175
628,P1,7553.899463596886
615,P1,7553.954627769853
616,P3,7554.035760660529
599,P2,7554.320294523159
585,P7,7555.878376115666
630,P1,7556.182815435406
611,P3,7556.556790796022
605,P3,7556.681582141947
609,P1,7556.972877597675
583,P6,7557.248026916922
618,P2,7559.561264396909
509,P6,7560.160097211755
620,P3,7560.653601270112
494,P6,7561.196867068717
596,P5,7562.2546416536925
490,P7,7562.275179635714
579,P5,7562.658898888614
625,P1,7563.298284544509
601,P3,7563.969558164411
593,P6,7564.345334221712
623,P2,7564.497698929846
590,P6,7566.844759269928
622,P1,7568.215089888897
579,P5,7568.27745183276
619,P2,7568.6884468451
618,P2,7568.815054771838
542,P6,7568.992948772203
620,P3,7569.569262817552
610,P2,7569.964461207099
583,P6,7570.195606956284
628,P1,7570.314435796737
607,P3,7570.325492147042
494,P6,7571.43514603678
606,P2,7572.006984985534
539,P7,7573.3304786398285
571,P5,7574.481038676335
630,P1,7575.759826515896
624,P1,7576.051743102143
542,P6,7576.260979225758
589,P5,7576.271298033566
583,P6,7577.044696467455
602,P3,7577.26827416975
547,P7,7577.501565278902
573,P6,7578.550943099432
611,P3,7578.839324247179
621,P2,7579.100146697187
609,P2,7579.13937408859
604,P3,7579.152658506431
579,P6,7580.824898467689
579,P5,7581.712573418045
606,P2,7581.797103619142
628,P1,7581.843616276651
555,P5,7582.237671341162
629,P3,7583.41254208218
630,P1,7584.5666992317265
623,P2,7584.637334049244
622,P1,7585.802831276772
573,P6,7586.50874759225
584,P5,7587.07280058506
585,P7,7589.266482221968
589,P6,7589.56761890959
599,P2,7589.88536610549
617,P1,7589.94035213293
555,P5,7590.125317809557
616,P3,7590.291248639534
620,P3,7590.860538489697
631,P1,7591.2382788255945
604,P3,7591.31788160972
596,P5,7592.284401043387
622,P1,7593.191066496986
621,P2,7593.269084853667
632,P2,7593.982452227864
547,P7,7594.726897869796
624,P1,7595.4333487662825
614,P3,7595.657615206183
607,P3,7596.206749640001
610,P3,7596.923860819359
539,P7,7597.075535876292
589,P6,7597.447047723804
585,P7,7597.57153294794
629,P3,7598.125198114816
626,P2,7598.369034659743
582,P2,7598.601477671519
620,P3,7599.142159788497
615,P1,7599.27043733901
584,P5,7599.781984353756
587,P2,7599.9665253638495
618,P2,7600.5578700001215
628,P1,7600.560645901017
604,P3,7602.604562967736
621,P2,7603.32332064891
596,P5,7603.6962680064335
624,P1,7603.798955992387
623,P3,7604.483114380076
573,P6,7604.666715110415
625,P1,7604.902277674955
622,P1,7606.863877289179
614,P3,7608.198066024221
626,P2,7608.47653417363
583,P6,7608.518754545504
622,P2,7609.243976545454
621,P2,7609.650206171758
589,P6,7609.740552404374
629,P3,7609.754075352982
618,P2,7610.275977920914
584,P5,7610.653065031146
614,P3,7610.855434203464
625,P2,7610.8739893047805
617,P1,7610.930672642679
555,P5,7611.980705366225
550,P6,7613.62315986564
587,P2,7613.990132373426
582,P2,7614.214348498957
623,P3,7614.583040158839
608,P6,7614.6029219644415
616,P3,7614.64169599258
632,P2,7614.924535815536
555,P5,7616.740599848453
618,P2,7617.839749694711
621,P2,7618.006794067681
630,P1,7618.515849251108
628,P1,7618.867664341155
620,P3,7619.257096960873
584,P5,7619.487640147245
625,P2,7619.910092182921
630,P2,7620.137759038069
629,P3,7620.803808475965
619,P2,7620.915888525187
609,P2,7626.250480990929
626,P2,7627.104270964325
550,P6,7627.6184857542985
615,P1,7629.4256234158
555,P5,7629.4534434686575
601,P3,7629.808436706814
629,P3,7630.331259533772
490,P7,7631.360105903737
579,P6,7631.734627774086
627,P2,7632.643699741585
539,P7,7632.7028466628835
606,P2,7633.259459235593
611,P3,7634.45274175885
614,P3,7634.897886502871
589,P6,7635.153702485211
625,P2,7635.2637260657675
599,P2,7635.446914345282
596,P5,7635.510196039554
598,P7,7635.683426741624
624,P1,7635.995240413043
608,P6,7636.623794376481
582,P2,7636.65598310505
550,P6,7637.179026028733
611,P3,7638.314830684284
630,P2,7639.393800990793
617,P1,7639.652494495375
629,P3,7640.064132836149
579,P6,7640.835405941806
622,P2,7641.3423599040025
616,P3,7641.459426842688
610,P3,7641.784576528687
583,P6,7641.866174334006
621,P2,7642.1890080748835
490,P7,7642.4399710753
602,P3,7642.849863602234
627,P2,7644.551502547986
582,P3,7645.386906093058
606,P2,7647.662233120104
599,P2,7648.3647823893525
610,P3,7648.477078453342
620,P3,7649.104006845074
550,P6,7649.568484276097
635,P3,7649.712406552948
628,P2,7649.9555481969455
490,P7,7650.088627203167
573,P6,7650.805265322505
625,P2,7650.846173499861
539,P7,7652.0574676072965
629,P3,7652.482621242585
606,P2,7652.575420748607
598,P7,7652.698512533677
604,P3,7653.069514453707
617,P1,7653.874852810187
631,P2,7654.035313008417
616,P3,7654.256573659189
599,P2,7654.652743976291
637,P3,7655.883296954504
583,P6,7657.182256688045
601,P3,7657.42754127878
636,P3,7657.733857838572
619,P3,7658.036438408729
629,P3,7659.051184032334
639,P3,7659.175758793491
622,P2,7659.268140708921
632,P2,7659.59019834825
633,P1,7659.5973026936745
555,P5,7659.643369264518
610,P3,7660.874272150335
620,P3,7660.895054942209
611,P3,7661.076030475843
625,P2,7661.503109255101
598,P7,7662.277345181664
610,P3,7664.477669090451
614,P3,7664.63724855862
589,P6,7666.431849300188
608,P6,7666.907454081209
618,P3,7666.91854031319
603,P6,7667.285340022945
624,P1,7667.540162305911
611,P3,7667.62041722368
638,P1,7669.010815178648
615,P1,7669.0165695593805
635,P3,7670.726667284077
622,P2,7670.739349655618
620,P3,7671.0951126370255
607,P3,7671.603905698247
630,P2,7671.84621675522
579,P6,7672.807666467536
573,P6,7673.272452742847
604,P5,7673.968251409342
634,P3,7674.062428223203
623,P3,7674.690372556738
587,P2,7675.266770943003
582,P3,7675.906553343944
632,P2,7677.3458965320615
637,P3,7677.595590992189
621,P2,7677.683596740914
539,P7,7678.039807164679
622,P2,7679.249196077907
614,P3,7679.32967526828
563,P5,7680.158344155558
635,P3,7680.2822781011555
617,P1,7680.787220973512
620,P3,7681.503742733082
610,P3,7681.644074030146
587,P2,7681.901730226816
633,P1,7682.016344149354
634,P3,7682.575618429388
598,P7,7684.51030325309
624,P2,7684.669181314782
615,P2,7684.961484990035
628,P2,7688.562113215665
635,P3,7688.961600255045
589,P6,7689.396224215126
604,P5,7692.837781279546
606,P2,7693.085108195903
629,P3,7693.285631653911
631,P2,7694.804509145377
584,P6,7694.8822278571115
623,P3,7695.6298695194055
628,P2,7695.810854596997
582,P3,7695.864901285978
563,P5,7696.202927821294
641,P1,7696.372015069706
599,P3,7696.935803766116
618,P3,7697.013468086372
627,P2,7697.228477246347
609,P3,7697.623735951152
619,P3,7698.497273073266
625,P2,7698.968364922186
614,P3,7699.436963641567
621,P2,7699.821511617698
604,P5,7700.583943408539
633,P1,7700.593350212727
616,P3,7700.729394835428
607,P3,7701.921793376415
606,P2,7702.073965787447
601,P5,7702.653824487121
573,P6,7703.269029263463
641,P1,7704.240062639314
599,P3,7704.816121107969
619,P3,7705.166542011383
640,P1,7705.408789747532
627,P2,7705.558485811216
614,P3,7705.819886705981
624,P2,7707.038596632868
602,P5,7707.714024901515
577,P6,7707.768318861898
638,P1,7708.215348033193
582,P3,7709.080373422511
607,P3,7709.333771039505
628,P2,7709.447243097555
589,P6,7709.714070213445
563,P5,7710.323468084766
622,P2,7710.416099886105
611,P3,7710.445257796675
587,P2,7710.566194947138
631,P2,7711.2618404424875
604,P5,7711.52181048038
579,P7,7712.939564091221
608,P6,7713.616890373251
609,P3,7714.858824023543
642,P2,7715.1425648239
627,P2,7715.954760554971
630,P3,7716.978958601751
621,P2,7717.048528624817
563,P5,7718.540429022924
584,P6,7718.886748445826
577,P6,7719.837540545832
622,P2,7720.129139421731
638,P1,7720.271611022066
539,P7,7720.543777929346
568,P6,7722.2048742600755
635,P3,7722.379502274414
606,P2,7722.720689612145
602,P5,7722.913861328672
616,P3,7723.302760168917
573,P6,7723.390528193282
598,P7,7724.30984372923
615,P2,7724.528936277875
579,P7,7725.726584625976
638,P1,7725.764268354552
632,P2,7726.190698510315
625,P2,7726.200047293014
582,P3,7727.452940031011
568,P6,7727.700737320458
611,P3,7727.907893342839
643,P1,7728.210939982836
602,P5,7728.630674005451
599,P3,7728.812254216798
640,P1,7728.826647883664
615,P2,7729.452316654002
628,P2,7729.642672954514
604,P5,7729.739044591809
624,P2,7729.834465000699
617,P2,7731.465326424144
587,P2,7732.468178713433
607,P3,7733.74020495892
625,P2,7735.613926779382
606,P3,7736.60920907191
637,P3,7736.7124223467645
609,P3,7737.128184399638
614,P3,7737.2576312812325
630,P3,7738.328895453842
618,P3,7738.616883415176
599,P3,7739.234218694586
610,P3,7739.652497216081
555,P5,7740.241780717592
573,P6,7740.8203601617415
644,P2,7741.1804973747985
622,P2,7741.209960159957
637,P3,7741.292853355537
617,P2,7741.309750278569
640,P1,7741.5596547219975
587,P2,7742.269308655881
616,P3,7742.470489960076
631,P2,7742.486817214974
643,P1,7742.882416172777
633,P1,7743.381948606466
630,P3,7744.519760383614
626,P3,7744.522420852826
579,P7,7744.905434614553
621,P2,7746.908021695009
581,P5,7747.028053356596
601,P5,7747.254860066125
628,P2,7747.262539468796
601,P6,7747.893103642888
603,P6,7748.033808855324
636,P3,7748.042175706993
624,P2,7748.655404644189
618,P3,7748.889030265315
627,P3,7751.174218480591
633,P1,7752.24352844622
601,P6,7752.921149828364
587,P2,7753.247034222706
640,P1,7753.252637616571
623,P3,7753.753626601655
631,P2,7754.687090155415
573,P6,7755.110315066434
622,P2,7755.599972333388
579,P7,7756.031251539592
609,P3,7759.05301535984
643,P1,7759.445419297471
555,P5,7759.660187320819
644,P2,7759.899113579617
635,P3,7760.606543566636
615,P2,7760.761722293582
640,P1,7761.058387413226
616,P3,7761.724344221465
573,P6,7763.693419553422
634,P3,7764.525653533255
568,P6,7765.29421446663
565,P5,7766.226774936122
623,P3,7766.447152653638
617,P2,7767.741942962091
584,P6,7768.457857185776
607,P3,7768.5283492252065
632,P2,7768.540665366828
643,P1,7768.84512543939
616,P3,7768.846912814964
630,P3,7768.8999205012
589,P6,7768.988589420719
599,P3,7769.009434056126
624,P2,7769.159647885629
563,P5,7769.911728806142
625,P2,7770.228509133929
605,P7,7770.62944502333
629,P5,7770.93540065101
644,P2,7771.433226094831
587,P2,7772.789923275243
579,P7,7773.426287906645
627,P3,7773.919008004603
645,P1,7774.159276671686
641,P2,7776.035819279486
624,P2,7776.071541032479
618,P3,7776.367040327474
629,P5,7776.424599346148
623,P3,7776.803755528129
589,P6,7778.415554349487
602,P5,7779.087538255077
599,P3,7779.306274633447
621,P2,7780.2421735813205
568,P6,7781.3840150151045
633,P1,7782.318079803373
627,P3,7783.0390693853615
581,P5,7783.99972460944
638,P2,7784.5451021148565
608,P6,7785.027426904874
630,P3,7785.992387714716
632,P2,7786.435433581324
555,P5,7786.555687185833
643,P2,7786.839156654236
584,P6,7786.85466588321
611,P3,7787.070378806666
618,P3,7787.752024294452
606,P3,7788.3786887459255
644,P2,7789.537133887567
568,P6,7789.778220501523
624,P2,7789.952181911771
647,P1,7790.070622248576
629,P5,7791.234386067065
648,P3,7791.838854793757
565,P5,7792.255146337584
607,P3,7792.780756271062
587,P2,7793.045176241111
633,P1,7793.667221753978
599,P3,7793.759178372812
572,P5,7794.88811383029
641,P2,7795.667402141187
602,P5,7797.206816590832
584,P6,7797.281436838929
643,P2,7797.59425089918
645,P2,7798.136500535834
589,P6,7798.512111144222
621,P2,7798.796158538857
563,P5,7799.385581511984
627,P3,7800.302627229984
640,P2,7800.633549112645
644,P2,7801.272053821398
632,P2,7801.885919374146
615,P2,7802.222762309259
631,P2,7803.601896948302
616,P3,7803.890434811083
642,P2,7804.841139024694
573,P6,7805.151145303157
581,P5,7805.470262664146
572,P5,7806.661532417548
618,P3,7806.748837666013
611,P3,7806.876232500884
632,P2,7807.113969914473
603,P6,7807.11686389667
579,P7,7807.141320767078
608,P6,7807.4635780460685
607,P3,7807.4970234880675
621,P2,7807.956953602273
649,P2,7809.36679751826
643,P2,7809.823113385457
640,P2,7810.707599929785
615,P2,7811.017793195541
648,P3,7811.728142689283
644,P2,7811.778463884077
607,P3,7811.822303521517
605,P7,7812.514733540644
573,P6,7812.728882226376
572,P5,7812.9582847546
645,P2,7813.2063770313025
625,P3,7813.331048221342
633,P1,7813.80892324765
568,P6,7813.915975771713
582,P3,7814.355749845865
608,P6,7814.4617469701
581,P5,7814.734387892003
624,P2,7815.352834398319
628,P3,7816.1083281775045
642,P2,7816.265857541754
632,P2,7816.3875811089
597,P6,7816.851133657411
630,P3,7817.640781346092
646,P1,7817.800363559777
622,P3,7817.877314182434
599,P3,7818.598108445718
618,P3,7819.1167276691685
568,P6,7819.374865465489
602,P5,7819.747181414154
611,P3,7820.373952464771
640,P2,7821.706916533041
573,P6,7821.782543189329
605,P7,7821.79466609128
634,P3,7822.1176175949595
616,P3,7822.378186699208
649,P2,7823.002820033524
584,P6,7825.086259226186
618,P3,7825.511347245706
648,P3,7825.635496837274
640,P2,7825.776434863166
582,P3,7825.819799733633
576,P7,7827.136533528497
637,P3,7827.374680179488
632,P2,7828.05321587625
621,P2,7828.455068794796
599,P3,7829.923139345176
607,P3,7830.007767453497
628,P3,7830.703623437288
611,P3,7831.372616781588
650,P3,7831.457584986652
603,P6,7832.914385523092
608,P6,7833.433844774622
584,P6,7834.726347047599
568,P6,7835.245694611982
581,P5,7836.061849049199
599,P3,7837.16403152198
577,P6,7837.6557329654515
611,P3,7837.931399839004
563,P5,7837.942430460573
582,P3,7838.450189926196
597,P6,7838.474618215311
618,P3,7839.857866068613
565,P5,7840.766618212753
607,P3,7841.061087248699
622,P3,7841.671255055775
640,P2,7842.310834114467
628,P3,7842.6341907509495
616,P3,7842.963805252512
626,P5,7843.129372355994
649,P2,7843.402041009773
642,P2,7843.941347015805
651,P1,7844.228761360553
603,P6,7845.3397519439395
608,P6,7845.97991843246
646,P2,7846.0363167864525
573,P6,7846.089857009678
627,P3,7846.232256963339
602,P6,7847.592924599969
599,P3,7848.427980098606
611,P3,7848.72282043744
644,P3,7848.977718568511
563,P5,7849.248766904602
618,P3,7849.4786880585625
568,P6,7849.845779809051
621,P2,7851.37852254895
634,P3,7852.601440476467
582,P3,7852.98321939754
624,P2,7853.925329037051
572,P5,7855.707504507666
642,P2,7856.001686593288
627,P3,7856.102915201714
599,P3,7856.2800589062745
606,P3,7856.396759490045
573,P6,7856.586850917565
640,P2,7856.633541923622
631,P3,7856.731978807649
648,P3,7859.206621070087
622,P3,7859.243140898993
650,P3,7860.259222736276
649,P2,7860.327184953862
621,P2,7860.906035119449
607,P3,7861.563287318729
634,P3,7862.881231702024
573,P6,7863.307559522509
633,P2,7864.215120880468
587,P2,7864.690600183854
623,P3,7864.755389807224
616,P3,7865.468168342943
608,P6,7865.479542386712
626,P5,7865.751716779157
581,P5,7865.917775194698
599,P3,7866.3125215172495
644,P3,7869.45863491962
649,P2,7869.603994894104
577,P6,7870.008912136251
565,P5,7870.930243732917
648,P3,7871.19385385987
628,P3,7871.2030543889705
584,P7,7871.417276340909
616,P3,7873.038241952079
611,P5,7873.982411590001
642,P2,7874.858029762561
650,P3,7875.024217234429
597,P6,7875.31751966543
617,P2,7875.72440838113
606,P3,7875.871278540207
603,P6,7876.2763073701
647,P1,7876.567605723011
599,P3,7876.9622022598405
584,P7,7877.398823738599
623,P3,7877.901880126718
641,P2,7878.190465710984
602,P6,7878.997677183487
630,P3,7879.230208441347
627,P3,7879.711617912741
621,P2,7880.714918257116
607,P3,7881.439324313779
587,P2,7881.5330275679935
644,P3,7882.000705438772
568,P6,7882.092326894531
646,P2,7882.270612596274
641,P2,7883.967596273967
633,P2,7885.011064091412
573,P6,7885.168086682907
645,P2,7886.7915030682825
572,P5,7886.838551452322
565,P5,7887.32322375575
584,P7,7887.593583978137
643,P2,7889.211814932551
586,P5,7889.780687700148
606,P3,7889.794534139632
632,P3,7890.4247942128695
623,P5,7891.15382232592
577,P6,7891.827934459415
629,P5,7891.936262725331
646,P2,7892.784350235502
587,P2,7893.268561473479
624,P3,7893.661852786886
631,P3,7894.610759625658
565,P5,7895.0437790928345
616,P3,7895.254070672633
630,P3,7895.38775694295
638,P3,7896.384729608376
651,P2,7897.235805822051
621,P2,7897.263821062758
611,P5,7898.896404619804
644,P3,7900.127404493408
599,P3,7901.869656873077
624,P3,7902.636515020294
641,P2,7903.538804090959
616,P3,7903.623601434846
586,P5,7903.634193732053
628,P3,7903.705231522727
602,P6,7906.003386432836
645,P2,7906.949417874516
643,P2,7907.379825236803
587,P2,7908.080920639505
625,P3,7908.580303754439
632,P3,7909.635468769062
638,P3,7909.715027713364
631,P3,7909.903260619096
644,P3,7910.839935701079
628,P3,7910.852321663746
648,P3,7911.921853377611
633,P2,7912.057175470048
647,P2,7912.595973550757
584,P7,7912.866013771091
615,P2,7913.465719560432
613,P6,7913.927511986112
640,P2,7915.02824729603
642,P3,7915.671865456862
645,P2,7916.64634976819
602,P6,7917.040249547088
607,P5,7917.250903451085
582,P3,7917.520072113753
563,P5,7918.23809835175
625,P3,7918.911895687499
648,P3,7921.250970031465
646,P3,7922.229416502707
623,P5,7923.015311865383
611,P5,7923.5905733785075
582,P3,7923.734162112079
586,P5,7923.794302842894
624,P3,7924.538280594644
645,P2,7924.856124196788
573,P6,7924.925932709531
584,P7,7927.394149412057
643,P2,7927.4115783585785
613,P6,7928.171583956157
563,P5,7928.239676052855
617,P2,7928.576578396049
628,P3,7929.831748606092
646,P3,7930.8455903405475
638,P3,7931.464564290768
644,P3,7931.48580021249
623,P5,7932.536945109913
582,P3,7933.4673455627235
607,P5,7934.59399219833
640,P2,7935.107875611437
643,P2,7936.8726364450295
563,P5,7937.231260568808
625,P3,7937.974527296873
630,P3,7939.743519440751
617,P2,7940.353680512021
648,P3,7940.894550115748
565,P5,7940.968805156608
597,P6,7941.5435363841225
646,P3,7942.4128273112665
644,P3,7943.9008360598955
582,P3,7944.365986467573
623,P5,7945.217348935659
651,P2,7945.294642672015
642,P3,7945.588149406526
587,P3,7946.038331402859
645,P2,7946.372944737852
617,P3,7947.690846060484
652,P1,7948.291874104
648,P3,7950.842120357099
649,P3,7952.154205138933
599,P5,7952.180322562561
622,P3,7952.328177052021
628,P3,7952.5576565945685
641,P2,7953.847085489379
646,P3,7954.534310937325
650,P3,7954.998543383578
611,P5,7956.007385728186
573,P6,7956.77576015954
619,P5,7957.276793185759
587,P3,7957.788534191257
628,P3,7958.009126481868
602,P6,7959.1965492163345
563,P5,7959.204378817985
652,P1,7959.237676923445
586,P5,7960.005407113889
584,P7,7960.277612946189
624,P3,7960.6267346801515
644,P3,7961.360066174337
616,P3,7961.43460512126
648,P3,7961.468496738872
653,P3,7962.971933768923
647,P2,7963.988959933031
650,P3,7965.013104762496
607,P5,7965.035168486679
625,P3,7965.298214273591
655,P3,7965.669491192647
634,P5,7967.513921410263
645,P2,7967.533653313689
646,P3,7969.5959986460175
653,P3,7969.758639390372
622,P3,7970.740170422237
642,P3,7971.943493926934
648,P3,7972.331540066311
609,P7,7972.720814673223
623,P5,7973.69795450728
624,P3,7974.206168335885
641,P2,7974.210208554513
616,P3,7975.1510649617085
638,P3,7975.19071410831
607,P5,7975.735689313589
655,P3,7976.368345659352
631,P3,7976.486154530519
632,P3,7977.591247265556
645,P2,7977.886870297047
573,P6,7978.447767701234
613,P7,7978.738587199092
619,P6,7979.009450628544
584,P7,7979.76386065806
653,P3,7980.515301793628
658,P1,7981.032910624105
642,P3,7981.535484308016
623,P5,7982.41989858525
586,P5,7982.758357519295
654,P1,7982.785413084928
631,P3,7983.624385636655
599,P5,7983.713901233824
647,P2,7984.659728444871
611,P5,7984.680631683529
659,P3,7986.52716593913
609,P7,7986.535545692417
661,P2,7987.4329645893185
645,P2,7988.480057244351
662,P1,7989.322883211563
634,P5,7989.683508940425
622,P3,7990.006418599363
632,P3,7990.178294824011
619,P6,7990.694643677704
649,P3,7991.232412212396
643,P2,7991.4440435597435
652,P1,7991.549403461111
648,P3,7991.68659681877
647,P2,7992.781017736088
623,P5,7993.798184288776
660,P1,7994.002204192634
650,P3,7994.2946177517915
659,P3,7994.9157129816795
630,P3,7995.891451782716
624,P3,7996.41049393734
587,P3,7996.719789209134
656,P2,7996.747280491682
654,P1,7997.371308998742
611,P5,7997.447131822964
613,P7,7998.2758308085085
662,P1,7999.710896028809
619,P6,8000.47112547722
649,P3,8000.767975466138
650,P3,8000.817984687879
657,P1,8001.702484489321
646,P3,8002.1854003555045
628,P5,8002.51895330135
654,P1,8002.723484573061
623,P5,8003.725033217879
640,P2,8003.885000556635
663,P3,8005.202980143701
615,P2,8006.457291780344
565,P5,8006.684074443624
622,P3,8007.826363751463
661,P2,8007.996131932685
656,P2,8008.035715503143
573,P6,8008.05185546986
613,P7,8008.716151147959
617,P3,8010.183003963244
649,P3,8010.637904672853
632,P3,8011.246904010584
619,P6,8011.287230555136
577,P7,8011.326853765441
662,P1,8011.439481021679
642,P3,8011.844055776344
660,P1,8012.759294366808
664,P1,8013.43723353745
650,P5,8013.758248731636
665,P1,8013.795103134045
654,P1,8014.35095597012
573,P6,8015.497945034368
616,P3,8015.671799302348
634,P5,8015.791006626715
621,P3,8016.557900068704
648,P3,8017.489933320943
661,P2,8017.532478825734
631,P3,8017.552992662993
623,P5,8017.799381185542
643,P2,8018.448999817735
640,P2,8018.730410169498
645,P2,8018.863977579395
565,P5,8019.0902465535955
633,P3,8019.924902813823
658,P1,8020.313509745914
607,P5,8023.757555468416
617,P3,8024.195151923409
650,P5,8024.457609329191
655,P3,8024.970220716483
641,P2,8024.999963477369
662,P1,8025.383433314844
631,P3,8025.628323342827
642,P3,8026.076467837264
621,P3,8026.2474073882695
633,P3,8026.483475923224
565,P5,8027.581137769975
613,P7,8027.850887293386
623,P5,8028.750948106961
645,P2,8029.051282269492
659,P3,8029.325732710118
653,P3,8029.440953345895
563,P5,8030.028390901314
652,P2,8030.640696578249
600,P5,8030.6501203168755
666,P2,8031.1387853655415
622,P3,8031.5797261351245
661,P2,8031.771072881054
654,P1,8031.952809207775
623,P5,8032.185741733296
649,P3,8032.295416503005
616,P3,8033.392068447243
650,P5,8033.754261699528
665,P1,8034.2950446877185
655,P3,8036.450060243187
615,P2,8036.547904035252
661,P2,8037.043531442137
634,P5,8037.149753665389
641,P2,8037.367498820825
658,P1,8038.622376952694
643,P2,8039.24153397401
611,P5,8039.884570564828
638,P3,8040.001886601253
628,P5,8040.373519648638
664,P1,8040.541498699386
586,P5,8040.706263539715
645,P3,8040.9792992072225
652,P2,8041.739916675843
616,P3,8041.821146785397
639,P5,8042.215397879665
582,P3,8042.604800823621
624,P3,8042.839256609415
663,P3,8044.622994162149
660,P1,8045.817953616687
641,P2,8047.17537604231
640,P2,8047.6550142415535
632,P3,8047.783728650257
621,P3,8048.834842722013
654,P2,8048.9947792726925
646,P3,8051.421027585334
656,P3,8052.295282845468
657,P2,8052.866678910645
660,P1,8052.958164737354
624,P3,8053.0784544456155
587,P3,8053.2398423039585
600,P5,8053.250428849282
582,P3,8053.321291800697
630,P5,8053.439575136976
652,P2,8053.634610658365
665,P1,8054.245770825167
607,P6,8055.597345524831
663,P3,8056.013767131519
632,P3,8056.796281711782
619,P6,8057.368106571449
628,P5,8057.412078392286
667,P1,8059.603341890778
633,P3,8059.636141915653
645,P3,8059.713879856793
658,P1,8059.8722264925755
616,P3,8060.013048905854
622,P3,8060.01453596736
563,P5,8060.414095671047
654,P2,8060.9072126917135
600,P5,8061.1163727375515
661,P2,8061.609374603971
623,P5,8062.138253811694
663,P3,8063.085139773568
617,P3,8063.488987319647
659,P3,8064.112785499218
650,P5,8064.1787867706635
611,P5,8064.406002207036
636,P6,8064.743651336271
607,P6,8065.194063674079
662,P2,8065.388637131975
630,P5,8065.75903799753
573,P6,8065.763600245846
660,P1,8065.872107813969
624,P3,8066.1178424811515
633,P3,8068.0221837109175
664,P2,8068.051216593411
665,P1,8068.348916417986
620,P5,8069.0474343533715
640,P2,8069.431945376984
565,P5,8069.5314028510475
643,P3,8069.933042255222
661,P2,8070.041142001521
607,P6,8071.338413202354
617,P3,8071.4692891612
641,P3,8072.572094069785
650,P5,8072.756771496103
628,P5,8073.105873002054
573,P6,8073.346711782394
586,P5,8073.360870648225
623,P5,8073.694624101125
632,P3,8074.943126978181
642,P3,8077.430200913331
631,P3,8077.941749548844
587,P3,8078.01964512969
645,P3,8078.213346327843
640,P2,8078.89502960847
565,P5,8079.307358103391
666,P2,8079.52688111953
652,P2,8080.170020898829
620,P5,8080.897624656341
656,P3,8081.209230668714
633,P3,8081.268331929261
634,P5,8081.666767967679
650,P5,8081.789874765126
615,P2,8082.259236393997
600,P5,8082.323783190747
663,P3,8083.309637544678
647,P3,8083.667848262921
660,P1,8083.708697766526
621,P3,8085.702355866973
630,P5,8086.419502946
565,P6,8086.598269893489
633,P3,8086.99030503446
582,P3,8087.786425042254
641,P3,8088.043656281377
643,P3,8090.098332262782
650,P5,8092.180218801928
614,P7,8092.206397268645
657,P2,8092.271071348381
612,P6,8093.144412044686
621,P3,8093.579995054858
669,P2,8093.833809291398
668,P1,8094.520647430356
656,P3,8094.674429257339
587,P3,8095.33401169874
670,P1,8095.992814154372
651,P3,8096.248878195326
661,P2,8097.287300799147
599,P5,8097.618877173466
640,P3,8098.11980668744
619,P7,8098.541684604004
647,P3,8098.935064891194
565,P6,8099.265910449841
652,P2,8099.310792401007
643,P3,8101.31356821303
624,P3,8101.765839005844
636,P6,8102.151772735513
628,P5,8102.435568318527
616,P3,8102.92322759546
612,P6,8102.963958121197
632,P3,8104.002684702661
620,P5,8104.25002836862
657,P2,8104.2527721688275
615,P3,8104.479143417294
669,P2,8104.939452147873
582,P3,8105.287889767312
611,P5,8105.423758704159
664,P2,8105.905931671051
666,P2,8107.372161978659
668,P1,8107.612564220672
632,P3,8107.941379030449
642,P3,8109.075639584222
670,P1,8109.266211900047
654,P2,8111.114332897758
657,P2,8111.2698753250725
664,P3,8111.878579995625
636,P6,8111.912246834694
650,P5,8112.566065204755
669,P2,8112.711644517952
573,P6,8112.785342188764
616,P3,8113.477685591101
656,P5,8113.7763828671905
612,P6,8114.232417151451
630,P6,8114.414429824292
582,P3,8114.772316056316
665,P1,8116.640664278561
624,P3,8116.727297261057
663,P3,8117.5761719037755
645,P3,8117.613635437221
587,P3,8117.693180418687
666,P2,8118.2974913529215
667,P1,8119.271203184855
639,P5,8122.136573624652
617,P3,8122.161000621705
582,P3,8122.765882752723
612,P6,8123.790936636171
573,P6,8124.184651237226
663,P3,8125.188122494494
664,P3,8125.199261170848
665,P1,8125.507446418663
615,P3,8126.239525170399
667,P1,8126.287745221268
641,P3,8126.659296192719
619,P7,8127.633916720071
623,P6,8127.688698554826
666,P2,8127.775273629476
620,P5,8128.352063510964
632,P3,8128.438053760044
643,P3,8128.465106821541
659,P3,8128.599976329104
670,P1,8128.7007534082195
657,P2,8128.74281805325
654,P2,8129.055183358184
651,P3,8129.443584029157
614,P7,8129.482860252709
645,P3,8130.063086331779
628,P5,8130.347837459345
624,P3,8130.696402582568
633,P3,8130.950292186306
656,P5,8132.599757971401
660,P1,8133.356236522518
622,P5,8134.586507350587
630,P6,8137.027178476391
651,P3,8137.148794418419
664,P3,8137.925760936897
634,P5,8137.970361856955
615,P3,8138.028182276396
635,P6,8139.245387673726
617,P3,8139.65787286017
614,P7,8140.608455678041
666,P2,8140.986591561581
621,P3,8142.813419065918
662,P2,8143.45213310496
628,P6,8143.585675815225
647,P3,8143.615739159349
660,P1,8144.624671797412
616,P3,8144.853201655013
665,P1,8145.6726460987375
671,P3,8146.166394171641
607,P6,8146.190520114011
582,P3,8146.234308471239
573,P6,8146.548315001359
641,P3,8146.908173630104
587,P3,8147.407923995273
659,P3,8147.421461326884
667,P1,8147.450720211085
633,P3,8147.709318830648
661,P2,8148.29912134717
630,P6,8148.634781075497
637,P5,8149.316287457016
620,P5,8149.478042955554
565,P6,8149.619460372523
668,P1,8150.0834575933295
643,P3,8150.456251764552
632,P3,8150.495664230081
600,P5,8150.851534726392
614,P7,8152.917972990316
656,P5,8153.080284962881
662,P2,8153.500069729912
663,P3,8153.556159950706
642,P3,8154.414031746663
623,P6,8154.552405846949
647,P3,8154.602107124315
586,P6,8154.731271482838
636,P6,8154.774732870887
650,P5,8154.78904682425
630,P6,8155.333012539334
573,P6,8155.657256547676
667,P1,8155.75637057652
661,P2,8155.823804779734
673,P1,8158.016622281396
620,P5,8158.376392889395
651,P5,8158.79244589083
635,P6,8158.8348892024
658,P2,8158.852393133443
657,P2,8159.738651170936
587,P3,8160.048109416929
668,P1,8160.363841679595
616,P3,8161.2419170376415
672,P2,8161.390685277508
665,P1,8161.987622226308
658,P2,8162.392005030134
642,P3,8164.0756936367015
636,P6,8164.3540781574
582,P3,8165.02614566958
669,P2,8165.065006742195
628,P6,8165.583789542631
586,P6,8166.161444760439
620,P5,8166.163517066044
671,P3,8166.876862099901
611,P5,8167.467384047512
664,P3,8167.735484422362
633,P3,8167.915454434234
623,P6,8168.049688942309
641,P3,8168.318535569872
637,P5,8168.360231142702
672,P2,8168.966891762428
670,P1,8169.087435599022
640,P3,8169.572310690252
632,P3,8169.642920882635
654,P3,8170.0966573717105
643,P3,8170.2778946853305
612,P6,8170.340669942452
674,P3,8172.931781449364
671,P3,8173.421468168286
636,P6,8173.589928691624
642,P3,8174.294800228571
642,P5,8174.93418262765
650,P5,8175.091449626319
656,P5,8175.3407544624215
667,P1,8175.502849369524
587,P3,8175.660263504811
622,P5,8175.7521975132795
669,P2,8175.879856877594
611,P5,8176.363382980803
658,P2,8176.675100615217
621,P3,8177.0923677685405
662,P3,8177.35960064126
672,P2,8177.552398369953
565,P6,8177.559145734989
664,P3,8177.6809040303415
641,P3,8178.527616396595
653,P6,8179.149987280488
630,P6,8179.859923220043
610,P6,8180.2644755368465
599,P6,8181.197401937768
586,P6,8181.433045159371
639,P5,8181.671854274513
658,P2,8182.021502688737
612,P6,8182.358737755273
654,P3,8182.563664961201
657,P3,8183.5192317121855
652,P3,8184.894031855044
660,P1,8185.804386312517
671,P3,8186.300557706989
635,P6,8186.640223041189
674,P3,8186.943707903611
630,P6,8187.099915286431
565,P6,8187.374288953751
592,P7,8187.8006553343
651,P5,8187.837796141697
663,P3,8188.707872205687
647,P3,8188.82157741346
616,P3,8188.94278501482
573,P6,8189.430616220449
633,P3,8189.464278183972
662,P3,8189.827527494355
634,P5,8189.840273074948
640,P3,8190.765644675931
669,P2,8192.146093105986
565,P6,8192.388886581288
657,P3,8192.815601173234
652,P3,8194.254509552262
623,P6,8194.502152320112
582,P5,8194.655011401705
573,P6,8195.20604427709
650,P5,8195.329111911758
621,P3,8196.262243475663
630,P6,8196.386295587474
673,P1,8196.805859441096
633,P3,8197.238729665321
634,P5,8197.286142038405
666,P3,8197.47988003535
668,P1,8197.574060178154
659,P3,8198.244719284661
610,P6,8198.7766899194
635,P6,8200.462383415988
650,P5,8201.600553305396
573,P6,8201.698587492956
637,P5,8203.611644352757
656,P5,8203.702156990694
657,P3,8204.085818654812
652,P3,8204.163214884438
635,P6,8204.20233831738
641,P3,8204.931942560852
673,P1,8205.566820865639
664,P3,8205.661405935758
587,P3,8206.184117247725
659,P3,8206.730679154058
671,P3,8208.003501808345
661,P2,8208.199019882959
623,P6,8208.336810687975
599,P6,8209.10084956558
674,P3,8209.142205536693
658,P2,8212.342615865053
653,P6,8212.687695170158
610,P6,8212.757149259214
628,P6,8213.70594201232
671,P3,8213.739064555199
656,P5,8213.90149118548
606,P6,8214.248579388937
621,P3,8215.367178559052
618,P6,8215.557104287338
611,P5,8215.945507406199
644,P7,8216.599733048199
643,P5,8217.45999865433
634,P5,8217.487444958999
592,P7,8217.50518379438
637,P5,8218.582875976907
677,P2,8219.328444435856
661,P3,8219.333884486852
674,P3,8219.63905930885
666,P3,8219.96351401741
676,P1,8220.096416500995
620,P5,8221.370909012103
667,P1,8221.693704468391
639,P5,8222.32307482053
640,P3,8222.774526674113
653,P6,8223.302088392715
658,P2,8223.974583003823
624,P3,8224.610761042359
611,P5,8225.185088278264
616,P3,8225.593032880288
650,P6,8225.609612134145
642,P5,8226.317997230537
668,P2,8227.16609576259
644,P7,8228.469705749189
641,P5,8229.288688284709
677,P2,8229.349818768884
630,P7,8229.635929468624
654,P3,8231.247380341327
679,P3,8231.595266356917
612,P6,8231.795573186098
615,P3,8232.1528806481
668,P2,8233.080246480273
637,P5,8233.640268222425
663,P3,8233.776888185648
634,P5,8234.724772225607
607,P6,8235.145442510839
658,P2,8235.515527118076
656,P5,8235.616092893544
642,P5,8236.022319438884
618,P6,8236.160749011053
678,P1,8236.576430788487
660,P2,8236.953753636533
654,P3,8237.800511893985
565,P6,8238.082069834012
628,P6,8238.52326893608
612,P6,8239.602439737528
674,P3,8240.079984627288
635,P6,8240.482843917682
618,P6,8240.945963826945
610,P6,8243.142529412953
656,P5,8243.349909368759
669,P3,8244.162737362389
592,P7,8244.311177589678
621,P3,8245.049412564791
672,P3,8245.072996493587
587,P3,8245.367292977116
607,P7,8245.913116949692
623,P6,8246.405668027337
644,P7,8246.683238160284
665,P1,8247.064816028982
606,P6,8248.970114805477
599,P6,8249.839458127883
640,P3,8250.071595980622
657,P3,8250.345949742705
670,P1,8250.916392498708
674,P3,8251.27643584719
624,P3,8251.53629954316
680,P1,8252.800470883774
673,P2,8252.997096203439
676,P1,8253.202139259702
658,P2,8253.391567621598
582,P5,8253.791779216255
621,P3,8254.128343956678
666,P3,8254.270571939505
634,P5,8254.740122362797
672,P3,8254.75333310162
663,P3,8254.821029394405
647,P3,8255.405436046323
650,P6,8255.556032141118
642,P5,8256.51600795644
607,P7,8256.663248518531
680,P1,8257.931846301044
667,P1,8258.534501938399
677,P2,8258.567490971871
635,P6,8258.74424405282
674,P3,8259.011581833549
672,P3,8260.003843310633
673,P2,8260.447700730954
587,P3,8260.556393055009
681,P2,8261.56882445171
610,P6,8261.913661095105
612,P6,8262.428137594323
587,P3,8263.834421759746
582,P5,8264.196218305617
661,P3,8265.044040482535
663,P3,8265.458147136846
675,P2,8265.46947987311
652,P3,8265.517375135943
634,P5,8266.09368032802
679,P3,8266.297600671214
643,P5,8266.8737518441
658,P2,8266.970207921278
627,P7,8268.433972354327
667,P1,8268.560921254242
651,P5,8269.034699920223
642,P5,8269.32371353703
630,P7,8269.420090412206
612,P6,8269.564669616439
644,P7,8269.607147963066
610,P6,8270.551902000248
582,P5,8271.615725256626
679,P3,8272.463309484468
611,P5,8272.983700318036
675,P2,8273.07815383412
656,P5,8273.947611254736
652,P3,8275.021316186963
668,P2,8275.063531820062
658,P2,8275.452617132349
642,P5,8275.809068281584
624,P3,8276.636959276473
607,P7,8276.654318599753
660,P3,8276.669525785253
654,P3,8277.16339049624
643,P5,8277.186165551928
634,P5,8278.130523592698
637,P5,8278.272265682617
658,P2,8280.529365940041
679,P3,8282.327905768809
675,P2,8282.391881414773
656,P5,8282.406042709585
660,P3,8283.627355289864
606,P6,8284.452659615461
642,P5,8284.488015348854
676,P2,8285.06434701972
683,P1,8285.605749778782
662,P3,8285.607317193455
627,P7,8286.622033836835
677,P2,8286.67288588434
650,P6,8287.066284441431
582,P5,8287.318062751263
618,P6,8287.341380433994
641,P5,8287.776250382487
661,P3,8287.905790963423
674,P3,8289.200940018629
643,P5,8289.706393886447
681,P2,8290.530466050623
651,P6,8290.87837936834
624,P3,8291.065248233846
650,P6,8291.309260470342
615,P3,8291.488302711654
606,P6,8291.555416530902
654,P3,8291.800180785604
676,P2,8291.872889309616
656,P5,8292.66838682493
660,P3,8292.704740921405
683,P1,8293.293824013004
675,P2,8293.559962573509
592,P7,8293.695465117817
643,P5,8294.095041809172
665,P2,8294.115153708557
671,P3,8294.374374490375
662,P3,8295.12193463476
658,P2,8295.34395672466
666,P3,8295.804391748747
582,P5,8296.569910712733
661,P3,8298.028264079063
587,P3,8298.12229559894
642,P5,8298.36408885186
672,P3,8299.373996906597
676,P2,8300.777311685091
681,P2,8302.631874583554
637,P5,8303.492776661913
660,P3,8303.714434656493
671,P3,8305.054874963515
623,P6,8305.893386180953
592,P7,8306.170752747274
670,P2,8306.801823378466
674,P3,8307.077670516399
639,P5,8307.299038363328
635,P6,8308.843785788886
667,P1,8308.925334010759
627,P7,8309.276195598713
672,P3,8310.408894869493
607,P7,8310.81529088726
621,P3,8311.090884958994
650,P6,8312.411972334201
646,P5,8313.201873428283
660,P3,8313.20748152926
679,P3,8313.507245970199
606,P6,8313.671728416179
582,P5,8313.939956334854
680,P1,8314.018595275398
624,P5,8314.933299475237
623,P6,8315.235250101412
661,P3,8315.954215655081
667,P1,8317.045246091115
627,P7,8317.468850439258
682,P3,8317.904642063344
635,P6,8319.81393928875
612,P6,8320.524108960106
660,P3,8321.036681829883
650,P6,8322.46407516148
666,P3,8323.068715822885
669,P3,8323.123540204693
654,P3,8323.498508992137
672,P3,8323.845253155036
615,P3,8324.18624384443
639,P5,8324.873595961279
682,P3,8325.21096767489
684,P3,8326.15049490082
678,P1,8326.171118365559
683,P1,8326.182434797922
587,P3,8326.799958667103
646,P5,8326.83494345315
658,P2,8327.267870555506
607,P7,8327.704662321315
661,P3,8327.707499936985
642,P5,8327.859521806016
680,P2,8328.578173284837
671,P5,8329.239331928844
654,P3,8329.563257649948
627,P7,8329.901962977958
676,P2,8329.997907933976
573,P7,8330.26161973406
606,P6,8332.787128664106
618,P6,8333.45365214667
658,P2,8333.747733277802
641,P5,8333.789407727683
668,P2,8334.107401134732
662,P3,8334.5364043445
678,P2,8334.976987302469
670,P3,8335.622244842687
656,P5,8336.44376581615
679,P3,8336.98947763331
646,P5,8337.052206090035
684,P3,8337.33449890875
592,P7,8338.182222716072
669,P3,8338.278821035083
655,P5,8338.457773171589
643,P5,8339.232647434732
606,P6,8339.71718994855
677,P2,8340.097406571635
635,P6,8340.311696056018
661,P3,8342.519563026199
667,P2,8343.29911955105
665,P2,8343.30907840069
649,P7,8343.366533781002
673,P2,8343.4029540558
587,P3,8343.443870126854
621,P3,8343.489480571083
582,P5,8343.92396139521
666,P3,8344.237192990457
646,P5,8344.454287259965
615,P3,8345.461325230104
683,P2,8345.862988578954
634,P6,8346.482568326366
635,P6,8347.203784744757
624,P5,8348.325066697713
678,P2,8348.388732633082
662,P3,8348.68985289946
650,P6,8349.22518992177
661,P3,8350.41441846793
655,P5,8351.111899864989
615,P3,8351.7181823318
673,P2,8351.824222233961
606,P6,8351.985510913282
670,P3,8353.477332150971
667,P2,8353.774937654438
660,P3,8354.10189899596
587,P3,8354.64725456472
582,P5,8355.036499649772
683,P2,8355.695954282191
679,P3,8355.832538276734
674,P3,8357.125081686323
684,P3,8358.210199402292
627,P7,8358.501572635963
642,P5,8358.625332188636
664,P6,8362.100731676184
639,P5,8363.1096427982
676,P2,8363.128952165656
671,P5,8363.131682162797
641,P5,8363.2190728075
665,P2,8364.052583770386
573,P7,8364.266715347292
642,P5,8364.974872998877
677,P2,8365.027255943622
662,P3,8365.382554703214
680,P2,8366.662965587084
621,P3,8367.253822175848
681,P2,8367.913671396524
682,P3,8368.486474927622
652,P5,8369.465272215268
667,P2,8371.273919228395
573,P7,8371.367607678583
673,P2,8371.86067076306
582,P5,8373.040707895945
606,P6,8373.08805249433
668,P2,8373.17066318752
639,P5,8373.5535223867
688,P1,8373.882797156317
664,P6,8375.189075744882
642,P5,8375.94180313546
684,P3,8377.282062619222
652,P5,8377.520138272374
643,P5,8378.68782077203
674,P3,8379.501962956956
680,P2,8381.466504627324
687,P2,8381.865537846857
656,P6,8384.576462609075
660,P5,8384.659115372513
679,P3,8385.007660755886
634,P6,8385.069924784893
682,P3,8385.414909008668
674,P3,8385.778315004833
650,P6,8385.902096451504
688,P1,8386.005495522906
668,P3,8386.331055437528
587,P3,8386.944305276675
621,P3,8387.552188836517
655,P5,8387.593766221979
666,P3,8387.650902428251
592,P7,8388.480064230722
686,P3,8388.744204351533
670,P3,8389.998294809127
582,P5,8392.707817950963
660,P5,8393.103071245761
685,P1,8393.721311206275
684,P3,8394.146902046248
621,P3,8394.440424574015
688,P1,8394.691635215713
642,P5,8394.869435041668
646,P5,8394.94275412232
672,P3,8395.123940142017
687,P2,8395.441602301893
677,P2,8396.790698550507
665,P2,8397.163845891902
662,P3,8397.249668604078
680,P2,8398.210335226962
675,P3,8399.183885166874
688,P1,8401.65440398559
658,P2,8402.436656198297
684,P3,8402.460782490582
681,P3,8404.078169096603
615,P3,8404.359256297548
582,P5,8404.539315346537
641,P5,8404.540196728329
592,P7,8405.901620282339
685,P1,8406.960734890796
643,P5,8407.44500042752
680,P2,8408.060095643137
642,P5,8409.159666256382
682,P3,8409.382439194163
662,P3,8409.508877137556
677,P2,8409.839032082884
615,P3,8410.407304486775
660,P5,8411.19826852427
668,P3,8411.932942453697
671,P5,8412.228469727108
606,P6,8412.400418078976
641,P5,8412.581203104932
664,P6,8412.85868491575
672,P5,8413.808041905177
658,P2,8413.931925422079
684,P3,8414.539120608799
656,P6,8414.778372431514
643,P5,8415.20164164323
621,P3,8415.56167578317
676,P3,8415.575009758253
689,P1,8415.745857828571
667,P2,8416.641715825324
678,P2,8416.691974883279
665,P2,8417.308774456083
675,P3,8417.930715916751
682,P3,8419.112526066054
652,P5,8419.825932157783
673,P3,8420.221715090946
686,P3,8420.946980240002
656,P6,8421.495103658877
684,P3,8421.842420092944
690,P1,8422.320655680198
615,P3,8422.507991090259
582,P5,8423.0109273432
689,P1,8423.369018551837
667,P2,8423.474821239302
665,P2,8424.24008346995
587,P3,8425.391566546443
683,P2,8427.018904053857
673,P3,8428.002350174718
680,P3,8428.397620132384
675,P3,8428.551201201799
682,P5,8428.652009372945
677,P2,8429.28364547367
674,P3,8431.047566957692
660,P5,8431.426881411548
612,P7,8432.036957534483
679,P3,8432.538195597208
671,P5,8432.91065716962
587,P3,8432.975329822244
672,P5,8433.598784253641
689,P1,8433.664494751232
658,P2,8433.94735908618
688,P1,8434.23284175855
668,P3,8434.331026441349
678,P2,8434.867926855955
573,P7,8434.948423427179
650,P6,8435.18418196216
652,P5,8435.188520820773
624,P5,8435.210332420356
633,P7,8435.88196576925
676,P3,8436.457898907067
685,P1,8436.737457174311
621,P3,8437.285450875
673,P3,8437.853691682685
666,P3,8437.938410014549
686,P3,8438.068839668997
683,P2,8438.59312767841
680,P3,8439.12128264453
674,P3,8440.61906591104
573,P7,8440.706226599159
631,P5,8440.717880824994
617,P7,8442.482204390697
658,P2,8444.464881905104
662,P3,8445.042268004116
671,P5,8445.243920068791
674,P3,8445.526686621888
666,P3,8446.396680025968
686,P3,8448.420583064742
675,P3,8448.52339054574
691,P3,8450.766238224183
664,P6,8450.844364222547
677,P3,8451.363131553779
690,P1,8452.424936805688
638,P5,8453.61901757285
573,P7,8453.88275054575
681,P3,8454.483091051521
667,P2,8454.961554963742
582,P5,8455.61679182168
587,P3,8455.671232327748
688,P1,8455.748629182219
686,P3,8455.964880540578
617,P7,8456.014816240428
676,P3,8457.792035483897
633,P7,8458.213642161947
661,P3,8458.563491982344
638,P5,8459.736769897429
678,P3,8460.02963793038
582,P5,8463.350800607073
573,P7,8464.045691694788
633,P7,8464.07327106231
625,P5,8465.243869736823
681,P3,8465.36082456703
687,P3,8465.425464204856
667,P2,8465.945793820492
671,P5,8467.62614324848
657,P5,8468.70685558693
643,P5,8469.007663942288
692,P2,8469.9395595614
689,P1,8470.9139966239
624,P6,8472.388869292019
696,P3,8472.803929863709
694,P2,8473.001369189982
693,P1,8473.656732750238
667,P2,8473.709718523749
633,P7,8473.76705749647
656,P6,8474.567001292522
615,P3,8475.27465700569
692,P2,8475.460863732102
643,P5,8475.795800592727
677,P3,8478.153092989616
680,P3,8478.35193309731
631,P5,8479.584927516298
696,P3,8480.625829436785
658,P3,8480.905837565264
638,P5,8481.51999974877
625,P5,8481.713769995282
615,P3,8481.892011407452
667,P2,8482.249099106863
657,P5,8483.044550881961
612,P7,8483.141545545079
690,P1,8484.387705064557
587,P3,8485.353776348962
624,P6,8485.87030326165
697,P2,8486.45908632819
631,P5,8486.614549598182
677,P3,8488.458336798933
643,P5,8490.426324403637
643,P5,8491.379445889517
691,P3,8492.858911538753
661,P3,8493.163300464752
612,P7,8493.210944372238
645,P5,8493.337426959364
667,P2,8493.841234161551
617,P7,8496.221118383846
681,P3,8496.554993321353
676,P3,8497.193128488007
633,P7,8498.458896371107
694,P2,8498.821154661133
673,P3,8498.987240715629
682,P5,8499.178879233084
656,P6,8499.191820302596
691,P3,8500.405701087606
675,P3,8501.485546499058
696,P3,8501.828897244593
699,P1,8501.905911075304
671,P5,8501.926052046181
634,P7,8501.944288721344
612,P7,8502.17115138133
652,P6,8502.790471504002
687,P3,8503.390770741113
697,P2,8503.976117719716
615,P3,8504.70457567543
573,P7,8505.195504138805
682,P5,8508.140875011031
631,P5,8509.480164711413
699,P1,8509.94964000126
658,P3,8510.277350673665
625,P5,8511.013554772848
688,P1,8512.6354741937
652,P6,8513.154490246385
573,P7,8513.261069900853
670,P5,8514.05882833207
699,P1,8514.078117211935
615,P3,8514.709307751275
668,P3,8515.066251022623
696,P3,8515.426077712062
693,P1,8515.496845012325
683,P3,8516.80500658694
698,P3,8516.80751680333
661,P3,8517.501344181937
692,P2,8517.524844060903
617,P7,8518.685653022887
662,P3,8518.734962371775
695,P2,8519.757281422362
702,P1,8520.626953256131
701,P1,8522.175326581524
612,P7,8522.57407530524
693,P1,8523.280681399883
670,P5,8524.253739287038
615,P3,8524.307033883617
692,P2,8524.70893337931
662,P3,8525.668443280669
633,P7,8525.899792857424
643,P5,8526.778133697762
702,P1,8527.384038210941
700,P1,8527.715725451502
675,P3,8528.123367480055
676,P3,8530.777052503305
624,P6,8531.38417335524
681,P3,8532.432341706659
701,P1,8532.951310323724
582,P5,8532.96740830521
678,P3,8533.026523243854
652,P6,8534.944049873066
617,P7,8535.46029417061
698,P3,8535.494015983817
643,P5,8536.22070260218
680,P3,8536.417907705621
631,P5,8537.195174388942
616,P7,8537.872238041915
673,P3,8538.298912175751
700,P1,8538.384450202646
634,P7,8538.562230332176
656,P6,8538.574142472398
662,P3,8539.74872887248
682,P5,8539.834522794947
691,P3,8539.891528494609
663,P7,8540.293975949708
683,P3,8541.163245186906
674,P3,8541.480551191671
694,P3,8541.773197128596
675,P3,8541.952871802261
625,P5,8542.025256564086
667,P2,8542.863582692155
612,P7,8543.444309088347
660,P5,8544.648306635969
701,P1,8545.032420751822
670,P5,8545.645166767215
680,P3,8545.661176248886
617,P7,8545.787699131972
703,P1,8545.792831851006
642,P5,8546.423098379217
682,P5,8546.7254824322
661,P3,8547.60255156457
698,P3,8547.73291668435
692,P2,8547.998059322923
662,P3,8548.23624666781
702,P1,8549.157868842496
658,P3,8549.937294196776
675,P3,8549.97189557845
615,P5,8549.976828686915
671,P5,8551.205588361594
678,P3,8551.330568064039
667,P2,8552.042095923574
657,P6,8552.533258464175
704,P1,8553.239677534517
612,P7,8553.915018905082
667,P3,8554.678423957012
676,P3,8554.723915732442
680,P3,8554.736309683514
587,P3,8555.05822893111
640,P6,8555.156447297695
688,P1,8556.149347798266
703,P2,8556.764323968615
573,P7,8556.926851144133
665,P2,8557.53985226284
642,P5,8557.837755214976
705,P1,8558.050314482653
643,P5,8558.26584657061
678,P3,8559.489552168276
616,P7,8560.635935496588
674,P3,8561.021355204446
689,P1,8561.378297364257
692,P2,8561.493078057196
657,P6,8562.951496824526
688,P2,8563.32903993623
676,P3,8563.56205610455
694,P3,8563.602810556136
670,P5,8563.64720349352
693,P1,8563.753045019706
587,P3,8563.98234191845
701,P1,8564.288250464826
617,P7,8565.400923104553
633,P7,8565.828784363217
665,P2,8565.928141110977
668,P5,8565.991123195321
673,P5,8567.484425442099
691,P3,8568.032519861956
616,P7,8569.033211040885
697,P3,8569.54550876019
671,P5,8569.601322786522
700,P1,8569.656373147565
683,P3,8569.800623717108
707,P1,8570.621023641754
696,P3,8571.871327278695
640,P6,8572.805124168464
645,P5,8572.86457448202
658,P3,8572.969393426378
708,P3,8573.074831388229
657,P6,8573.1110364535
703,P2,8573.29264893623
701,P1,8573.47552644801
673,P5,8573.917551424207
678,P3,8574.672285051056
676,P3,8576.056042856892
631,P5,8576.247172308607
698,P3,8576.29871607041
702,P1,8576.710868834254
642,P5,8577.019609878802
633,P7,8577.275422488025
667,P3,8578.343695987665
700,P1,8579.344875436269
683,P3,8579.929677926819
678,P3,8580.505255217378
699,P1,8580.603777146047
701,P1,8581.28359545383
706,P1,8581.550501181244
582,P5,8582.355464315911
682,P5,8583.776050206576
710,P1,8584.659053934158
663,P7,8586.814333725499
616,P7,8587.24526376285
685,P3,8588.425161291501
708,P3,8588.546312227962
665,P3,8589.705473741717
661,P3,8589.996617436516
693,P2,8590.337904337952
670,P6,8590.837465473334
674,P3,8591.027799410867
675,P3,8592.095502697925
689,P2,8592.395450404365
694,P3,8592.623479399675
676,P3,8593.990638740715
660,P5,8594.292882347476
642,P5,8594.463293480538
700,P2,8594.558729806015
704,P1,8594.623239780058
696,P3,8595.240022964721
690,P2,8596.047113273029
709,P2,8596.35309401726
624,P6,8596.603837081742
682,P5,8596.846733263847
705,P1,8596.881367064494
698,P3,8597.135939091158
665,P3,8598.260563021911
674,P3,8598.51078593891
696,P3,8600.547204384662
671,P5,8600.911634153543
693,P2,8601.001138792117
675,P3,8601.109767297967
634,P7,8601.24525805035
656,P6,8601.427699106485
697,P3,8601.61942142597
624,P6,8602.097137497716
704,P1,8602.307086162673
615,P5,8602.820701762541
688,P2,8602.827128945606
676,P3,8603.518484524971
701,P1,8603.77578310369
690,P2,8603.818684794633
689,P2,8603.983533625002
645,P5,8604.029785249639
692,P3,8604.499571990184
682,P5,8604.555521494443
587,P3,8604.836245111235
665,P3,8606.074748671694
687,P3,8606.725809526579
710,P1,8607.054623172628
669,P5,8608.875512904726
667,P3,8609.295666216183
658,P3,8609.726701618492
631,P5,8610.682185170817
675,P3,8611.5467894023
700,P2,8611.608036663138
687,P3,8612.965158701014
660,P5,8613.150869965228
671,P5,8613.966353258975
704,P1,8614.517998218938
645,P5,8614.8962224774
710,P1,8615.38240952796
702,P2,8615.3839495865
676,P3,8615.878813121493
667,P3,8615.906046643258
587,P3,8615.930879223091
642,P5,8617.975475839638
706,P1,8618.658382396688
643,P5,8619.017566403587
674,P3,8619.532134302768
691,P3,8619.538702491716
669,P5,8619.697504918497
640,P7,8619.69794305297
631,P5,8620.19012585061
709,P2,8620.866776552473
689,P2,8620.911640107372
615,P5,8620.98072742596
696,P3,8621.742395363499
656,P6,8622.030777428514
665,P3,8624.490809165914
690,P2,8624.792575963238
705,P1,8625.345128081957
692,P3,8625.866146100307
663,P7,8627.1725935734
587,P3,8627.872368913477
699,P2,8629.255988790886
707,P1,8629.457915272487
693,P2,8629.613325899594
615,P5,8632.042932591614
701,P1,8632.7046777027
674,P3,8632.762440533614
687,P3,8634.998154978162
708,P3,8635.183198125771
662,P3,8635.264022387353
698,P3,8636.1978728421
669,P5,8637.073035778229
667,P3,8637.395756805701
665,P3,8637.880889988073
631,P5,8638.311383619422
712,P1,8641.272895461554
662,P3,8641.531937353226
702,P2,8641.652473574317
688,P2,8641.78646003047
675,P3,8641.854976151371
656,P6,8641.961532755724
713,P1,8642.301757832583
645,P5,8642.551788362618
657,P6,8642.66468443603
707,P1,8642.734357207619
695,P2,8643.573656587252
689,P2,8644.095551712526
702,P2,8644.759572729205
671,P5,8644.990074277126
624,P7,8645.093924209503
710,P1,8645.376320297342
642,P5,8645.679680802734
665,P3,8645.891793451614
631,P5,8646.344237165058
714,P1,8646.567036597009
703,P3,8649.251055609293
587,P3,8649.573236017612
706,P1,8649.694150923322
645,P5,8649.992615393088
640,P7,8650.171454217789
695,P2,8650.303247769067
709,P2,8650.483345066445
675,P3,8650.901272821891
713,P1,8651.853962138191
712,P1,8652.115757861739
676,P3,8652.323422957768
696,P3,8652.494211499661
633,P7,8653.477843067416
642,P5,8653.794206508579
716,P1,8655.255214922565
687,P3,8655.642390908148
587,P3,8657.210806090154
662,P3,8657.923627701311
668,P5,8658.214697468224
692,P3,8658.614885884128
711,P3,8658.641726058531
709,P2,8659.327092391477
698,P3,8659.861104289928
667,P3,8661.537682142518
617,P7,8661.591910621833
707,P1,8661.669156842505
615,P5,8661.86695103565
648,P6,8662.038889797921
573,P7,8662.33242498874
689,P2,8663.021780226805
701,P1,8663.102477267568
685,P3,8665.314818312148
660,P5,8665.421576299834
667,P3,8666.581029235465
668,P5,8666.94800133435
716,P1,8668.254896886529
665,P3,8668.30736298661
654,P7,8669.114256654677
704,P1,8670.062326876065
696,P3,8670.073113358649
692,P3,8670.09944235863
671,P5,8670.350116224237
658,P5,8671.45916713368
693,P2,8672.167365588823
643,P5,8672.20070783541
689,P2,8672.482461515534
615,P5,8673.51098537636
715,P1,8674.365322243084
706,P1,8674.833647954936
617,P7,8675.055401985515
707,P1,8675.059336773505
648,P6,8675.151864893864
667,P3,8675.942317184566
708,P3,8676.908045721577
587,P3,8677.146431967132
633,P7,8677.966956930733
645,P6,8679.2247798618
671,P5,8679.22744071507
640,P7,8679.294191390429
615,P5,8679.717104814927
699,P2,8680.380935545567
684,P5,8680.440575625307
716,P1,8682.190473790954
712,P1,8684.485676973476
707,P2,8684.502793463163
718,P1,8684.712025577715
668,P5,8685.168176863957
662,P3,8685.714447996752
633,P7,8686.008817848295
692,P3,8686.088354901109
631,P5,8687.138760557993
705,P2,8687.193493552217
699,P2,8687.327789099976
675,P3,8687.363791690641
587,P3,8687.876242661365
710,P1,8687.92342582803
645,P6,8688.222406833207
665,P3,8689.69445685533
656,P6,8690.470839938722
693,P2,8690.919100348092
704,P1,8691.62997587181
703,P3,8691.633845869994
713,P1,8693.92979188766
696,P3,8693.942573707516
587,P3,8694.251237513583
701,P1,8694.791641823436
718,P1,8694.881017182046
658,P5,8695.069545448649
710,P1,8696.66721496162
633,P7,8697.1828354473
665,P3,8698.00797347908
695,P2,8698.435336324552
624,P7,8698.605445245064
667,P3,8701.709294448407
706,P1,8702.199105130792
615,P5,8702.793022184555
700,P3,8703.250620406414
709,P2,8703.514753609916
642,P6,8704.212194117152
696,P3,8704.51275515216
687,P3,8704.526006386153
704,P1,8705.144238281144
710,P1,8706.333978390925
587,P3,8706.551146020973
690,P2,8707.32226769997
719,P2,8707.64125969301
662,P3,8707.72384738244
702,P2,8707.78270744954
711,P3,8708.028692162907
706,P2,8708.268522707192
692,P3,8708.469481882144
659,P6,8709.295336757526
685,P3,8710.062900703077
645,P6,8710.58099125264
712,P1,8710.93451290225
713,P1,8711.098703376078
648,P6,8711.202396277222
696,P3,8711.999740052179
695,P3,8712.369657191568
703,P3,8712.953252571217
707,P2,8713.248667019761
642,P6,8714.228195528945
615,P5,8714.33832556635
719,P2,8714.792938243198
690,P2,8715.47694981843
624,P7,8717.291909907652
587,P3,8717.708390425702
615,P5,8718.176941785872
633,P7,8718.758813585468
695,P3,8719.26442867302
713,P2,8719.826663873899
699,P2,8721.508001207112
684,P5,8721.555248128241
710,P1,8721.589841612364
675,P3,8721.640965490467
703,P3,8722.01466480298
704,P1,8722.417592428463
700,P3,8722.990563378025
696,P3,8723.013807851228
656,P6,8723.037089181911
711,P3,8724.053050795841
665,P3,8725.431945901202
698,P5,8725.787970603766
587,P3,8726.379667221454
662,P3,8726.652606359734
705,P2,8726.734879596263
645,P6,8727.665339577636
706,P2,8727.850182568922
685,P3,8729.325829265605
671,P5,8731.237084503822
615,P5,8731.31885872034
656,P6,8732.555824642093
643,P6,8732.82602687954
709,P3,8733.347204621628
696,P3,8733.867836815556
721,P1,8734.079322598898
587,P3,8734.147840322365
715,P1,8734.266321783985
687,P3,8735.209288072232
665,P3,8735.605953860168
711,P3,8735.790227252892
684,P5,8737.127674404142
706,P2,8737.153181381182
702,P2,8737.291435664567
631,P5,8738.217807758921
668,P5,8738.462254582539
690,P2,8738.589746556596
695,P3,8739.152542657797
705,P2,8740.35180769673
684,P5,8740.373090481798
704,P2,8740.925130840404
712,P1,8741.124573345545
709,P3,8742.024840391157
659,P6,8742.25698954976
700,P3,8742.896180173377
656,P6,8743.265566892916
720,P2,8745.259100977482
667,P3,8746.221963651224
721,P1,8746.452138482244
665,P3,8746.889972004128
703,P3,8747.00293242424
710,P1,8747.99611061586
693,P2,8748.204761491292
624,P7,8748.221681693647
706,P2,8748.88019355397
656,P6,8749.371671361956
711,P3,8749.549772492348
695,P3,8749.704513735413
699,P3,8752.513802411913
703,P3,8753.164544851623
720,P2,8753.951667428108
698,P5,8754.209448771564
662,P3,8754.549349223002
701,P2,8754.579907214376
696,P3,8755.295511646269
587,P3,8755.328467995007
680,P5,8755.804929457156
721,P1,8756.31372241216
718,P1,8757.053667908818
665,P3,8757.220240479133
624,P7,8757.746782340724
711,P3,8759.659796364536
703,P3,8760.646896298735
615,P5,8761.390716575419
722,P1,8761.647406754759
648,P6,8762.319570349571
675,P3,8762.544216129265
696,P3,8763.023568792069
700,P3,8763.929445612763
705,P3,8764.003594265601
699,P3,8764.315616419863
714,P1,8764.620689638337
658,P5,8765.032589532671
720,P2,8765.885574466409
689,P3,8766.45263652328
721,P1,8766.7685989448
719,P2,8767.208667289868
693,P2,8767.264891995603
643,P6,8769.105854414214
722,P1,8769.271572853773
679,P6,8770.138587465246
658,P5,8771.090212544565
656,P6,8771.347811245769
659,P6,8771.428496747214
720,P2,8772.23667104774
701,P2,8772.533782783315
665,P3,8773.802827171903
688,P3,8774.217568581113
705,P3,8774.745132390792
723,P1,8775.204031861314
680,P5,8775.945175644994
642,P6,8776.64611557262
689,P3,8778.149165445773
719,P2,8778.706413996048
711,P3,8779.312443767441
690,P3,8779.343306675575
706,P2,8779.57776870124
667,P3,8779.876002577937
687,P3,8781.195893988386
701,P2,8782.15351226214
698,P5,8782.617604279842
715,P1,8783.217569189239
689,P3,8783.342365478458
615,P5,8784.046529884312
707,P2,8784.089281255749
704,P2,8784.69851565414
720,P3,8784.96869660263
656,P6,8785.765599554945
702,P3,8787.802261133356
699,P3,8787.865309517738
680,P5,8788.164891364093
710,P1,8788.506965372966
667,P3,8788.576148109258
713,P2,8790.549150958936
711,P3,8791.916342310236
683,P6,8792.742567301726
714,P1,8792.871247854016
715,P1,8793.210931950865
658,P5,8793.363768658195
648,P6,8793.440889441652
705,P3,8793.942609125768
687,P3,8794.914782715501
698,P5,8795.13154109802
693,P3,8795.946044255377
694,P7,8796.171562116191
680,P5,8796.521975341122
720,P3,8796.97399764851
624,P7,8797.133116065565
699,P3,8797.497440582618
665,P3,8798.000824421613
704,P2,8798.252022864099
722,P1,8798.275827545855
659,P6,8799.754419617695
671,P6,8800.134215199003
718,P2,8800.141098037768
695,P3,8801.05954511958
726,P2,8801.608976350266
700,P3,8802.076515438674
679,P6,8802.143034061179
642,P6,8802.53107791261
712,P1,8802.810586221258
694,P7,8802.845405355329
689,P3,8804.418653353017
696,P5,8804.834209055618
723,P1,8806.090308958183
711,P3,8806.362654273416
587,P3,8806.412118261582
658,P5,8806.532331759407
687,P3,8806.847378591849
721,P1,8807.11751257977
690,P3,8807.12723768445
720,P3,8807.314650213968
665,P3,8807.542734415367
631,P6,8808.332209760507
671,P6,8809.116013159068
712,P1,8809.14703572652
702,P3,8809.48694910467
725,P3,8809.986227474983
679,P6,8810.650868260138
722,P1,8810.686678732336
724,P2,8811.084429888479
700,P3,8811.11634230967
683,P6,8812.041711929927
695,P3,8812.424525731685
698,P5,8813.19668415265
714,P1,8813.256555500906
587,P3,8813.62707072302
667,P3,8815.786123295311
642,P6,8815.991408834972
724,P2,8816.786262423708
705,P3,8818.044129197435
704,P2,8818.762790874809
702,P3,8819.31777294602
615,P5,8821.085574576296
701,P2,8821.5489121783
694,P7,8821.901175385796
698,P5,8822.194195357662
683,P6,8826.83555051655
642,P6,8826.875532853895
721,P1,8827.331389841778
690,P3,8827.897257553364
689,P3,8828.0755187218
631,P6,8828.384037983398
702,P3,8829.776450307983
695,P3,8830.316647706528
700,P3,8830.676431890588
726,P2,8830.75570704249
713,P2,8830.801571718424
716,P3,8834.054459966186
701,P2,8834.668055257613
699,P3,8835.144569551361
642,P6,8835.35439830721
723,P2,8835.416684744201
709,P3,8835.57609349857
720,P3,8835.799240072007
683,P6,8835.955679447135
719,P3,8836.27492137468
721,P1,8836.418977837611
711,P5,8836.598864970712
587,P3,8836.88200346997
727,P3,8837.195468484437
687,P3,8837.667965769995
718,P2,8839.200080892226
677,P5,8839.346455068184
726,P2,8839.483817447146
679,P6,8839.565877961988
704,P3,8841.626725819198
706,P2,8842.753008889891
712,P2,8843.494566912846
688,P3,8843.514493421364
710,P2,8843.784744023067
615,P5,8843.86840197731
701,P2,8843.86986523584
715,P1,8844.00305990477
642,P6,8844.366571880855
677,P5,8845.652819808278
659,P6,8845.735886038461
690,P3,8845.86450644167
726,P2,8846.182779015166
721,P1,8846.201602649344
700,P3,8846.251621220872
705,P3,8846.57309780402
707,P3,8847.178742704436
713,P2,8847.323797720566
680,P6,8847.704355838192
711,P5,8847.8302432331
719,P3,8848.064428821432
675,P5,8848.182836210108
727,P3,8848.26784802642
724,P2,8849.572883515193
723,P2,8849.704456348863
659,P6,8850.026967895525
718,P2,8850.444570611326
716,P3,8850.882307960488
679,P6,8851.553104942546
698,P5,8851.976974929576
714,P2,8852.239484652486
715,P2,8853.253484106655
720,P3,8853.280172653336
642,P6,8853.323163999747
709,P3,8854.207125067122
722,P2,8854.36828209465
705,P3,8855.115910401544
699,P3,8855.631165472549
721,P1,8855.877009753136
587,P3,8855.987823671465
690,P3,8856.10030738732
718,P2,8857.170846101557
696,P5,8857.470623943838
727,P3,8858.124118176844
713,P2,8858.902152806619
726,P2,8861.340413760328
701,P2,8861.360389226169
714,P2,8861.93709126372
719,P3,8862.089414137674
615,P6,8862.534183908616
722,P2,8863.864045693694
725,P3,8864.773718771901
587,P3,8864.901429120091
677,P5,8864.962454768065
680,P6,8865.221529026467
706,P2,8865.478224804865
647,P7,8866.044927405072
699,P3,8866.713391444933
705,P3,8866.998480255335
695,P3,8869.006993582252
730,P1,8869.546501695326
704,P3,8869.623966433388
724,P2,8870.412809882382
726,P2,8870.669627459356
701,P2,8871.49032439197
714,P2,8871.624843880065
721,P2,8873.506046398245
647,P7,8874.265593629298
727,P3,8875.192828644778
712,P2,8875.934081455684
642,P6,8876.306720155866
674,P6,8876.711273099403
705,P3,8876.97551933181
679,P6,8877.29770768609
677,P5,8877.685287560911
587,P3,8879.074135631283
702,P3,8879.953273778863
659,P6,8880.47376394983
726,P2,8880.689764535668
731,P2,8880.780678574278
615,P6,8882.259598211052
722,P2,8882.54260789181
695,P3,8882.736372570766
680,P6,8883.693000342957
724,P2,8884.419399781224
714,P2,8884.536224195554
642,P6,8885.019028225755
707,P3,8885.974406972182
716,P3,8886.00047978105
692,P6,8887.32703961152
675,P5,8887.345093415557
719,P3,8887.816008241665
677,P5,8888.318684838056
679,P6,8888.713205380795
706,P2,8888.760969274874
726,P2,8889.212358227764
704,P3,8889.987971541335
702,P3,8891.597091823816
718,P2,8891.603597635556
666,P7,8892.083710927576
647,P7,8892.61997019838
720,P3,8894.043436979106
707,P3,8894.340138531274
661,P7,8894.50034265676
676,P5,8894.54372930564
712,P2,8894.678724494377
690,P3,8895.094302765232
716,P3,8895.216216134115
725,P3,8896.579558600648
713,P2,8896.777383319455
674,P6,8896.875555722014
706,P2,8897.673717190812
705,P3,8897.957318513398
696,P5,8898.246089919787
695,P3,8898.358848237134
732,P2,8898.961834317213
697,P7,8899.86259514623
731,P2,8900.15205195396
727,P3,8901.320607144202
719,P3,8901.653778386602
615,P6,8901.787171207146
726,P2,8902.052630022323
711,P5,8902.877596107002
714,P2,8902.964088945198
707,P3,8903.79607471565
686,P5,8904.500758520524
676,P5,8905.245236263889
696,P5,8905.620439584676
710,P2,8905.970147250346
729,P2,8906.018895479085
659,P6,8906.253649043163
587,P3,8908.532646273392
730,P1,8909.1609061015
716,P3,8909.823025245425
686,P5,8911.015622076495
661,P7,8911.728265442951
728,P2,8912.06595762396
726,P2,8912.11810137449
712,P2,8914.154251481028
681,P6,8915.118536571084
696,P5,8915.80530631107
680,P6,8916.058936497933
699,P3,8916.197206856681
711,P5,8917.12972411358
717,P3,8918.021737335355
707,P3,8918.182971519316
713,P2,8918.747974432883
731,P2,8920.630209437872
728,P2,8920.686873283961
725,P3,8922.650315296427
707,P3,8922.704866623053
724,P3,8922.844840239908
726,P2,8923.231832762125
730,P1,8923.684574117531
709,P3,8923.981470473842
675,P5,8924.436100569816
647,P7,8924.801909154708
729,P2,8925.106821369956
712,P2,8925.605689573185
661,P7,8926.105970535586
696,P5,8926.160723816361
631,P6,8926.479264412952
715,P2,8926.780894208268
677,P6,8927.877892582444
704,P3,8928.764872008922
711,P5,8929.577700511443
719,P3,8929.768925766573
717,P3,8931.322345759008
724,P3,8932.080541319618
735,P1,8933.60081484224
696,P5,8933.648341832082
734,P3,8933.753939739365
709,P3,8933.985368421934
686,P5,8934.159526244535
667,P5,8934.252685558708
719,P3,8934.49417323881
678,P6,8934.568998958992
701,P2,8934.6236160133
705,P3,8934.79474652743
706,P3,8935.06201317936
710,P2,8936.033708201157
736,P2,8936.62397518665
677,P6,8937.554122855568
675,P5,8937.642749229293
695,P3,8938.990630904404
701,P2,8939.445273295307
720,P5,8940.148766985762
710,P2,8940.56495518021
721,P2,8940.82447296697
726,P3,8941.684059647243
717,P3,8941.847302581871
728,P3,8944.947537002081
711,P5,8945.38445044457
735,P1,8945.920834243685
631,P7,8948.30089187857
720,P5,8948.88840950519
718,P2,8950.108234395906
688,P3,8950.494181908109
692,P6,8950.854400034763
674,P6,8951.00049943431
697,P7,8951.079366891221
725,P5,8952.615285380303
712,P2,8952.81079307665
717,P3,8953.75637027425
728,P3,8954.312797415396
726,P3,8954.953587769454
675,P5,8955.580289940874
689,P3,8956.123554079666
699,P3,8957.253822721326
716,P3,8957.425246632982
704,P3,8958.096131067803
724,P3,8958.73021320359
666,P7,8960.064204249504
677,P6,8961.843968871797
667,P5,8962.287156072885
702,P5,8962.358551356336
736,P2,8963.107165656262
615,P6,8963.416382953383
676,P5,8963.703958768105
725,P5,8964.8176782833
689,P3,8965.021312776918
690,P3,8965.198841083216
693,P3,8966.826363362798
737,P2,8966.924848901403
692,P6,8968.046710990298
734,P3,8968.184564797695
587,P3,8968.397823258956
677,P6,8968.510526373408
732,P2,8968.539219207078
733,P1,8968.668657602704
711,P5,8968.781901035698
678,P6,8968.944779199415
702,P5,8969.128743136478
719,P3,8969.48626100023
710,P2,8970.687506570024
712,P2,8970.780488819299
731,P2,8972.370150637635
689,P3,8973.141041226805
713,P2,8974.186856842225
661,P7,8974.253365916275
676,P5,8974.767248416441
615,P6,8974.80693288182
729,P3,8974.829825691086
727,P5,8975.059705865398
735,P1,8975.320322326163
587,P3,8975.423865424526
705,P3,8975.712033284464
733,P1,8975.74847445981
736,P2,8975.797562817046
688,P5,8977.830641282988
739,P2,8978.314457858354
713,P2,8978.571449091325
693,P3,8978.724407271235
681,P6,8978.861035104987
724,P3,8979.971232111777
718,P3,8980.4074016164
710,P2,8981.484780888828
702,P5,8981.811916884568
725,P5,8983.130138173654
705,P3,8984.120737414623
587,P3,8984.818373740369
722,P2,8984.84358799961
717,P3,8984.981025836094
728,P3,8985.721270422215
697,P7,8986.916968689233
689,P3,8987.116386584232
661,P7,8987.450260445718
709,P5,8988.345806696023
732,P2,8990.285759743489
723,P2,8991.623389175744
726,P3,8991.908094352926
615,P6,8992.366639786807
731,P2,8992.690378180305
666,P7,8992.731079080853
681,P6,8993.765580672847
697,P7,8993.883869802568
631,P7,8993.889587515736
728,P3,8995.171804218693
689,P3,8995.28101558766
725,P5,8995.513881283316
729,P3,8996.137610161786
711,P5,8996.281009167184
716,P3,8996.378719868537
721,P2,8997.11679608448
690,P3,8997.779946589317
706,P3,8997.855905513605
699,P3,8997.887370378305
692,P6,8998.083050948924
713,P3,8998.120668295562
735,P1,8998.70228745786
736,P3,8998.802550663051
732,P2,8998.832445215767
724,P3,8999.816108394944
721,P2,9000.020645135844
661,P7,9000.229719642986
712,P2,9000.453862048325
686,P5,9001.148264330557
714,P2,9001.194884451155
703,P6,9001.884907002508
725,P5,9002.617152346484
706,P3,9002.927804181383
707,P3,9003.716790284861
688,P5,9003.786194057539
722,P2,9004.38288666158
709,P5,9005.609138183718
718,P3,9005.634315762107
734,P3,9006.210353399492
711,P5,9006.369883055082
735,P1,9006.857078148709
731,P3,9007.113793476667
690,P3,9007.468264142186
587,P3,9008.356850909213
704,P3,9008.475615325606
725,P5,9009.160045006261
667,P5,9009.684006096628
738,P3,9009.738395555853
713,P3,9010.118366515191
678,P6,9010.305226057675
724,P3,9011.711947928885
701,P2,9012.028562471733
702,P5,9012.046871466662
697,P7,9012.472461927897
706,P3,9013.053630532331
709,P5,9013.971978727726
741,P1,9014.446877839879
728,P3,9016.475827399661
692,P6,9016.676861385771
688,P5,9018.22482211341
661,P7,9018.244908826475
719,P3,9019.343439606266
738,P3,9019.932209402832
621,P6,9020.153674670752
713,P3,9020.48082788013
732,P3,9021.547836073127
667,P5,9021.755355105257
615,P6,9023.269498119525
717,P3,9024.198363003632
711,P5,9024.58763163254
677,P6,9025.196458265411
691,P6,9025.313044695646
661,P7,9025.555861809744
718,P3,9026.559301257945
688,P5,9026.70170550157
693,P3,9027.523821716746
667,P5,9027.716859102631
741,P1,9027.992046051899
632,P7,9029.930182039889
738,P3,9029.958267380045
678,P6,9030.760358403235
724,P3,9030.863933064957
615,P6,9031.683745866561
705,P3,9033.9107461028
733,P1,9034.207573830401
735,P1,9034.390695298542
702,P5,9034.436521720841
688,P5,9034.478465931608
740,P1,9034.739023460295
685,P7,9035.24686637476
727,P5,9035.863114152706
689,P3,9036.447158049887
661,P7,9036.656599300502
587,P3,9036.93940927373
713,P3,9037.73768869437
678,P6,9037.77271783772
718,P3,9038.248324916947
703,P6,9038.285309717488
722,P2,9038.551445447554
681,P6,9038.733577018449
738,P3,9041.343248776606
719,P3,9041.670933856534
676,P6,9042.58643068125
712,P3,9042.6224618096
714,P2,9043.579553461992
737,P2,9043.934005049905
728,P3,9046.810581127636
709,P5,9046.956930874925
667,P5,9047.830881307858
719,P3,9047.982714667
703,P6,9048.80913136145
733,P1,9049.885603571965
713,P3,9049.946884752024
705,P3,9050.270976514597
731,P3,9050.33486479827
724,P3,9051.638687890609
615,P6,9052.172794648011
667,P6,9053.049232521555
686,P5,9053.281967046323
742,P3,9054.417603116117
661,P7,9054.64596969497
587,P3,9055.057108825422
709,P5,9055.251418175132
739,P2,9056.197992500045
741,P1,9056.310109502741
706,P3,9056.371912068917
733,P1,9056.856049168357
681,P6,9056.869826087768
726,P3,9057.503167097257
738,P3,9058.59801459114
703,P6,9060.811242251993
732,P3,9060.814323492463
662,P7,9061.089604789175
709,P5,9061.144904574357
737,P2,9061.86433071163
731,P3,9062.725686228816
693,P3,9063.23945641789
712,P3,9063.495934047483
686,P5,9063.585606468943
711,P6,9063.699470522213
691,P6,9064.463379734707
661,P7,9065.954672228165
742,P3,9067.03782994276
693,P3,9067.055188224664
688,P5,9067.347828758493
701,P3,9068.652450096555
730,P2,9069.301303244256
733,P2,9069.68935021277
741,P2,9069.932038674635
736,P3,9070.183187965271
712,P3,9070.20549493938
725,P5,9072.13561850533
722,P2,9072.23315848341
723,P2,9072.954335145434
737,P2,9073.449257675302
711,P6,9075.498899241244
734,P3,9075.56821584863
718,P3,9075.816491456333
730,P2,9077.263145527808
700,P7,9077.644398498956
662,P7,9079.061848051253
725,P6,9079.185046699455
726,P3,9079.300404056365
710,P2,9079.871406397955
691,P6,9080.22423884266
621,P6,9080.721772717325
715,P2,9083.943671770368
676,P6,9084.188018397917
661,P7,9084.472210086471
587,P3,9084.57512679885
732,P3,9084.627792229487
742,P3,9085.20824416297
739,P2,9085.228678504898
744,P2,9085.419468863023
709,P5,9085.473833247466
735,P1,9086.241239696696
701,P3,9087.346159432138
724,P3,9087.4986155905
721,P3,9087.638264579546
741,P2,9088.092077399795
685,P7,9088.17290972373
703,P6,9090.758120517026
725,P6,9091.132205231652
722,P2,9091.811491108125
731,P3,9092.363304123444
715,P2,9093.14434811355
712,P3,9094.05138954289
740,P1,9094.185289769872
714,P2,9094.42244881405
632,P7,9094.907859514366
735,P1,9094.91304923094
737,P2,9094.979400709983
745,P3,9096.052568921436
733,P2,9100.01550418065
719,P3,9100.335001256744
661,P7,9100.642095172509
722,P2,9100.670426372368
714,P2,9101.021696020574
725,P6,9101.226130190002
703,P6,9101.448467618322
711,P6,9101.50010010853
717,P3,9102.282473380854
715,P2,9102.637660289123
709,P5,9103.70103823286
740,P1,9104.039434203662
676,P6,9104.695553412874
735,P2,9105.039351118883
731,P3,9106.436160469333
688,P5,9107.641933104645
741,P2,9107.897848707747
713,P3,9108.663351612357
632,P7,9108.803555107945
717,P5,9109.68153989561
721,P3,9110.38790073265
703,P6,9110.68652361853
747,P1,9111.015782743112
712,P3,9113.179318987204
700,P7,9114.877682483464
734,P3,9115.212194010548
688,P5,9115.233656424476
749,P2,9115.355510633071
661,P7,9115.570963169586
729,P3,9115.82629723076
721,P3,9116.195098935148
740,P1,9116.358122411319
742,P3,9116.615415395507
744,P2,9116.81090748964
711,P6,9120.262033454746
706,P3,9120.26757515877
717,P5,9120.406855255076
747,P1,9120.577156219164
748,P3,9120.891837684163
685,P7,9120.983931242861
719,P3,9121.582518107834
725,P6,9121.662457155462
746,P3,9122.170359660335
733,P2,9122.481605279736
736,P3,9123.448269950752
737,P3,9123.519381095528
667,P6,9123.801456181962
715,P2,9123.9614788938
587,P3,9124.255087166486
734,P3,9124.262316839147
714,P2,9124.794840392342
739,P2,9125.446525143441
731,P3,9125.931913964781
740,P1,9126.040403937384
701,P3,9126.205322588201
688,P5,9126.231835351495
705,P5,9126.24679957429
661,P7,9126.469464193155
735,P2,9126.58602656442
744,P2,9127.015550843917
747,P1,9127.16510523579
748,P3,9127.275656720314
703,P7,9128.172714965149
685,P7,9129.122596021587
746,P3,9130.082108690653
717,P5,9130.329459578481
723,P2,9130.502003508322
751,P1,9130.650843364674
725,P6,9130.902035546866
742,P3,9131.841360854196
731,P3,9132.06939715173
688,P5,9133.665517104215
676,P6,9133.98175677284
691,P6,9134.073346696407
740,P1,9134.679299385942
750,P1,9134.754317198867
737,P3,9135.13847228944
701,P3,9136.510590973017
748,P3,9137.308230187604
729,P5,9137.356287208508
743,P2,9137.743859527174
730,P2,9138.019261848505
632,P7,9138.260387032873
719,P3,9138.355810578872
662,P7,9138.637740765393
752,P3,9139.516587026128
736,P3,9141.000119880655
751,P1,9142.24655719479
750,P1,9143.217169605847
709,P5,9143.348028251874
691,P6,9143.475151272996
743,P2,9144.01859856209
739,P3,9144.667838830026
745,P3,9144.934416107555
587,P3,9145.381370259847
722,P3,9145.412851664885
734,P3,9146.459975667158
715,P2,9146.495533084335
688,P5,9146.74831919952
752,P3,9147.23187369637
754,P3,9147.308014813321
731,P3,9147.811603939634
701,P3,9148.465185483816
719,P3,9148.485230714798
662,P7,9148.71908283401
726,P3,9150.090099785712
745,P3,9150.931838102517
725,P6,9151.059807144253
721,P3,9151.950115300158
676,P6,9151.971219993911
661,P7,9152.739918211502
691,P6,9152.94365836207
744,P3,9154.378160828577
734,P3,9154.553575307282
686,P5,9154.873771618844
742,P3,9155.139111017226
737,P3,9155.62460801614
700,P7,9156.009908245076
729,P5,9156.156417445396
754,P3,9156.642667447697
621,P6,9156.722685669289
722,P3,9156.790880225497
751,P1,9158.339773037811
743,P2,9159.324689786434
717,P5,9159.58126759216
733,P2,9159.589576988888
747,P1,9159.955304703279
703,P7,9159.99225688088
667,P6,9161.030837512873
706,P3,9161.143514092857
748,P3,9161.429117777485
752,P3,9161.439504524624
739,P3,9161.497797514496
728,P5,9161.571635787084
724,P3,9161.744109858188
722,P3,9163.75515403824
719,P3,9164.002880181559
745,P3,9164.054355821947
686,P5,9164.382610820161
705,P5,9164.822837024027
743,P2,9164.881216260486
688,P5,9164.947422295134
744,P3,9165.031605438848
676,P6,9165.25585813948
701,P3,9165.65317362389
723,P2,9166.011421567182
719,P3,9167.019238334453
721,P3,9168.27776973206
587,P3,9168.525132722016
661,P7,9168.973391870415
662,P7,9169.065586000863
702,P6,9169.418336644187
733,P2,9169.50120604362
687,P7,9169.88057375772
751,P1,9169.900397286325
746,P3,9170.057327538056
632,P7,9170.07603399086
754,P3,9170.373140615402
725,P6,9171.353087115003
686,P5,9172.330261238485
741,P3,9172.826484328823
728,P5,9173.154835842477
691,P6,9174.01326495121
667,P6,9174.124526490674
715,P2,9174.33226482866
738,P5,9174.47346815295
688,P5,9175.064897893226
662,P7,9177.174425679224
734,P3,9177.545925435305
746,P3,9177.826430154204
730,P3,9178.322924495813
726,P3,9178.597058025622
719,P3,9178.988361552414
748,P3,9179.133170835134
724,P5,9179.164698820214
753,P3,9179.478778413879
703,P7,9179.725387475284
755,P3,9180.13834323269
733,P2,9180.505970060542
741,P3,9180.942474750713
725,P6,9180.97062624296
740,P1,9181.869030619542
702,P6,9182.019647268038
738,P5,9182.715308291852
750,P1,9182.747774795658
739,P3,9182.827254662441
691,P6,9183.178129706088
676,P6,9183.975059630706
744,P3,9184.611013527126
731,P3,9185.67907057525
743,P3,9187.903076962468
755,P3,9188.073398326622
621,P6,9188.099110263027
729,P5,9188.186455688041
737,P3,9188.217280662308
723,P3,9188.511809970038
745,P3,9188.70491093198
752,P3,9189.266634010504
739,P3,9189.814896780505
721,P3,9189.945333478398
687,P7,9190.039577029205
719,P3,9190.063336630754
745,P3,9191.399121684317
751,P1,9191.421172274899
747,P1,9193.864002767694
701,P3,9194.958005874376
705,P5,9195.025403407843
621,P6,9195.247133281084
686,P5,9195.323282396306
719,P3,9195.724809781821
757,P2,9196.668944131576
749,P2,9196.968707628232
726,P3,9197.009909834791
729,P5,9197.180822387792
744,P3,9197.48068659004
723,P3,9197.617750756912
741,P3,9198.896071075238
747,P1,9199.035811310909
725,P6,9199.16728523006
721,P3,9199.437950080048
731,P3,9199.445314743538
750,P1,9201.818286477455
662,P7,9203.346535144765
661,P7,9204.319658699476
744,P3,9204.754558723032
587,P3,9206.080093975563
753,P3,9206.140835046406
709,P6,9207.08522090228
741,P3,9207.166304888884
686,P6,9207.466761236281
755,P3,9207.950069685197
632,P7,9208.67408545761
747,P1,9208.787866198232
754,P3,9209.460756974357
728,P5,9210.223290268572
746,P3,9211.150959162142
735,P2,9212.442359919805
731,P3,9213.656809431594
714,P2,9213.740092978042
749,P2,9213.777570087263
754,P3,9213.818539401173
733,P2,9214.101584708988
743,P3,9215.10988755869
621,P6,9216.215431873401
724,P5,9216.540483733716
709,P6,9216.770999797514
701,P3,9216.800655682764
737,P3,9216.857732660306
751,P2,9217.523507908549
721,P3,9217.596619540434
741,P3,9219.376513500878
746,P3,9219.448050049172
710,P3,9219.569435385696
730,P3,9219.97889463304
748,P3,9220.13659531729
717,P5,9220.228889316631
758,P3,9220.62743401109
739,P3,9222.29022582199
714,P2,9222.896253442994
731,P3,9223.843381047713
711,P6,9224.811147416463
735,P2,9225.255977971075
753,P3,9226.096359134011
746,P3,9227.198560741375
736,P3,9227.707481951227
587,P3,9228.084280040895
730,P3,9228.733227377801
725,P6,9231.111333920442
760,P3,9232.112808232818
667,P6,9232.194453021562
740,P1,9232.572127310646
621,P6,9233.387273967022
691,P6,9234.426123623396
724,P5,9235.125390461057
758,P3,9235.445769995189
744,P3,9235.739603044725
708,P5,9236.794123450429
686,P6,9237.076162229601
702,P6,9237.792053402654
752,P3,9237.944427634702
730,P3,9238.51678026093
710,P3,9238.640208753706
741,P5,9238.674623498273
711,P6,9239.846794684103
738,P5,9241.416115190521
712,P5,9241.743306048253
758,P3,9243.087437739396
725,P6,9243.13149855222
731,P3,9243.544032827942
739,P3,9243.552270908416
708,P5,9244.94203218452
724,P5,9245.005226565438
717,P6,9245.063741176049
709,P6,9245.287751130434
759,P3,9245.591198217782
691,P6,9245.987126236976
757,P2,9246.37142867585
756,P2,9246.864811068519
747,P1,9247.49974093759
740,P2,9248.262395100044
702,P6,9248.640634653379
621,P6,9248.99029258446
733,P2,9249.452486001921
730,P3,9250.33610907388
719,P3,9250.406540920641
760,P3,9251.560633946377
758,P3,9251.792325560344
711,P6,9252.175548038871
751,P2,9252.57023873541
757,P2,9252.625990231365
731,P3,9253.81629387863
722,P3,9254.664624280818
621,P6,9254.66730467733
686,P6,9254.971156032028
691,P6,9255.86162739509
758,P3,9256.65958996059
750,P2,9256.844668612612
715,P3,9257.221202367791
712,P5,9257.779613674464
755,P3,9257.915944621727
688,P6,9259.032947216736
733,P2,9259.132386233021
738,P5,9259.313538382135
752,P5,9259.320750614523
705,P6,9260.078369303725
725,P6,9260.416110397131
736,P3,9260.463356360387
712,P5,9260.775122961966
702,P6,9261.067471398004
717,P6,9261.86146718885
757,P2,9261.916043091778
714,P3,9262.925330502112
754,P3,9263.338914638418
708,P5,9263.572466437425
760,P3,9263.72268631618
737,P3,9263.826374715465
761,P3,9264.94408830537
723,P3,9265.306625494255
731,P3,9265.537662173238
736,P3,9266.192199620797
743,P3,9266.225804184014
730,P3,9267.444700341908
710,P3,9267.596458805861
733,P2,9268.451932360413
688,P6,9268.469996762024
715,P3,9269.060045897882
750,P2,9269.218027283352
740,P2,9269.37385065555
755,P3,9269.52542571791
712,P5,9269.65967730291
762,P2,9272.073325925428
731,P3,9272.451334669147
749,P3,9273.465656830971
722,P3,9274.377068184966
758,P3,9275.21028662449
752,P5,9275.978750766677
709,P6,9276.706077996754
741,P5,9278.31558690586
702,P6,9279.174955914605
733,P3,9279.642385629508
705,P6,9279.912821324693
738,P5,9280.23957687686
735,P2,9280.559050868016
748,P3,9281.122324881168
756,P3,9281.18757136239
717,P6,9282.281455435352
712,P5,9282.77142873001
735,P2,9282.870836019472
728,P5,9283.614453160006
749,P3,9283.780187541355
724,P5,9283.983777445665
758,P3,9285.494288495533
759,P3,9285.923943232281
730,P3,9286.23246023044
688,P6,9286.31937288999
755,P5,9287.816713336942
752,P5,9287.960574695524
710,P3,9288.914824739004
748,P3,9289.435743433689
621,P6,9289.559140443422
728,P5,9289.797688517981
740,P2,9290.028283519441
709,P6,9290.146914017952
702,P6,9291.303584307054
746,P5,9293.62957873064
717,P6,9293.677684588265
762,P2,9293.864362189443
758,P3,9294.503768633112
761,P3,9295.89377375201
730,P3,9295.978142499158
715,P3,9296.392177027192
757,P2,9296.595150908433
763,P1,9296.953042870284
741,P5,9297.197094827874
621,P6,9297.252070649654
754,P3,9298.507105072073
728,P5,9300.054252858643
762,P2,9300.152852174595
763,P1,9300.79648155775
749,P3,9302.119226910832
757,P2,9302.894374839356
733,P3,9303.633798374281
747,P1,9303.982374038691
691,P6,9303.99312043295
759,P3,9305.121450502436
750,P2,9305.390558694473
724,P5,9305.49841893434
621,P6,9306.166382590112
737,P3,9306.561416984407
715,P3,9306.647653587754
740,P2,9307.813815152122
747,P1,9308.520348618757
714,P3,9309.38856958142
728,P5,9312.789119497937
711,P6,9312.966693767912
738,P5,9313.76950185578
756,P3,9315.14566332462
716,P5,9316.298791903564
708,P5,9316.832915913292
747,P1,9317.865083110737
748,P3,9319.016862150676
724,P5,9319.245207023316
740,P2,9319.304632554356
721,P3,9319.623404428587
715,P3,9319.85246147222
686,P6,9320.439556072932
714,P3,9320.552569926778
733,P3,9320.572684896459
758,P3,9321.299989334471
762,P2,9321.662543033282
704,P7,9323.513971204406
737,P3,9325.946673531313
723,P5,9326.021678259845
735,P2,9326.058293045355
748,P3,9327.12304209242
710,P3,9327.291443476166
740,P2,9328.79525127874
714,P3,9328.900425099115
747,P1,9329.83417600425
728,P5,9330.04792690141
717,P6,9330.527532318172
712,P5,9330.72715885952
752,P5,9331.125878218114
756,P3,9331.41725116232
762,P2,9332.534635846885
731,P3,9333.103156294614
746,P5,9333.534304646968
721,P3,9333.572864666297
691,P7,9334.227217456679
735,P2,9334.653699576034
701,P3,9334.661707084815
730,P3,9334.768903521599
686,P6,9335.378335351514
741,P5,9336.238321465107
715,P3,9336.345792474423
765,P3,9336.977102164004
688,P6,9337.980870562658
747,P1,9338.140973721402
751,P3,9338.231482101017
759,P3,9338.471360629746
695,P6,9338.701755207323
760,P3,9338.890750848313
754,P3,9339.362073964126
733,P3,9340.530335990816
709,P6,9340.640707631077
705,P6,9344.437794734473
761,P3,9344.923294514005
735,P2,9346.464898069811
721,P3,9347.03844028886
723,P5,9347.394312970022
714,P3,9347.887517469358
715,P3,9347.93317276125
765,P3,9348.06197337775
740,P2,9349.530009747134
757,P3,9350.282288840337
756,P3,9353.287474221406
701,P3,9354.447356791356
716,P5,9355.049251128903
763,P1,9355.168634446612
710,P3,9356.101851980358
761,P3,9356.987413694602
752,P6,9357.019156479553
747,P1,9358.055027104647
740,P2,9358.524044992875
751,P3,9359.226752613
758,P3,9359.69835963737
710,P3,9359.735029068046
730,P3,9359.927445838508
704,P7,9360.541393448768
695,P6,9361.433031824112
721,P3,9361.565531237702
737,P3,9362.743730310183
760,P3,9362.951016964034
766,P1,9363.877163483667
728,P5,9364.378728379681
723,P5,9364.804926502322
762,P2,9365.249669677678
768,P1,9366.258075210653
701,P3,9367.336942691536
751,P3,9367.746795967465
765,P3,9367.844244987933
730,P3,9367.868064417875
740,P2,9368.21021770497
767,P1,9368.348019952839
710,P3,9369.493095645901
705,P6,9369.805304804693
769,P3,9371.313359785729
747,P1,9372.095405241384
756,P3,9372.555141704135
766,P1,9372.906920892627
714,P3,9373.236063884431
764,P2,9373.390331742532
737,P3,9373.975581125158
731,P3,9374.009249159566
746,P5,9374.539287185577
708,P5,9374.72985664524
713,P6,9374.854112447918
738,P5,9375.510999155762
724,P5,9375.621025153254
728,P6,9375.780529394762
691,P7,9375.803146468015
716,P5,9376.240482178284
754,P3,9377.28854546828
709,P6,9378.41640410082
760,P3,9379.267078784671
717,P6,9380.207684004867
710,P3,9380.540142532722
704,P7,9380.58405706781
718,P5,9381.397173970592
740,P3,9383.533518718159
751,P3,9384.357492474723
737,P3,9384.8788453303
701,P3,9385.065032469642
715,P3,9385.728596873929
741,P5,9385.876561060242
768,P1,9386.146882692077
735,P2,9386.737797273217
730,P3,9387.578383561073
754,P3,9388.134747267783
708,P5,9389.023320277362
769,P3,9389.695376400234
762,P2,9390.320189183052
721,P3,9390.82055790385
738,P5,9390.984800432418
712,P5,9391.40417501043
708,P5,9391.925227944503
742,P6,9392.172693221934
717,P6,9392.324103406263
723,P5,9392.389294227281
701,P3,9392.492155425682
766,P1,9392.502193565851
757,P3,9393.195992150871
695,P6,9393.513250642998
691,P7,9394.486007129584
737,P3,9394.707874732449
772,P2,9394.858744242654
749,P3,9395.264578226683
735,P2,9395.517809447081
752,P6,9396.169746426467
733,P3,9397.443724328834
721,P3,9397.879610154168
767,P2,9398.202856035747
710,P3,9398.263074083718
691,P7,9400.350993228023
715,P3,9400.357263687092
728,P6,9400.480666058369
750,P3,9401.380884021954
738,P6,9401.597228434257
770,P1,9401.690630102281
763,P1,9401.992438040732
758,P3,9402.372578979672
762,P2,9402.6757744762
740,P3,9402.90975770237
723,P5,9403.234963614883
764,P2,9403.761267567439
713,P6,9404.062891017316
730,P3,9404.118844223693
724,P6,9404.661256662139
749,P3,9404.90565304114
742,P6,9405.629184230716
710,P3,9405.851862056343
752,P6,9406.3638813866
755,P5,9406.371146287902
741,P5,9406.74673358099
775,P1,9407.641837422672
761,P3,9407.82889145359
714,P3,9407.933689675046
689,P5,9408.8265373107
718,P5,9409.148940526318
764,P2,9409.611031778104
776,P1,9410.358182340666
721,P3,9410.467579805725
760,P3,9411.006644336503
704,P7,9411.04031967564
761,P3,9411.379758197963
774,P1,9411.592164916
751,P3,9411.707535967484
757,P3,9411.914385285716
691,P7,9412.565970591473
749,P3,9413.038488763354
723,P5,9413.545936933811
735,P2,9413.717334377443
750,P3,9413.853319549304
728,P6,9413.911207217652
777,P1,9413.942868828539
716,P5,9414.227813201935
712,P5,9414.241278904854
752,P6,9414.456175608218
773,P3,9414.785595545854
755,P5,9414.902100766009
776,P1,9415.334558136698
767,P2,9415.474296077495
754,P3,9415.685002960203
759,P3,9416.368752957016
762,P2,9416.636331156345
710,P3,9417.191622270442
774,P1,9419.119462819557
715,P3,9419.185236228508
733,P3,9419.873331525763
704,P7,9420.30346363584
742,P6,9421.089683658889
763,P2,9422.032633614905
779,P1,9422.468988553477
765,P3,9422.50406836583
737,P3,9423.044517545259
724,P6,9423.413789407816
717,P6,9423.50690719706
777,P1,9424.641602900198
691,P7,9424.79758850964
756,P5,9424.885111675603
716,P5,9425.136257273954
701,P3,9425.40265272514
723,P5,9425.643737599183
769,P3,9425.892398741185
772,P2,9426.003804302676
761,P3,9426.763538073876
762,P2,9427.406910672904
740,P3,9427.823060523348
715,P3,9428.266611021721
741,P5,9428.778669659156
755,P5,9429.436448380015
742,P6,9429.982876494954
714,P3,9430.287391244228
718,P5,9430.6368865886
689,P5,9430.988667011663
767,P2,9431.013457089997
749,P3,9431.051692511875
710,P3,9431.1086583377
733,P3,9431.343782461101
775,P1,9431.556653754647
768,P2,9432.34332158399
750,P3,9432.735571153471
724,P6,9433.000348944515
738,P6,9433.701125382164
760,P3,9434.255279145002
769,P3,9434.696606447671
779,P1,9434.741353975727
699,P6,9434.972642764145
701,P3,9435.323295581757
747,P2,9435.616581709768
691,P7,9435.72184148624
708,P5,9435.980742911639
755,P5,9437.156927955806
735,P2,9437.36712962306
730,P5,9437.992876244403
773,P3,9438.484284929713
763,P2,9438.666382034102
766,P1,9439.736612582357
776,P1,9440.48751265864
759,P3,9441.061614527147
778,P1,9441.28630184297
761,P3,9442.485884818276
774,P1,9442.954927624636
718,P5,9443.429943934847
758,P3,9444.487309555396
724,P6,9444.5753383755
760,P3,9444.832953552886
708,P5,9445.633906724042
728,P6,9445.666826931203
699,P6,9445.7628788167
769,P3,9446.495407604736
715,P3,9446.792915467347
770,P1,9448.09422527199
773,P3,9448.95638914398
728,P6,9449.99605601466
738,P6,9450.515852102253
749,P3,9450.80778520479
689,P5,9450.904044154428
710,P3,9451.29180721912
780,P3,9451.481106619243
718,P5,9451.953579842762
777,P1,9452.034532066644
744,P6,9452.102370869043
723,P5,9452.570073969979
733,P3,9453.083122075972
742,P6,9453.992346552206
759,P3,9454.139343655372
716,P5,9454.331129907028
754,P3,9455.51148009528
740,P3,9456.286463530361
713,P6,9458.173486734551
756,P5,9458.493346279118
747,P2,9458.545199615994
776,P1,9459.29187621521
778,P1,9460.054163031036
710,P3,9460.649031053354
779,P1,9461.197183976012
742,P6,9462.197501878372
766,P1,9462.574004245558
774,P1,9462.9239222709
770,P1,9463.341862546744
758,P3,9463.706606426624
744,P6,9464.066987572605
716,P5,9464.487408503384
781,P3,9465.159068157382
730,P5,9465.613273562802
721,P5,9465.986693833842
737,P3,9466.558839517953
715,P3,9467.250457740722
756,P5,9467.370922971351
740,P3,9467.587645607453
741,P6,9467.643154955475
742,P6,9468.937299647729
710,P3,9469.748912598263
758,P3,9470.232905378676
724,P6,9471.556801612574
770,P1,9471.903844037213
763,P2,9472.261280809927
717,P6,9472.885176035681
723,P5,9472.915387866715
760,P3,9473.037439459787
762,P2,9473.651160533882
775,P1,9473.993426540192
718,P5,9474.09845577089
731,P3,9474.549032730223
747,P2,9475.806640126159
776,P1,9476.842159816872
772,P3,9476.880723102073
781,P3,9476.994370279106
710,P3,9477.045134509824
721,P5,9477.902758285378
689,P5,9480.333138802014
763,P2,9481.709103801883
758,P3,9482.085970742966
737,P3,9483.138707254797
691,P7,9485.803538957947
721,P5,9486.628833397366
777,P1,9487.415808368321
712,P6,9487.571397822529
772,P3,9487.673271361495
776,P1,9487.81110379772
760,P3,9487.88945536656
778,P2,9488.582400682999
730,P5,9488.675323996062
738,P6,9488.973377866427
747,P2,9489.313950652453
767,P2,9491.517590183677
714,P3,9491.813953850386
766,P1,9492.716788781072
782,P3,9492.717381412427
724,P6,9492.735776719905
774,P1,9492.904855995273
768,P3,9492.979101656834
735,P3,9493.068903143589
770,P1,9494.508696332125
740,P3,9494.709244342768
744,P6,9494.925375247587
776,P1,9495.57088891068
761,P3,9495.747072868133
691,P7,9496.192929297478
780,P3,9497.308432034964
701,P3,9498.090190244353
771,P1,9498.146995102623
772,P3,9498.53599583716
713,P6,9499.002127927093
782,P3,9500.20853159965
724,P7,9500.352500963181
717,P6,9500.35792897155
759,P3,9500.59440233588
769,P3,9500.92396205166
770,P1,9500.954004343499
778,P2,9501.097451949641
763,P2,9502.496120876336
773,P3,9502.497710697784
728,P6,9502.649515781779
777,P2,9503.019747958306
784,P1,9504.613756868313
761,P3,9504.82886686014
723,P5,9505.03051878194
765,P5,9505.648542036484
740,P3,9506.058624297757
764,P3,9506.743582757586
758,P3,9506.854476608372
772,P3,9508.25122568943
712,P6,9508.290485717991
784,P1,9509.336291251631
767,P3,9509.554878162204
776,P1,9510.0059483076
750,P3,9512.630759306205
766,P1,9512.800500629806
770,P1,9513.088071913073
717,P6,9513.592013171703
783,P3,9513.947254747232
764,P3,9514.128448036034
735,P3,9514.551744733943
769,P3,9515.120230898643
737,P3,9515.610294257345
740,P3,9515.642583901961
772,P3,9517.065383308243
714,P3,9517.189921342395
768,P3,9517.438949598452
775,P1,9518.074051654108
750,P3,9518.096352071869
715,P3,9518.325939537668
780,P3,9518.349799936284
689,P5,9518.653240150814
756,P5,9518.91427062411
730,P5,9519.251035949395
782,P3,9521.339426121045
742,P6,9522.136228718378
717,P6,9522.991199601303
783,P3,9523.229195731863
691,P7,9523.92004801545
665,P6,9524.068366099875
699,P6,9524.353755142725
716,P5,9524.582265142628
712,P6,9524.975811572744
768,P3,9524.998603157488
724,P7,9525.11051442644
747,P2,9525.469951328185
774,P2,9525.52044907393
735,P3,9525.805766375539
741,P6,9526.010098445024
782,P3,9527.465948318988
756,P5,9527.563039568184
780,P3,9527.920852218713
715,P3,9528.02079276247
775,P2,9528.570434253725
689,P5,9531.12362027416
744,P6,9531.455922456618
785,P2,9531.823365662609
738,P6,9531.833313169896
723,P5,9532.230014799774
766,P1,9532.319306260635
771,P2,9532.398835550679
758,P3,9532.805282155634
787,P2,9533.41773368916
762,P3,9533.508918239537
747,P2,9533.993038557312
719,P7,9534.117096318709
724,P7,9534.557145877416
699,P6,9537.007383376638
716,P5,9537.380823530624
735,P3,9537.458384507487
712,P6,9537.698446294686
756,P5,9538.47890839624
783,P3,9539.065729982174
785,P2,9539.213755002886
754,P5,9539.846051532575
714,P3,9540.289887485553
724,P7,9540.537378592891
750,P3,9540.573192308895
744,P6,9541.077675079292
778,P2,9541.450721056077
776,P2,9541.45655402636
782,P3,9541.664429732622
760,P3,9542.391622801098
728,P6,9542.927239473853
770,P1,9542.97886394146
717,P6,9543.0156939529
747,P2,9543.169473795362
786,P3,9543.461981224915
716,P5,9544.064416906445
779,P1,9544.739243372522
781,P3,9545.15514781809
758,P3,9545.612703191611
708,P5,9546.172571983572
756,P5,9546.331173525903
777,P2,9546.699636710162
762,P3,9547.879019327609
710,P3,9547.946822327114
665,P6,9548.777929733962
762,P3,9549.941014957865
740,P3,9550.974894470175
728,P6,9551.86217401605
776,P2,9551.97191075174
707,P6,9553.284529947021
767,P3,9553.392698309035
748,P5,9553.877766527065
756,P6,9554.279269317547
773,P3,9555.225009730466
708,P5,9555.436522149881
693,P6,9556.128732571085
758,P5,9556.450950114866
728,P6,9556.603309431988
780,P3,9556.903249648522
718,P6,9557.393136962079
699,P6,9557.460739339582
763,P2,9557.707312747736
791,P2,9558.315409783962
792,P3,9558.90475646009
770,P2,9559.452047714567
715,P3,9559.60254449341
741,P6,9560.432998822855
712,P6,9560.446666502525
744,P6,9560.564620853727
774,P2,9560.992568981934
707,P6,9561.074684564264
767,P3,9562.05220218847
782,P3,9562.174467988842
738,P6,9562.529680680047
777,P2,9563.515597336998
771,P2,9564.15457607668
788,P3,9564.493950599717
773,P3,9564.8007477157
779,P1,9564.835572834078
691,P7,9564.931346865935
793,P1,9565.940708864753
723,P5,9566.56767372461
714,P3,9569.536047764097
722,P5,9569.796010761793
778,P2,9570.154965369005
785,P2,9570.622588962726
775,P2,9571.226542652654
718,P6,9571.4911554606
779,P2,9571.678566635272
747,P2,9572.537046396817
753,P7,9572.558624786858
776,P2,9572.631397312614
750,P3,9572.802290665373
771,P2,9572.81176979758
789,P1,9573.20635696297
777,P2,9573.472081781036
788,P3,9573.494336364958
707,P6,9573.659926959224
665,P6,9573.664520484446
787,P2,9574.104441789954
769,P3,9575.643064161217
782,P3,9575.739533717267
699,P6,9575.765343423764
744,P7,9576.769231573424
691,P7,9577.415094432376
770,P2,9577.677366995566
773,P3,9578.604576132517
718,P6,9578.831054033752
792,P3,9579.554801497496
760,P3,9580.019915287163
726,P6,9580.456478024678
714,P3,9580.638472275039
782,P3,9580.643832212601
722,P5,9580.646190848774
754,P5,9581.431105434312
719,P7,9582.064931300965
763,P2,9582.378026662922
771,P2,9582.616243398583
721,P5,9582.665787198566
766,P1,9584.515857367729
786,P3,9584.721750553446
784,P2,9586.499985245795
712,P6,9587.06220063796
741,P6,9588.439533281762
792,P3,9588.535705843953
743,P5,9588.549120457474
689,P5,9589.91256365549
763,P2,9589.983010280983
778,P2,9590.48533284327
771,P2,9592.18282974767
782,P3,9592.71363902731
728,P6,9593.209058902215
756,P6,9593.353175425596
712,P6,9593.716373099012
691,P7,9594.196577158173
776,P2,9594.402717163925
795,P2,9595.439404226885
754,P5,9595.497567174143
779,P2,9595.715192627584
777,P2,9596.763421582373
716,P5,9597.600552678143
722,P5,9598.009610345633
770,P2,9598.036805798907
708,P6,9598.097201880239
780,P3,9598.432393239378
763,P2,9598.76897804916
736,P5,9598.83432710569
747,P3,9598.891125109634
766,P1,9600.406255290074
726,P6,9600.824637355432
718,P6,9600.866386118756
689,P5,9600.969280974634
691,P7,9601.808130537907
786,P3,9601.933812839372
789,P1,9601.985427418247
774,P2,9603.954938939032
737,P5,9603.976836294254
740,P3,9604.59213180677
707,P6,9604.62765363021
773,P3,9604.900056209779
790,P1,9605.264737807274
699,P6,9606.373750909108
795,P2,9606.72448734394
714,P3,9609.350812993362
778,P2,9609.429313214576
776,P2,9610.71383958877
766,P1,9610.763138600212
769,P3,9610.936231432855
783,P5,9610.943708254137
719,P7,9611.077869197114
708,P6,9611.151208386704
775,P2,9611.85133054869
760,P3,9611.975152971138
771,P2,9612.599468945155
735,P3,9612.971677084552
788,P3,9613.473875452792
744,P7,9613.950795864563
787,P2,9613.963248700617
773,P3,9614.788057276799
708,P6,9615.659035839479
785,P2,9615.694063075729
797,P3,9616.294061863922
796,P1,9616.360869975702
760,P3,9616.527823331924
754,P5,9618.085849913326
791,P2,9618.385589313804
784,P2,9618.468143496755
793,P1,9619.005119027363
741,P7,9619.587941415522
780,P3,9620.212879134438
665,P6,9620.30016484751
788,P3,9620.648555094049
718,P6,9620.79851978199
766,P1,9622.080851841634
739,P6,9622.18293171036
786,P3,9622.194994570546
738,P6,9623.556850107781
779,P2,9624.265076675734
712,P6,9624.374757305848
699,P6,9625.549908866778
748,P5,9625.911483492602
728,P6,9626.103525256089
721,P5,9626.347958525348
792,P3,9626.603447694582
708,P6,9626.685236298239
774,P2,9626.975539921215
690,P6,9627.097376426373
707,P6,9627.32739742816
793,P1,9627.452705289861
778,P3,9627.742371560691
737,P5,9628.37586943571
786,P5,9628.404033190986
693,P6,9628.487441807809
770,P2,9628.638191640846
758,P5,9628.816514750348
797,P3,9629.17587903862
738,P6,9629.878937966907
783,P5,9630.03488153448
760,P3,9630.4545390994
745,P6,9630.781410057678
691,P7,9631.845741177593
776,P2,9632.615748276094
788,P3,9632.737987854956
777,P2,9633.81983291045
726,P6,9634.420120398932
768,P3,9634.919043012336
793,P2,9634.998519199924
779,P2,9635.420986456305
693,P6,9635.495689860058
740,P3,9635.774233189582
707,P6,9636.013355370647
798,P2,9636.27906798777
739,P6,9636.628076299832
690,P6,9636.65675524485
794,P2,9636.932023452393
778,P3,9637.05376175121
781,P3,9639.093146731013
718,P6,9639.20571331307
736,P5,9639.311854845037
768,P3,9640.52816594041
722,P5,9641.442675197834
693,P6,9642.014510098028
793,P2,9642.195505142554
787,P2,9642.856066965418
785,P2,9643.004571833739
707,P6,9643.347851278422
739,P6,9643.727536821936
794,P2,9644.252919254524
691,P7,9644.628787315813
777,P2,9644.920604513378
799,P3,9644.943210345855
712,P6,9646.607675366657
708,P6,9646.723334068163
766,P2,9647.315764196535
770,P2,9648.314326325322
737,P5,9648.56357940997
797,P3,9648.635696965759
786,P5,9648.750410707424
721,P5,9648.803652576164
739,P6,9650.217421365445
722,P5,9651.05418355376
763,P2,9652.031641982261
779,P2,9652.370051105092
745,P6,9652.458865054361
775,P2,9652.46203270891
799,P3,9652.48319830341
776,P2,9652.982920247083
787,P2,9652.990153643299
791,P2,9653.140538660522
769,P3,9653.436948053906
763,P3,9655.153409286722
797,P3,9656.360947064222
741,P7,9656.447884018362
737,P5,9656.645199455566
745,P6,9656.846208426636
747,P3,9659.14268097284
738,P6,9659.992560351317
718,P6,9660.082509340476
793,P2,9661.248186247132
783,P5,9661.263703441664
791,P3,9661.29585831019
739,P6,9661.466271641908
707,P6,9662.112996006052
726,P6,9662.404660655246
799,P3,9662.939624702627
689,P6,9663.239221269707
787,P2,9663.271981883046
774,P3,9663.635399956058
779,P2,9665.070018455277
790,P1,9665.601252279364
740,P3,9666.39296623138
797,P3,9667.36825834772
801,P3,9667.479090540575
795,P2,9667.78365248429
769,P3,9668.476164895406
784,P2,9668.628258485316
741,P7,9669.12370975568
737,P5,9669.177751061527
766,P2,9669.951166814506
786,P5,9670.59166015598
714,P3,9670.667086188307
751,P7,9671.566794028684
739,P6,9671.57452525982
689,P6,9671.850303775118
760,P3,9672.295673202001
779,P2,9672.768338613707
785,P3,9674.24959575324
775,P2,9675.157519888367
778,P3,9676.572635972154
737,P5,9677.972476372233
788,P5,9679.015353578898
689,P6,9679.055155708265
799,P3,9679.262301212277
714,P3,9679.784793604986
734,P6,9679.858517180117
743,P5,9680.533362799619
772,P6,9680.73078190113
785,P3,9680.75299868926
793,P2,9681.107570031758
774,P3,9683.796283058167
787,P2,9684.46782707983
762,P3,9684.907875344918
781,P3,9685.538632386237
800,P1,9685.914847426959
699,P6,9686.150062733117
797,P3,9687.338976627407
766,P2,9687.4846205286
754,P5,9688.669632536748
747,P3,9689.181651282674
796,P1,9689.262456769857
758,P5,9690.250684731182
770,P2,9690.43167695956
716,P6,9690.600575170569
714,P3,9691.305151343
767,P5,9691.462856408729
726,P6,9692.847403142201
776,P2,9693.910516512948
690,P6,9694.215846819665
771,P3,9694.953019046488
797,P3,9696.443655128614
735,P3,9697.069717482758
787,P2,9697.256153372766
739,P6,9697.510141075032
778,P3,9697.636369472832
721,P5,9698.065891320122
796,P1,9698.975073444306
708,P6,9699.152141110482
745,P6,9699.33423240615
786,P5,9699.567900750731
798,P2,9699.620284269731
767,P5,9699.641853191855
758,P5,9699.713434461708
747,P3,9699.93298530322
738,P6,9699.980680611281
801,P3,9700.22753955473
777,P3,9700.449791820496
791,P3,9701.941731376379
751,P7,9702.928983807973
789,P1,9704.099363157653
728,P6,9704.406719140918
762,P3,9704.741781374623
721,P5,9705.88119230687
790,P1,9705.927453174505
707,P6,9706.368212160794
734,P6,9706.869874739952
786,P5,9707.58700276077
802,P1,9707.70933989647
708,P6,9707.79495980001
758,P5,9708.391185081391
766,P2,9709.076540065544
801,P3,9709.11315748721
770,P2,9709.258104817125
767,P5,9709.364126854356
714,P3,9709.852416910306
780,P3,9711.109428226757
735,P5,9711.902387757
689,P6,9712.258080635236
804,P1,9713.263483663126
774,P3,9713.487012971369
766,P2,9713.643026313997
739,P6,9713.788981982736
777,P3,9714.695157746184
790,P1,9715.077163669861
740,P3,9715.171921801419
721,P5,9715.732109792925
799,P3,9716.276586879429
793,P2,9716.430334892268
787,P3,9716.55237972546
690,P6,9716.782612899933
803,P1,9717.12766482645
778,P3,9717.400398187536
804,P1,9717.578660867452
770,P2,9717.780515423894
779,P2,9717.91592427025
767,P5,9718.16447529317
800,P1,9718.869222055051
794,P2,9719.877612433396
786,P5,9720.087791214437
708,P6,9720.669035533718
788,P5,9720.80884875233
776,P2,9721.162577785868
735,P5,9721.558852653923
722,P5,9721.948915240177
762,P3,9722.06069678766
728,P6,9722.431641442085
775,P2,9722.692529873875
783,P5,9722.838739778894
693,P6,9724.252942037208
748,P5,9725.329435612479
789,P1,9725.47436663588
795,P2,9725.513749193298
781,P3,9725.56071071869
793,P2,9725.664134910046
766,P2,9725.839419918148
772,P6,9726.015996942808
690,P6,9726.873604394632
804,P1,9729.259198189402
778,P3,9729.298255428874
735,P5,9729.48163918307
767,P5,9729.667516454461
789,P1,9729.859305835223
784,P2,9731.561509094177
775,P2,9731.624138551357
706,P7,9731.839094539433
714,P3,9732.165745458817
762,P3,9732.581456989525
739,P6,9732.983962728607
791,P3,9733.067279295356
805,P2,9733.223700768105
785,P3,9733.22944664752
779,P2,9733.954793278368
707,P6,9734.415520627223
771,P3,9735.6189589434
793,P2,9735.842490448542
769,P3,9735.862609678094
783,P5,9738.137649333235
762,P3,9738.678085294758
807,P1,9739.786788715805
781,P3,9740.080662445609
793,P2,9740.84436410738
716,P6,9741.148367097298
735,P5,9741.49051108777
707,P6,9741.895749700141
774,P3,9742.041859174094
722,P5,9742.584318499616
806,P1,9744.533377200309
769,P3,9744.567743374162
737,P6,9744.736361815285
690,P6,9744.9113523028
751,P7,9745.607184507538
790,P1,9746.38055937272
767,P6,9747.916518667815
722,P5,9748.234583793212
801,P3,9748.93244287183
807,P1,9749.120829268875
798,P3,9749.13534767103
786,P6,9749.457237225191
788,P5,9749.708275211582
738,P6,9750.472128419413
714,P3,9751.078442838703
782,P5,9751.677636691273
708,P6,9752.566555916233
779,P2,9752.840260202327
785,P3,9753.2105087879
748,P5,9753.526733503333
776,P3,9753.95704831166
793,P2,9754.779078774067
799,P3,9754.801887837943
740,P3,9755.499372773267
722,P5,9755.664271357007
766,P2,9755.832457480625
716,P7,9756.294826424488
690,P6,9756.84678788884
783,P5,9757.778230414693
784,P2,9758.146907848502
808,P1,9760.110800713817
747,P3,9760.626384580608
739,P6,9761.283256963392
810,P1,9761.342773738967
778,P3,9761.359897236673
788,P5,9761.956530045378
796,P1,9762.117528841578
809,P2,9762.754659972608
776,P3,9763.040890430353
798,P3,9763.105678217973
784,P2,9764.448667738574
757,P6,9765.330991747274
787,P3,9766.213865322647
693,P6,9766.453623803061
790,P1,9766.57923672352
770,P2,9766.785901189447
777,P3,9766.818305452183
738,P6,9767.06355332023
796,P1,9767.260130431188
721,P6,9767.937381953325
735,P5,9768.6650738714
793,P3,9769.03523129959
754,P5,9769.60799078282
800,P2,9769.782837341418
776,P3,9771.610592100647
782,P5,9771.632925787291
810,P1,9772.223288925292
762,P3,9774.251984547001
790,P1,9774.64247153191
706,P7,9774.90684060424
716,P7,9775.21782006502
785,P3,9775.275034106642
721,P6,9775.358516050368
787,P3,9775.7736987869
708,P6,9777.28260316545
807,P1,9777.457194367733
763,P3,9777.54635953654
794,P3,9777.895987962855
803,P1,9778.697853134745
770,P2,9779.616185046101
797,P3,9779.74080333201
778,P3,9779.78962899139
767,P6,9779.832610815769
810,P1,9779.90897862194
784,P2,9780.010752310885
747,P3,9780.117778821843
801,P3,9780.272349644076
793,P3,9781.186093007891
789,P1,9781.274782630126
798,P3,9781.366205039772
794,P3,9782.770728484556
737,P6,9783.137902435086
735,P5,9783.247786612656
779,P2,9783.375087633043
771,P3,9783.394916904967
775,P3,9785.098316999276
784,P3,9785.824712349366
769,P3,9785.863765549908
776,P3,9786.72062306515
777,P3,9786.73535151184
781,P3,9787.202565485135
802,P1,9787.619577283762
767,P6,9788.734412989044
735,P5,9789.252041559439
766,P2,9789.30155234738
800,P2,9789.525181654917
706,P7,9790.670066473449
782,P5,9790.789399374189
805,P2,9790.80006812821
809,P2,9791.239573452134
739,P6,9791.771664330858
716,P7,9792.01807212969
784,P3,9793.435711698745
790,P1,9793.6785371114
775,P3,9794.138474289892
779,P3,9794.926468921767
789,P1,9795.135758068132
785,P3,9795.44683374652
777,P3,9796.066428799564
806,P1,9796.546149863912
794,P3,9797.175812796502
808,P1,9797.403536488673
748,P5,9798.722813625158
716,P7,9799.180810303757
722,P6,9799.386261525515
782,P5,9799.51146051569
778,P5,9799.711061480539
797,P3,9801.024145189747
770,P2,9801.072948288645
771,P3,9801.331901496585
739,P6,9801.371125316573
805,P2,9801.564471906411
775,P3,9802.525588695022
812,P1,9803.186622141407
810,P1,9803.187632499787
787,P3,9805.276638133073
769,P3,9807.22784384785
790,P1,9807.962002214577
802,P1,9808.16551890936
810,P1,9808.322835876928
811,P3,9809.176484207132
706,P7,9809.565488090004
738,P6,9810.657385691133
782,P5,9810.931290662242
805,P2,9811.811740129064
739,P6,9812.169494768817
808,P1,9812.182804290313
721,P6,9812.4639809828
812,P1,9813.757705918173
769,P3,9814.54500657098
722,P6,9814.67651193039
784,P3,9815.431829906749
721,P6,9815.778123916378
748,P5,9815.873267062118
737,P6,9816.142836928273
783,P5,9816.73792758033
781,P3,9817.660190657978
797,P3,9817.79006003709
793,P3,9818.428883356397
735,P5,9819.382818881304
734,P7,9821.345167746378
757,P6,9821.375642760273
807,P1,9821.455605493758
804,P2,9821.61733979144
706,P7,9822.267967498907
789,P2,9822.64596444963
802,P1,9822.659525113175
794,P3,9823.431974565925
769,P3,9823.601793739788
812,P1,9824.030694148842
799,P3,9825.320673572349
776,P3,9825.942786010939
773,P5,9825.986384346697
803,P1,9826.262712730795
777,P3,9827.022700100213
781,P3,9827.339552756679
782,P5,9828.265748171725
779,P3,9828.31337062737
804,P2,9828.748988882593
767,P6,9828.783871014866
796,P1,9829.011987049036
810,P1,9829.42349617699
757,P6,9829.637635671363
791,P3,9829.862435454275
809,P2,9830.231983501688
733,P6,9830.24077877848
763,P3,9830.756182372572
708,P6,9831.119879201888
797,P3,9831.631815762725
747,P3,9832.072914579705
738,P6,9832.17070179066
807,P1,9833.305564860344
812,P1,9833.95954280213
788,P6,9834.279167179244
811,P3,9835.340877922896
810,P1,9835.885811748045
779,P3,9837.553872206996
787,P3,9837.81636603182
716,P7,9838.032660427598
813,P3,9838.374292812901
747,P3,9838.558581077095
802,P1,9839.037622021931
770,P2,9839.166151092828
805,P2,9839.587562006822
799,P3,9839.592487292295
767,P6,9841.943826053332
748,P6,9841.997659840707
785,P3,9842.132480610053
739,P6,9842.352919418829
734,P7,9842.629979542842
738,P6,9842.721709449997
737,P6,9843.945513577812
787,P3,9844.48782616334
788,P6,9844.72534542394
763,P3,9844.787840642057
773,P5,9845.466892919814
784,P3,9846.12445056977
780,P3,9846.478511038986
754,P5,9848.407049879326
807,P1,9848.749940241734
802,P1,9848.823890540616
816,P1,9849.893975756124
767,P6,9850.184939133547
808,P1,9850.548253828749
748,P6,9850.80913940791
796,P2,9851.076151680189
793,P5,9851.698548716893
775,P3,9852.361045825166
806,P2,9852.477247763505
791,P3,9852.577348346616
778,P5,9853.331449471529
795,P2,9854.490425790433
811,P5,9854.507687563235
781,P3,9855.976543369869
763,P3,9856.605328191637
790,P1,9856.831322010057
731,P7,9856.959412315096
716,P7,9857.38160147408
783,P5,9857.98519063973
799,P3,9858.103819100976
757,P6,9858.172755815529
815,P1,9858.34833639101
803,P1,9858.955321239944
788,P6,9859.243713896105
733,P6,9859.68640827828
797,P3,9860.191467929793
708,P6,9860.697684991484
794,P3,9860.757790298938
769,P5,9860.82247782466
790,P1,9861.074439574013
806,P2,9861.173890889457
789,P2,9861.990429850921
813,P3,9862.762184934505
793,P5,9862.790123788624
800,P2,9862.916279260546
805,P2,9864.862702049588
734,P7,9865.550089758239
811,P5,9866.144259371298
792,P7,9866.193281420528
795,P2,9866.66426966074
781,P3,9866.713656354517
799,P3,9866.9286799761
716,P7,9867.367308578583
779,P3,9867.853139299936
750,P5,9867.936268276053
708,P6,9868.05900895013
763,P3,9868.226201252524
797,P3,9868.971710907046
754,P5,9869.240849518646
794,P3,9869.82082141265
815,P1,9869.860596702096
796,P2,9870.32921091469
757,P6,9870.581811103551
803,P2,9871.309477597608
810,P1,9871.361207790456
733,P6,9871.390205400205
806,P2,9871.66486039995
805,P2,9872.293158212906
818,P3,9872.770199498515
763,P3,9873.26948341525
769,P5,9873.288118341821
793,P5,9873.312198956324
787,P3,9873.810321988383
737,P6,9875.789704044706
802,P1,9876.026811208136
790,P1,9876.634247374304
799,P3,9876.719083311616
721,P6,9877.736165040926
797,P3,9878.268862811668
804,P2,9879.641960007446
735,P6,9879.753853243605
811,P5,9879.79489142762
757,P6,9880.184381965035
722,P6,9880.47492614238
748,P6,9880.479315559605
716,P7,9880.620237133278
766,P3,9880.761511807857
775,P3,9880.83503727457
796,P2,9880.85173246839
810,P1,9881.219145209021
781,P3,9881.438224254784
787,P3,9881.688572745825
769,P5,9882.977161206853
708,P6,9883.27181555227
733,P6,9883.465777980793
800,P3,9883.670019654215
735,P6,9884.18950141066
782,P6,9884.248767132676
754,P5,9885.639825206947
803,P2,9885.737129037778
816,P1,9885.942726267247
773,P5,9886.37827614335
802,P1,9886.795004005193
791,P5,9887.057682287903
722,P6,9887.565666882028
811,P5,9887.702029645954
721,P6,9888.25559102298
818,P3,9889.432975712145
819,P1,9889.998422823906
790,P1,9890.166387858553
814,P2,9890.837237143985
733,P6,9891.313232136923
767,P6,9892.241335683591
817,P1,9892.92451140859
810,P1,9893.16719351295
785,P3,9893.5942170953
811,P5,9893.620648311951
776,P3,9894.423201284346
794,P3,9894.609695567959
773,P6,9894.628764199519
795,P2,9895.722653836343
781,P3,9896.077161583213
799,P3,9896.958671067861
783,P6,9897.65656359125
797,P3,9898.07146806977
792,P7,9898.723675458534
770,P2,9898.998359533103
767,P6,9899.119523251526
808,P1,9899.594956136774
807,P1,9900.228230099941
766,P3,9900.666359031058
793,P5,9900.829065561085
778,P5,9901.006462012867
776,P3,9901.616518537225
796,P2,9902.003242863315
821,P1,9902.313501951516
817,P1,9902.70642160947
754,P5,9902.734579185435
789,P2,9902.789749226262
800,P3,9902.811899122049
814,P3,9902.872794359595
819,P1,9903.395499819928
721,P6,9904.637208058224
739,P6,9904.665567432008
815,P1,9904.893427247423
820,P3,9907.384223649999
817,P1,9908.157301853784
808,P1,9908.471279924697
781,P3,9909.045760851179
748,P6,9909.497400090271
738,P6,9909.677843804131
733,P6,9910.073413273627
797,P3,9910.806423585098
807,P1,9911.187747521253
775,P3,9911.391169617282
770,P2,9911.837803286238
805,P2,9912.07146625632
816,P2,9912.241723797704
785,P3,9912.278398051867
708,P6,9912.426766616925
787,P5,9912.66085397868
814,P3,9913.014998315053
820,P3,9913.499472076825
812,P1,9914.024919980406
737,P7,9914.25694253059
795,P2,9914.653250912823
805,P3,9915.642031140802
792,P7,9915.888351439113
802,P1,9917.073335994388
822,P3,9917.484805833412
750,P5,9917.788317090348
811,P5,9917.89250676793
722,P6,9918.660332243091
769,P5,9919.102634415218
735,P6,9919.669617489695
815,P1,9919.747986552196
779,P3,9919.9641870576
814,P3,9919.990687948533
812,P1,9920.65854978759
731,P7,9920.924726950427
808,P1,9921.486196612635
816,P2,9921.525425306136
804,P2,9921.961537267855
790,P1,9922.807504818516
807,P2,9923.698122153704
799,P3,9923.85063450799
775,P3,9924.003224850208
795,P2,9925.191463880783
721,P6,9925.542298894574
818,P3,9925.573336755948
766,P3,9925.730479406377
811,P5,9926.950697319427
788,P6,9928.664900804226
817,P1,9929.097076477075
587,P7,9929.241196510917
789,P3,9930.188730486381
822,P3,9931.217944613176
778,P5,9931.278057737041
813,P3,9931.478288896178
816,P2,9932.44293211419
797,P3,9932.889473511676
787,P5,9933.259296242886
766,P3,9933.29078623192
779,P3,9934.095221551572
731,P7,9934.104314184768
810,P2,9934.51820147463
797,P3,9934.83830835786
803,P2,9934.893938825851
800,P3,9935.353013765756
791,P5,9936.590125086148
721,P6,9936.660616097943
804,P2,9938.1360197897
764,P7,9938.582693146598
822,P3,9941.414812367935
738,P6,9942.73788522818
817,P1,9942.8324122055
766,P3,9943.83468681413
813,P3,9944.186612760597
800,P3,9944.317349440173
737,P7,9944.750482599999
820,P3,9945.060738106064
810,P2,9945.70565723642
721,P6,9945.746648647419
773,P6,9946.618961157441
790,P1,9947.1321753514
822,P3,9947.550647017286
733,P6,9947.625436372495
781,P3,9949.715383642908
816,P2,9950.948004704343
811,P5,9952.439072046962
775,P3,9952.730209781577
800,P3,9952.775061119346
789,P3,9953.236504469094
815,P1,9953.538373416575
795,P2,9953.849171362146
790,P1,9954.4144964047
770,P2,9954.729654980078
739,P6,9955.500873938623
721,P6,9956.548616615852
817,P2,9956.742662132092
778,P5,9956.785921264134
799,P5,9957.106297462311
783,P6,9957.574221425606
587,P7,9959.00971390069
767,P6,9959.086062065619
769,P5,9959.721251403083
773,P7,9959.760400464911
754,P5,9959.869293017695
735,P6,9961.14315268789
733,P6,9961.47173499021
708,P6,9961.624105814968
766,P3,9961.80634217312
813,P3,9962.029373979996
800,P3,9962.21304969368
807,P2,9962.43127576583
815,P1,9962.483282247626
812,P1,9962.578384502754
809,P2,9963.047899790503
821,P1,9963.126289259919
808,P2,9963.31752398329
761,P6,9964.705283111605
818,P3,9965.325949358756
781,P3,9966.614172509904
806,P3,9967.309291227104
767,P6,9967.681425055387
822,P3,9967.903468758706
731,P7,9968.013796599671
799,P5,9968.068817594829
802,P1,9969.450231787449
722,P6,9969.636404280825
804,P2,9970.020496780206
813,P3,9970.052679971162
754,P5,9970.520489371183
816,P2,9970.82190585696
821,P1,9971.145883836203
748,P6,9971.931779261206
815,P1,9971.936768218207
793,P6,9972.448598498342
789,P3,9972.65291016655
787,P5,9973.160077693357
796,P2,9973.4382008803
761,P6,9973.89733423863
810,P2,9974.136080575121
779,P3,9974.207789295511
811,P5,9974.502767767195
805,P3,9974.699101325476
731,P7,9974.812758601098
795,P2,9975.912478484228
767,P6,9976.236206747264
819,P2,9976.319792076109
799,P5,9977.54259258843
802,P1,9977.682035657825
822,P3,9978.090676304133
770,P2,9978.550802812471
815,P1,9978.587540296148
781,P3,9978.651796788443
813,P3,9979.89161770555
761,P6,9980.664605425782
587,P7,9981.000238575145
789,P3,9982.796502962174
766,P3,9983.168305082756
750,P5,9983.196780785915
816,P2,9984.101086237783
793,P6,9984.870325498932
731,P7,9985.026799971069
737,P7,9985.478969638252
721,P6,9986.317071161524
708,P6,9988.341445963144
806,P3,9988.372712303102
803,P2,9988.537916249576
813,P3,9988.888028824647
788,P7,9989.181282423517
781,P3,9989.285371139662
796,P2,9989.372082342274
808,P2,9989.977274818404
761,P6,9990.20685458429
731,P7,9991.055717408884
800,P3,9991.849007186795
823,P3,9991.882797590628
816,P2,9992.066384380018
770,P2,9992.897033939758
789,P3,9993.812184834842
787,P5,9995.303606291027
803,P2,9996.998691380542
817,P2,9997.207905920148
809,P2,9998.50570802031
764,P7,9999.713539154074
804,P2,10001.033854360427
775,P3,10001.076855288831
715,P6,10002.249635215529
773,P7,10002.479046680637
814,P3,10002.56404030561
813,P3,10002.936696988161
820,P3,10003.046189986686
800,P3,10003.220356336376
821,P1,10003.403181053509
791,P6,10003.451103147323
787,P5,10004.395944270873
735,P6,10006.399455844408
802,P1,10007.575244432493
822,P3,10009.700085132718
769,P5,10009.912476295787
791,P6,10009.93511439511
722,P7,10010.083977867876
809,P2,10010.148338685543
807,P2,10010.260931040062
817,P2,10010.925495237305
804,P2,10011.167980985734
775,P3,10011.78557180697
814,P3,10012.519109752517
766,P3,10012.848053118872
754,P6,10012.85686619575
812,P2,10012.926687137659
803,P2,10013.057001751837
735,P6,10014.072704780612
789,P3,10014.110858636319
821,P1,10014.172767109363
810,P2,10014.286058349038
813,P5,10015.070166811558
823,P3,10015.13601034067
800,P3,10015.877610010206
787,P5,10015.887764444098
750,P6,10017.672620043419
770,P2,10018.184138380537
822,P3,10018.190183389142
806,P3,10018.923897022318
768,P7,10019.258155408023
815,P1,10021.729890503775
824,P1,10022.675383446582
813,P5,10022.862995143843
787,P5,10023.256255944569
825,P1,10023.39357715343
795,P2,10023.733597464321
789,P3,10023.809749352595
790,P1,10025.330905549792
818,P3,10026.151361833372
803,P2,10027.86231195267
587,P7,10028.104535719143
770,P2,10028.320710342854
823,P3,10028.831534100873
768,P7,10030.310439975088
822,P3,10030.792481393193
799,P5,10030.828042993518
824,P1,10031.087084753577
788,P7,10031.277200163986
816,P2,10031.98358341726
815,P1,10032.01922075124
821,P1,10032.504953072788
800,P3,10033.01096109527
820,P3,10033.280204320768
754,P6,10033.299806614865
722,P7,10033.75561810226
799,P5,10036.589173720065
817,P2,10037.39064657217
790,P1,10037.61953722416
789,P3,10038.13218957747
768,P7,10038.969684181844
735,P6,10039.202155931409
750,P6,10040.093453590103
587,P7,10040.879306980192
808,P2,10040.93867600765
800,P3,10041.377908114206
788,P7,10041.45328526243
798,P7,10042.038602008226
733,P6,10042.253701658137
811,P5,10042.783809127193
787,P5,10043.726347117003
817,P2,10043.759801383994
715,P6,10044.068766341848
761,P6,10044.286866482298
790,P1,10045.157649154147
735,P7,10045.295199095757
795,P2,10046.285170302348
766,P3,10046.388545044098
827,P2,10046.703949564
808,P2,10047.479624120231
798,P7,10048.108036177193
780,P6,10049.7857800967
796,P3,10050.614933375535
769,P5,10051.13292247589
812,P2,10052.409079009087
810,P2,10052.992600098327
775,P3,10053.39957980424
803,P2,10053.686357744366
804,P2,10054.11045396581
819,P3,10054.478570848818
735,P7,10054.51089129645
781,P3,10054.922749046647
789,P3,10055.530654380593
715,P6,10056.134125271941
796,P3,10057.49412157484
820,P5,10058.439600015185
790,P2,10058.650952761494
823,P3,10059.663877367742
810,P2,10062.010392935304
807,P2,10062.095862366477
754,P6,10062.238778596047
816,P3,10062.269182644506
775,P3,10062.862422004091
794,P6,10064.075506035453
811,P5,10064.961495986881
825,P1,10064.98779752308
788,P7,10065.022639585728
722,P7,10065.802955717687
819,P3,10066.038003264648
802,P1,10067.77242408057
815,P1,10068.924332026938
826,P1,10069.518587191202
820,P5,10069.954479829483
796,P3,10070.163611131034
781,P5,10070.340188140714
817,P2,10070.449172726725
790,P2,10070.526916338398
823,P3,10070.659587169506
816,P3,10070.807025640852
802,P2,10071.653525700667
812,P2,10071.907875825802
775,P3,10072.416966808996
804,P2,10072.712080262327
817,P3,10072.827131830218
750,P6,10072.86248937307
733,P6,10073.150502705734
824,P1,10073.198383097326
780,P6,10073.760583654914
807,P2,10074.771265211122
810,P2,10075.53817857559
735,P7,10076.05999493318
826,P1,10077.437017853046
828,P2,10077.56781435688
781,P5,10077.800431740208
820,P5,10078.576094929174
768,P7,10079.0644568219
808,P2,10079.818440388939
815,P1,10080.278883999963
775,P3,10080.343877975081
722,P7,10080.522874256076
587,P7,10081.411655958742
780,P6,10081.547277221036
825,P1,10081.61348413877
810,P2,10083.00366120237
715,P6,10083.083081996863
788,P7,10083.811864224259
802,P2,10083.886452647106
799,P5,10084.300728078288
826,P1,10085.027248817114
766,P3,10085.316532100689
789,P5,10085.33460902339
827,P2,10085.902635970206
819,P3,10086.150994614682
813,P5,10086.589220401498
759,P6,10086.793358261395
790,P2,10087.303642540548
805,P3,10087.470381796495
750,P6,10087.604566357448
817,P3,10089.017834579661
822,P3,10089.200050853517
808,P2,10090.018234169866
807,P2,10090.26168533591
749,P5,10090.46482919829
809,P2,10090.948628520602
770,P2,10091.66904319816
802,P2,10091.810758983884
775,P3,10092.113883966218
766,P3,10092.364363724366
788,P7,10093.615551845765
820,P5,10093.649696276805
794,P6,10093.710791255444
733,P6,10093.767616548595
813,P5,10095.19414109554
819,P3,10095.635793379011
733,P6,10097.743780145038
830,P1,10098.38568663317
784,P6,10098.796637621368
790,P2,10099.096266821192
796,P3,10099.212577825496
815,P1,10099.373156171572
759,P6,10100.11447144555
832,P1,10100.741344657159
803,P3,10100.937533215525
804,P2,10101.047079268172
769,P5,10101.23667900413
809,P2,10102.112820779023
827,P2,10102.181616248214
787,P5,10102.623017176154
715,P6,10103.661894744657
819,P3,10103.92152725256
750,P6,10104.566743962545
817,P3,10106.748015662362
821,P2,10107.022760725304
587,P7,10107.090862030871
811,P5,10107.956361970864
832,P1,10108.103808831122
587,P7,10108.322023109291
770,P3,10108.420737256254
828,P2,10108.537080960603
833,P3,10108.8028977429
805,P3,10108.929152691428
829,P2,10109.131113447233
831,P2,10109.649598584776
784,P6,10110.353617800352
781,P5,10110.49812264568
796,P3,10110.931691606102
803,P3,10111.210096863026
816,P3,10111.749832657442
733,P6,10112.040797295398
795,P3,10112.528554027998
735,P7,10113.384189221384
800,P3,10113.806507695863
775,P3,10114.407213594692
813,P5,10114.489752332856
820,P5,10115.102754983314
805,P3,10115.484212216375
835,P1,10116.150237639224
801,P6,10116.305268707796
754,P6,10116.643773449012
795,P3,10116.854927513148
799,P5,10117.580832204385
759,P6,10117.638916901074
750,P6,10120.309589033537
815,P1,10120.617782127776
829,P2,10121.126174085617
781,P5,10121.129240039518
587,P7,10121.332093441035
715,P6,10122.398422569571
830,P1,10122.86502539429
831,P2,10122.865350130873
810,P2,10123.074562373542
789,P5,10123.171906546191
766,P3,10123.454802538012
774,P6,10123.756851693335
827,P2,10123.93642359805
821,P2,10124.31094918687
800,P3,10124.320818062157
824,P2,10124.497068066361
829,P2,10124.916370641213
775,P3,10125.380276646123
794,P6,10126.093859668346
774,P6,10126.872237468879
820,P5,10126.963394514974
771,P7,10127.277825487197
784,P6,10127.66813158106
749,P5,10127.714570094899
803,P3,10127.847893049144
776,P7,10128.199507479152
835,P1,10128.994109623898
796,P3,10129.001001403229
768,P7,10129.77535323836
587,P7,10130.483905215226
830,P1,10130.689400348994
836,P3,10131.180850767121
811,P5,10131.242470683159
804,P2,10131.422707038659
715,P6,10132.205208319807
815,P1,10132.418426125441
833,P3,10132.439159526404
761,P6,10132.760356906725
826,P2,10132.988415021357
813,P5,10133.302268055055
816,P3,10133.432284103175
809,P2,10133.735434669192
831,P2,10134.410544067647
787,P5,10134.415180333974
735,P7,10134.662001110399
810,P2,10135.015499402029
777,P6,10135.033984558302
795,P3,10135.298158010506
821,P2,10135.523072051514
820,P5,10135.632879503508
740,P7,10136.405921812617
801,P6,10136.466429614542
800,P3,10136.514341790338
759,P6,10136.89535275826
829,P2,10137.719590576198
796,P3,10138.97383614266
754,P6,10139.031006641875
808,P2,10139.825831239923
804,P2,10140.178295514119
780,P6,10141.104550947592
774,P6,10141.29955792672
807,P2,10141.912592325223
749,P5,10142.05063446761
810,P2,10142.45495705051
809,P2,10142.499395412027
800,P3,10143.27888122372
761,P6,10143.752418528838
715,P6,10144.832927757849
796,P3,10145.718673478808
759,P6,10146.318773481617
811,P5,10146.36615504329
835,P1,10146.442698431085
801,P6,10146.934956266341
813,P5,10147.190435539636
834,P2,10147.776653508006
777,P6,10147.792155158199
828,P2,10148.371191727787
774,P6,10148.6138511437
750,P6,10149.754551065183
827,P2,10150.29310501937
775,P3,10150.50676470174
823,P3,10151.220420413176
822,P3,10151.472799156048
811,P5,10152.885067362928
834,P2,10153.050868690752
732,P5,10153.082851763858
733,P6,10153.42815869512
816,P3,10153.712972142108
810,P2,10154.022494689912
740,P7,10154.321080480368
837,P1,10155.53136171996
790,P2,10156.459754453568
735,P7,10156.777932450617
710,P7,10157.07119232158
820,P5,10157.702862918928
829,P2,10157.746100356122
770,P3,10158.850907374872
776,P7,10158.927337226665
822,P3,10159.145736750184
813,P6,10159.565182375072
587,P7,10159.800835273969
803,P3,10160.277354850927
816,P3,10160.3768036907
817,P3,10160.492631772862
833,P3,10160.746186301594
823,P3,10161.067275566156
781,P5,10161.938499680227
733,P6,10162.488725762678
789,P5,10163.155800083885
794,P6,10163.29815987343
836,P3,10163.437186809673
787,P5,10164.698986526362
811,P5,10165.238607632886
821,P2,10165.946522364202
831,P3,10166.659796356733
827,P2,10166.985894785603
801,P6,10167.0251674465
777,P6,10167.185707772654
784,P6,10168.021138141452
790,P2,10168.835646177455
824,P3,10169.036294798816
808,P3,10169.27835075019
802,P2,10169.33216431589
776,P7,10169.40543183338
807,P2,10169.445511676682
761,P6,10170.78373732629
715,P6,10171.829872359072
769,P5,10171.950024698857
836,P3,10172.262829877247
811,P5,10172.708361776315
733,P6,10172.898679404456
803,P3,10172.991995090875
732,P5,10173.040291848574
794,P6,10173.094207698921
833,P3,10173.198220620443
835,P1,10173.43553789201
710,P7,10173.740104485141
749,P5,10173.75791977579
823,P3,10174.296926483343
825,P1,10174.66796374858
777,P6,10176.710802457415
814,P5,10176.717406922002
829,P2,10176.920595535456
832,P1,10176.943232588335
799,P5,10176.974580867438
804,P2,10177.424694454496
735,P7,10178.1176920598
822,P3,10178.2790995801
795,P3,10178.401319811577
770,P3,10178.576134692246
774,P6,10178.880596569545
781,P5,10180.000188693177
809,P2,10180.48401052243
813,P6,10181.345787627437
833,P3,10181.613815938854
826,P2,10181.695570605954
817,P3,10181.824557728714
740,P7,10182.589443335848
835,P1,10182.817398152287
787,P5,10182.984418313026
824,P3,10183.485936786125
810,P2,10184.049444643104
832,P1,10185.913132916105
735,P7,10186.083042798518
754,P6,10186.258758801925
771,P7,10187.39746377596
780,P6,10188.655201944943
822,P3,10189.092473187171
804,P2,10189.575084212165
814,P5,10189.663491954105
587,P7,10189.764132101636
732,P5,10190.237061027547
824,P3,10190.309878620563
749,P5,10190.444675260482
795,P3,10190.459077390147
787,P5,10190.986576905796
781,P5,10191.436324216329
776,P7,10191.994098811345
801,P6,10193.130628275114
830,P1,10193.220385841989
800,P5,10193.890111220058
828,P3,10194.615974428703
829,P2,10194.654846910493
820,P5,10195.182139808472
735,P7,10195.373952209462
710,P7,10195.458552902071
815,P1,10196.151902110456
754,P6,10196.263703573573
817,P3,10196.301386587376
814,P5,10197.351845210329
789,P5,10197.482719672042
837,P1,10197.781617816896
808,P3,10198.13575936018
715,P6,10198.411323870505
838,P2,10199.004274817917
832,P1,10199.168013029752
799,P5,10199.2738991664
813,P6,10199.719615230797
774,P6,10200.192969029018
781,P5,10200.403804472533
803,P3,10200.919833364418
795,P3,10201.31805686017
834,P2,10201.414570566501
776,P7,10201.81807868197
759,P6,10202.258121786344
587,P7,10202.388843939689
832,P2,10203.083447531571
750,P7,10203.2549387956
821,P2,10203.941461668544
775,P3,10204.442342272123
833,P3,10204.53238958198
838,P2,10204.83555031449
800,P5,10204.872289526069
749,P5,10205.147018700678
754,P6,10206.202084196135
735,P7,10206.315675133212
770,P3,10206.97394142259
814,P5,10207.42613197237
777,P6,10208.826944208902
826,P2,10209.685363446046
781,P5,10209.84460155923
776,P7,10209.926099411714
750,P7,10211.458224995353
815,P1,10211.77646924962
769,P5,10212.506931510314
796,P3,10212.539594450916
829,P2,10214.391738942728
809,P2,10214.400486410777
800,P5,10214.7147556162
834,P2,10215.401299814392
710,P7,10215.81374234927
824,P3,10217.702354981202
780,P6,10219.122429510186
817,P3,10219.149586762758
822,P3,10219.345491898423
815,P1,10219.828162483707
790,P2,10219.901847122499
813,P6,10220.353351312768
831,P3,10220.600453049849
715,P6,10221.174009191893
827,P3,10221.864661915633
795,P3,10222.345356477486
828,P3,10224.554044875946
801,P6,10225.238393441568
829,P2,10226.957519429689
804,P3,10227.527721486464
781,P5,10228.278828987977
796,P3,10228.369713659069
827,P3,10228.757254191209
822,P3,10228.88149311716
774,P6,10228.915129470664
831,P3,10229.078010715328
777,P6,10230.42497019615
835,P2,10231.031257921728
775,P3,10231.292185184995
732,P5,10232.505638286935
842,P1,10232.744438494015
740,P7,10232.950298707314
769,P5,10233.715634709242
838,P2,10235.492448223633
808,P3,10236.0516855927
749,P5,10236.206270227238
822,P3,10236.585856857771
754,P6,10236.644933337982
790,P3,10236.64513461588
839,P1,10238.173794730004
824,P3,10238.332106043023
831,P3,10238.587438484512
775,P3,10239.919755254623
817,P3,10240.161102213962
802,P2,10240.371671949017
826,P2,10241.081573980042
815,P1,10241.695782512174
801,P7,10241.989633855654
750,P7,10242.478254267528
813,P6,10242.847715374324
834,P2,10242.883449130923
749,P5,10242.926082756661
829,P2,10243.451144836212
836,P3,10243.801729328006
715,P6,10244.145033744471
807,P3,10245.242705923158
787,P5,10246.588137827634
843,P1,10246.742387405127
813,P6,10246.787994692957
796,P3,10247.28007278401
759,P6,10247.616975317089
810,P2,10247.695020623798
802,P2,10247.798075727884
821,P2,10247.940355170427
770,P3,10248.523842586297
820,P5,10248.810749616909
587,P7,10249.299356947453
769,P5,10249.763699334948
842,P1,10250.164939025419
822,P3,10251.095715258873
710,P7,10252.83890505814
820,P5,10254.22104083061
775,P3,10254.500170097279
803,P3,10255.248374328052
754,P6,10255.702423087041
838,P2,10257.032536098537
740,P7,10257.38959041343
840,P2,10258.009067211593
808,P3,10258.080883728975
587,P7,10258.149184262627
796,P3,10258.192708544273
759,P6,10258.6317657845
831,P5,10259.322332931431
804,P3,10259.917576922926
823,P3,10260.038486366922
795,P3,10260.07916916488
822,P3,10260.631240347104
843,P1,10260.961820019076
812,P3,10261.085946145871
813,P6,10261.119129204659
827,P3,10261.784272835635
841,P1,10262.22960793779
801,P7,10262.344839076
710,P7,10264.153301510769
740,P7,10264.961993224595
825,P1,10265.20146174227
715,P6,10266.023220464227
830,P2,10266.380866094494
817,P3,10267.46114416265
754,P6,10267.57723023941
759,P6,10267.885300116852
800,P5,10269.120357853755
803,P3,10269.650588556115
809,P2,10271.770685341164
804,P3,10271.788491570946
841,P1,10272.207433329995
807,P3,10272.78209877003
749,P5,10272.952000041972
775,P3,10272.968929698225
825,P1,10273.579093708693
831,P5,10274.714248874498
715,P6,10274.746930990617
827,P3,10275.14786905379
822,P3,10275.202854849924
826,P3,10275.531519585158
812,P3,10275.643739981979
790,P3,10275.951609961934
829,P3,10278.048166331437
821,P2,10278.150137866132
759,P6,10278.200907312463
802,P3,10278.23122564418
777,P6,10278.620324306861
823,P3,10278.924580891355
828,P3,10279.060895480829
813,P6,10279.077439105618
815,P2,10279.102011021023
795,P3,10279.21632982273
750,P7,10279.460978112906
781,P5,10280.08565488977
809,P2,10282.181139688484
775,P3,10282.92882156533
797,P6,10283.47282360516
841,P1,10283.713791299186
800,P6,10284.829848700438
834,P2,10285.73913094317
815,P2,10286.162831223817
836,P3,10286.530681829572
843,P1,10288.452626789816
828,P3,10289.578338181875
831,P5,10291.302431835911
715,P6,10291.422653910782
710,P7,10291.463643710704
781,P5,10291.597012122638
817,P3,10291.719903181718
801,P7,10291.894517437991
825,P1,10292.21597694412
844,P1,10292.462393737555
815,P2,10292.637595729773
800,P6,10292.722704895823
809,P2,10292.88468518609
834,P2,10293.446618500302
701,P7,10293.694178695456
787,P5,10294.454217614013
750,P7,10295.52260718291
802,P3,10295.964803578849
759,P6,10296.055365821583
819,P6,10297.944262252004
817,P3,10298.396103639105
790,P3,10298.775341448156
781,P5,10299.353723858821
841,P1,10299.463789264455
837,P2,10299.601834185542
809,P2,10300.397930813493
844,P1,10300.4390122913
842,P1,10300.582012420053
827,P3,10300.755062431588
836,P3,10302.244059112356
803,P3,10302.468087476862
810,P2,10302.942040376789
822,P3,10303.393095913136
845,P3,10303.524664972356
803,P5,10303.796439944434
701,P7,10303.878342817943
812,P3,10304.150319576771
801,P7,10304.25593864582
715,P6,10304.430755379608
820,P5,10305.719414685675
829,P3,10306.017203671467
775,P3,10306.04947082195
822,P3,10307.8794435447
777,P6,10307.918987299854
790,P3,10308.356383406557
823,P3,10308.790493527586
843,P1,10308.831867619514
759,P6,10309.166609705782
826,P3,10309.841125388726
813,P6,10311.091084324024
824,P3,10311.96657708317
845,P3,10312.099397690996
797,P6,10312.394408640694
775,P3,10312.521675164413
807,P3,10314.46797354884
810,P3,10315.066440206003
844,P1,10315.527496944753
841,P1,10316.237656387439
829,P3,10317.006670405606
838,P2,10317.450667858819
822,P3,10318.22764667246
781,P5,10318.398146275247
809,P3,10319.234289349546
828,P3,10319.479692274614
732,P6,10319.994601095004
825,P1,10320.806655186858
835,P2,10321.08102644578
812,P3,10321.291216936124
777,P6,10321.775791701728
775,P3,10323.388411042852
801,P7,10324.326690719581
750,P7,10324.429174245543
820,P5,10325.21045531062
754,P6,10326.15215230539
829,P3,10326.325209405019
810,P3,10326.485739889195
710,P7,10327.45657637744
750,P7,10328.650379675573
813,P6,10328.802444001252
840,P2,10330.154604433892
781,P5,10331.51165870892
838,P3,10332.294996446832
787,P6,10332.745918925919
841,P2,10332.80069038041
825,P1,10332.900209136822
701,P7,10332.999481066414
775,P3,10333.133962082937
826,P3,10333.24909849424
804,P3,10333.512885014852
844,P1,10333.856522834567
749,P5,10334.649132240183
710,P7,10335.235369052316
807,P3,10335.792861161553
846,P3,10336.023077196734
813,P6,10337.296283852333
802,P3,10337.401571418955
829,P3,10337.479921481121
828,P3,10338.112151330812
803,P5,10339.739054363721
817,P5,10341.34095698684
790,P3,10341.626372569433
840,P2,10341.7055410236
830,P2,10342.70434325822
809,P3,10343.118199994862
845,P3,10343.528785312812
825,P1,10343.655207003216
820,P5,10344.636603696004
831,P5,10345.022884177331
710,P7,10345.383124300202
754,P6,10345.71977263853
848,P3,10345.87578876525
829,P3,10346.04207526156
732,P6,10347.556164457035
812,P5,10347.565566889944
834,P3,10348.872269397665
817,P5,10348.873075623509
823,P3,10349.239758954713
759,P6,10349.765217472903
842,P2,10349.884191691033
803,P5,10351.226328983803
809,P3,10351.499677570278
826,P3,10351.948591684668
845,P3,10354.691058237544
819,P6,10354.886614614865
848,P3,10355.2869926257
820,P5,10356.25230767606
830,P2,10356.91946207745
829,P3,10357.008407586027
754,P6,10357.769889747247
806,P6,10357.856121056739
804,P3,10357.873866996386
750,P7,10358.589219524678
847,P3,10358.656735091034
797,P7,10358.79835702561
812,P5,10358.87532020635
841,P2,10358.920585069181
843,P1,10359.019317626859
817,P5,10359.425579093897
775,P3,10360.679022437529
809,P3,10361.080028210785
845,P3,10361.227667997295
849,P1,10361.233193730483
787,P6,10362.437050477693
820,P5,10362.817748908135
827,P3,10363.113985434029
807,P3,10363.221907115387
838,P3,10363.254590492832
795,P3,10363.342138515573
701,P7,10363.445621712453
821,P3,10364.66805338672
832,P3,10364.833747021949
828,P3,10364.876247540546
790,P3,10365.524699977777
833,P6,10365.614897575539
819,P6,10366.886823390098
815,P2,10367.09989851276
797,P7,10367.175003344955
841,P2,10367.920123012651
844,P1,10369.417001297172
809,P3,10370.762754448331
787,P6,10371.430468232757
781,P5,10371.793771026663
831,P5,10372.605068255338
804,P3,10373.296590004624
803,P5,10373.542317362248
827,P3,10373.896419146267
807,P3,10374.357951730184
808,P3,10374.41375575482
806,P6,10376.20410644468
732,P6,10377.718944309778
843,P1,10378.338124276219
835,P2,10378.539562980737
795,P3,10379.30684894624
841,P2,10379.441478738374
839,P2,10380.557067894937
809,P3,10380.935879688486
838,P3,10381.425768424499
804,P3,10381.635667937673
807,P3,10382.271510190769
845,P3,10382.443650747273
832,P3,10383.769788036067
750,P7,10383.829785516718
847,P3,10384.235247715294
806,P6,10384.957984746336
760,P6,10385.228797273021
815,P2,10386.102856274743
763,P5,10386.107128358228
848,P3,10387.28828564938
839,P2,10387.46787600439
800,P6,10387.872618011308
754,P6,10388.19731946902
787,P6,10388.746491351238
840,P2,10388.844621472133
816,P7,10389.758866914553
797,P7,10389.87220855163
732,P6,10390.003376450937
833,P6,10390.091197165088
845,P3,10390.329654896344
843,P1,10392.088309217335
835,P2,10392.216943465311
826,P3,10393.061159065885
754,P6,10393.563859427642
775,P3,10393.657782129047
809,P3,10394.55800526527
808,P3,10396.022758029134
839,P2,10396.850141516687
843,P1,10397.864661846263
779,P5,10398.029264491302
840,P2,10398.545877019431
849,P1,10399.493471436548
809,P3,10399.589026993264
850,P1,10400.017426211129
816,P7,10400.127885736716
812,P5,10400.831690391253
760,P6,10401.11479313954
827,P3,10401.170405236715
831,P5,10401.4818327221
797,P7,10401.570266215356
845,P3,10403.067651090903
817,P5,10403.388174528074
806,P6,10404.20261440015
844,P1,10405.83196071774
821,P3,10406.07642958083
800,P6,10406.10989679439
842,P2,10407.367680539284
790,P5,10407.392932564686
750,P7,10407.455532621723
834,P3,10407.684400731161
851,P1,10407.844464675743
817,P5,10407.849170119973
816,P7,10407.90036733745
839,P2,10408.28904059561
815,P2,10408.914626008698
835,P2,10409.304432197516
808,P3,10409.967881402847
823,P5,10409.982314613728
802,P3,10410.098913406242
832,P3,10410.266483426147
804,P3,10410.609938930816
781,P5,10410.646768215967
831,P5,10410.967820646867
850,P1,10411.155806071203
848,P3,10411.242435507134
852,P3,10411.632792095364
840,P3,10411.961931782032
795,P3,10412.39750096593
760,P6,10412.896954897173
809,P3,10413.00990906195
827,P3,10413.214768630458
812,P5,10413.336804349514
846,P3,10413.509855573213
829,P3,10414.54243308743
830,P2,10415.16587720014
775,P3,10415.598158880835
831,P5,10415.798293054233
781,P6,10416.079075395846
807,P3,10416.685896513722
850,P1,10416.990056230643
701,P7,10417.158341110504
803,P5,10418.173183292902
802,P3,10418.61721950776
750,P7,10418.754128861321
795,P3,10419.596129847947
834,P3,10419.739928394234
849,P1,10420.155851724368
846,P3,10420.515967646612
824,P3,10420.778899677878
817,P5,10420.8891032517
840,P3,10421.03181013291
804,P3,10421.472792076525
812,P5,10421.687940897607
852,P3,10421.920383601395
760,P6,10422.649328363043
813,P6,10422.784274619476
781,P6,10423.400461691846
838,P3,10423.443901827699
800,P6,10423.45783934842
847,P3,10424.215706989426
853,P2,10424.271807674615
827,P3,10424.595655206844
790,P5,10424.688820209964
816,P7,10424.809375143506
754,P6,10425.660448916882
815,P2,10426.3576269282
802,P3,10427.099616832527
813,P6,10427.565690399688
795,P3,10427.845859229385
841,P2,10427.960800780169
779,P5,10428.077843100693
845,P5,10428.297102402863
843,P1,10429.12227275874
829,P3,10429.346119842012
797,P7,10429.419807169397
853,P2,10430.187028398921
804,P3,10430.592940115988
849,P1,10430.864679452921
803,P5,10430.97978484399
852,P3,10431.208088802085
847,P3,10431.592788075071
832,P3,10432.255871668316
809,P3,10432.821153801993
820,P5,10433.133881143149
787,P6,10433.604211607344
760,P6,10435.115041499166
701,P7,10435.224914101822
846,P3,10435.336508287
754,P6,10436.573587993882
839,P2,10436.93055230103
842,P3,10436.942968378804
797,P7,10438.973022922923
787,P6,10439.469823932746
823,P5,10439.918973179825
849,P1,10440.203387504156
818,P6,10441.279121793446
837,P2,10441.978820957685
795,P3,10442.53373264419
807,P3,10442.571562774476
809,P3,10444.182842511183
763,P5,10445.39514683887
781,P6,10445.878480669688
842,P3,10445.95895306375
815,P2,10446.793819322067
851,P1,10448.39599801764
813,P6,10448.427260130175
809,P3,10450.207168544315
841,P2,10450.366105324303
832,P3,10450.484214443883
850,P1,10450.917839829443
852,P3,10451.28415765566
787,P6,10451.423408076897
818,P6,10451.892618050539
847,P3,10451.92244999755
779,P5,10452.219668154452
800,P6,10452.355882074091
853,P2,10452.670952656312
807,P3,10455.264981022978
855,P2,10455.311066286402
815,P2,10455.422452236413
842,P3,10457.783122670153
825,P2,10458.11742224458
812,P5,10458.540510131712
781,P6,10459.470379904957
843,P1,10459.687724659192
701,P7,10460.910593318074
823,P5,10461.5396427564
803,P5,10461.74062672329
795,P3,10461.88347604081
797,P7,10462.035306859954
826,P3,10462.198170396796
831,P6,10462.649972469435
853,P2,10462.865511678072
834,P3,10463.019126093444
760,P6,10463.356221755676
787,P6,10463.45587770469
809,P3,10463.863698471801
800,P6,10463.952252645773
841,P2,10465.590049672586
827,P3,10466.264722365297
825,P2,10467.622041374423
714,P6,10468.167408177986
854,P1,10468.598912686106
821,P3,10468.66182419044
858,P1,10468.77867185317
766,P7,10468.798135992694
804,P3,10468.84073664655
818,P6,10469.412055142013
827,P3,10469.601581729945
797,P7,10471.255990707657
813,P6,10471.982806757214
807,P3,10472.526341472587
817,P5,10473.198392979057
826,P3,10474.39187179747
714,P6,10475.321660604266
781,P6,10475.679587592496
821,P3,10475.807180876214
851,P1,10475.810583590957
831,P6,10477.34530559602
779,P5,10477.70587951376
843,P1,10478.046148877133
841,P2,10479.397994926952
844,P2,10479.893676975116
795,P3,10480.418207903778
820,P6,10480.458917111026
763,P5,10480.680113246268
824,P3,10480.840857839838
817,P5,10480.886060361718
839,P3,10481.120136280691
823,P5,10481.638505516681
837,P3,10485.149782707676
848,P3,10485.995948052097
781,P6,10486.14312058334
766,P7,10487.331440231526
812,P5,10487.444758362059
821,P3,10487.799738828055
813,P6,10487.953578123723
760,P6,10488.335461125609
850,P2,10488.624613971953
815,P2,10488.66159625587
763,P5,10488.781266213347
787,P6,10489.09943851184
842,P3,10489.142488029309
820,P6,10489.549906550677
845,P5,10489.57983710783
825,P2,10489.72793707381
849,P1,10490.124249521696
834,P3,10491.59202925872
840,P3,10492.270510151384
847,P3,10492.654429890572
839,P3,10493.251722700863
779,P5,10493.298728276306
795,P3,10493.311271455068
818,P6,10494.006158686212
766,P7,10494.48323018872
760,P6,10495.308528617106
846,P3,10495.443539483984
747,P6,10497.364693152118
815,P2,10497.440763899884
845,P5,10497.483043234452
859,P3,10498.858821693457
779,P5,10498.89076771469
849,P2,10498.901889779465
812,P5,10499.372129785559
841,P2,10500.20331235477
855,P2,10500.411844713068
842,P3,10500.793911703315
838,P3,10501.049454662018
823,P5,10503.463456560796
760,P6,10504.92248004356
859,P3,10505.394375891245
766,P7,10505.890832916859
852,P3,10505.960359592304
809,P3,10506.015165811184
849,P2,10506.137131289182
787,P6,10507.371456777704
858,P1,10509.099939061894
825,P2,10509.310040114575
845,P5,10509.319581275513
779,P5,10509.443174389657
847,P3,10509.793908796386
812,P5,10510.387848884146
839,P3,10510.508024624402
835,P3,10511.254303570438
853,P3,10511.313757120817
795,P3,10512.15869401816
803,P5,10512.267788272298
820,P6,10513.509996897132
840,P3,10513.85215501307
823,P5,10514.13798150331
815,P2,10514.592333408524
809,P3,10515.445904384667
781,P6,10516.271481682079
843,P1,10516.925918541849
842,P3,10517.579086880274
834,P3,10517.744705319472
823,P5,10517.867883368874
804,P5,10518.4197595613
825,P2,10518.981059593256
844,P2,10519.309270805852
766,P7,10519.81086828522
847,P3,10521.55105098405
785,P6,10523.690264482628
857,P1,10525.044253730895
846,P3,10525.942393170697
851,P1,10525.968161669129
834,P3,10526.498279922907
837,P3,10526.59346573593
839,P3,10526.899783562723
803,P5,10528.182521765673
830,P3,10529.872259344074
820,P6,10530.90142287375
787,P6,10531.436266130673
813,P6,10532.362051917411
821,P3,10534.968691410091
858,P1,10535.799242792285
781,P6,10536.06122766452
839,P3,10536.214150365122
785,P6,10536.772994449171
860,P2,10538.420915793096
714,P6,10538.627164913934
832,P5,10539.022322032524
787,P6,10539.045602024007
747,P6,10539.397260288679
849,P2,10540.450318493438
852,P3,10540.86316041013
809,P3,10541.767305051066
856,P3,10541.865181730478
810,P7,10542.123261078566
804,P5,10542.434452432266
817,P6,10545.625340732522
807,P3,10546.255675328099
853,P3,10546.39012854099
849,P2,10546.544535669245
714,P6,10546.745129317716
760,P6,10547.733385168254
854,P1,10548.459679218107
787,P6,10549.060645333893
825,P2,10549.208929506349
858,P1,10549.521654493907
854,P2,10549.979901728268
823,P5,10551.04031156863
830,P3,10551.743683998731
820,P6,10552.201487643302
845,P5,10552.256137640776
747,P6,10552.850280243767
846,P3,10554.185617797206
825,P2,10555.123526694193
781,P6,10555.712258063604
850,P3,10556.147783679937
837,P3,10556.169112831321
859,P3,10556.475807266328
851,P1,10556.722425724522
841,P3,10556.982220406693
849,P2,10557.591413964139
845,P5,10559.611588099046
763,P5,10559.77627372334
858,P2,10559.979486349192
853,P3,10560.564910632476
823,P5,10560.572106661219
844,P2,10562.618069699047
820,P6,10562.708901172255
804,P5,10563.018599989477
818,P6,10563.033728940538
809,P3,10563.404107748214
852,P3,10563.55552785039
832,P5,10563.721376104078
850,P3,10565.62651601178
817,P6,10565.797512375198
837,P3,10566.60986006433
841,P3,10567.259503750482
843,P2,10567.575712628692
766,P7,10568.103674730986
795,P3,10568.91707258284
842,P3,10570.164828541312
823,P5,10570.275541103187
779,P5,10570.526358153917
851,P2,10571.112875054532
812,P6,10571.800998643706
838,P3,10572.352087286212
864,P1,10572.506519117522
861,P3,10573.611675262187
810,P7,10574.16242554248
852,P3,10574.590836519326
846,P3,10575.522855939802
855,P3,10575.694119044423
815,P3,10576.419116731107
763,P5,10576.638671219616
817,P6,10577.419375154912
762,P6,10578.194591651098
787,P6,10579.405227704709
844,P2,10579.504904607164
859,P3,10579.572310292227
809,P3,10580.074010347098
830,P3,10580.638250648917
838,P3,10581.559928463286
834,P3,10582.397655469631
843,P2,10582.862473646233
795,P3,10583.656305543567
760,P6,10583.691769655377
815,P3,10585.18638659689
779,P6,10585.417094841332
841,P3,10585.509195992694
812,P6,10587.47241591808
837,P3,10587.789272704347
842,P3,10588.322779439488
850,P3,10588.633972636091
820,P6,10588.699470568115
857,P1,10589.673212950489
830,P3,10590.169035891378
823,P5,10591.023786360758
762,P6,10592.200588937581
859,P3,10593.309521331981
850,P3,10593.633602915994
781,P6,10595.123265737731
864,P1,10595.312834776474
760,P6,10595.676146118818
839,P3,10595.817508714352
815,P3,10596.418075957417
846,P3,10596.582975057428
866,P3,10596.796223282881
857,P1,10597.103367144051
830,P3,10598.28328603038
844,P2,10598.331303647226
812,P6,10599.528600932239
823,P5,10599.861132401511
853,P3,10601.162553201864
858,P2,10601.510045498877
852,P3,10603.419979916172
864,P1,10603.6349443661
846,P3,10603.832011666245
804,P5,10603.96016231673
838,P3,10604.658509942656
815,P3,10605.071263576667
865,P1,10605.29629112241
844,P2,10605.687473708387
841,P3,10606.559679184698
850,P3,10606.864267862356
853,P3,10607.05188420283
858,P2,10607.435210656042
763,P5,10607.85144290328
813,P6,10609.175282970895
825,P2,10610.580731440907
762,P6,10610.669876169892
818,P6,10611.167385092403
857,P2,10611.237771085523
851,P2,10611.42813877852
862,P1,10611.730683871901
820,P6,10611.904836247271
804,P5,10612.071559886923
846,P3,10612.257037745749
852,P3,10612.719307940599
760,P6,10613.245278325472
834,P3,10613.425662183046
832,P5,10613.790222023867
840,P3,10614.648899339734
860,P2,10615.261583975014
859,P3,10616.4349950318
865,P1,10617.126695483501
779,P6,10617.21169604562
869,P1,10617.508309415698
855,P3,10617.604914445083
839,P3,10617.772902749079
863,P2,10617.818938467432
762,P6,10618.127973225097
846,P3,10618.530480337191
787,P6,10618.96052637891
866,P3,10619.227942148644
747,P6,10619.895339537541
849,P2,10620.661828641298
853,P3,10620.78134344883
822,P5,10621.252766612384
836,P6,10622.290878048188
839,P3,10622.598050923189
852,P3,10623.128412191729
785,P6,10623.244694741325
868,P3,10623.446150423668
820,P7,10623.988128099447
854,P2,10624.651179657632
860,P2,10624.821837595164
781,P6,10624.938763883865
866,P3,10625.252615637603
853,P3,10625.53242981621
867,P3,10625.834452572866
841,P3,10626.607905989624
830,P3,10627.272715854733
851,P2,10627.704528657627
795,P3,10629.078868292921
762,P6,10630.41992621144
853,P3,10632.274435586094
822,P5,10632.469173717554
785,P6,10634.674718604856
854,P2,10635.528681526368
839,P3,10636.096386747566
828,P7,10636.403051913974
850,P3,10636.756661362344
760,P6,10637.034342771745
861,P3,10637.1998205796
763,P6,10637.237037900553
823,P5,10637.596816382875
836,P6,10637.885584932925
867,P3,10638.880120319138
851,P2,10638.987737575306
849,P3,10639.225124539145
820,P7,10640.076519069946
863,P3,10640.784717226385
813,P6,10640.878802867352
854,P2,10641.854201470906
815,P3,10642.336581908712
838,P3,10643.929677930812
842,P5,10644.143594237836
850,P3,10644.542684574451
862,P1,10644.882281414806
779,P6,10646.21777894435
781,P6,10646.307275393172
860,P2,10646.717259417848
842,P5,10646.88679100098
858,P3,10646.994338880064
852,P3,10648.451857231334
869,P1,10648.493174339103
873,P1,10648.512916487402
844,P2,10648.903574317805
809,P3,10648.992382552146
818,P7,10649.26717272496
823,P5,10649.387215485815
851,P2,10649.70801450226
834,P3,10649.71737614472
747,P6,10650.337191292718
868,P3,10650.490760433531
828,P7,10650.760442874245
853,P3,10651.385365024202
825,P2,10652.581266562085
795,P3,10653.420201098874
787,P6,10653.496699380188
856,P5,10653.49856171161
837,P3,10653.881253637423
859,P3,10653.99218761267
838,P3,10654.195962130892
864,P1,10654.53262458128
858,P3,10654.857621892737
815,P3,10655.480420367227
841,P3,10655.679452871042
855,P3,10655.799960867414
836,P6,10656.161488818887
843,P3,10657.756936829821
781,P6,10658.060331822915
844,P2,10658.359761122965
853,P3,10658.631195837057
872,P3,10658.689203799937
869,P1,10659.13498028313
762,P6,10659.462701115037
860,P2,10659.499305528678
863,P3,10660.152661030546
825,P3,10660.631058056573
851,P2,10660.753306683491
862,P1,10660.906712881822
822,P5,10661.320777278046
868,P3,10662.703770488926
864,P1,10663.013634576519
838,P3,10663.43695907866
871,P1,10664.351124853358
872,P3,10665.571385252559
865,P1,10665.689917656962
781,P6,10665.723937780587
867,P3,10665.978814113654
841,P3,10666.475196545038
850,P3,10666.54003009702
870,P2,10666.596115109007
779,P6,10666.752316358965
836,P6,10667.363288058608
844,P3,10667.423523114605
873,P1,10668.177775847107
853,P3,10668.329489302932
849,P3,10669.68851702509
874,P2,10670.130612375751
871,P1,10670.84500851969
787,P6,10671.182076718804
763,P6,10671.241592056069
854,P2,10671.723937884404
818,P7,10672.00015907023
824,P7,10672.305361595158
867,P3,10673.74761873015
832,P6,10673.994304480302
853,P5,10674.146618665693
802,P6,10674.324673614634
838,P3,10675.243963798059
760,P6,10675.581833749968
855,P3,10675.718348803584
820,P7,10677.454760029714
859,P3,10677.606713973315
857,P2,10678.013321624645
846,P5,10678.418450162653
860,P2,10679.688835021174
822,P5,10680.50158743362
823,P5,10680.551482762008
818,P7,10681.338466723753
838,P3,10681.395744358959
830,P3,10681.418473345597
842,P5,10682.080914099919
809,P3,10682.423371569514
862,P1,10682.465392530292
844,P3,10682.885932441784
855,P3,10683.389215969417
802,P6,10683.907378538639
839,P5,10683.974168400124
804,P6,10684.790131214833
853,P5,10685.026380864745
837,P3,10685.092533018305
860,P2,10685.400445812707
830,P3,10686.461311013698
824,P7,10686.652362849207
868,P3,10687.506165698835
846,P5,10687.903108334647
858,P3,10687.93431869545
762,P6,10687.943508824774
763,P6,10688.146189675139
785,P6,10688.36777039317
873,P1,10688.42260046347
851,P3,10688.625327402331
817,P6,10688.921236957332
805,P5,10689.007305041296
828,P7,10689.305816076094
861,P5,10690.45515037884
820,P7,10690.79994278852
825,P3,10692.02385882933
760,P6,10692.225895989046
834,P3,10693.630464145795
838,P3,10693.78496119767
858,P3,10694.434218596134
785,P6,10694.529942872306
869,P1,10696.42022589912
850,P3,10696.68874207281
855,P3,10696.796284815067
815,P3,10697.623277471954
852,P5,10697.681131322564
836,P6,10697.778821001017
842,P5,10698.52264633264
838,P3,10699.0343042151
762,P6,10699.230096686493
834,P3,10699.445678695525
863,P3,10700.18584183254
823,P5,10700.463351136854
809,P3,10700.570942433707
822,P5,10701.712783878053
864,P1,10703.17665295348
868,P3,10703.199942486524
832,P6,10703.863526615682
817,P6,10704.164835528889
875,P3,10704.229730602388
763,P6,10704.458825464782
760,P6,10704.919018925493
862,P2,10705.517620810457
867,P3,10705.941897592742
856,P5,10706.221833099313
855,P3,10706.381880624514
841,P3,10707.078912558212
779,P6,10707.526351000468
852,P5,10707.6017046408
865,P1,10707.764679781878
868,P3,10708.182092717938
818,P7,10709.268385568806
877,P1,10709.455128298816
843,P3,10709.646888112986
863,P3,10709.930739945403
857,P2,10710.33419261105
846,P5,10711.312588299317
861,P5,10712.357158398196
844,P3,10713.077476044662
760,P6,10713.813792962801
824,P7,10714.116692363643
841,P3,10715.175828552352
785,P6,10715.457094523716
805,P5,10716.3332046981
846,P5,10717.072686969883
834,P3,10717.23282119257
879,P1,10717.60418840982
862,P2,10718.23581955436
818,P7,10718.33880882878
849,P3,10719.007071312522
825,P3,10719.482264550106
867,P3,10720.389345126636
868,P3,10720.703659211018
804,P6,10720.772758608715
859,P3,10720.79023295399
809,P3,10721.102083180504
857,P2,10722.348403433083
837,P5,10722.879171913395
854,P2,10722.921536327969
864,P1,10722.933394281692
853,P5,10723.177491767357
843,P3,10723.566620177638
760,P6,10723.73000326741
785,P6,10724.312370848738
871,P1,10725.49432512373
874,P2,10725.619287100093
858,P3,10725.639146824213
855,P3,10725.656702475835
856,P5,10727.762133869248
805,P5,10728.022546547652
762,P6,10728.776919283217
837,P5,10729.140101970866
825,P3,10729.449331012978
834,P3,10729.73671976286
809,P3,10730.170276694365
873,P1,10730.726312573368
763,P6,10731.026813593646
842,P5,10731.067598138305
839,P5,10731.387585563753
855,P3,10731.451485376298
857,P2,10731.777638750704
850,P5,10731.964294428875
787,P6,10732.005321747332
804,P6,10732.079763816704
824,P7,10732.410457230837
881,P1,10732.899461672412
805,P5,10733.159415170247
879,P1,10733.739320841034
882,P1,10733.900876104259
760,P6,10734.025390589597
856,P5,10734.947256668906
832,P6,10735.135025386959
868,P3,10735.87995252299
858,P3,10736.213483953772
837,P5,10736.289099555832
871,P1,10736.365431047088
817,P6,10736.62669330618
877,P1,10737.186293593219
830,P3,10737.520183152023
880,P1,10737.762912457718
869,P1,10737.95138096689
762,P6,10738.08444450833
846,P5,10738.591099775445
836,P6,10739.389103849284
809,P3,10740.599539862942
835,P6,10741.598188514905
844,P3,10741.988242658206
860,P3,10742.393221544893
841,P3,10743.425057372906
804,P6,10743.583695999247
864,P1,10744.295743740964
880,P1,10744.613030210878
878,P3,10744.790140030347
824,P7,10744.906973105115
865,P1,10745.242969115096
760,P6,10746.354072490618
842,P6,10747.095556502225
817,P6,10747.262298083806
815,P3,10747.286793632873
863,P3,10747.654564158518
809,P3,10747.954451298936
822,P6,10747.961301540072
835,P6,10748.396251180895
763,P6,10748.453475277867
823,P5,10748.638462898196
852,P5,10749.56456772142
868,P3,10749.629551881879
825,P3,10749.904538416538
870,P2,10749.910418786752
834,P3,10749.961128175577
865,P1,10750.16467996607
881,P1,10750.718991370875
853,P5,10752.072090791156
864,P2,10752.263626825248
876,P3,10752.910914493874
830,P3,10753.496907495293
879,P1,10754.515872244068
824,P7,10754.56442615371
862,P2,10755.875258003109
805,P5,10755.96036114695
830,P3,10755.963022463298
873,P1,10756.027292000317
842,P6,10756.377947708474
837,P5,10756.428641839397
859,P3,10757.576053374789
871,P1,10758.035303900908
849,P3,10758.501871422222
869,P1,10759.218052237478
843,P3,10759.236814077904
867,P3,10759.699979655086
825,P3,10759.722774475478
844,P3,10760.373452429367
876,P3,10760.873105265893
883,P3,10761.797807666182
868,P3,10762.399458847398
763,P6,10762.42682794559
860,P3,10763.158728010081
877,P1,10763.76875608672
809,P3,10764.258666480146
837,P5,10764.440545746103
856,P5,10765.294971680007
805,P5,10765.511868156795
862,P2,10765.620372074382
867,P3,10765.936964830033
852,P5,10767.306053631795
879,P1,10767.875972851256
838,P5,10768.3628674807
870,P2,10768.3860612682
873,P1,10769.216040554915
763,P6,10770.659696734394
882,P1,10772.81618715148
849,P3,10772.914511518313
853,P5,10773.68365268211
857,P2,10773.844171051862
817,P6,10774.414708016386
809,P3,10774.94934430253
851,P3,10775.486930146035
779,P6,10775.727805873476
880,P1,10776.500039621042
873,P1,10776.564701076204
837,P5,10776.615854239755
871,P1,10776.992769953082
879,P1,10777.190034409507
867,P3,10777.527136658236
835,P6,10778.111647358774
836,P6,10778.367561185916
846,P5,10778.491532268961
822,P6,10778.716030400992
852,P5,10779.527975737914
861,P5,10782.010921107074
838,P5,10782.344827848321
866,P5,10782.402929877138
844,P3,10782.845652774926
882,P1,10784.514663522714
860,P3,10784.59736586429
853,P5,10785.575432711366
808,P5,10785.684332482158
817,P6,10786.063398461843
832,P7,10786.461294590457
868,P3,10786.504924911369
861,P5,10787.651138667878
837,P5,10788.114209281597
828,P7,10788.169075197047
863,P3,10788.551015799827
762,P6,10788.64061413961
815,P3,10788.883928711028
873,P1,10789.794908880705
843,P3,10790.569004398114
871,P1,10791.097634481213
763,P6,10791.37463443078
881,P1,10791.759919018521
859,P5,10792.00385825533
822,P6,10792.182724853552
802,P6,10792.707398781444
870,P2,10792.8987815648
851,P3,10792.928631338285
826,P5,10793.115639724592
842,P6,10793.343277917382
850,P5,10793.992371803899
841,P3,10794.045188731028
824,P7,10794.74870509979
873,P1,10796.053184425053
877,P1,10796.541952366812
817,P6,10796.783949468158
885,P2,10796.904427267413
880,P1,10797.000485363793
862,P2,10797.841454664354
837,P5,10798.28317497551
852,P5,10798.759401039457
834,P5,10799.610046442564
884,P1,10799.619706840229
762,P6,10799.748163674109
864,P2,10800.690701019335
861,P5,10800.69353042587
882,P1,10801.311506258313
875,P3,10802.540846643924
775,P5,10802.694150140907
859,P5,10803.041410106149
868,P3,10804.10580548345
839,P5,10804.353316538827
874,P3,10804.752575118739
870,P2,10804.842654443668
854,P2,10804.84955893999
808,P5,10805.727677956003
887,P1,10805.781209106563
838,P5,10806.101558981427
779,P6,10806.56908152053
888,P1,10806.806341750478
867,P3,10807.101086069488
834,P5,10807.275453459006
837,P5,10807.280494100138
865,P1,10807.59910889797
824,P7,10807.766241733629
857,P2,10807.945982624036
805,P5,10808.139040600307
851,P3,10808.314241754399
809,P3,10808.92972768154
868,P3,10809.621898293313
822,P6,10811.28711464136
889,P1,10811.64060051042
874,P3,10811.655743848745
875,P3,10811.88318861705
850,P5,10812.12149077775
865,P1,10813.556947849991
805,P5,10813.771628439361
832,P7,10814.48217995479
807,P5,10814.832179687315
888,P1,10815.073607577468
869,P1,10815.563903627255
880,P1,10816.028998873686
851,P3,10816.174664381864
887,P1,10816.53498132872
842,P6,10816.540515168817
770,P5,10817.725525142234
849,P3,10817.854821287143
825,P3,10818.01296529
852,P5,10818.05860284895
885,P2,10818.227418861674
817,P7,10818.652931539926
762,P6,10819.021887054343
823,P5,10819.58828421783
863,P5,10820.183703811495
844,P3,10820.279551567519
850,P6,10821.09612224159
834,P5,10822.15673944577
807,P5,10822.375077973013
887,P1,10822.932760538888
865,P1,10823.107214135178
874,P3,10823.148103771304
875,P3,10823.179400623045
857,P2,10823.65903944889
886,P1,10824.662953220895
867,P3,10825.408164481603
862,P2,10825.981833746226
871,P2,10826.452588874008
834,P5,10826.655817717727
877,P1,10826.933311181921
876,P3,10827.28716873286
888,P1,10827.42533016329
825,P3,10828.203675902265
851,P3,10829.472709572397
883,P3,10829.90814864232
826,P5,10830.474145692875
775,P5,10830.484500330167
838,P5,10830.531613629406
846,P5,10830.56289881243
832,P7,10830.890073362902
886,P1,10832.26178246355
889,P1,10832.399728756569
861,P5,10832.528587200639
887,P1,10832.595043751879
875,P3,10833.212694663382
859,P5,10833.319665499097
884,P1,10833.446732494693
825,P3,10833.95130130106
807,P5,10834.876446956147
817,P7,10835.604672805639
874,P3,10836.614172327498
867,P3,10837.043286964199
870,P2,10838.744500639195
770,P5,10839.344343530738
849,P3,10839.346740521827
852,P5,10840.012310712245
832,P7,10840.166690510498
886,P1,10840.428260233602
763,P7,10840.711020808685
889,P1,10841.76299977419
861,P5,10842.380768230727
844,P3,10842.633074710064
826,P5,10842.903729206257
890,P1,10843.025967255953
882,P1,10843.684166650688
859,P5,10844.80665038974
892,P3,10845.384589008294
849,P3,10845.723627207311
891,P1,10846.038866634732
887,P1,10846.08745960602
860,P3,10846.302020498584
770,P5,10846.880280036632
870,P2,10847.075054135687
832,P7,10848.149188106458
868,P3,10848.38169557472
884,P1,10849.694758169815
879,P2,10850.463856743534
875,P3,10851.198129168426
857,P2,10852.067434454262
865,P2,10852.369667174435
882,P1,10852.3851987257
886,P1,10852.733020434647
760,P6,10854.648592620364
880,P1,10855.259636379393
870,P2,10855.444059033138
853,P5,10856.181476044252
842,P7,10857.003622389404
877,P2,10857.235047648455
879,P2,10857.803179109627
805,P5,10858.13060469058
826,P5,10858.203526023632
852,P5,10858.219053929795
876,P3,10858.650367532622
763,P7,10859.029362492822
844,P3,10860.342578691012
892,P3,10860.779012890402
838,P5,10860.895502331461
865,P2,10861.006714141786
825,P3,10861.362723096261
853,P5,10861.781763409599
873,P1,10862.182967522245
859,P5,10863.35473618192
893,P3,10863.539075944716
760,P6,10863.706259483477
807,P5,10863.77870811687
842,P7,10864.189670283655
882,P1,10864.474770932928
817,P7,10864.632176396733
805,P5,10865.143827900883
888,P1,10865.525257858855
894,P1,10867.017084183468
844,P3,10868.270966724553
857,P3,10868.596034570675
834,P5,10868.648023848935
879,P2,10869.049158175034
849,P3,10869.156730533954
763,P7,10869.415933920129
853,P5,10870.572022034788
850,P6,10870.919869557596
865,P2,10871.236158612248
807,P5,10871.464625922734
871,P2,10872.065322921913
879,P3,10872.332239441852
834,P5,10872.701082910944
874,P3,10873.100907697015
884,P1,10873.2800911159
846,P6,10873.396491524258
760,P6,10875.241350885806
841,P5,10875.654465005437
808,P5,10876.39161950501
873,P1,10876.436105647519
823,P6,10876.703885377307
857,P3,10876.853082833315
826,P5,10877.317043297275
848,P7,10877.88792711269
885,P2,10879.193684499527
863,P5,10879.208576501786
862,P3,10879.704103643191
871,P2,10879.99095602656
874,P3,10880.190045703695
886,P1,10880.367172011704
770,P5,10880.5020368735
825,P3,10881.508809656645
895,P2,10881.981160096804
877,P2,10882.001259144597
881,P1,10882.176857989582
807,P5,10882.504429490602
842,P7,10883.119599334634
893,P3,10883.274887747204
887,P1,10884.22009890689
876,P3,10884.808109656644
880,P1,10885.041958832451
867,P3,10885.174764448593
760,P6,10885.377076586014
849,P3,10885.637275562522
862,P3,10886.05288741006
886,P1,10886.576785293102
844,P3,10887.58704709375
888,P1,10887.909156068039
822,P6,10888.105883989898
865,P2,10889.352757164168
885,P2,10889.470115574652
884,P2,10889.678492462583
873,P1,10889.995571199406
890,P1,10890.190035243471
763,P7,10890.337825906458
846,P6,10890.672679119809
861,P5,10891.469659539975
871,P2,10892.217317190894
854,P2,10892.36577379362
825,P3,10892.389575558322
876,P3,10893.139550446316
880,P1,10893.640350243604
879,P3,10893.738137775566
853,P5,10895.223555621029
808,P5,10895.41220812349
822,P6,10896.578454699735
815,P3,10896.897943771817
848,P7,10898.0209042387
825,P3,10898.218113100565
852,P5,10898.429788099464
887,P1,10898.47539241845
885,P2,10898.498066952929
868,P3,10900.20867817052
861,P5,10900.924999589084
876,P3,10901.24153725384
770,P5,10901.886546819536
853,P5,10902.267061667308
859,P5,10902.945371743792
884,P2,10903.227574723174
888,P2,10903.532556075355
890,P1,10903.61376667496
850,P6,10904.41040353855
823,P6,10904.974413671654
880,P1,10905.099753255765
846,P6,10905.492710800983
865,P2,10906.580237554925
815,P3,10906.641178051274
878,P5,10906.954348686755
886,P2,10907.071103573777
822,P6,10907.966739907044
847,P7,10908.60844598221
868,P3,10909.554858175015
860,P3,10910.175293890772
857,P3,10910.232287714301
825,P3,10910.513477751527
874,P3,10911.180996868467
859,P5,10911.497209894196
895,P2,10911.508081670003
863,P5,10911.580234936853
775,P5,10912.662088586552
760,P6,10912.746562490654
887,P1,10913.477006356872
829,P7,10914.206894171473
879,P3,10914.874614319726
880,P1,10914.89647206506
890,P1,10915.442790979063
853,P6,10916.110093009334
892,P3,10916.61977294084
763,P7,10916.641495846381
847,P7,10916.802666683598
834,P5,10916.987490804871
770,P5,10917.570577349567
885,P2,10917.912220491926
886,P2,10918.28924778851
860,P3,10919.132776850733
896,P2,10919.467876647346
822,P6,10919.959031063878
873,P1,10920.068689606229
884,P2,10920.213953524159
875,P5,10920.216131077994
796,P6,10920.418545826198
848,P7,10921.216262262771
894,P1,10921.548750842016
775,P5,10922.020277769509
881,P1,10922.225751847463
760,P6,10923.95505881376
827,P6,10924.124914692426
878,P5,10924.75371989128
897,P1,10924.965650876227
853,P6,10925.148487744058
846,P6,10926.097599071147
889,P2,10926.67067647805
763,P7,10927.027677061806
770,P5,10927.477786584173
880,P1,10927.589554409304
861,P6,10928.026118314674
775,P5,10928.663973087989
779,P6,10928.690624059333
846,P6,10929.408870959203
760,P6,10929.513477178281
870,P2,10929.819383372824
865,P2,10930.08840584368
869,P1,10930.214561914529
875,P5,10930.499857717277
898,P1,10931.663165116099
864,P2,10931.915129616755
844,P3,10931.994684867992
809,P5,10932.443758994268
891,P1,10932.915868340648
871,P2,10932.93538744501
779,P6,10935.49999592503
885,P2,10935.877230602304
823,P6,10935.962095183348
882,P1,10937.041152467971
861,P6,10937.265353954133
827,P6,10937.511426815137
881,P1,10937.692468387435
853,P6,10937.861334664838
775,P5,10937.925179681972
897,P1,10938.021773086288
763,P7,10938.425811089119
869,P1,10938.70143627123
865,P2,10939.337605588744
868,P3,10940.51025100864
894,P2,10942.190375256914
834,P5,10942.23293109862
838,P5,10942.665373471149
864,P2,10942.8208977635
887,P1,10944.630943154123
874,P3,10945.081881985534
886,P2,10946.363735826468
808,P5,10946.782740565177
838,P5,10947.13216427261
829,P7,10947.243227205501
897,P1,10947.506907660267
844,P5,10947.630017107924
865,P2,10948.040456907238
899,P3,10948.41224003828
827,P6,10948.764541470076
890,P1,10949.144174665116
870,P3,10949.584099705611
834,P5,10950.1730141554
894,P2,10950.35417590271
885,P2,10950.56807897028
875,P5,10950.805939916134
859,P5,10951.742618083439
841,P5,10952.074356194918
807,P5,10952.217978790208
826,P5,10952.532156905021
869,P1,10954.331051373678
847,P7,10954.41361556064
860,P3,10954.53622136492
887,P1,10954.709333932304
874,P3,10954.728404075935
878,P5,10955.023925618116
879,P3,10955.821576171269
871,P2,10955.98123929254
823,P6,10956.201369148956
796,P6,10957.0241303833
779,P6,10957.600659587275
880,P2,10957.672044685849
865,P2,10957.754204946907
834,P5,10958.658228963917
870,P3,10960.254596785138
894,P2,10961.191954194477
892,P5,10961.267810029203
886,P2,10961.296825436839
891,P1,10962.04147068863
881,P1,10962.180717082181
879,P3,10962.23470371638
809,P5,10962.85361995835
876,P3,10962.86495272061
846,P6,10963.109175600917
871,P2,10963.60945852981
887,P1,10964.224340705769
844,P5,10964.928333684667
852,P6,10965.092079656803
868,P5,10965.852161708506
841,P5,10965.915751262684
779,P6,10966.874793130284
848,P7,10967.491540275716
770,P5,10967.664247296509
873,P1,10967.858900358604
876,P3,10968.755838066909
822,P6,10969.498835033872
854,P2,10971.322281355971
809,P5,10972.30893034286
901,P3,10973.143521103168
847,P7,10973.554403490803
868,P5,10974.149936756972
896,P2,10974.751455090109
899,P3,10975.14387696068
827,P6,10975.324662507117
897,P1,10975.422627923208
900,P1,10976.132222701108
861,P6,10977.01241549141
864,P2,10977.770926796056
854,P3,10978.031806598145
848,P7,10978.752078454923
896,P2,10978.816257448187
876,P3,10980.652654791995
884,P2,10980.823003415937
760,P6,10981.85602409733
893,P3,10983.003865230263
834,P5,10983.87592105296
888,P2,10984.739066947273
841,P5,10986.17487530951
877,P2,10986.286345411238
825,P5,10986.389157030158
873,P1,10986.742510443795
882,P1,10986.823532684037
807,P6,10986.990858773743
900,P1,10987.110638074144
903,P3,10988.61931175035
881,P1,10988.62881355833
898,P2,10988.663723401425
887,P1,10988.929157364415
892,P5,10989.178548359838
854,P3,10989.263055816855
857,P3,10990.654847444632
847,P7,10990.849954701886
848,P7,10991.69947388575
838,P5,10992.386304223373
878,P5,10992.521942087575
895,P2,10992.533644296971
893,P3,10993.0836548489
846,P6,10993.732270335602
859,P5,10994.108922584026
901,P3,10994.1299312451
880,P2,10995.584235563105
897,P1,10995.678915532242
808,P5,10995.686291154238
868,P5,10996.118986099329
848,P7,10996.375279008276
775,P6,10996.892309132258
796,P6,10997.654905971567
807,P6,10998.404808608653
870,P3,10999.396537301143
854,P3,10999.85156070643
763,P7,11000.647443470805
862,P3,11000.735394336425
841,P5,11001.215569327416
891,P1,11001.761219471698
779,P6,11002.114667905393
763,P7,11003.449833739025
877,P3,11003.450744406851
859,P5,11003.773987698858
827,P6,11004.297659481259
815,P3,11004.967290113453
853,P6,11005.236966337305
838,P5,11007.244396257418
879,P3,11007.361546907383
846,P6,11007.453224637728
807,P6,11007.495230644914
873,P1,11007.495638872691
882,P1,11008.574804625967
899,P3,11008.588757791698
891,P1,11009.40423352846
874,P3,11011.085430758609
840,P6,11011.295820012303
861,P6,11012.14277332917
846,P6,11012.50836334382
815,P3,11012.591277454352
886,P2,11012.81710329225
872,P5,11013.787591534374
852,P6,11014.057513135867
888,P2,11014.09472973978
884,P2,11014.319293866462
827,P6,11014.714699993689
882,P1,11016.317808139454
808,P6,11016.681427843623
873,P1,11016.70837646759
894,P3,11016.873602855296
841,P5,11016.912497671348
886,P2,11017.160732222974
807,P6,11017.236939098411
763,P7,11018.02096219616
906,P2,11018.092692909004
903,P3,11018.45150077965
852,P6,11019.49109460723
902,P1,11020.053118805305
823,P6,11020.567063609014
885,P2,11020.930912569875
880,P2,11020.945359604473
862,P3,11021.697379040384
838,P5,11021.72984259694
876,P3,11022.679224062764
809,P5,11023.212253861937
775,P6,11023.331556475941
870,P3,11023.567713573306
894,P3,11023.6005605557
882,P1,11023.73964538289
823,P6,11023.953002882285
807,P6,11024.565469716752
827,P6,11024.68688724596
847,P7,11025.367289972428
844,P5,11025.511926588204
904,P2,11025.632898948636
873,P1,11025.968137590346
851,P6,11026.354007315153
872,P5,11026.438730321837
897,P1,11026.494120565301
834,P5,11027.07451060453
898,P2,11027.374835700266
868,P5,11027.63393550536
848,P7,11027.673191771937
815,P3,11028.491969482457
899,P3,11028.9431808545
905,P1,11029.176434936851
881,P1,11029.89293683441
859,P5,11029.93116339043
886,P2,11030.017004772217
858,P5,11030.053462045273
891,P2,11030.387311988716
896,P2,11030.401299103698
908,P1,11030.52869885925
882,P1,11031.776314532966
865,P2,11031.780560106688
876,P3,11032.097422544412
809,P5,11034.30191537134
844,P5,11035.728157163965
770,P6,11035.893941229493
898,P2,11036.115542750138
897,P1,11036.183807685424
887,P1,11036.533526905127
851,P6,11037.034074769712
807,P6,11037.090607932609
886,P2,11037.515197418144
834,P5,11038.102121773763
825,P5,11038.28987217951
872,P5,11038.679659398287
854,P3,11038.938169010522
871,P3,11039.444011449303
879,P3,11039.824658414453
896,P2,11040.463842109511
880,P2,11040.947989945982
840,P6,11041.13952347107
865,P2,11042.214983419972
852,P6,11043.182806727367
889,P2,11043.518936639879
846,P6,11043.523715783394
853,P6,11043.53868011108
844,P5,11043.602039437174
841,P5,11044.224329158107
829,P7,11044.497192413264
906,P2,11044.631598529952
901,P3,11044.659438338
904,P2,11045.114430701527
895,P2,11045.238764407723
854,P3,11045.244006043218
807,P6,11045.425214415973
887,P1,11045.651341879971
888,P2,11046.837575861531
809,P5,11047.190898699137
899,P3,11047.298374428052
869,P2,11047.370645836423
857,P5,11047.847445986572
827,P6,11047.894213811116
892,P5,11048.143276873241
873,P1,11048.502607256454
898,P2,11048.542764360622
890,P2,11049.141359823492
897,P1,11049.290799477105
896,P2,11049.96619298624
904,P2,11050.380669142103
823,P6,11050.411489639819
852,P6,11050.733408287013
908,P1,11050.749066832566
886,P2,11051.502514766886
840,P6,11051.856003337001
779,P6,11051.935661443134
861,P6,11052.554611210326
838,P5,11052.632202108995
826,P5,11052.954481759587
870,P3,11053.032737090036
858,P5,11053.584322397242
887,P1,11053.79978652126
770,P6,11054.68660455356
822,P7,11055.138882090272
906,P2,11055.916540734159
888,P2,11056.972898811382
908,P1,11057.073278004516
886,P3,11057.451805614684
823,P6,11057.475419211258
857,P5,11057.7577138518
890,P2,11058.252446484894
854,P3,11058.963227282353
838,P5,11059.286449252204
878,P5,11059.587839240015
840,P6,11059.670499936938
881,P1,11060.002529139278
779,P6,11060.463712321756
904,P2,11060.861584196105
826,P5,11061.191180885975
864,P3,11061.201973959633
874,P5,11061.581266404326
807,P6,11061.650171265539
887,P1,11062.834707149832
808,P6,11063.676611455296
871,P3,11063.78176042421
775,P6,11064.65034391897
872,P5,11065.031972400853
897,P1,11065.383437300552
888,P2,11066.223067738565
908,P1,11067.091845241013
796,P6,11067.517366455486
827,P6,11068.288465864676
869,P2,11068.55165520325
905,P1,11068.841569188364
906,P2,11068.85694976099
853,P6,11068.96186311498
770,P6,11069.01182713329
870,P3,11069.90510058785
907,P1,11070.474381716265
865,P2,11070.574914034773
881,P1,11070.58474135714
891,P2,11070.808548581177
838,P5,11070.871213289865
862,P3,11071.843533780828
827,P6,11073.275999941347
889,P3,11073.281180900243
779,P6,11073.320858146932
877,P3,11073.9238693077
844,P5,11074.317847306416
868,P5,11075.551861155496
851,P6,11075.609075371798
901,P3,11075.612355269595
906,P2,11076.640477847892
895,P2,11076.84870039172
873,P1,11077.325939894685
864,P3,11077.411800768732
885,P2,11077.51817948232
905,P1,11077.521540684042
907,P1,11077.940830852274
892,P5,11078.059332829609
775,P6,11078.883974519775
809,P5,11080.538699547451
882,P2,11080.91098572092
853,P6,11081.367548137405
898,P3,11082.282831294247
909,P1,11082.744437759897
870,P5,11082.813848103331
904,P2,11083.036271531562
840,P6,11083.067196276046
884,P2,11083.325156044133
895,P2,11083.599768397364
869,P2,11084.5648423921
852,P6,11084.643113324522
901,P3,11084.92100590854
843,P7,11087.184724983455
886,P3,11087.280028387333
857,P5,11087.90089060045
910,P1,11087.937858993888
906,P2,11089.022344044153
864,P3,11089.237067579665
874,P5,11090.369540505002
907,P1,11090.648187331846
865,P2,11090.760529579284
882,P2,11092.220867589716
868,P5,11092.328530064606
809,P5,11092.987659062095
887,P1,11094.357072490493
851,P6,11094.641790145286
904,P2,11095.566952395735
890,P2,11095.826561861131
775,P6,11096.310403911712
770,P6,11098.397008886417
885,P2,11098.699285525921
825,P5,11100.202933157143
844,P5,11101.211605518143
909,P1,11101.592867853333
874,P5,11102.182272403952
882,P2,11102.858247043434
886,P3,11103.124008477904
884,P2,11103.772729861672
852,P6,11104.321511841215
877,P3,11104.880542368614
897,P2,11104.91748764089
898,P3,11105.36216526696
902,P2,11106.807874340293
896,P3,11107.316010049599
775,P6,11107.624287490597
872,P6,11107.726940733579
901,P3,11107.80128841452
907,P1,11108.267448819068
854,P3,11108.391249244758
848,P7,11109.03944361758
892,P5,11109.566628552013
770,P6,11109.614899353133
858,P5,11110.221120182427
885,P3,11110.338558080388
884,P2,11112.002328943026
862,P3,11112.173602098428
873,P2,11112.777197032434
874,P5,11112.976438163047
888,P2,11115.152880977163
868,P5,11115.927526998443
890,P2,11116.911608879112
896,P3,11117.279811446615
889,P3,11117.519390584403
892,P5,11118.054536436486
877,P3,11118.546526449813
909,P1,11119.028369686384
858,P5,11119.824196393829
840,P6,11120.042040327542
822,P7,11120.087061881768
825,P5,11120.959330570358
891,P2,11121.194357023605
864,P3,11122.049785217423
890,P2,11122.610427929958
874,P5,11123.01423554769
906,P2,11123.300751651152
809,P5,11123.624300847881
908,P2,11123.850347036803
851,P6,11124.411191669731
870,P5,11125.189790745133
885,P3,11125.93350458724
906,P2,11126.574620350713
899,P5,11126.790865122639
775,P6,11126.854025626735
827,P6,11127.051025395353
880,P2,11127.566862884052
825,P5,11127.733604327079
838,P6,11127.803965093422
891,P2,11127.955338260203
822,P7,11129.925729788818
904,P2,11133.117356079912
914,P1,11133.30957804025
859,P5,11133.411733498777
884,P2,11133.471389378448
827,P6,11133.637375556851
840,P6,11133.759915228073
841,P5,11133.923604579762
807,P6,11134.132994824276
844,P5,11134.278712173513
912,P2,11134.30221643892
880,P2,11134.379544174077
825,P5,11135.37722768257
907,P2,11136.279623765195
878,P6,11136.331948884445
851,P6,11136.393231131171
887,P1,11136.40434459018
915,P1,11136.865212756193
864,P3,11137.25029208976
902,P2,11137.572972302634
906,P2,11138.469405025893
881,P1,11139.976250839743
862,P3,11140.395450808905
838,P6,11140.568671643936
869,P2,11140.624025275949
897,P2,11141.228757864272
852,P6,11141.374921927121
858,P5,11141.719258463556
827,P6,11142.797202822638
884,P2,11142.800365533558
869,P2,11143.230323795115
896,P3,11145.213874346291
904,P2,11146.213815050884
779,P6,11146.411623664648
843,P7,11146.796197151461
888,P2,11147.378337948783
807,P6,11148.751625319379
884,P2,11148.88915957169
915,P1,11148.945065464277
825,P5,11150.604217275637
878,P6,11151.705621143426
873,P2,11151.832011975213
909,P1,11151.890805011997
864,P3,11152.128602074798
852,P6,11152.474986884654
895,P3,11152.64927789769
901,P3,11153.070871852393
841,P5,11153.16928739292
886,P3,11153.740847421575
906,P2,11154.653852495549
880,P2,11154.862801696741
905,P2,11155.206850707276
911,P3,11155.413484595401
870,P5,11155.772993686822
869,P2,11155.955542157515
844,P5,11157.204570356924
902,P2,11157.687430170736
891,P2,11157.874458594353
855,P7,11157.953770770055
862,P3,11158.6481425532
770,P6,11159.078851006745
838,P6,11160.233979929735
887,P1,11160.295709517428
918,P1,11161.455073493573
808,P6,11162.878987139073
889,P3,11164.642424043635
887,P1,11165.197909352075
907,P2,11165.648050785689
888,P2,11165.8470151174
827,P6,11165.866648201225
877,P3,11166.043083119
894,P6,11166.58049991403
870,P5,11167.26613465882
862,P3,11167.771125014762
917,P3,11168.04372507949
843,P7,11168.28160357589
838,P6,11168.604914654756
808,P6,11168.626729882091
885,P3,11169.168535273153
920,P2,11169.55388284684
883,P6,11170.177284888769
910,P1,11170.8191331497
902,P2,11171.163653028298
918,P1,11171.205262731517
825,P5,11171.308581771464
884,P2,11171.455570628592
915,P1,11171.645216292973
890,P3,11171.867706251523
852,P6,11172.295549952918
874,P5,11173.042231197465
877,P3,11173.562604873656
901,P5,11173.574971894066
904,P2,11173.775149724654
905,P2,11174.820443996106
841,P5,11175.045987341691
882,P2,11175.065730630462
911,P3,11175.305240567934
872,P6,11175.918680196257
871,P3,11176.202553937588
906,P2,11176.282656739066
868,P5,11176.290277213739
858,P6,11176.308540364786
891,P2,11177.194875038495
844,P5,11177.24179300412
881,P1,11177.519906762189
915,P1,11178.124059090058
862,P3,11179.020152673993
910,P1,11179.117553703394
890,P3,11179.787631799913
855,P7,11179.921250369433
888,P3,11180.36759308422
902,P2,11180.432821156635
909,P1,11182.03421043165
889,P3,11183.47687019908
883,P6,11183.759479137063
897,P2,11184.166908750087
858,P6,11185.459530713002
770,P6,11185.476842437894
908,P3,11186.109773314005
895,P3,11187.24084688372
901,P5,11187.278259293893
825,P5,11188.767184601385
918,P1,11189.01287554095
838,P6,11189.205576532619
891,P2,11189.951739562488
841,P5,11190.20326658619
913,P1,11190.34518628067
884,P2,11190.592645505154
890,P3,11190.946266297453
908,P3,11190.949581153016
919,P2,11190.950637160444
921,P1,11191.183584269553
905,P2,11192.21001090274
912,P2,11192.650667484852
895,P3,11192.6857174897
882,P2,11193.510631713296
924,P1,11194.742920406152
871,P3,11194.88203122059
906,P2,11195.60219392944
877,P3,11195.770862235117
887,P1,11196.821286214621
891,P2,11197.127288342332
896,P3,11197.458719257942
918,P1,11197.558562372771
869,P2,11197.587067748485
864,P3,11197.637542940478
854,P3,11198.027201565237
907,P2,11198.535101454205
865,P2,11198.711119873371
808,P6,11198.846144355362
897,P3,11199.938943856876
923,P1,11200.273435967634
917,P3,11200.868394108018
825,P5,11201.284171347637
844,P5,11201.841741904069
898,P3,11202.019651419847
914,P1,11202.457778682188
910,P2,11203.465257866752
904,P2,11204.806140150233
921,P1,11204.899295437805
852,P6,11205.489764770531
880,P2,11206.735419497814
896,P3,11207.046516556713
885,P3,11207.140667770798
891,P2,11207.632345821743
808,P6,11207.896238456482
913,P1,11208.203910028851
877,P3,11208.225388049139
881,P2,11208.448350855768
825,P5,11209.4415226347
809,P6,11209.521743215693
899,P5,11209.828143799441
922,P1,11210.293084911807
843,P7,11210.561039576964
897,P3,11211.532256650424
857,P6,11211.913921996098
902,P2,11212.105675831368
898,P3,11212.188200918416
855,P7,11213.035665204192
881,P2,11213.343942710644
841,P5,11213.59185453837
884,P2,11214.340109766435
879,P3,11214.633553214531
852,P6,11215.473637221357
840,P7,11216.26681832923
911,P3,11216.455364306825
864,P3,11216.745934077826
904,P2,11217.47058226725
869,P2,11217.602039789943
855,P7,11217.684876390942
917,P3,11217.894669625864
926,P1,11218.457284537408
825,P5,11218.662651465094
899,P5,11219.086881196983
809,P6,11219.46286104044
883,P6,11220.03703223599
882,P2,11220.427918696629
890,P3,11220.507649999492
891,P2,11220.715844530088
909,P1,11221.881777862503
912,P2,11222.095318924581
896,P3,11222.61469809248
916,P3,11222.621861005751
913,P1,11223.060500512936
927,P2,11223.229615211352
857,P6,11223.345140852
900,P2,11223.365243554912
879,P3,11223.496803846216
896,P3,11223.710111965558
868,P5,11223.837735124202
929,P3,11224.26041962289
880,P2,11225.446105436282
901,P5,11225.567530900536
809,P6,11226.196835881281
838,P6,11226.324173075276
891,P2,11226.45986582224
907,P2,11226.914611377253
924,P1,11227.346081405378
897,P3,11227.394716776864
770,P6,11228.037647756977
864,P3,11228.080744132452
872,P6,11228.122472445735
921,P2,11228.549582786636
908,P3,11228.701075341549
926,P1,11228.847885305131
882,P2,11229.324009167669
905,P2,11229.36899118136
927,P2,11230.108280718561
855,P7,11230.25707479185
912,P2,11230.480375315052
884,P2,11230.59129128469
928,P2,11230.626746511214
885,P3,11231.051163360757
859,P5,11231.082278068956
904,P2,11231.567030643191
795,P5,11231.843302825499
923,P1,11232.439813437919
909,P1,11232.746516587049
905,P2,11233.259151099024
872,P6,11233.318898882892
902,P2,11234.045863982805
857,P6,11234.351816320592
906,P2,11234.62439141466
919,P2,11234.710411623262
898,P3,11234.824398476843
809,P6,11234.878139721324
843,P7,11235.752908998293
888,P3,11237.067967512334
907,P2,11237.189983967275
865,P2,11237.411478330805
899,P5,11237.821310803782
901,P5,11237.878471365773
770,P6,11237.901822074267
896,P3,11237.959813679328
918,P1,11239.372582075084
795,P5,11240.295229399258
873,P2,11240.487180334074
884,P3,11240.532438252558
915,P2,11240.65310669663
895,P3,11241.270150993307
902,P2,11242.493652953008
929,P3,11243.148754549055
841,P5,11244.067846876726
927,P2,11244.072469789617
901,P5,11244.156640684065
844,P6,11245.689850329214
926,P1,11246.092163222158
872,P6,11246.949399408693
900,P2,11247.049761833154
821,P7,11247.183548613064
911,P3,11247.942590673572
930,P3,11248.07240504406
869,P2,11248.241442672082
920,P2,11248.445582325192
919,P2,11248.513991649785
907,P2,11248.544899338125
891,P2,11249.300169736416
918,P1,11249.687191237557
923,P1,11249.785235336243
928,P2,11250.284881959162
888,P3,11250.465378887751
910,P2,11250.709451536843
864,P3,11250.888007865118
931,P3,11250.89956088675
927,P2,11252.081321025034
932,P3,11252.164713264858
873,P2,11252.184291350488
913,P1,11252.618113119084
871,P3,11252.816172823465
895,P3,11252.857703048861
916,P3,11252.93291812919
909,P1,11253.195941213742
933,P1,11254.235337058046
880,P2,11254.444680043189
868,P5,11254.921553618888
929,P3,11256.171826978421
844,P6,11256.240145145242
882,P2,11256.32868159012
899,P6,11257.162306274096
809,P6,11257.173351170994
897,P3,11257.17679325537
920,P3,11258.176999416914
872,P6,11258.366315215166
913,P1,11258.872272355427
808,P6,11259.274019749651
838,P6,11259.404454325178
918,P1,11260.233539823854
931,P3,11261.302052225468
917,P3,11262.140649399134
882,P2,11262.245979253086
921,P2,11262.506778036262
934,P3,11262.796061886702
908,P3,11262.900935631855
895,P3,11263.00853689486
865,P3,11263.26522257322
925,P1,11263.54315902163
904,P2,11263.619022671039
871,P3,11264.327697361394
927,P2,11264.690447382067
844,P6,11264.912782757321
881,P2,11265.144323240575
898,P3,11265.208207837191
872,P6,11265.342799946851
888,P3,11265.428090933601
907,P2,11266.396583657615
896,P3,11266.736581449637
906,P2,11266.917780408185
770,P6,11268.273333085464
914,P1,11268.275989824993
928,P2,11269.33921728543
910,P2,11269.347411125302
897,P3,11269.653107404985
795,P5,11269.659614289507
912,P2,11269.926659237706
922,P1,11269.939353740205
864,P3,11271.078995594095
838,P6,11271.335019354825
911,P3,11272.101058076929
921,P3,11272.170309221061
923,P1,11272.35048522405
920,P3,11272.409299117564
874,P5,11273.0971449223
882,P2,11273.3909648219
871,P3,11273.858636089986
926,P1,11273.887593832342
895,P3,11274.270346138885
900,P2,11274.691247201243
840,P7,11274.851233507272
857,P6,11275.137050354608
809,P6,11275.24563798
882,P3,11275.297752471253
906,P2,11275.804548120008
881,P2,11275.808665631514
872,P6,11276.934943644712
888,P3,11277.509393964816
885,P3,11277.911724793046
770,P6,11278.409133735855
918,P1,11279.040298698563
917,P3,11279.323255218855
923,P1,11280.081191579615
931,P3,11280.102233186111
821,P7,11280.437506577186
897,P3,11280.607046487461
932,P3,11281.156729581557
890,P3,11281.697846456971
908,P3,11281.86691667688
913,P1,11282.41141114239
879,P3,11282.683710062787
770,P6,11282.967949417549
881,P2,11283.669770093928
865,P3,11283.734685572741
927,P2,11284.489729363695
867,P6,11284.531238146334
869,P3,11286.286821071346
890,P3,11286.51363372605
844,P6,11286.547997630703
871,P3,11286.552047379406
935,P3,11287.56601824817
907,P2,11287.670127219946
882,P3,11288.030755710573
885,P3,11288.63958207218
883,P6,11288.868123687911
795,P5,11288.993053675991
909,P2,11289.396650140401
901,P6,11290.199724245498
865,P3,11290.526235768626
938,P2,11291.754420433315
903,P7,11291.825520201855
934,P3,11293.134721958035
929,P3,11293.174093635635
914,P1,11293.512957390141
869,P3,11293.849868431456
908,P3,11294.048662639034
809,P6,11294.510736615992
915,P2,11295.081275539942
936,P1,11295.527965799252
926,P1,11295.668753577804
907,P2,11295.839568470965
884,P3,11295.884066724495
919,P2,11296.689977437265
873,P2,11296.794051764897
918,P2,11297.17203809601
888,P3,11297.248894203032
840,P7,11297.249301552605
874,P5,11297.532339967362
928,P2,11299.074324500396
932,P3,11300.022902092836
937,P1,11300.41343981099
901,P6,11300.494089477274
938,P2,11300.615963502487
896,P5,11300.75563569136
933,P1,11301.003209466277
897,P3,11301.678900205347
941,P2,11301.682179603591
891,P3,11302.47491012765
920,P3,11302.870060784417
905,P3,11302.894152318504
910,P3,11303.555718360372
895,P3,11303.886094575828
906,P2,11303.901541226753
857,P6,11303.913659432501
867,P6,11304.101433381504
912,P2,11304.313080790398
908,P3,11304.496124097113
881,P2,11304.505232096039
880,P3,11304.651707137711
939,P3,11304.657726876427
940,P2,11305.033845951963
844,P6,11305.762693867946
925,P2,11306.278677439257
926,P1,11306.4840396896
918,P2,11306.831769087625
887,P1,11307.070446981608
872,P6,11307.411491304423
932,P3,11307.67107691035
937,P1,11308.000741724767
888,P3,11308.07627832798
885,P3,11308.084330488342
902,P2,11309.17795355798
821,P7,11309.420882620756
923,P2,11309.71942288845
890,P3,11309.802795156158
912,P2,11309.916475092868
939,P3,11309.974723469795
860,P7,11310.03039716358
940,P2,11310.357304870808
928,P2,11310.55269051786
904,P3,11310.927144553078
900,P2,11310.974089538617
884,P3,11311.350348181788
859,P5,11312.016936898035
921,P3,11312.064690130279
795,P5,11312.278568779579
913,P2,11312.519279007884
869,P3,11312.769905638486
931,P3,11313.588160124971
873,P2,11313.670988089178
857,P6,11314.121513247284
880,P3,11314.158560403557
936,P1,11315.324504032136
844,P6,11316.044336398167
868,P5,11316.048000179351
926,P1,11316.372857894028
899,P6,11316.615333526863
871,P3,11318.172091029026
864,P3,11318.230661675181
809,P6,11319.098326541836
909,P2,11319.66214846073
900,P2,11319.717759130725
937,P1,11320.304358845731
920,P3,11320.500839260365
902,P2,11320.736116229602
904,P3,11320.786526120137
859,P5,11320.900776645194
890,P3,11321.991353425603
910,P3,11322.034147192371
901,P6,11322.184319874232
895,P3,11322.222707454473
930,P3,11322.442290840403
872,P7,11322.869724897246
900,P2,11323.330043162276
913,P2,11323.356673027127
929,P3,11323.36827994487
896,P5,11323.65217187766
939,P3,11323.71245774031
931,P3,11324.000238988858
914,P1,11324.142701940433
879,P3,11324.513485833846
938,P2,11325.18816212634
908,P3,11325.81681435189
809,P6,11325.822895498057
821,P7,11326.237843008556
883,P7,11327.001128038986
907,P2,11328.034753636743
935,P3,11328.078847165612
840,P7,11328.374426113194
921,P5,11329.99454437791
830,P7,11330.09662245125
906,P3,11330.561031425737
865,P3,11330.628044850651
925,P2,11330.973077572236
795,P5,11332.529418168959
874,P5,11332.73715586769
880,P3,11332.813333201964
941,P2,11333.080230283273
907,P2,11333.57158318161
914,P1,11334.213812439506
871,P3,11334.23052791722
940,P2,11334.25060294547
924,P1,11334.940373861162
873,P2,11335.805601547136
929,P3,11335.840218704196
942,P1,11336.123037629948
881,P2,11336.289188691888
885,P3,11336.846440985595
911,P5,11336.99986830207
933,P2,11337.161444680265
936,P2,11337.547217227657
840,P7,11338.085065895084
925,P2,11338.173040714137
821,P7,11339.387718755366
938,P2,11339.42308142369
927,P2,11339.483227310237
919,P2,11340.072849851971
896,P5,11340.530460638858
923,P2,11340.624190221744
890,P3,11340.773523436881
903,P7,11341.040609281376
930,P3,11341.099852875577
908,P3,11341.755675542654
917,P3,11341.85964727512
920,P3,11342.227864128705
937,P1,11342.558256480124
946,P3,11343.690902909482
900,P2,11343.829501058757
867,P6,11344.368375111575
795,P5,11344.63224788904
887,P2,11344.725510003786
933,P2,11344.831012038685
844,P6,11344.996060611322
809,P6,11345.013131174508
872,P7,11345.788932116006
939,P3,11345.981041125422
884,P3,11345.986299894048
869,P3,11346.234859116988
945,P3,11346.828289471525
918,P2,11347.152191081743
860,P7,11347.384478322276
920,P3,11348.059144724139
884,P3,11348.419605616793
938,P2,11348.427390917868
897,P3,11348.62526402395
941,P2,11348.767330243625
825,P5,11348.946246406445
902,P2,11349.412166417425
931,P3,11349.730943875755
909,P2,11350.457295892102
919,P2,11350.765115086278
865,P3,11350.937131520424
945,P3,11351.166740675357
921,P5,11351.184362698996
888,P3,11351.226944033506
923,P2,11351.420138149617
901,P6,11351.619389600213
891,P3,11351.632514385105
903,P7,11351.892902932299
943,P3,11351.92296383944
795,P5,11352.617150117103
859,P5,11352.903547037145
896,P5,11352.966685898886
922,P1,11353.311717643164
830,P7,11353.838021617283
939,P3,11353.898244710059
917,P3,11354.555453520448
899,P6,11355.007648979348
873,P2,11355.12333961385
915,P2,11355.153104281348
924,P1,11355.209107069259
926,P1,11355.235082843237
880,P3,11355.289270493735
914,P1,11355.944774284773
888,P3,11356.051427155533
918,P2,11356.158495582877
919,P2,11356.462899877255
907,P2,11356.482430664255
943,P3,11356.57941030236
869,P3,11356.8690120666
909,P2,11357.090138797
929,P3,11358.54672031746
928,P2,11359.121923755049
930,P3,11359.139635959209
941,P2,11359.364872920853
906,P3,11359.935698162713
900,P2,11359.978300681161
917,P3,11360.354452239799
921,P5,11360.845466241677
830,P7,11360.957778927723
844,P6,11361.68399322504
874,P6,11362.473239544861
904,P3,11362.531411710163
891,P3,11362.639180019465
897,P5,11363.65553720151
929,P3,11364.701437420097
896,P5,11364.89595326234
932,P5,11365.079360016021
873,P2,11365.477047419934
899,P6,11365.708090900329
940,P2,11366.426573501729
882,P3,11366.623097349986
946,P3,11367.972802854893
901,P6,11369.0624588936
902,P2,11369.565704470642
865,P3,11369.817086430212
859,P5,11369.836089074755
896,P5,11370.313604459803
941,P2,11370.613218242252
930,P3,11370.94381053269
934,P3,11370.973798566718
918,P2,11371.074011209315
923,P2,11371.126887212034
844,P6,11371.486012194033
895,P5,11372.264665424116
906,P3,11372.345308953356
825,P6,11372.583202551803
884,P3,11373.01265688947
927,P2,11373.090655322028
940,P2,11373.394399532737
933,P2,11373.52427941195
910,P3,11373.609696434582
869,P3,11373.98611085936
938,P2,11374.305987964586
830,P7,11374.34544377326
840,P7,11374.92772068416
939,P3,11374.953401865381
874,P6,11375.65288078667
929,P3,11375.684360193965
907,P2,11375.939406299532
909,P2,11376.050292967699
945,P3,11376.621954504391
936,P2,11376.659598689603
926,P1,11377.041093673415
921,P6,11377.129733549893
922,P1,11377.814868503037
809,P6,11377.993494104483
925,P3,11378.010306521901
918,P2,11378.727241784345
906,P3,11379.275868787508
900,P2,11379.393803800069
927,P2,11379.630392399607
821,P7,11379.70175418032
932,P5,11380.582003450836
938,P2,11380.98921252062
895,P5,11381.442710362582
891,P3,11381.590281235021
883,P7,11381.628900342852
825,P6,11381.966456051052
942,P1,11382.091539599827
887,P2,11383.496657077185
931,P3,11384.127179369028
830,P7,11384.54297658014
926,P1,11384.727098325551
844,P6,11385.093245090258
920,P5,11385.344075701136
867,P6,11386.049042917699
895,P5,11386.39484707083
915,P2,11386.586536279405
902,P3,11387.381983335023
928,P2,11387.762727244639
840,P7,11387.841348266786
925,P3,11388.010230697013
873,P3,11388.341991593916
860,P7,11388.554439828878
922,P1,11389.163730989505
938,P2,11389.443037897645
821,P7,11390.551414310607
906,P3,11391.007982294886
825,P6,11391.024972401226
939,P3,11391.305156358874
900,P2,11391.334981743388
915,P2,11391.981361298172
917,P3,11392.131042581745
919,P2,11392.533213479888
929,P5,11393.771619394844
874,P6,11394.399745665776
933,P2,11394.535469176353
844,P6,11394.643745632013
940,P2,11396.07658845258
887,P2,11396.840718362324
882,P3,11396.959041547127
897,P5,11396.98280396017
909,P2,11397.105408385794
932,P5,11397.119370207554
873,P3,11397.666171821827
925,P3,11398.289270632593
896,P5,11398.605205247171
941,P2,11398.706743901914
929,P5,11398.893254001166
881,P2,11399.569977538575
927,P3,11399.984046974727
924,P1,11400.286614291841
945,P3,11400.619088190655
938,P2,11400.858591095572
931,P3,11401.034528602902
905,P5,11401.044279969614
937,P2,11402.300241176104
859,P5,11402.34466599744
919,P2,11402.572495391629
865,P3,11402.871181825101
944,P2,11402.968059292554
910,P3,11404.048357516242
880,P3,11404.119245757802
940,P2,11404.618429842385
825,P6,11404.91417343389
907,P2,11405.78294578687
869,P3,11405.995639878802
899,P6,11406.479356819205
867,P6,11406.651105148685
906,P3,11406.923487821707
946,P3,11407.265769984715
925,P3,11408.221365884512
830,P7,11408.524249192495
865,P3,11409.288390678359
922,P1,11409.522929370345
948,P1,11409.942816116898
914,P2,11410.113396481072
912,P3,11410.231225602489
938,P2,11411.17889764129
891,P3,11411.221396768919
930,P3,11411.327553789997
821,P7,11411.625432556188
927,P3,11411.796546971891
929,P5,11411.800570808893
917,P3,11412.408684283613
931,P3,11412.926129332403
939,P3,11413.394610184027
941,P2,11413.408087509222
897,P5,11414.037964637751
809,P6,11414.173220478786
907,P2,11415.097458435648
934,P3,11415.192546107377
873,P3,11415.650254544918
932,P5,11415.819711557167
840,P7,11416.451009867584
947,P1,11416.683454776823
902,P3,11417.731122971683
905,P5,11417.873987198695
919,P2,11417.926518503931
896,P5,11419.476251914104
830,P7,11419.963589271889
906,P3,11421.403662523726
872,P7,11421.522799797676
923,P2,11422.105931296437
909,P2,11422.456108025677
893,P5,11423.266241677313
880,P3,11423.606666088717
884,P3,11423.989317526195
795,P5,11424.071829208837
907,P2,11425.520617219208
883,P7,11425.648096192881
906,P3,11425.773448240578
931,P3,11425.960372697707
905,P5,11427.32310947296
913,P2,11427.592415652152
912,P3,11427.832614888985
900,P2,11428.548917506696
918,P2,11428.939147791627
902,P3,11428.997454240514
935,P3,11429.286668315528
821,P7,11430.137425287603
915,P3,11430.315642959722
943,P3,11431.331889057095
931,P3,11431.477125974076
901,P6,11432.053872305372
830,P7,11432.254765173935
925,P3,11432.522768880834
880,P3,11433.055054992035
884,P3,11433.174249994727
924,P2,11433.331356972707
920,P5,11433.913915787503
909,P2,11433.927671181636
897,P5,11434.813668814044
944,P2,11434.821376763788
939,P3,11435.022846963879
887,P2,11436.621558559458
922,P1,11436.632677264337
902,P3,11436.827932904596
930,P3,11436.871611552078
874,P6,11436.899896370476
935,P3,11438.514217183656
918,P2,11438.576832025286
944,P2,11439.377446753168
906,P3,11439.391255024007
840,P7,11439.441061263875
919,P3,11439.895364584341
865,P3,11440.12744162893
924,P2,11440.283315913186
937,P2,11440.309807132262
913,P2,11440.485246994922
891,P3,11440.816308077188
938,P2,11440.881154712426
917,P3,11441.80725210707
915,P3,11441.808349430397
893,P5,11442.00273399719
905,P5,11442.321310579175
947,P1,11442.517663620694
825,P6,11442.597580424412
897,P5,11443.09641443085
933,P2,11443.105918805008
795,P5,11443.714700638347
925,P3,11444.348791931614
874,P6,11444.717449553242
939,P3,11445.075116598771
947,P1,11446.181937284546
880,P3,11446.25818869421
922,P1,11446.902125516339
940,P2,11447.058617397744
942,P1,11447.237254015357
920,P5,11447.273701654023
912,P3,11447.292052328185
869,P3,11447.680969815752
902,P3,11447.969739504673
929,P5,11448.990608558457
923,P3,11449.10742610517
893,P5,11449.709249954469
927,P3,11450.486184332527
906,P3,11450.71951886035
917,P3,11452.010798382707
880,P3,11452.805635705947
867,P6,11453.254279558543
914,P2,11453.351750122005
896,P6,11453.589157167444
897,P5,11454.284254142105
933,P2,11454.76519176057
907,P2,11455.12655413272
920,P5,11455.427117857555
950,P3,11456.128737685132
860,P7,11456.451986758664
927,P3,11456.627641203573
891,P3,11457.305944397778
909,P2,11457.734297080611
947,P1,11457.953989200172
924,P2,11458.302436519047
905,P5,11458.45413979535
918,P2,11458.462468393482
948,P2,11458.589587085873
923,P3,11458.712910457694
952,P1,11458.818317272402
936,P3,11459.378562683158
941,P2,11459.97381079808
881,P3,11460.378384833868
917,P3,11461.313229089683
914,P2,11461.766248134583
874,P6,11463.068180829125
869,P3,11463.14415942788
897,P6,11463.18055972801
931,P3,11464.122300946508
932,P5,11465.022032793473
921,P7,11465.49059263871
840,P7,11465.656336620761
887,P2,11466.374257404708
929,P5,11466.560039763839
920,P5,11466.620300529248
900,P2,11466.867452881319
849,P6,11467.074323503233
923,P3,11467.583049615056
951,P1,11467.990396836689
946,P3,11468.480369319286
947,P1,11469.039327413122
897,P6,11469.901737466762
893,P5,11470.207734974565
917,P3,11470.407640912199
915,P3,11470.541419626566
927,P3,11471.203104180324
940,P2,11472.316952667026
953,P2,11472.561686825851
952,P1,11472.75927943874
913,P2,11472.949649669885
906,P3,11473.171837452928
938,P2,11473.51424317205
932,P5,11475.534392567542
946,P3,11475.570769568894
882,P3,11476.154357792584
874,P6,11476.294562982912
896,P6,11476.555373869505
916,P5,11477.43110305741
909,P2,11478.686882404094
905,P5,11479.81151788757
865,P3,11480.260352092551
918,P2,11481.000752335874
795,P5,11481.647593363568
941,P2,11482.428240175523
943,P3,11483.077671561052
849,P6,11483.10709426825
896,P6,11483.211800149598
952,P1,11484.26162561909
874,P6,11485.139360149831
916,P5,11485.532389736389
860,P7,11487.03620791145
933,P3,11487.428872968427
909,P2,11488.065114691753
929,P5,11488.333401203181
942,P2,11488.777634354685
954,P3,11488.964831168567
950,P3,11489.179958763292
907,P2,11489.347919313102
947,P1,11489.37156073207
914,P2,11490.000990002329
891,P3,11490.291004786475
924,P2,11490.462127561092
877,P5,11490.546887646711
932,P5,11491.026475995552
941,P2,11491.661466590947
935,P3,11492.15022384345
900,P2,11492.240425444586
918,P2,11492.289797079375
923,P3,11492.51474794092
860,P7,11493.386714135573
906,P3,11493.726510257942
916,P5,11494.054155227212
926,P2,11494.600845020774
869,P3,11495.4692881213
944,P2,11495.583107402754
940,P2,11495.808417511895
928,P3,11496.100034998826
933,P3,11496.167478182007
949,P2,11496.545628625228
874,P6,11496.57428842985
882,P3,11496.669798745346
913,P3,11496.766808921513
906,P3,11497.060342077744
954,P3,11497.931117589764
880,P3,11498.033942405102
951,P1,11498.842106684384
872,P7,11499.292055247855
935,P3,11499.505945788891
947,P2,11499.521087385381
897,P6,11499.533323984537
905,P5,11500.396276181891
912,P3,11500.552770510763
795,P5,11500.915824853604
937,P2,11500.995181136363
918,P2,11501.517506431741
874,P6,11501.93965253072
941,P2,11502.537619798595
933,P3,11502.760303968555
946,P3,11502.82634453949
893,P5,11503.195940140204
934,P3,11503.292022826723
919,P3,11503.94381696539
923,P3,11504.232932070761
872,P7,11504.408487780325
940,P2,11505.781545437736
879,P7,11506.27896757239
952,P1,11506.451605456197
917,P5,11506.774733221653
922,P2,11507.093505906103
916,P5,11507.270587160381
942,P2,11508.068036747072
849,P6,11508.794788633293
914,P2,11509.430265390052
956,P2,11510.101649286766
918,P2,11510.180363100457
958,P1,11511.928421060702
944,P2,11512.105626525481
934,P3,11512.467868278622
882,P3,11513.324907688659
891,P3,11513.59706010235
940,P2,11513.965687389325
869,P3,11514.97196985025
949,P2,11515.834641040052
957,P2,11516.78904358747
951,P1,11516.903129145634
954,P3,11517.048165978485
952,P1,11517.060419002002
942,P2,11517.557702052494
909,P2,11517.739369722021
925,P3,11517.876134848506
879,P7,11518.854698286788
929,P6,11518.92854258896
923,P3,11519.765031932347
825,P6,11520.172881436878
943,P3,11520.31951574859
897,P6,11520.60181052245
938,P3,11520.9925850842
896,P6,11521.624220107042
922,P2,11521.66756909704
918,P2,11522.077667631993
877,P5,11523.104492660968
957,P2,11524.761811556846
958,P1,11525.081639197819
893,P5,11525.39855754035
940,P2,11525.766038486687
925,P3,11525.821882662764
934,P3,11526.210503239387
926,P2,11526.236986949314
955,P3,11527.162180589137
913,P3,11527.315759323534
879,P7,11528.209569880553
935,P3,11528.424482679387
907,P2,11528.849891901438
900,P2,11529.14266349817
906,P3,11530.91087714811
865,P3,11530.951928435405
825,P6,11530.959209565728
917,P5,11531.344713032408
948,P2,11531.363092271215
933,P3,11532.384573383524
909,P2,11532.9887354735
880,P3,11532.991083306531
958,P1,11533.114706174249
940,P2,11533.388859186714
953,P2,11533.424497707558
949,P2,11534.528700769784
943,P3,11534.706475590974
923,P3,11535.276668532642
959,P1,11535.460379501357
882,P3,11535.585960131612
935,P3,11537.095331861452
961,P1,11537.849284688358
905,P5,11539.383881421283
898,P7,11539.439023852283
932,P6,11540.14587870003
909,P2,11540.371283476426
889,P6,11540.463366002992
954,P3,11540.634834651184
881,P3,11541.029698320155
915,P3,11541.052770079543
944,P2,11541.088616400535
937,P2,11541.4373537013
957,P2,11541.45465866496
948,P2,11541.815261138148
916,P5,11542.18971477258
906,P3,11542.549609476375
825,P6,11542.770339462957
957,P2,11543.619730742193
869,P3,11544.104267528724
946,P3,11544.461024181284
854,P5,11544.531952838235
940,P2,11544.546391784412
949,P2,11545.248569810614
923,P3,11545.431547274926
955,P3,11545.683311636469
882,P3,11546.238366452666
953,P3,11546.383115417013
905,P5,11546.654775438225
887,P2,11547.600196383431
912,P3,11548.513623527337
920,P5,11548.54802665458
954,P3,11548.671637539268
943,P3,11549.144522813633
865,P3,11549.236952565294
916,P5,11549.556751312808
898,P7,11550.055938536949
913,P3,11550.705116035386
919,P3,11551.333949958705
927,P3,11552.48255189545
944,P2,11553.08997483712
880,P3,11553.983587202412
949,P2,11555.800767642573
940,P2,11555.87056084964
889,P6,11556.61315069233
960,P1,11556.616336248479
907,P2,11556.690953109819
952,P1,11556.937616521305
873,P3,11557.098506567916
933,P3,11557.130767936444
955,P3,11557.906910480504
950,P3,11558.084272246868
905,P5,11558.106224308462
943,P3,11558.40091902013
946,P3,11558.593570356852
963,P1,11559.069415415082
954,P3,11559.327751522547
898,P7,11559.432925814366
956,P2,11559.564597959235
928,P3,11559.691306067134
926,P2,11560.095573750219
948,P2,11560.429926163002
869,P3,11560.684992712157
917,P5,11561.043440163488
915,P3,11561.061206266866
865,P3,11561.173497958773
906,P3,11561.201640773566
854,P5,11561.325538185158
958,P1,11562.30412967925
964,P1,11562.400416438384
928,P3,11564.122626629618
882,P3,11564.198672906925
934,P3,11564.318168490017
880,P3,11564.35092159318
907,P2,11564.368839115785
946,P3,11564.70377684044
955,P3,11565.073208891536
918,P3,11565.256113208943
849,P6,11565.587002155533
887,P2,11566.784547930922
886,P6,11566.791369878654
952,P1,11568.464933897349
917,P5,11569.199890096828
924,P3,11569.37212641035
954,P3,11570.07276444927
934,P3,11570.185340971526
948,P2,11570.260504512828
929,P6,11570.299391041635
916,P5,11570.445591992502
825,P7,11570.551666602416
941,P3,11570.609508211077
940,P3,11570.873109663842
951,P2,11571.56443172135
962,P1,11572.01925567569
927,P3,11572.147524257984
849,P6,11573.59098199935
896,P6,11573.847602538566
944,P2,11575.040538112768
959,P1,11575.075212766638
869,P3,11575.14124997732
956,P2,11575.451901714052
926,P2,11575.75869512628
954,P3,11575.856647725997
961,P1,11576.027631324683
952,P1,11576.518830383226
882,P3,11576.684949002058
893,P6,11576.772078192356
887,P2,11576.921713501035
927,P3,11578.509042506174
960,P1,11578.767378629684
909,P3,11579.231830555747
917,P5,11579.335663145683
881,P3,11579.709774822359
942,P2,11579.893504586706
898,P7,11579.921275084384
900,P2,11579.9708346631
964,P1,11580.61229285846
966,P3,11580.659004775434
865,P3,11581.149697622028
919,P3,11581.455376903756
949,P2,11581.668608465801
854,P5,11581.912186858404
859,P6,11582.196007778653
959,P1,11583.056328668938
958,P2,11583.487118521343
893,P6,11583.766172254205
953,P3,11583.915922605313
941,P3,11583.950427536245
922,P2,11584.013685037426
969,P1,11584.352405946745
869,P3,11585.527183829865
946,P3,11585.80838940692
955,P3,11586.063891371135
957,P2,11586.479640147514
924,P3,11587.487191783423
954,P3,11587.808826318116
873,P3,11587.844608750145
865,P3,11589.473665622038
932,P6,11589.708775746298
950,P3,11589.767385385012
941,P3,11590.460939511524
952,P1,11590.632407991581
943,P3,11591.23294403042
967,P1,11591.427164467777
956,P2,11591.65236698188
859,P6,11591.684781712001
907,P3,11593.38122389696
951,P2,11593.53782269425
962,P1,11593.745032197621
893,P6,11594.520941581046
934,P3,11594.617134325976
873,P3,11595.804858293537
968,P1,11595.933987914981
959,P1,11596.139429175842
949,P2,11596.474132157153
849,P6,11596.564497899812
887,P2,11596.782325403181
886,P6,11597.32833653033
942,P2,11598.204613717058
914,P2,11598.710493872215
952,P1,11598.816161317829
876,P7,11599.089986727573
922,P2,11600.534483355426
940,P3,11601.388135481766
907,P3,11602.221286573504
957,P2,11603.28871558955
941,P3,11603.474216185708
950,P3,11603.565034430125
946,P3,11603.639578991268
963,P1,11603.760962258772
854,P5,11604.643737371749
887,P2,11604.702910763268
920,P5,11605.15249648018
886,P6,11605.4583712664
954,P3,11606.46287572054
873,P3,11607.038880609662
909,P3,11607.230172212723
942,P2,11607.427498613722
955,P3,11608.772240473594
916,P5,11608.87724838048
922,P2,11608.97426034694
908,P6,11609.154262323098
905,P5,11609.911311322152
928,P5,11610.609293045372
943,P3,11611.446269004708
950,P3,11611.790518980788
934,P3,11611.961655822026
965,P1,11612.188128574937
960,P2,11613.784258555952
953,P3,11614.101107340799
955,P3,11614.159430513579
969,P1,11614.380762692335
933,P5,11615.654152485129
910,P5,11615.855357947683
970,P1,11618.02075740144
914,P2,11618.467144504204
912,P3,11618.575756035616
960,P2,11618.64254201531
905,P5,11619.32736995457
941,P3,11619.33976066816
959,P2,11619.617376162383
967,P1,11620.536582551453
947,P3,11620.992882315477
929,P6,11621.134654565343
825,P7,11621.153631689325
886,P6,11621.871945316809
933,P5,11622.51394713635
966,P3,11622.86034521188
962,P1,11622.974094447924
948,P3,11623.41836071196
849,P6,11624.297949472415
944,P2,11625.45707255079
946,P3,11625.74696377184
950,P3,11625.92107592295
873,P3,11627.999960581375
920,P6,11628.332355033519
910,P5,11628.338980198401
905,P5,11628.514984933765
970,P1,11628.687132342187
881,P3,11629.352432420737
958,P2,11629.938283228877
917,P6,11630.11143313896
940,P3,11630.373781189204
952,P2,11632.704826396975
916,P6,11632.760790703047
914,P2,11632.766291452663
960,P2,11633.97200526414
962,P1,11634.32537798767
958,P2,11636.027833809247
900,P3,11636.2005151939
886,P6,11636.419290495436
815,P6,11637.343169823542
908,P6,11637.522059840869
849,P6,11638.619722284504
941,P3,11638.652844690792
909,P3,11640.128571379197
945,P6,11640.324150254963
947,P3,11640.870172154753
965,P1,11642.96608564114
940,P3,11643.28011500446
886,P6,11643.296346795718
916,P6,11643.355189793925
951,P3,11644.809401367835
917,P6,11644.973184286895
950,P3,11645.610181599115
963,P1,11646.605202986193
957,P2,11646.86028537838
959,P2,11646.884200317885
961,P1,11647.254640194527
905,P5,11647.92589736203
882,P3,11648.094543060044
904,P6,11648.367679101222
859,P6,11648.66016670174
949,P2,11649.246312163039
922,P3,11650.400280163867
960,P2,11650.543282470113
929,P6,11650.587934024988
928,P5,11651.036822163924
910,P5,11651.590219737262
948,P3,11651.67258394188
971,P1,11652.12268946982
916,P6,11654.297162496308
887,P3,11654.570652630271
969,P1,11655.258225947482
944,P2,11655.376016986504
942,P2,11655.692361427557
912,P3,11655.847334970978
949,P2,11656.132118125637
904,P6,11656.529803202613
958,P2,11657.040743975675
909,P3,11657.079059505862
959,P2,11657.613816257463
908,P6,11658.002090845133
947,P3,11658.490399440194
885,P5,11658.696220088632
964,P2,11659.303427275747
873,P5,11659.432267247752
913,P3,11659.700709225228
865,P3,11659.746641920578
876,P7,11660.106928463949
945,P6,11660.255634324296
916,P6,11661.45795150002
881,P3,11661.496932799773
949,P2,11661.680948968416
937,P2,11661.791997271424
954,P3,11662.205488379039
910,P5,11662.268941298778
889,P6,11663.230675588433
886,P6,11663.337576394195
944,P2,11664.989185781544
950,P3,11665.65814755118
972,P1,11665.705781787065
825,P7,11665.918769327702
957,P2,11666.412864440183
887,P3,11666.653963230847
889,P6,11667.057924592174
958,P2,11667.605654242685
966,P3,11668.141692854962
917,P6,11668.166699070589
963,P1,11668.174710580966
954,P3,11668.259541322857
908,P6,11668.52526717691
945,P6,11668.75568362337
947,P3,11668.934063557643
941,P3,11669.45394906417
968,P2,11669.712968525617
882,P3,11670.084618780213
859,P6,11670.535623496733
967,P1,11670.620378480344
854,P5,11671.343301010489
932,P6,11671.444953234986
956,P2,11672.044504029816
965,P1,11672.061539982682
916,P6,11672.131166883935
950,P3,11672.797172285167
960,P2,11672.858130891902
962,P2,11673.600582141491
933,P5,11673.683739110173
951,P3,11673.937031037163
825,P7,11673.95933924624
904,P6,11673.962018639113
885,P5,11675.805696500047
944,P2,11675.837187990532
908,P6,11678.696532496762
889,P6,11678.973936713983
959,P3,11679.41929084085
970,P1,11679.933976113885
947,P3,11680.89251811318
954,P3,11681.149994701957
859,P6,11681.229024842893
926,P3,11681.954427141356
964,P2,11682.053961717003
945,P6,11683.432297733678
887,P3,11684.071663198016
957,P2,11685.168977965637
905,P5,11685.180102815539
950,P3,11685.416851808655
960,P2,11685.89966369358
948,P3,11686.406985065485
969,P1,11686.492642270261
972,P1,11686.617107443175
889,P6,11687.878761185082
873,P5,11688.4854706019
963,P1,11688.545980187679
913,P3,11688.688543685354
949,P3,11689.139700903797
968,P2,11689.562492803992
904,P6,11689.615295991058
914,P2,11690.279331987866
815,P6,11690.731986223867
876,P7,11691.223143772066
971,P1,11691.471479461976
959,P3,11692.131739699142
912,P3,11692.991856596327
960,P2,11693.145978870421
964,P2,11693.328949436696
886,P6,11693.550471846056
904,P6,11693.733466371265
919,P3,11693.768844185694
940,P3,11693.91735252575
965,P1,11693.929506243232
887,P3,11694.085085697165
967,P1,11694.750796702994
916,P6,11695.130637960683
877,P6,11695.327144474937
963,P1,11695.474671007016
885,P5,11695.920287206023
969,P1,11696.75693119727
952,P2,11696.807753823585
950,P3,11697.967688404407
905,P5,11698.237127484594
815,P6,11698.396990985704
914,P2,11699.689441952049
968,P3,11699.789671686469
961,P2,11699.935695378823
889,P6,11700.208867395486
940,P3,11701.00842129174
947,P3,11701.127258791093
951,P3,11702.239422888519
959,P3,11702.280590342116
890,P5,11702.7401099398
877,P6,11704.39773803289
969,P1,11704.920659162348
849,P6,11704.982512183766
887,P3,11706.448182568538
957,P2,11706.844663918997
913,P3,11707.24185622336
922,P3,11707.562955569032
947,P3,11707.67504458999
815,P6,11707.948938911464
932,P6,11708.157552574687
859,P6,11708.38924377847
912,P3,11709.579372298465
958,P3,11709.74621785056
890,P5,11711.274524481812
937,P2,11711.822449546466
956,P3,11711.899146587892
876,P7,11712.092626791245
907,P3,11712.208203841406
959,P3,11712.551181485696
904,P6,11712.62000392152
960,P2,11713.03257532971
889,P6,11713.272634541125
933,P5,11713.894509112271
926,P3,11715.014478737041
970,P1,11715.542331183378
886,P6,11716.086461654724
969,P1,11716.26630445384
971,P1,11716.948161187609
909,P3,11717.787891841977
966,P3,11717.925472291421
881,P3,11718.156958185366
932,P6,11718.718073950273
961,P2,11719.402029163459
889,P6,11719.516723923467
919,P3,11719.83053137024
859,P6,11719.896506374136
972,P2,11720.034129311463
964,P2,11720.358150364778
825,P7,11721.210166876434
925,P7,11722.310337199022
922,P3,11723.007879263976
949,P3,11723.158692847588
890,P5,11723.34141046106
951,P3,11723.40292583454
952,P2,11724.507173667424
887,P3,11725.268656174341
914,P2,11725.561087487245
849,P6,11726.050016724532
888,P5,11726.302759876866
885,P5,11728.071379323299
925,P7,11728.073902183434
914,P2,11728.240336210856
971,P2,11728.589269722786
889,P6,11728.666696617647
932,P6,11729.164903514484
815,P6,11729.303059345306
972,P2,11729.601068941089
937,P2,11730.460108107874
963,P2,11730.474430120563
955,P5,11730.58854977456
890,P5,11730.706374080266
825,P7,11730.944053579036
957,P3,11731.088251078712
940,P3,11731.680886560483
956,P3,11731.715288408961
876,P7,11732.666275006064
966,P3,11733.313451427617
958,P3,11733.555441711858
947,P5,11735.060713067724
952,P2,11735.24402841147
973,P2,11735.693170879145
962,P2,11735.798503531047
873,P5,11736.799037655075
933,P5,11737.166632735121
974,P3,11737.420960330473
968,P3,11738.124550363427
963,P2,11738.237543904377
923,P7,11738.285753610555
865,P3,11738.79739998106
907,P3,11738.894536869202
859,P6,11739.607040741763
967,P1,11739.84901847805
957,P3,11740.107468925282
965,P1,11740.250786259168
966,P3,11741.275032825255
909,P3,11741.573416919708
825,P7,11742.159119439844
890,P5,11742.326118677342
877,P6,11742.340084703828
889,P6,11742.82575631489
962,P2,11743.054039651386
951,P3,11744.180269501483
970,P1,11744.575129639055
958,P3,11747.833438502368
963,P2,11748.559310533336
923,P7,11749.603072262857
944,P3,11750.324965984477
971,P2,11751.392831740184
877,P6,11751.62956913175
951,P3,11751.845973260111
904,P6,11751.883321362415
907,P3,11752.028525471118
949,P3,11753.350222203782
955,P5,11755.555709530707
888,P5,11755.898672853282
966,P3,11756.089471589747
952,P2,11756.699092925659
933,P5,11756.825692457742
920,P6,11757.094271497515
958,P3,11757.986949640928
965,P1,11758.379914394482
889,P6,11759.18608056452
815,P6,11759.808065186493
963,P2,11760.45179371616
976,P2,11761.812520719732
914,P3,11761.819473567035
956,P3,11762.566600112814
959,P5,11764.035664923695
936,P5,11764.173714518767
967,P1,11764.810380547933
969,P2,11765.403884224801
933,P5,11765.829257731315
974,P3,11766.147116805503
970,P1,11766.563343195907
873,P5,11766.633836488607
956,P3,11768.439229369289
972,P2,11768.651241898118
963,P2,11768.775022793216
907,P3,11769.32509523902
815,P6,11769.398395261067
889,P6,11769.417982576682
913,P3,11769.847803109367
876,P7,11770.261486685278
967,P2,11770.543130339229
942,P2,11770.548654581951
937,P2,11771.868400677791
925,P7,11772.76283573771
974,P3,11772.892632411755
922,P3,11773.056502458056
877,P6,11773.531104431278
966,P3,11775.109232433577
919,P5,11775.894508877574
914,P3,11776.098242922857
873,P5,11776.105372985492
920,P6,11776.160460244704
884,P5,11777.765262359886
963,P2,11778.708190241705
862,P5,11778.775139230103
975,P1,11778.826101491532
937,P2,11779.339293083362
955,P5,11779.713201134446
960,P2,11779.793697029334
881,P3,11780.260242393906
962,P3,11780.566765626052
947,P5,11781.045763550072
969,P2,11781.372262674086
970,P2,11781.48320730767
961,P2,11781.677175455436
925,P7,11782.057912344933
900,P3,11783.734784499477
922,P3,11784.044118479853
825,P7,11784.571365063432
888,P5,11786.210788370428
933,P5,11786.457750058096
969,P2,11787.915679387297
909,P3,11787.991736686796
815,P6,11788.166867246566
884,P5,11788.179262310226
912,P3,11788.663145275254
977,P1,11789.70815825703
971,P2,11790.155709355498
962,P3,11791.414761046544
947,P5,11791.963009457733
922,P3,11792.005431887132
960,P2,11792.050275693658
967,P2,11793.383199846028
936,P5,11794.03524360242
966,P5,11794.097481925428
942,P2,11794.724385899146
974,P3,11796.452204123916
888,P5,11796.524263728434
919,P5,11796.909130685748
887,P3,11797.795676423397
979,P3,11797.878350470482
914,P3,11798.385140993561
960,P3,11798.82747032906
972,P2,11799.222849933407
947,P5,11799.448195718995
877,P7,11799.934388315454
978,P3,11800.38826725454
940,P3,11800.946024613924
956,P3,11802.107734834515
936,P5,11802.486494161734
970,P2,11802.990777979416
972,P2,11803.64426831384
964,P3,11803.734541745756
825,P7,11804.180593102083
953,P7,11804.438941902987
961,P3,11806.240577664885
914,P3,11806.817274506508
877,P7,11807.932607168397
815,P6,11808.521976036764
951,P3,11809.031754746447
944,P5,11809.266322830195
956,P3,11809.629972164843
964,P3,11809.805618802782
942,P2,11809.886581672865
940,P3,11811.226666811823
973,P3,11812.499195327704
942,P2,11813.352656823945
975,P1,11813.839237371454
944,P5,11814.131780761227
922,P3,11815.598507373468
974,P3,11816.491648007921
978,P3,11816.514762532903
865,P5,11816.564953516401
938,P5,11816.572121764815
815,P6,11816.604014426943
920,P6,11816.62333850924
958,P3,11816.906971307642
871,P6,11816.996292112488
955,P5,11817.038737554614
914,P3,11817.448737212453
962,P3,11818.03475088927
967,P2,11818.260476898578
965,P1,11818.955714710564
885,P5,11819.287143176492
890,P5,11820.79614371965
969,P2,11821.018189526463
971,P2,11822.092661916513
825,P7,11823.19667631285
922,P3,11823.50024213516
958,P3,11823.69353843035
939,P5,11823.760053230353
862,P5,11824.2886708989
933,P5,11825.362610149286
942,P2,11825.579989108373
912,P5,11825.633162574417
873,P5,11825.911085947222
871,P6,11826.22151221592
944,P5,11826.951363540622
888,P5,11828.00909062104
970,P2,11828.253996133588
815,P6,11828.26819094867
978,P3,11828.3865684163
977,P1,11828.77543566146
876,P7,11829.548136060346
884,P5,11830.10356353174
940,P3,11830.22972288485
967,P2,11830.97844291245
975,P1,11831.042690088783
909,P3,11831.580543906712
948,P6,11831.638218685104
966,P5,11831.949327590008
976,P2,11831.964522149898
964,P3,11832.148702336875
825,P7,11832.362707651955
957,P5,11832.504181347394
936,P5,11834.452643848272
925,P7,11835.168164413271
962,P3,11836.34921780861
980,P1,11836.751098100207
871,P6,11836.819532021225
914,P3,11837.189341258834
900,P3,11837.392774527812
909,P3,11837.413665333166
885,P5,11838.496831599115
960,P3,11839.007989198726
947,P5,11839.953068713265
912,P5,11840.243623720446
975,P1,11840.438224913629
889,P6,11841.285979799148
942,P2,11841.46291091571
877,P7,11841.64036326314
900,P3,11842.477288972565
924,P6,11842.967172357618
865,P5,11843.080127167643
967,P2,11843.440380020493
919,P5,11843.830249962271
825,P7,11844.128327119926
912,P5,11845.762198201877
938,P5,11845.766482594168
942,P2,11846.124328625525
957,P5,11846.327815051956
960,P3,11846.670309544837
952,P3,11846.811232313223
955,P5,11847.740449002875
939,P5,11847.913415622888
915,P6,11848.40935834761
884,P5,11848.535963082544
962,P3,11848.655798178317
885,P5,11848.69646965266
967,P2,11849.8969467048
815,P6,11849.95313014135
877,P7,11850.326900138387
981,P3,11850.593637247644
940,P5,11850.83733351445
922,P3,11851.281074991342
924,P6,11851.312020075338
825,P7,11851.676289346198
948,P6,11851.81747546219
958,P3,11851.85293818594
862,P5,11851.871181328412
937,P3,11853.240363401146
970,P2,11854.035873154215
914,P3,11854.090586157716
865,P5,11854.169083199315
957,P5,11854.208709234314
949,P5,11854.84799736333
965,P1,11855.468547918634
952,P3,11855.764228893004
912,P5,11855.888470193311
919,P5,11855.99473677657
936,P5,11856.044021434062
980,P1,11856.085717833712
984,P1,11856.474997044463
955,P5,11856.92803757371
871,P6,11857.409945244715
888,P5,11857.992652327885
985,P2,11858.75576541553
972,P2,11858.911042558211
971,P3,11859.412444510834
983,P3,11859.815864876338
943,P5,11859.858057548834
944,P5,11860.036623225826
865,P5,11860.816731411442
889,P6,11861.19587494244
877,P7,11861.843505041938
947,P5,11862.84141707799
953,P7,11862.987738191281
980,P1,11863.29098633375
862,P5,11864.051327719517
888,P5,11864.149467538273
981,P3,11864.698198351742
873,P5,11864.815617722263
969,P3,11864.844234919425
914,P3,11865.052657216354
815,P6,11865.949036031632
944,P5,11866.011427313022
922,P3,11866.031844090494
900,P3,11866.3589264442
871,P6,11867.57168119788
973,P3,11868.91843829986
933,P5,11869.750955576998
985,P2,11869.905616045118
889,P6,11870.018334494865
876,P7,11870.111021560959
984,P1,11870.505230126308
884,P6,11871.050869750834
948,P6,11871.156480768994
967,P2,11871.58600759464
865,P5,11872.180442482288
825,P7,11872.283787299635
953,P7,11872.527561828452
983,P3,11873.536964113402
957,P5,11874.047047111646
966,P5,11874.109786640765
955,P5,11874.331761285854
924,P6,11874.729353955941
970,P2,11874.825671386106
969,P3,11875.079357548573
888,P5,11875.473837102534
933,P5,11875.53833572836
902,P7,11875.892282620034
980,P1,11876.032360428357
942,P3,11876.117904429157
939,P5,11877.07397536186
973,P3,11877.52142671392
986,P1,11877.613142828277
982,P1,11878.067991857157
890,P6,11878.431520180353
976,P3,11878.698072843696
975,P1,11878.716730785034
965,P1,11879.659175303515
977,P1,11879.804279913587
937,P3,11880.507787839531
962,P3,11880.789463713496
981,P3,11880.923629188967
940,P5,11881.85007489835
924,P6,11882.521332959175
980,P1,11883.93737907063
947,P6,11884.181741023465
942,P3,11884.397660733546
957,P5,11884.44782214212
919,P5,11884.971517926542
953,P7,11885.73540154241
922,P3,11886.124195060936
983,P3,11886.705588051791
955,P5,11886.735946296609
900,P3,11886.789507473208
960,P3,11887.495920624435
944,P6,11887.624973734966
958,P3,11888.219396016984
887,P3,11888.267873483901
971,P3,11889.020551638938
968,P5,11889.210112010252
952,P3,11889.296294207361
914,P3,11889.374110720726
963,P3,11889.740997185216
884,P6,11889.99118721011
877,P7,11890.001657475908
975,P1,11890.284251284385
902,P7,11892.391860989104
970,P2,11893.227108829473
965,P1,11893.608339386794
944,P6,11895.021377577406
871,P6,11895.048907020186
971,P3,11895.514952500049
887,P3,11895.900707298126
922,P3,11896.157973235557
900,P5,11896.570313253578
919,P5,11896.715090731705
961,P3,11897.98221414101
912,P5,11898.132663533414
986,P1,11898.18267586922
969,P3,11898.32324534252
877,P7,11898.638783553599
890,P6,11899.122712526572
953,P7,11900.072323391265
960,P3,11900.112312745494
979,P3,11901.551404567746
977,P1,11902.07663465146
865,P5,11903.257855484071
964,P3,11903.397667926969
985,P2,11903.610134631728
981,P3,11903.851485788637
970,P2,11904.280537290027
919,P5,11904.4606201474
961,P3,11904.547872385918
982,P1,11904.62176552546
862,P5,11905.17207675441
952,P3,11905.530472271086
939,P5,11905.704331422694
888,P5,11906.52996839317
955,P5,11906.807893687863
914,P3,11907.197599152734
931,P5,11907.61235660385
972,P2,11907.731037721844
933,P5,11907.764316776847
933,P6,11908.013662922138
944,P6,11908.105254821077
958,P3,11908.625814477991
984,P1,11909.027259825656
980,P1,11909.261379658335
981,P3,11909.415999766785
986,P1,11909.475105049223
924,P6,11910.954731198215
877,P7,11910.977388782012
940,P5,11911.309522593068
943,P5,11911.402026273106
937,P3,11911.468787030752
876,P7,11911.54837864142
934,P5,11912.761723439437
939,P5,11913.060240359495
873,P5,11913.499934739246
953,P7,11915.11028154041
957,P5,11915.153551068363
955,P5,11915.496338040282
944,P6,11915.520021771905
942,P3,11915.622962182895
985,P3,11915.730610732195
980,P1,11915.96832957058
912,P5,11916.28376279353
914,P3,11916.905459176613
890,P6,11917.019325628613
871,P6,11917.402831455609
981,P3,11917.491143915036
887,P3,11918.056912819435
876,P7,11918.312960110323
988,P3,11919.103349928024
938,P6,11919.106405982235
937,P3,11920.126065345536
943,P5,11920.595022125362
953,P7,11920.916460133338
934,P5,11922.027117755708
969,P3,11922.248849224763
931,P5,11922.602506222263
924,P6,11922.702294707946
957,P5,11923.072383315197
902,P7,11923.945723155774
990,P1,11924.88969700644
862,P5,11924.990066810427
871,P6,11925.382089222785
968,P5,11925.643878279814
975,P1,11925.889416319716
952,P3,11926.773159582292
887,P3,11926.919520776042
980,P1,11927.268544911347
985,P3,11927.435785171065
967,P2,11927.478327502744
958,P3,11927.629688221878
982,P1,11927.946022255512
972,P2,11928.035587115492
888,P5,11928.143728814577
981,P3,11928.295320970317
940,P5,11928.399209276859
931,P5,11929.566806378305
947,P6,11929.623678076887
919,P6,11930.04375441739
937,P3,11930.103802480062
889,P6,11930.158766205244
977,P1,11930.969589220733
862,P5,11931.476906521679
966,P5,11931.487693343057
964,P3,11931.528012262263
969,P3,11931.800571102794
938,P6,11931.993805591099
934,P5,11932.299372187224
968,P5,11933.749531365933
957,P5,11934.385353966198
865,P5,11934.444916929993
988,P3,11935.046325765028
976,P3,11935.305739983905
942,P3,11935.4226057973
914,P3,11935.561664017396
984,P1,11936.549710611465
970,P2,11936.95027918226
980,P1,11937.10365340474
947,P6,11937.12427049469
869,P5,11937.201199854735
880,P6,11937.960080645142
900,P5,11937.990474625636
958,P3,11938.653469210416
985,P3,11938.846139044714
981,P3,11939.07122955801
902,P7,11939.573740946855
877,P7,11939.577044813996
884,P6,11940.538507677256
977,P1,11941.640603397454
963,P3,11941.895770848898
873,P5,11942.083482535234
943,P5,11942.244726908963
960,P5,11943.315708438868
983,P5,11943.421852715803
934,P5,11943.910059471506
871,P6,11944.701248067484
982,P1,11945.913130280138
915,P6,11945.933832410714
880,P6,11946.377390088508
958,P3,11946.877446367767
970,P2,11947.109449898462
980,P1,11947.455247549266
888,P5,11947.768508642077
862,P5,11947.87309245055
947,P6,11948.000039231207
975,P1,11948.770531672159
873,P5,11950.026611499312
943,P5,11950.243491660634
963,P3,11950.679599568628
954,P7,11950.981874144754
960,P5,11951.343839290972
884,P6,11951.944542269603
902,P7,11952.114508124856
966,P5,11952.32339020317
952,P3,11953.263291052495
984,P1,11953.504742574405
934,P5,11953.987935362526
987,P1,11954.323030887484
972,P2,11954.46558624783
985,P3,11954.662907340267
902,P7,11954.933359773817
942,P3,11955.00283578016
957,P5,11955.178440102965
865,P5,11955.42219054128
914,P3,11957.486855805846
880,P6,11957.97732358722
919,P6,11959.159876968533
900,P5,11959.344743410975
924,P6,11960.163212439224
937,P3,11960.282750861688
991,P3,11960.466096553926
943,P5,11961.45165775217
934,P5,11961.567290992374
992,P3,11961.671638591193
941,P6,11962.181013966889
965,P1,11962.24689270635
963,P3,11962.573231284956
949,P5,11963.359040481824
958,P3,11964.026232117363
865,P5,11964.18808704781
942,P3,11965.583122855549
880,P6,11965.650831425644
976,P3,11965.776300391433
980,P1,11966.141948239383
980,P2,11966.79098984095
889,P7,11967.54307813936
989,P3,11968.224426548892
987,P1,11968.262709752955
900,P5,11968.695439911608
933,P6,11968.847879817398
986,P1,11970.00545834375
963,P3,11970.2568799811
984,P1,11970.452069032957
884,P6,11971.2993969168
912,P5,11971.614944212677
976,P3,11972.833797763362
947,P6,11973.227849774375
952,P3,11973.974726073287
990,P1,11974.827782982067
940,P5,11976.670511862389
942,P3,11976.738407027093
933,P6,11976.851960689348
915,P6,11977.19266435267
989,P3,11977.217385244465
934,P5,11977.483793689014
970,P3,11977.50315873455
884,P6,11978.041612060017
985,P5,11978.059312287278
965,P1,11979.096457766
963,P3,11979.565258716546
937,P3,11979.836051795715
962,P3,11980.767483333457
983,P5,11980.772532657415
992,P3,11981.750300436897
947,P6,11984.016650623895
972,P2,11985.344726004265
880,P6,11985.479241900422
933,P6,11986.105289899528
990,P1,11986.705454764387
949,P5,11987.029694335686
900,P5,11987.473239793855
902,P7,11987.743939471242
931,P5,11987.990121748813
969,P5,11988.49427962207
995,P1,11989.068441887408
987,P1,11989.819143854396
941,P6,11990.144477465648
919,P6,11990.960039530592
943,P5,11991.686021863696
890,P6,11991.90666940147
965,P1,11991.914233241248
975,P1,11992.711712466074
942,P3,11993.70790017289
967,P2,11993.902114928671
983,P5,11994.119101635713
865,P5,11994.26482689424
952,P3,11995.089225137004
989,P3,11995.205823519766
887,P5,11995.536882908087
951,P5,11996.121637302522
968,P5,11996.740247170861
871,P6,11996.91751772824
972,P2,11996.981848533365
915,P6,11997.300031139459
889,P7,11997.377378372368
984,P1,11997.77328631823
993,P2,11997.965471854997
926,P7,11998.313211207207
962,P3,11999.17677235415
931,P5,11999.348206688708
864,P5,12000.113293083068
873,P5,12000.470843936406
981,P3,12001.07203844873
918,P7,12001.212832112746
954,P7,12001.717260260115
949,P5,12001.825662770474
967,P2,12004.005867122118
975,P2,12004.267754483813
952,P3,12005.50028888002
947,P6,12005.903188217679
967,P2,12006.147552619872
958,P3,12007.016877221015
957,P6,12007.653058419133
972,P2,12007.919338759672
969,P5,12008.109163313677
991,P3,12008.316224244949
984,P1,12008.326690086982
869,P5,12009.230253854686
951,P5,12010.288808117177
989,P3,12010.378014244516
965,P1,12010.584876287798
888,P5,12010.683663830454
890,P6,12010.868750407626
927,P5,12011.60117759068
871,P6,12011.970171429617
935,P6,12012.001480346029
963,P3,12012.430654772372
889,P7,12013.845225422398
943,P5,12014.218074715016
989,P3,12014.721916680044
976,P3,12015.040571584395
968,P5,12015.215531416537
981,P3,12015.542266006127
900,P5,12015.726320472242
912,P5,12015.740313223347
972,P2,12016.645405648545
995,P1,12017.110017241772
985,P5,12017.139496652768
958,P3,12017.397896436736
951,P5,12017.437233482082
957,P6,12017.459769181956
926,P7,12017.507895888848
969,P5,12017.815036826165
918,P7,12018.115211630888
993,P2,12018.405893177507
914,P3,12018.563389392692
947,P6,12018.609498137743
970,P3,12018.647098970368
890,P6,12018.76051388747
983,P5,12019.047594532503
924,P6,12020.625416383227
943,P5,12021.159069459009
963,P3,12021.231524049155
977,P2,12021.333798032147
990,P1,12021.858567199533
864,P5,12022.514249545693
937,P3,12022.741131036766
933,P6,12023.186888470502
952,P3,12023.372550286804
951,P5,12025.066102742629
967,P3,12025.240658530323
975,P2,12025.350117573287
988,P3,12025.44233732061
966,P5,12026.026729152223
958,P3,12026.892378769171
915,P6,12027.182743562713
871,P6,12028.100912900652
927,P5,12029.587632738558
864,P5,12030.417472931078
966,P5,12031.845303482289
990,P1,12031.919079327601
919,P6,12032.445269655138
967,P3,12032.77301347586
968,P5,12033.502755805508
942,P3,12033.742780933992
951,P5,12033.856247799158
983,P5,12035.232164392515
991,P3,12035.47373594827
888,P5,12035.99821401964
977,P2,12036.445882453661
982,P1,12036.74901841371
962,P5,12037.098359050438
998,P1,12037.702086800025
972,P2,12037.82612780203
887,P5,12039.039805168915
912,P5,12039.248510487236
986,P2,12039.695002697537
987,P2,12039.910133747893
931,P5,12040.516570570711
992,P3,12040.52017098036
934,P5,12041.965111431444
871,P6,12042.009406357585
988,P3,12042.200796285588
976,P5,12042.464002524734
864,P5,12042.62553070903
935,P6,12043.392968863414
865,P5,12043.763211340201
888,P5,12046.140509482162
972,P2,12046.537884970328
998,P1,12047.561977813602
958,P3,12047.983204617443
991,P3,12048.591455623302
980,P3,12049.198111933585
990,P2,12049.580939436086
970,P3,12049.669573457275
956,P6,12050.201172178413
962,P5,12050.596581712229
976,P5,12050.919947066044
931,P5,12051.568473086549
937,P3,12052.953019159095
993,P2,12053.923017472769
865,P5,12054.39077114383
949,P5,12054.610601122902
996,P2,12054.888330599864
988,P3,12057.151296670767
1002,P1,12057.511868111478
967,P3,12057.670742904851
989,P5,12057.695376484113
889,P7,12059.64023869857
987,P2,12059.702129081676
969,P5,12059.918785715297
999,P3,12060.015895628654
965,P1,12060.28835017384
865,P5,12061.219259015506
949,P5,12061.751421791356
956,P6,12062.140812122667
869,P5,12062.2873473685
996,P2,12062.965867284887
935,P6,12063.05060999951
968,P5,12064.635096142021
970,P3,12064.996477508425
947,P6,12065.534022504951
1002,P1,12066.768753018134
951,P5,12068.59150100937
962,P5,12068.790417424085
900,P5,12069.003471177144
1003,P1,12069.66759339102
880,P6,12069.96113591101
999,P3,12070.345809817267
979,P7,12070.39373281229
963,P3,12070.80181152779
965,P1,12071.576966107083
1001,P2,12071.72798719124
996,P2,12071.777654247262
869,P5,12071.839019706513
968,P5,12073.400615155195
937,P3,12073.402765580964
995,P1,12073.854934004417
989,P5,12074.15286654205
967,P3,12074.360046823482
1000,P1,12075.006766347142
969,P5,12075.761393462073
906,P5,12075.972599044766
1002,P1,12076.136690518955
940,P5,12076.644004093549
888,P5,12076.655900812035
970,P3,12077.449008765272
975,P2,12078.273719194327
890,P6,12078.558174115757
940,P5,12079.393058955071
957,P6,12079.445145514506
887,P5,12079.5807139568
985,P5,12079.82169251583
993,P2,12079.924933741586
986,P2,12080.53176911755
880,P6,12080.708494579376
966,P5,12081.007744462253
1000,P1,12081.529737118923
965,P2,12082.908526143747
994,P2,12083.22195492441
887,P5,12086.830878386229
995,P1,12087.165689899788
900,P6,12087.178756118097
986,P2,12087.62091372652
888,P5,12088.174436773865
1005,P1,12089.04297664127
993,P2,12089.047974561277
869,P5,12089.954420775357
970,P3,12090.857794291604
931,P5,12091.175315177174
985,P5,12091.338140638903
919,P6,12091.767582825698
900,P6,12092.109373110256
997,P2,12092.34659076993
956,P6,12092.414511756686
941,P7,12093.602700054653
942,P3,12094.861337504883
927,P5,12094.990404342074
983,P5,12095.2300098872
967,P3,12095.77730325616
888,P5,12095.976638959955
962,P5,12097.612101896533
998,P1,12098.007502446178
919,P6,12098.04495604458
977,P3,12098.106810745456
980,P3,12098.194656905542
972,P3,12099.758520516976
984,P2,12099.87301811742
1002,P1,12100.013257855655
981,P3,12100.255748554338
993,P2,12100.673448819027
958,P5,12100.888589884373
941,P7,12101.212715460744
927,P5,12101.482304088428
869,P5,12101.779869533855
935,P6,12101.934336994484
982,P1,12101.958086060115
974,P7,12102.703177708507
947,P6,12103.895522891042
914,P5,12105.115936008513
1005,P1,12105.152013798992
949,P6,12105.641542577485
998,P1,12106.159820313009
880,P6,12106.361633654553
864,P5,12107.528809102772
962,P5,12107.816451121893
990,P2,12108.397997806405
942,P3,12108.475452229679
1003,P1,12109.503711662384
981,P3,12110.16435426495
958,P5,12110.341958144685
993,P2,12110.6820256619
966,P5,12111.33576938973
1000,P1,12112.449154168864
1002,P1,12112.643951378765
980,P3,12112.768820747304
968,P5,12113.769346338006
935,P6,12114.066191561014
976,P5,12114.356477694651
967,P3,12115.430512351515
888,P5,12115.51078232436
880,P6,12115.803914120892
995,P1,12117.845443119657
994,P2,12118.954866539001
951,P6,12119.056479796169
1003,P1,12119.166537128405
962,P5,12119.289524874008
988,P3,12119.3629021365
919,P6,12119.41845140217
986,P2,12119.84981344524
969,P5,12120.086337075803
1000,P1,12120.381740260927
935,P6,12120.416316798724
974,P7,12120.659439716594
927,P5,12121.649854890506
965,P2,12121.745362237485
1002,P1,12121.91894952974
990,P2,12121.924676152626
975,P2,12121.975612131057
956,P6,12122.07397075397
900,P6,12122.209578781802
993,P2,12122.285349007238
991,P3,12122.510371475235
963,P5,12123.268785988595
962,P5,12123.314409991894
931,P5,12123.808984398316
984,P2,12124.634436739289
986,P2,12124.908870968762
989,P5,12125.050750048116
979,P7,12125.674324962143
887,P5,12126.47329893335
1007,P1,12130.351858986625
993,P2,12130.627116231015
982,P1,12131.003193424493
1004,P1,12131.18876909771
949,P6,12131.64838801412
962,P5,12133.85805212707
864,P5,12133.921275612833
985,P5,12134.13052827009
968,P5,12134.748167319744
958,P5,12134.774863944416
975,P2,12135.574690438112
865,P5,12136.609487216645
1005,P1,12137.206878581854
1003,P1,12137.39186990673
974,P7,12137.647757116185
869,P5,12138.375273835234
887,P5,12138.634458320017
889,P7,12138.878378645484
987,P2,12139.011996961499
891,P6,12140.24940900419
968,P6,12140.62907959894
990,P2,12141.099684110139
900,P6,12141.15527613451
956,P6,12141.191449597733
978,P7,12141.357284881493
914,P5,12142.47450668335
880,P6,12143.238225954525
974,P7,12143.273132823866
979,P7,12143.468972745584
1000,P1,12143.767867636292
983,P5,12144.148342869543
997,P2,12144.167058206629
985,P5,12144.931731671177
995,P1,12144.953857864499
991,P3,12145.175204261788
998,P1,12146.163346677271
980,P3,12146.381903380825
962,P5,12146.719983974735
1001,P2,12147.72095861596
970,P3,12147.815559317793
989,P5,12148.433118850004
987,P2,12149.818387941754
978,P7,12150.501403866037
900,P6,12151.62624880497
931,P5,12151.810321713656
981,P3,12152.283281312244
979,P7,12152.864222161646
958,P5,12153.148670011626
864,P5,12154.526263796955
997,P2,12154.67679647171
1008,P1,12156.704860662252
865,P5,12157.144143053667
977,P3,12157.332859631242
987,P2,12157.871570654748
962,P5,12158.274272810537
980,P3,12158.403200348106
931,P5,12159.108409711142
978,P7,12159.229940140127
891,P6,12159.374026413221
1009,P2,12160.246185118762
1001,P2,12160.545367351793
949,P6,12161.149831179237
962,P5,12162.752322078848
1004,P1,12162.817934173547
995,P1,12162.918938208506
914,P5,12163.019426531395
985,P5,12165.86869752272
1007,P1,12165.894869268834
982,P2,12167.512421999714
880,P6,12167.544668781617
1001,P2,12169.131335929605
993,P2,12169.28105799421
1004,P1,12170.109922576597
1002,P2,12170.529129171762
998,P1,12170.61538727784
914,P5,12170.700458344478
978,P7,12171.263109229856
996,P3,12171.469036517234
1003,P1,12172.221260049138
942,P3,12172.806270612753
935,P6,12172.834618605755
997,P2,12173.049633432061
970,P3,12173.22170587007
900,P6,12173.879983743811
998,P1,12174.269968687895
963,P5,12176.234980972013
981,P5,12176.530023920166
1006,P3,12178.046090700282
1001,P2,12178.341132032408
888,P5,12178.496001078112
999,P3,12178.869537744371
935,P6,12179.349108189272
980,P3,12179.377095204121
985,P5,12179.489798250832
987,P2,12181.170954053427
1012,P3,12181.312330262754
956,P6,12181.362699920015
865,P5,12182.321146996654
1011,P1,12182.494252566592
967,P3,12183.120536063194
963,P5,12184.059399787306
996,P3,12184.555843626238
931,P5,12185.918080096943
999,P3,12185.945150857027
1005,P1,12185.947116950596
906,P5,12186.173277025679
962,P5,12186.56818207049
888,P5,12187.34609005333
987,P2,12187.415458323698
998,P1,12188.522753080977
1007,P1,12188.823362831954
922,P6,12189.563235194944
969,P6,12189.636395497164
965,P2,12189.949812563375
978,P7,12190.166150841982
1013,P3,12190.28812012215
985,P5,12190.840580980748
864,P5,12190.941028889187
1001,P2,12190.980052964933
986,P2,12191.826768882645
973,P6,12191.914149011498
913,P6,12192.692015788696
1011,P1,12193.184275219404
906,P5,12194.380747128153
1007,P1,12196.218990527133
1006,P3,12197.062915197983
984,P2,12197.164054267352
988,P3,12197.220733409245
985,P5,12197.432807110168
942,P3,12198.025526989217
993,P2,12198.066463519881
1003,P2,12198.429699408109
864,P5,12199.713089409224
931,P5,12199.782591714029
990,P2,12200.034585370724
968,P6,12200.248596482235
976,P5,12200.68988205226
1008,P1,12201.398147309164
914,P5,12201.48213479411
1004,P1,12201.75955889718
956,P6,12202.241762196627
1014,P3,12202.495644704686
958,P5,12203.004690327096
975,P2,12203.428059534497
963,P5,12203.659715541873
981,P5,12204.174731703897
1001,P3,12204.977345558356
887,P5,12205.23556427948
973,P6,12206.66140840045
996,P3,12207.110672055436
984,P2,12207.279469587384
1006,P3,12207.749309373776
864,P5,12208.170620114128
1007,P1,12208.551936455015
956,P6,12208.699841645814
1004,P1,12208.84356317147
1000,P2,12209.624210206137
986,P2,12209.719767920204
977,P3,12210.939972447983
931,P5,12211.01139234134
968,P6,12212.329522724283
963,P5,12212.596433371988
1013,P3,12213.123424393667
865,P5,12213.253496871479
982,P2,12213.978932401205
1002,P2,12214.119236832807
1009,P2,12214.55952059246
1007,P1,12215.226294069196
1003,P2,12216.536396387253
995,P2,12217.395442420368
887,P5,12217.529771160922
1010,P1,12217.627399226669
970,P3,12217.962524373546
1009,P2,12220.548163771817
997,P3,12220.862528437574
891,P6,12220.911782622637
990,P3,12220.917295894664
965,P3,12220.924153248405
942,P3,12221.313058757842
931,P5,12221.453211767357
922,P6,12221.976257419627
913,P6,12222.563331257654
994,P3,12223.192804612294
1001,P3,12223.208139194787
981,P5,12224.450815470982
1012,P3,12224.83491222344
963,P5,12225.297240269058
988,P5,12225.486342211998
906,P5,12225.701278680244
970,P3,12226.985841820164
907,P6,12227.205770139324
1007,P2,12227.237367508747
967,P3,12228.276440454181
864,P5,12229.195398152573
1000,P2,12229.23126301373
1014,P3,12229.806275778974
987,P2,12229.844524592465
990,P3,12230.03066678467
964,P7,12230.471981922008
887,P5,12230.809277118098
1011,P1,12230.916826170063
958,P5,12231.032897346273
935,P6,12231.805780804065
969,P6,12232.030236949078
973,P6,12232.102480512787
988,P5,12232.571678136832
1015,P1,12232.581464923396
1009,P2,12232.981284211191
900,P6,12233.0543723325
1010,P1,12236.530375378275
1005,P2,12236.695812724689
970,P3,12237.077491030022
990,P3,12237.694980473658
987,P2,12237.763866279436
998,P2,12238.089523248895
976,P5,12238.22716364142
973,P6,12238.53189301206
906,P5,12239.217547466522
888,P6,12240.143959389272
1007,P2,12241.033217879265
1004,P2,12241.496864115174
1009,P2,12242.837906800027
988,P5,12242.899788366878
982,P3,12244.021136608819
1008,P1,12244.087930763437
981,P5,12244.277455976511
976,P5,12244.278259241377
962,P5,12244.306373234249
1010,P1,12245.178296687649
864,P5,12245.352929796041
994,P3,12245.361367802621
922,P6,12245.567518894064
963,P5,12246.904495452043
995,P3,12246.925502240285
996,P3,12246.990121943
1001,P3,12247.508295902377
1005,P2,12249.2300457575
970,P3,12249.378100047727
1017,P1,12249.961211278105
993,P3,12251.527085170275
935,P6,12251.899929859414
1003,P2,12251.935119888332
1013,P3,12252.364258347474
1016,P3,12252.744812456149
1012,P3,12253.296536989752
993,P3,12255.844148695202
931,P5,12256.041107270288
995,P3,12257.173541091419
1005,P2,12257.91348178741
1003,P2,12258.403749514808
887,P5,12258.413838489292
987,P2,12258.50474881544
1007,P2,12258.578135254225
1020,P1,12258.796227364981
930,P6,12259.581554662736
975,P3,12259.678649705958
964,P7,12259.744569606022
1017,P1,12259.882325774892
958,P5,12261.213127528074
1014,P3,12262.043851559329
891,P6,12262.114009294482
1007,P2,12262.162660829475
900,P6,12262.220339281486
1013,P3,12262.766096867197
1011,P1,12263.15180541704
981,P5,12263.615086744945
973,P6,12264.61574068188
1022,P1,12264.739534781147
907,P6,12265.628121763717
969,P6,12268.085133182114
956,P6,12268.39671865977
973,P6,12268.982400480352
962,P5,12269.012738033884
1010,P1,12270.208485967745
888,P6,12270.34217974327
986,P2,12270.505168229036
891,P6,12270.699280929764
1015,P1,12270.940020694545
931,P5,12271.016988492722
1013,P3,12271.200689680963
1009,P2,12271.20649412471
963,P5,12271.228517000467
992,P6,12273.254145976263
869,P6,12273.471587084672
997,P3,12273.587138388462
988,P5,12273.807197059155
942,P3,12273.994665656744
1008,P1,12274.15901310171
913,P6,12274.632859382147
1012,P3,12274.841930214097
970,P3,12275.114096445212
993,P3,12275.276646511069
981,P5,12275.547872543159
996,P3,12276.463332849507
1001,P3,12277.287951523336
967,P3,12277.424639611705
922,P6,12277.541310545368
962,P5,12277.700924469144
1005,P2,12277.731616202267
1002,P2,12278.80932953635
1003,P2,12279.56511816402
1019,P1,12279.819545752935
869,P6,12279.894671944141
958,P5,12280.039428270959
913,P6,12280.118176437056
986,P2,12280.16320498825
995,P3,12280.19041712509
994,P3,12281.786525717212
965,P3,12281.855886812291
1014,P3,12281.93508254362
982,P3,12282.3281043422
1016,P3,12283.105814180293
998,P2,12283.59471425183
1011,P1,12283.906052634693
1017,P1,12285.374092019385
1003,P2,12286.218362436379
1002,P2,12286.863689309945
984,P2,12286.899940975763
996,P3,12287.11389217112
993,P3,12287.478718279317
942,P3,12287.69412236001
995,P3,12288.04283715956
994,P3,12288.753521626104
1011,P1,12288.886030764015
1005,P2,12288.973691538828
997,P3,12289.414144884862
1015,P1,12289.741832756123
990,P3,12289.772701093845
930,P6,12290.203074161174
982,P3,12290.29655238374
931,P5,12290.501833404038
1018,P2,12290.748707354469
969,P6,12291.320609767514
1007,P2,12291.764774926349
970,P3,12292.018816300239
1021,P3,12292.194883638862
891,P6,12293.068221593157
958,P5,12293.195086034273
942,P3,12293.297404865736
998,P2,12293.761701877596
935,P6,12294.131102397007
995,P3,12295.104625124583
1017,P1,12295.154247922226
1002,P2,12295.21164157034
1015,P1,12295.67164358599
993,P3,12296.634559633549
1004,P3,12297.103671274916
962,P6,12297.91837508324
1021,P3,12298.00569084179
1019,P1,12298.538218535727
984,P3,12298.747134078929
1025,P3,12298.752859077787
1017,P1,12299.0175306268
965,P3,12300.013598514362
1026,P1,12300.175823359968
964,P7,12300.19549346921
998,P2,12301.37364742976
1028,P2,12302.650080440018
994,P3,12302.978974056126
963,P5,12303.168763240348
1014,P3,12303.651675004325
995,P3,12303.754322829105
1009,P2,12304.677984381777
1022,P1,12304.809131694574
992,P6,12304.978021828163
1023,P1,12305.03349686421
1020,P1,12305.343284556327
994,P3,12305.63087064448
976,P6,12306.180430988663
1013,P3,12306.784693093296
977,P5,12306.850183470842
987,P2,12307.518422135534
907,P6,12307.816255373033
942,P3,12308.583438023912
913,P6,12308.980376848502
1024,P1,12309.141720035603
887,P5,12309.185455011277
990,P3,12309.327505498002
1010,P1,12309.751825195292
997,P3,12310.25899072107
1023,P1,12310.262106549026
950,P7,12310.51724257548
968,P6,12311.102529056045
956,P6,12311.24233871091
964,P7,12312.256452598605
869,P6,12312.732759284001
1010,P1,12313.790506211108
1013,P3,12314.48381523566
984,P3,12314.50067164023
907,P6,12314.68765237379
995,P3,12315.186785954571
976,P6,12315.432827291284
967,P5,12315.881712877152
1005,P2,12316.637776729074
1016,P5,12317.483075729318
970,P3,12318.380885370636
888,P6,12318.527605387098
864,P5,12318.965566030536
1019,P1,12319.583153066551
962,P6,12319.783545412312
994,P3,12320.280799943806
1030,P3,12320.341523981137
987,P2,12321.230425710302
1023,P1,12321.278030588994
1011,P2,12321.292686631914
1014,P3,12321.431260255797
887,P5,12321.60863866648
998,P2,12322.079871925132
1029,P2,12322.263369707001
922,P7,12322.344707251967
996,P5,12322.647726838743
956,P6,12322.86904594
997,P3,12323.205092372551
975,P3,12323.555982512664
958,P5,12323.65164014516
1013,P3,12323.93104159358
982,P3,12324.787621977981
1015,P2,12325.038395548268
1022,P1,12325.32045302382
977,P5,12326.061063183492
1000,P2,12327.270943329191
964,P7,12327.549767679833
1027,P1,12328.118054889483
1021,P3,12328.149092936901
963,P5,12328.609371563763
967,P5,12328.80295876152
993,P3,12329.370144249826
984,P3,12329.53230795392
1014,P3,12329.751699548577
1008,P1,12330.06386712151
986,P3,12330.28787806786
988,P5,12330.413907563747
997,P3,12330.560705312624
1018,P2,12330.60649872642
1026,P1,12331.72870108951
882,P5,12331.79193810022
1009,P2,12331.936825303123
869,P6,12334.002422420052
1015,P2,12334.077096481544
1030,P3,12334.543347523617
982,P3,12334.75119525494
1022,P1,12334.975076243143
1003,P2,12336.51743791313
1024,P1,12336.597095548432
913,P6,12336.980369673009
994,P3,12337.47730973055
1010,P1,12337.95278722144
1007,P2,12338.087781401797
1032,P1,12338.186348981233
888,P6,12338.46654944505
1009,P2,12338.890409751653
958,P5,12340.523873303935
972,P7,12340.808075145373
1008,P1,12341.498498675837
968,P6,12341.71518984911
1005,P2,12341.861953733682
997,P3,12341.929762917878
931,P5,12342.053551378807
1023,P1,12342.244924809573
988,P5,12343.099620522646
1025,P3,12343.31194188999
930,P6,12343.452302202359
882,P5,12343.4928809222
986,P3,12343.681607500017
922,P7,12343.864920547865
965,P3,12343.97165527343
950,P7,12344.780593365154
982,P3,12344.820881825299
1022,P1,12344.882292453969
1007,P2,12345.12868089766
993,P3,12346.0390560815
1025,P3,12346.589944461628
990,P3,12347.193953830134
888,P6,12347.244946924557
967,P5,12348.043801303755
1010,P1,12348.200354678756
1028,P2,12348.221861616901
977,P5,12348.414033547411
994,P3,12348.586277002178
965,P3,12349.21475791294
987,P2,12349.616153635781
1030,P3,12349.715168399554
942,P5,12350.092900162517
975,P3,12350.410810947447
1018,P2,12350.609390166133
998,P3,12350.802001566091
986,P3,12350.879261448345
1003,P3,12350.895471172587
922,P7,12351.065496684278
1023,P2,12351.50697777724
1019,P1,12351.965004044561
996,P5,12352.169438653062
984,P3,12352.641091897374
1021,P3,12352.78666708945
1009,P2,12352.843411734399
993,P3,12352.886232289078
976,P6,12353.652620015644
1007,P2,12353.900182680058
1020,P2,12354.996230915924
906,P5,12356.096405657792
967,P5,12356.417275944326
1033,P1,12357.501200222596
995,P3,12357.641182240353
968,P6,12357.973363980313
887,P5,12359.9583387684
982,P5,12360.721751196954
931,P5,12361.904008413061
1015,P2,12362.236227128356
882,P5,12362.47258563584
961,P5,12362.575270375331
891,P6,12363.26818803609
1028,P2,12363.335194941452
996,P5,12363.877568832882
1012,P3,12364.266174587056
1010,P1,12364.340647498857
913,P7,12364.59724500259
992,P6,12364.622942761718
1007,P2,12364.83019586993
922,P7,12365.053433664696
1033,P1,12365.401499581043
998,P3,12365.668197533263
888,P6,12365.9175675304
968,P6,12366.859423407945
976,P6,12367.065344132334
931,P5,12367.318606973984
906,P5,12368.001179784356
1028,P2,12368.344473556608
950,P7,12369.333236740023
1002,P3,12369.377007191853
1000,P2,12370.621535650524
982,P5,12370.900304344093
1025,P3,12370.93415602776
961,P5,12371.04598819595
1009,P3,12371.11272732085
1026,P1,12371.124941154494
977,P5,12371.304324118133
1013,P3,12371.548852687909
987,P3,12371.658283395062
995,P3,12371.73670973301
1015,P2,12371.749305630394
930,P6,12372.340975744584
988,P5,12372.436583014838
922,P7,12373.177406958659
1027,P1,12373.189938479505
1023,P2,12373.334351925383
1007,P2,12373.369469745849
967,P5,12373.425461032562
995,P3,12374.116331524849
931,P5,12375.058711621874
942,P5,12375.169450616777
1031,P1,12375.394948445928
1005,P2,12375.688356956833
1002,P3,12375.933895545377
1000,P3,12376.310980596163
906,P5,12377.439186461886
1016,P5,12378.07593097473
888,P6,12378.084479910402
1010,P1,12378.249029997753
1027,P1,12378.715541805228
930,P6,12378.78267668246
907,P6,12378.800660023431
982,P5,12379.742915535991
965,P3,12380.18782145555
994,P3,12380.325391830615
1015,P2,12380.437195142293
1022,P2,12380.550941237403
961,P5,12381.348194476219
1013,P3,12381.453170211935
987,P3,12381.489456613866
996,P5,12381.640428486386
1029,P2,12381.665775793263
887,P5,12382.347301728274
906,P5,12382.370958731533
1003,P3,12382.441618817435
891,P6,12383.011816931948
930,P6,12384.356229061354
997,P3,12384.662746479575
1005,P2,12386.553070510165
1032,P1,12386.621198969522
1007,P2,12388.190261225587
1035,P1,12388.574251788024
1025,P3,12389.21117500265
994,P3,12389.418440279482
1002,P3,12389.600470356732
967,P5,12389.936684220525
1026,P1,12390.219674241025
907,P6,12390.520353675129
1014,P3,12391.682940243873
997,P3,12392.044301219608
1029,P2,12392.51129801227
956,P6,12393.507617271673
1038,P3,12394.251517627094
975,P3,12394.653694851317
1010,P1,12395.000549205137
942,P5,12395.214069904136
1023,P2,12395.236875584576
907,P6,12395.413270729448
996,P5,12396.217906497595
993,P3,12396.302477243062
1040,P1,12396.472516875696
931,P5,12397.34338393336
1022,P2,12397.633725875174
967,P5,12398.206859802687
1003,P3,12398.395447719611
888,P6,12398.530102645527
956,P6,12399.238274697233
950,P7,12399.36046433406
997,P3,12399.454814134799
864,P5,12399.583449378772
882,P5,12399.704497861501
987,P3,12400.841119091288
1025,P3,12400.987580350718
942,P5,12401.037105729434
984,P3,12401.691086904066
1039,P2,12401.920598136936
1026,P1,12402.016777379093
986,P3,12402.111603240532
1032,P1,12402.65995598134
996,P5,12402.997652560503
961,P5,12403.067500382724
1015,P2,12403.494841273605
995,P5,12403.847710759515
1037,P1,12403.880659545777
1008,P2,12404.382599688402
1014,P3,12404.789158660791
998,P3,12405.071962235075
1010,P1,12405.5423761481
1029,P2,12405.700115135207
988,P5,12405.819583453533
1000,P3,12406.108870186683
1002,P3,12406.476603337907
1040,P1,12406.67395307493
994,P3,12407.431110999532
891,P6,12407.690587216413
931,P5,12407.843797562095
967,P5,12408.015561613132
888,P6,12408.390502028155
961,P5,12408.49902743756
968,P6,12408.90902507892
887,P5,12409.070815475861
1026,P1,12409.332707477106
956,P6,12409.383678412678
982,P5,12409.577324286194
997,P3,12410.343222210462
913,P7,12410.826741802714
1030,P3,12410.90972913429
1039,P2,12411.083917210892
1018,P3,12411.644576313127
1003,P3,12412.262593483107
1033,P1,12412.263341089258
1012,P3,12412.283084381954
1022,P2,12412.74436316808
1014,P3,12412.799896304525
975,P3,12413.204887273696
994,P5,12413.355985250271
864,P5,12413.616246141222
950,P7,12414.087005989722
1023,P2,12414.106124004538
1025,P3,12414.204565632153
907,P6,12415.262552954071
1035,P1,12415.730035705916
864,P5,12416.255926891625
1015,P3,12416.454867627592
1021,P5,12417.122224753297
1002,P3,12418.3020355094
968,P6,12418.427003157474
942,P5,12418.567007621294
984,P3,12419.004493265076
975,P3,12419.652662753095
1026,P1,12420.055226646335
891,P6,12420.450882804651
1040,P1,12420.527382188653
1011,P2,12422.077793497896
1032,P1,12422.56289818504
990,P3,12423.049430774641
946,P6,12423.49124652315
888,P6,12423.55133757229
1013,P3,12423.907727727055
1039,P2,12423.955051079263
1010,P1,12424.180002833888
922,P7,12424.79325340522
1012,P3,12425.61980314774
1014,P3,12426.075173741547
1034,P3,12426.240581745406
1035,P1,12426.465437269271
1006,P6,12426.540616391587
864,P5,12426.667778398727
1027,P1,12427.903056263322
1000,P3,12427.913420753803
1002,P3,12428.654506487665
961,P5,12428.800371159787
891,P6,12429.114309165243
1008,P2,12429.266172914633
1040,P1,12429.282718051327
1015,P3,12429.566813508021
1004,P5,12429.712973811216
931,P5,12429.94935092899
1036,P2,12430.160900497005
1039,P2,12430.298956131743
986,P3,12430.494836849794
982,P5,12430.955299988073
1022,P2,12431.048938324118
1014,P3,12431.196276932315
997,P3,12431.309304084314
1012,P3,12431.364483303012
1020,P3,12431.45160442274
987,P3,12432.205179043254
967,P5,12432.340547376412
994,P5,12433.49934581873
1008,P2,12433.875632224772
922,P7,12434.557902627444
1023,P3,12436.12458936502
1007,P3,12436.283000002843
1010,P1,12436.640466297944
888,P6,12436.726410332129
1033,P1,12436.846279252064
1021,P5,12437.65811323892
937,P7,12437.70719500447
993,P3,12437.991848803309
995,P5,12438.301316782095
931,P5,12438.784584628664
982,P5,12438.921598420726
1005,P3,12439.148585709328
1030,P3,12439.238547272284
1039,P2,12439.448928197755
1027,P1,12439.88885713916
887,P5,12439.913685285746
967,P5,12440.158177974678
1026,P1,12440.231711805478
984,P3,12440.755848030385
1009,P3,12441.066748153806
996,P6,12442.672901129927
1025,P3,12442.826886421464
994,P5,12443.850388559444
1038,P3,12444.962060393384
950,P7,12445.717450979984
1015,P3,12446.01230562759
1000,P3,12446.433203939598
907,P6,12446.655645047746
1033,P1,12446.767456401421
998,P3,12446.938936572646
1031,P2,12447.085463524263
967,P5,12447.358969898321
982,P5,12447.801748594333
1019,P1,12448.084206258116
1032,P1,12448.359222572442
1010,P1,12448.448122145855
997,P3,12448.682268689152
993,P3,12448.965060478005
1023,P3,12449.11858865309
986,P5,12449.6797376356
930,P6,12451.065129184251
1011,P2,12451.178114375045
975,P3,12451.40499194783
984,P3,12451.76117632109
1009,P3,12451.860255132206
1041,P2,12451.983681941783
882,P5,12452.376529693702
1039,P2,12453.34928570583
990,P3,12453.464345338183
1024,P2,12453.818061190768
996,P6,12454.121350693813
1008,P2,12454.149571894754
1037,P1,12454.33388149635
995,P5,12454.540737342199
1014,P3,12454.65718991278
994,P5,12454.706480802188
993,P3,12455.088310719444
1022,P3,12455.202256060209
971,P5,12456.846737761072
1031,P2,12457.07761814754
1010,P1,12457.195543669905
1040,P1,12457.44499598383
1041,P2,12458.424115306723
891,P6,12458.43236761979
1002,P3,12458.737947695021
980,P5,12459.054058154752
942,P5,12459.363011563586
1023,P3,12460.243119390425
1026,P1,12460.277585123453
913,P7,12460.750119029173
1008,P2,12460.993138494203
1000,P3,12461.11585535898
1009,P3,12461.386565373088
1025,P3,12461.7597068208
986,P5,12461.839488344714
995,P5,12461.974166341462
1029,P2,12463.043673339222
999,P6,12463.31853259985
909,P7,12463.394964492121
1019,P2,12464.637313470488
1016,P5,12464.703586253187
869,P6,12464.98132368404
1006,P6,12465.496192683971
1022,P3,12465.735545761378
907,P6,12465.903435828079
1012,P3,12466.124919421192
1015,P3,12466.753481173133
982,P5,12467.603259242645
967,P5,12468.27597177521
1031,P2,12468.280885410379
950,P7,12468.702907213285
1036,P2,12469.006669967279
1002,P3,12469.250113006883
931,P5,12469.336304633442
1023,P3,12469.489503468021
1027,P1,12469.579346864364
1018,P3,12470.36484864616
891,P6,12470.691751095592
869,P6,12470.795936311873
1012,P3,12470.873089358949
1022,P3,12470.938446466818
971,P5,12471.207041337755
1003,P3,12471.751772533646
995,P5,12471.88581941352
1017,P3,12472.036999358348
946,P6,12472.04592978784
1005,P3,12472.414928889553
1013,P3,12472.960892120587
1038,P3,12474.330771999428
1003,P3,12474.955055220993
1010,P1,12475.881811278787
1009,P3,12476.050378048487
1029,P2,12476.883922321438
1023,P3,12478.843699335743
1018,P3,12480.062487366496
1027,P1,12480.19548596417
1042,P3,12480.244564388586
980,P5,12480.54808100155
1004,P6,12480.730719520529
1022,P3,12481.787276991228
995,P5,12481.959395176722
909,P7,12482.744152329211
1011,P2,12482.956194024126
937,P7,12484.532754446796
993,P3,12487.228316810691
1042,P3,12487.40547388441
1040,P1,12487.491092925853
1018,P3,12487.794268839212
1004,P6,12488.605155017765
950,P7,12488.615181796844
1030,P3,12488.71067856125
1005,P3,12490.33128222866
967,P5,12490.76072137639
913,P7,12490.99163627834
1017,P3,12491.185646683894
1029,P3,12491.237884804365
1044,P1,12491.331505899298
1043,P1,12491.872615590886
975,P3,12491.988958778007
996,P6,12492.074278853326
1033,P1,12492.576342593935
946,P6,12492.718783802784
1031,P2,12493.165085160741
1019,P2,12493.18167418281
1026,P1,12493.7686166323
1013,P3,12493.979421938639
1007,P3,12495.365507188118
1004,P6,12496.018834921977
1044,P1,12496.071828206475
1015,P3,12496.17394020209
937,P7,12496.205699245238
1016,P5,12497.624338921467
1023,P3,12498.692476843084
967,P5,12498.850118414428
1017,P3,12499.387615398058
1005,P3,12500.353949691968
1043,P1,12501.7584889154
1025,P3,12501.88208410693
1026,P1,12501.924813057523
913,P7,12502.631362212715
1011,P3,12502.68343609105
971,P5,12503.064942728019
1022,P3,12503.192336358607
1042,P3,12503.228457491836
995,P6,12504.266880279814
999,P6,12504.337131419607
1013,P3,12505.240299673662
1033,P1,12505.682048494724
967,P5,12506.352626484262
1016,P5,12507.364058915553
982,P5,12507.590671530346
1002,P3,12507.799393919151
1030,P3,12507.85126160299
1006,P6,12508.110287196054
950,P7,12508.238016578278
988,P6,12508.317515421753
1000,P3,12508.965270516843
931,P5,12509.345969553402
1021,P5,12509.990350780465
1027,P1,12510.15847444898
1020,P3,12510.420178915145
980,P5,12510.856126970455
1017,P3,12511.530766927977
1022,P3,12512.01434789479
995,P6,12512.0597177411
1040,P1,12512.09124701194
1043,P1,12512.148658510996
869,P6,12512.343308604457
1041,P3,12514.886435928605
1026,P2,12515.52230272027
1033,P1,12515.72282449541
1006,P6,12515.74373771994
1018,P3,12515.996783686249
882,P5,12516.400406426223
1034,P3,12516.489635802584
1017,P3,12516.756527206937
1036,P2,12517.204299988682
1031,P2,12517.290618401817
950,P7,12517.95215613498
1010,P1,12518.3354085592
1000,P3,12518.52390066365
1005,P3,12518.550648212906
1007,P3,12518.556094698935
1023,P5,12518.981865766093
1011,P3,12519.04002918844
1004,P6,12520.004802722031
882,P5,12520.423619925084
982,P5,12520.592119568197
980,P5,12520.89516156387
1024,P3,12521.005870389212
1014,P3,12521.978585827175
986,P5,12521.982335714501
1040,P1,12522.028060996834
967,P5,12522.176608534246
998,P3,12522.320428309407
1025,P3,12522.386817696322
1009,P3,12523.910848594443
995,P6,12526.636555948387
971,P5,12526.655226767034
1010,P2,12526.81463630919
1002,P3,12527.741252305053
1030,P3,12527.983712700678
950,P7,12528.362496014615
1006,P6,12529.295076269866
1004,P6,12529.631508423845
1018,P3,12530.054284209851
882,P5,12530.228312464957
1036,P2,12530.304801517574
1019,P2,12530.494479588573
913,P7,12531.341665776894
1020,P3,12531.36560386275
1017,P3,12531.80335681598
1000,P3,12532.329833704314
1025,P3,12532.368508483038
984,P3,12533.265856319
993,P3,12534.499199249405
1022,P3,12535.057456664543
1005,P3,12535.474308204411
1006,P6,12536.148988920113
1039,P3,12537.357383140044
913,P7,12537.796682140202
950,P7,12538.090628179512
1003,P3,12538.133286660463
1007,P3,12539.321965244535
952,P5,12539.605652077322
988,P6,12539.802416406443
1040,P1,12542.022770669391
1022,P3,12542.600253564162
984,P5,12542.82549802737
997,P3,12542.877282924353
1030,P3,12542.88520131231
1033,P2,12543.536994856682
909,P7,12544.819234442664
998,P3,12545.001087686738
946,P6,12545.489101846388
1036,P2,12545.60736494697
986,P5,12545.610128461918
988,P6,12545.786820336712
1034,P3,12546.028206409792
1027,P2,12546.143595034737
1039,P3,12546.806156955101
1000,P3,12547.49749692411
1002,P3,12547.531770262738
1008,P2,12548.297262530561
1016,P6,12548.585915861056
1044,P1,12549.172294135456
1006,P6,12549.199127608497
1017,P3,12549.331623456646
1030,P3,12549.752696367595
1037,P1,12549.792452730559
1045,P1,12550.270821972586
1035,P2,12550.513305963945
987,P3,12550.65903418122
1043,P1,12551.680164383471
1034,P3,12551.686602382197
984,P5,12552.02548317711
1042,P3,12552.52129220707
1018,P3,12553.284216548926
1021,P6,12553.831053730424
946,P6,12554.041403827321
1002,P3,12554.527791082972
1041,P3,12555.450055128436
1007,P3,12555.92961583386
952,P5,12556.340042759653
1040,P2,12556.54235928551
1011,P3,12557.112431360752
999,P6,12558.323216524208
1046,P3,12558.399798619914
971,P5,12558.692976232933
1026,P2,12559.074043550952
1032,P1,12560.203186933464
988,P6,12560.262912121576
1030,P3,12561.106087896784
1043,P1,12561.481860491363
986,P5,12561.601728155165
1017,P3,12562.254051278092
1025,P3,12563.251810772701
997,P3,12563.825402602546
998,P3,12564.222935729467
1012,P3,12564.453047928133
1008,P3,12565.035947851877
1000,P3,12565.281417955273
1027,P2,12565.55961411538
1036,P2,12565.586668339816
995,P6,12566.312775000708
1037,P1,12566.656708711856
1035,P2,12566.677479127084
1002,P5,12566.858010721726
1042,P3,12567.233973684146
1014,P3,12567.36912529693
1005,P3,12567.759580647351
1009,P3,12567.899934421757
1010,P2,12567.979633120076
1043,P1,12568.434810751412
931,P5,12570.029335885176
1018,P3,12570.64387680632
987,P3,12570.7617629128
1012,P3,12570.994515858458
1023,P5,12571.07878581291
1022,P3,12571.692782074353
997,P3,12571.708251807544
984,P5,12572.877273678978
1025,P3,12573.054060899512
882,P5,12573.613777366989
1017,P3,12573.964254255434
909,P7,12573.984709739485
999,P6,12574.520105265578
1002,P5,12578.157047378141
1043,P1,12578.286428355583
1010,P2,12578.603468149558
1000,P3,12579.56948248824
1044,P1,12579.866438857021
1004,P6,12580.001672132044
1037,P1,12580.259929296764
1025,P3,12580.56501796028
999,P6,12581.874122546877
1047,P1,12581.899171313553
1003,P5,12581.972714326723
1032,P1,12582.547015254067
1023,P6,12583.886751545642
1021,P6,12584.001192242207
1039,P3,12584.30096767088
991,P6,12585.044842782263
1033,P2,12585.364837566338
1034,P3,12585.977647938375
1011,P3,12587.638928877652
988,P6,12588.974406083855
1000,P3,12590.748682671958
1032,P1,12590.857826325378
1025,P3,12591.206805076157
1043,P1,12591.601040061289
1047,P1,12592.17380052054
1014,P3,12592.597344261896
1036,P2,12592.605215118492
1012,P3,12593.67604428403
1029,P3,12594.448894855368
1033,P2,12594.560417493954
1022,P3,12594.746529765074
997,P3,12595.38189034925
1040,P2,12595.42738677624
995,P6,12595.80363945746
1023,P6,12596.092244112617
1019,P2,12596.760917692563
1003,P5,12597.187375235459
952,P5,12597.331834498436
1027,P2,12597.43631802638
1043,P1,12598.155366876983
1051,P3,12598.896100140202
1005,P3,12599.039739505377
967,P5,12599.514064170764
1004,P6,12600.664686999426
986,P5,12601.801039446333
1016,P6,12601.871489496938
1030,P3,12602.091956485963
1005,P5,12602.152258494763
1047,P1,12603.186839601858
1025,P3,12603.474786917384
1014,P3,12603.959555526386
1021,P6,12604.514356559699
1011,P3,12605.71339338784
1053,P2,12605.927352920637
1042,P3,12605.943970329537
1029,P3,12606.471457519381
995,P6,12606.638283283872
1031,P2,12607.020565130699
950,P7,12607.359564291093
1051,P3,12607.475005867153
909,P7,12607.929430700577
1043,P1,12608.357114817523
1045,P1,12609.131131699594
1030,P3,12609.146227162202
1008,P3,12609.514772404907
987,P3,12610.256347091625
931,P5,12610.398219254666
1039,P5,12610.620760864636
1035,P2,12610.869575438122
1025,P3,12611.532607364234
1032,P1,12611.90899426567
882,P6,12612.01483908817
1041,P3,12613.112928735458
1026,P2,12613.223626821471
1054,P1,12613.68704899102
1052,P3,12614.878133302953
1002,P5,12616.255616540358
1046,P3,12616.289010316674
988,P6,12616.292381928799
1048,P2,12617.059442507067
1011,P3,12617.18816458171
1008,P3,12617.331271163845
950,P7,12617.409341332492
952,P5,12617.926608742808
1044,P2,12618.057973490742
1040,P2,12618.124311128919
1041,P3,12618.21886372497
1053,P2,12619.105727678454
1030,P3,12619.573846984513
1035,P2,12620.449219707101
1004,P6,12620.640665375475
1048,P2,12621.309650230403
1032,P1,12621.630100022609
1055,P3,12622.108326705242
1050,P1,12622.923312358955
1000,P5,12624.17913572598
1037,P1,12624.360159677159
882,P6,12624.451168378326
1004,P6,12625.345521648718
1016,P6,12625.534368143375
1052,P3,12625.587366291462
1005,P5,12625.672906211566
952,P5,12625.80748467424
1027,P2,12626.433665756613
1008,P3,12626.462190496963
1019,P2,12626.987264030053
1014,P5,12627.78140778313
1053,P2,12628.151035307277
1026,P2,12629.168289987707
1010,P2,12629.402053073552
997,P3,12629.516466278994
1049,P3,12629.571652686833
1024,P3,12630.849243737302
1022,P3,12631.806014382393
882,P6,12632.502825279957
1012,P3,12632.65750719387
1016,P6,12632.995746995779
1033,P2,12633.757032029076
1029,P3,12633.962039021584
991,P6,12634.789546963446
881,P6,12635.060999642332
1047,P1,12635.41927627816
1054,P1,12635.916510895026
1053,P2,12636.202029832368
1055,P3,12636.342248620413
1027,P2,12637.68375183002
1004,P6,12638.03090676172
1011,P3,12638.219302627305
1003,P5,12639.0409877642
1037,P2,12639.054579451096
995,P7,12639.187442874028
1014,P5,12639.189536527483
882,P6,12640.214533613935
1019,P3,12640.757402175263
1047,P1,12641.173556673875
1040,P3,12642.272235229691
1012,P3,12642.673625781232
986,P6,12642.741187593238
1025,P3,12642.805134765687
988,P6,12643.45324995336
1043,P1,12643.766592168648
1022,P3,12644.539991603973
971,P6,12646.46019880103
1037,P2,12647.08571748495
1008,P3,12647.65173867884
1035,P2,12647.8236454897
1000,P5,12648.267670743702
967,P5,12648.497266700757
1024,P3,12648.676514620598
1014,P5,12649.614138520254
1019,P3,12650.554512470511
1039,P5,12651.574274552126
882,P6,12652.496678504504
1056,P1,12652.783806410189
1022,P3,12653.147531756975
1044,P2,12653.809866984582
1040,P3,12654.11485303817
1000,P5,12654.50418548173
991,P6,12654.534914879678
1016,P6,12654.691571255817
1050,P1,12654.99821811544
965,P5,12657.556477792212
1037,P2,12658.013040603457
971,P6,12659.580897380298
1039,P5,12659.634583186695
1056,P1,12660.63697431369
1032,P2,12660.692509832124
1027,P2,12662.164401105973
984,P5,12662.185551717312
986,P6,12662.250170555224
1003,P5,12662.533300677882
1020,P7,12662.93335396697
1050,P1,12662.969400125054
1058,P3,12663.383530394389
1004,P6,12663.658295192074
1049,P3,12663.810590680538
1042,P3,12664.248790925192
1040,P3,12664.861782205211
997,P3,12665.272762319724
1037,P2,12665.32342471513
1004,P6,12665.92223520659
1031,P2,12666.393271129306
1053,P2,12666.766258566273
1020,P7,12668.256978849862
1000,P5,12668.438074368389
1019,P3,12668.45278459405
952,P5,12669.112264731115
882,P6,12669.818062720204
1032,P2,12669.997996128037
1011,P3,12670.543259527605
987,P5,12670.63203151791
1047,P2,12670.930390871588
1056,P1,12671.364910383025
1025,P3,12671.923561423679
1053,P2,12672.681882784469
995,P7,12673.916265434087
1035,P3,12674.776683598606
1050,P1,12675.60011063369
1054,P2,12676.724472294876
1049,P3,12676.735693554105
991,P6,12677.001862156067
1055,P3,12677.434557725379
1000,P5,12677.51864296982
1033,P2,12677.52484042877
965,P5,12678.068617213059
967,P5,12678.324555380146
1059,P3,12678.659855317486
1045,P1,12678.757424311347
1043,P1,12679.1531041107
952,P5,12679.462308864244
986,P6,12680.137722699646
1044,P2,12680.204045205444
1015,P5,12680.52820875877
1057,P1,12681.861857220112
1005,P5,12682.017773291507
1056,P1,12682.780813837016
1029,P3,12683.530779722934
1047,P2,12683.674317045608
1032,P2,12684.035982682057
1052,P3,12684.986131722439
1035,P3,12685.173552346554
952,P5,12685.223451545527
1050,P1,12686.352722222246
1013,P7,12686.724958242401
991,P6,12686.861917577542
1026,P3,12686.979027119205
1033,P2,12688.020720722317
1015,P5,12689.427342776233
967,P5,12690.061919039974
1000,P5,12691.180521231601
1016,P6,12691.973050678615
984,P5,12692.071362424549
882,P6,12692.095069434472
1059,P3,12692.654892617567
1056,P1,12692.85033727657
1040,P3,12693.367968172646
1047,P2,12693.840747185783
1035,P3,12693.921693701353
1050,P1,12694.383878377843
1039,P5,12694.790603085135
1027,P2,12694.933968076626
1053,P2,12695.167074012357
1051,P3,12696.579167891476
1000,P5,12697.380836405771
1058,P3,12697.482121726636
1052,P3,12697.587242730544
1020,P7,12697.77954172503
1010,P2,12698.028979805558
881,P6,12698.5554039285
1031,P3,12698.85033451369
952,P5,12699.747146338637
1032,P2,12699.995357182688
1036,P3,12700.145688591972
1016,P6,12701.71541809283
987,P5,12702.173030073202
1028,P6,12702.426559566169
1043,P2,12703.5444711593
1050,P1,12703.944075826623
1027,P2,12705.028890256279
984,P5,12705.208581675679
1019,P3,12706.027459986983
1013,P7,12706.862782860973
1058,P3,12707.105009576318
1010,P2,12707.502448410114
1042,P3,12708.578420799779
1014,P5,12709.028225033113
1055,P3,12709.173428791088
967,P5,12710.885766753912
1022,P5,12710.959150078112
1005,P5,12711.06939404473
1031,P3,12712.39560248301
1039,P5,12712.829513973405
1016,P6,12712.909697329087
1053,P2,12712.972166849713
1012,P3,12714.281457346251
1037,P2,12714.739921488666
1056,P1,12715.007263061298
1044,P2,12715.739414969019
1008,P3,12716.360634569422
1043,P2,12716.79734514244
1058,P3,12717.00039514694
1010,P2,12717.10289784255
987,P5,12718.198687115982
1016,P6,12718.230165061748
1060,P1,12718.90340951944
1013,P7,12720.42415320338
991,P6,12721.403172569684
1049,P5,12722.429708509548
1054,P2,12722.766976419258
1029,P3,12723.362630077423
1057,P1,12725.09633026821
1004,P6,12725.1456596315
1040,P3,12725.580318061111
1045,P1,12726.750972643285
1008,P3,12729.403172028617
988,P7,12729.592075064085
1004,P7,12729.987428648988
1036,P3,12730.233758192115
1051,P3,12730.93855375742
1016,P6,12731.856749248265
1056,P1,12733.129479651463
1043,P2,12733.7488800591
881,P6,12735.112867601556
988,P7,12735.225250179517
1037,P2,12737.804139658174
1039,P6,12738.270225291233
965,P5,12738.478633290195
1053,P2,12738.518820095751
1044,P2,12739.490048875765
882,P6,12740.020750395825
1036,P3,12741.025030410292
1057,P1,12741.456728640047
1026,P3,12741.821106544243
1016,P6,12743.205033365151
967,P6,12744.337041488998
1035,P3,12744.536741558717
1031,P3,12744.53795618255
1033,P2,12745.37455244153
1050,P1,12745.437124514026
1001,P6,12746.334385658549
1022,P5,12746.400820582347
1039,P6,12746.487728821367
1008,P3,12746.78891777232
1058,P3,12747.66826232278
1019,P3,12748.461395855715
1026,P3,12748.75168169387
1062,P1,12748.922653079067
1053,P2,12749.210882337018
1004,P7,12749.78859271232
1052,P3,12750.040907211398
1032,P2,12750.172055506442
1003,P5,12750.190279674329
1061,P2,12750.738498419349
1015,P5,12750.917777602428
1031,P3,12751.157247313344
1047,P2,12751.77096872912
1050,P2,12751.813437599918
1059,P3,12752.221639032441
1014,P6,12753.617153646936
988,P7,12754.426107685356
1052,P3,12755.059079200772
1016,P6,12755.218585751974
1036,P3,12756.08670219077
1048,P2,12756.212953928092
1040,P3,12756.520322404649
1005,P5,12756.923775247735
881,P6,12757.600397083708
1013,P7,12758.163831394817
1045,P1,12758.93209020765
1000,P5,12758.992689875628
1032,P2,12759.42549839416
1026,P3,12760.849182595628
1027,P3,12761.832094875794
1047,P2,12762.603027964657
1033,P2,12762.7344991353
1014,P6,12763.646779189028
1008,P3,12765.209904088519
1031,P3,12767.598053692302
882,P6,12767.836103546582
1057,P1,12768.13699161422
1064,P1,12768.217600918331
965,P5,12768.485162264209
1014,P6,12768.663488256083
1022,P5,12768.937482081197
987,P5,12769.791238143282
1027,P3,12770.388456531991
1013,P7,12770.824288047519
1051,P3,12770.848665296246
1057,P1,12771.636568019487
1059,P3,12772.26005001715
1010,P3,12772.382852007697
1038,P7,12772.451428119813
1035,P3,12772.629273477181
1000,P5,12774.212945332407
1050,P2,12774.221151136526
967,P6,12774.357352808234
1043,P2,12775.082379129875
1054,P3,12775.281467645664
881,P6,12776.876718097299
1005,P5,12777.718205646128
967,P6,12777.849682112517
1027,P3,12778.263761404178
1003,P5,12778.857747533975
1038,P7,12779.42344850375
1014,P6,12779.66259711136
1023,P6,12779.664063568689
1044,P2,12779.665959721897
1022,P5,12780.326307326926
1016,P6,12781.089392124639
1035,P3,12781.324803440782
1029,P3,12782.208841857597
1050,P2,12782.294286180404
1064,P1,12782.379814530132
1063,P1,12783.128448895131
1047,P2,12783.451883856547
1060,P2,12783.57491126045
1048,P2,12784.107486354109
1044,P2,12784.947248674292
1001,P6,12785.437761348845
1054,P3,12785.94290898278
882,P6,12786.197891987953
967,P6,12786.367668256746
1004,P7,12789.199567283325
1022,P5,12789.569457489257
1051,P3,12789.93748166352
1013,P7,12789.963506435308
1005,P5,12790.054344219303
1063,P1,12790.239249774475
1061,P2,12790.822779867038
1031,P3,12790.917273507315
1057,P1,12791.138917232385
987,P6,12791.524718795328
1053,P3,12791.839822799757
1047,P3,12793.207747946753
1043,P2,12793.742718945152
1023,P6,12794.728049748683
1005,P6,12794.94590942843
882,P6,12795.348931218143
1004,P7,12797.976617748987
1022,P5,12798.408677541242
1008,P3,12799.181801411241
1059,P3,12800.194439178355
1026,P3,12800.763991788297
1057,P1,12800.788043593227
987,P6,12800.810472050209
1010,P3,12801.058393323954
1043,P2,12801.99864782552
1049,P5,12802.298281966716
1033,P2,12802.971090412188
1056,P1,12803.146305911667
1023,P6,12804.610408485898
1039,P6,12805.449233334217
1050,P2,12805.625777197829
1001,P6,12806.206433275707
1019,P3,12806.282584587609
1008,P3,12807.22222877194
1061,P2,12808.713785676176
1051,P3,12808.983875006485
882,P7,12809.246356922105
1052,P5,12810.193285775118
1003,P5,12810.298476792535
1062,P1,12810.585386666637
881,P6,12810.76725422304
1016,P6,12811.434276214857
1029,P3,12811.991049672886
1067,P1,12812.01370879205
1059,P3,12812.141183817788
1043,P2,12813.225379110254
1056,P1,12813.313105213982
987,P6,12813.69654763511
1057,P1,12814.388347721704
1047,P3,12815.462757130592
1045,P2,12815.488265821505
1053,P3,12815.881069971401
1001,P6,12815.89039547824
1003,P5,12816.139606541954
1052,P5,12816.307068639702
1066,P1,12816.392615131543
1062,P1,12818.348416178
1033,P2,12818.423328844265
1064,P1,12818.548653397833
1039,P6,12819.216416807376
1026,P3,12821.133042166404
1014,P6,12822.105028873588
987,P6,12822.88166010142
1059,P3,12822.886187564854
1003,P6,12823.132328095557
1047,P3,12823.488658484202
1056,P1,12824.372137174867
1010,P3,12825.15351764952
1067,P1,12825.226871452927
1045,P2,12825.310386288644
1001,P6,12825.349888289127
1057,P2,12826.276380173746
1005,P6,12826.46169112254
1027,P3,12826.821275245433
1008,P3,12827.659974670929
1063,P1,12829.236205108931
1052,P5,12829.431589623227
1059,P3,12829.601928187343
1069,P1,12830.313178032296
1061,P2,12830.40121981445
1053,P3,12830.60411614762
1031,P3,12830.704341558605
1026,P3,12831.48299041635
967,P6,12831.747202215498
1029,P3,12832.547545440066
1001,P7,12833.111347960987
1068,P3,12835.077525839837
1010,P3,12835.408330288888
1005,P6,12836.175372111838
1029,P5,12837.781361147174
1022,P6,12838.075736188865
1037,P3,12838.921452208513
1060,P2,12839.033250750945
1061,P3,12841.025365949929
1067,P1,12841.823258718015
1036,P3,12841.98493648003
1043,P2,12842.442031718825
1037,P3,12843.730152405615
1032,P3,12845.192493666018
1008,P3,12846.409851506867
882,P7,12847.410040451534
990,P7,12847.477524732509
1005,P6,12847.70058424181
1039,P6,12847.802653898936
1027,P3,12848.200547836308
1058,P3,12849.04887093344
1064,P1,12849.788967936376
1044,P3,12850.22030389824
1036,P3,12850.655719004657
1067,P1,12850.953940300153
1068,P3,12851.241004710171
1071,P3,12852.590798794501
987,P6,12853.156177619581
1033,P2,12854.574739558715
1051,P3,12854.679633188489
1069,P1,12854.86843023949
1005,P6,12854.9836284259
1062,P1,12856.812147476938
990,P7,12858.430207587373
1071,P3,12859.219448532815
1060,P3,12859.237508183296
882,P7,12860.41542568803
1073,P2,12860.693707926494
1029,P5,12860.974121176301
1022,P6,12861.18842384051
1045,P2,12861.336534977068
1010,P3,12861.462342535577
1039,P6,12862.769073214271
1059,P3,12863.263798469745
1068,P3,12863.744942548927
1050,P2,12864.21860748651
1001,P7,12866.007478242876
1005,P6,12866.601115207945
881,P6,12867.238353100054
1037,P3,12867.43112131029
990,P7,12868.522510355111
1044,P3,12868.756077511285
1052,P5,12868.79540007774
1063,P1,12869.674993283055
1068,P3,12869.780462187045
967,P6,12869.99355433483
1026,P3,12870.997745128165
1069,P1,12872.087657879996
1048,P2,12872.099565960025
1073,P2,12872.242316183925
965,P6,12873.12566913172
987,P6,12873.184598079517
1031,P3,12873.317690311764
1049,P6,12874.1991567282
1005,P6,12874.564558582231
1074,P3,12875.60866302049
1042,P5,12875.765765185124
1037,P3,12876.004490340873
1001,P7,12877.247904503887
1064,P1,12877.594156943493
990,P7,12878.312880265343
988,P7,12878.346866357837
1073,P2,12878.604550521588
1072,P3,12879.588929350506
882,P7,12879.915197845958
1056,P1,12880.01615723517
1065,P2,12880.06152829309
1070,P1,12880.390104791515
1026,P3,12880.50271760759
1066,P1,12880.75409607377
1014,P6,12880.85590510726
1061,P3,12881.43756350953
1071,P3,12881.563123573504
1032,P3,12882.282039112368
1007,P7,12883.76896159142
1069,P1,12883.864752166377
1010,P3,12884.025679208571
1043,P3,12884.426276581898
1065,P2,12885.407151736099
988,P7,12885.714910150042
1001,P7,12886.221600487852
1044,P3,12886.334349426344
1049,P6,12886.839490586046
967,P6,12887.48945010567
1005,P6,12887.57523732251
1064,P1,12888.502219395152
1039,P6,12888.569022457672
1063,P1,12890.66859717677
1024,P5,12891.244827600378
1007,P7,12891.571111242623
1060,P3,12891.669336149953
1068,P3,12893.174927322787
987,P6,12893.585274847977
1067,P1,12893.704049677837
1052,P6,12893.759037411724
1071,P3,12894.546015347456
1032,P3,12894.708845134615
1066,P1,12894.7222498516
1048,P2,12895.491939272142
1039,P6,12895.7839833466
1034,P7,12896.248210829051
1037,P3,12897.30375329158
1064,P1,12897.394711154284
1005,P6,12897.495575405126
1062,P1,12897.56530625124
990,P7,12898.41127885614
1044,P3,12898.480170941397
1075,P3,12898.643365380287
881,P6,12898.72054578561
967,P6,12899.861235800232
1007,P7,12900.587972657502
882,P7,12901.236991355183
1071,P3,12901.57490611194
1076,P2,12902.443484462954
1053,P3,12903.280623147075
1056,P1,12905.873964010883
1065,P2,12907.678271362967
970,P7,12908.000762343527
1064,P1,12908.187958507424
967,P6,12908.298976892916
965,P6,12908.408820287801
1070,P1,12908.505763900996
1025,P6,12909.992157085855
1051,P5,12910.059897312089
1003,P6,12910.429380963958
1067,P1,12910.691351381485
1022,P6,12910.715240876314
1049,P6,12911.903032896405
1047,P3,12912.219814873028
1061,P3,12912.502764817391
1042,P5,12912.771056690366
1050,P3,12912.77154288642
1007,P7,12913.319475151295
1072,P3,12913.624016644426
1058,P3,12914.23322415635
1077,P3,12914.410655659429
1024,P5,12914.506530864854
1073,P2,12914.703071182408
1066,P1,12915.574898024726
1039,P6,12915.743252230639
1031,P5,12917.42565099943
1042,P5,12917.571376435451
998,P6,12918.043509508527
1067,P1,12918.29631318002
1062,P1,12918.574070839326
1050,P3,12919.621001084093
1056,P1,12919.73952444862
1037,P3,12920.08390208862
1072,P3,12921.198869566682
1064,P1,12921.638237482453
1032,P3,12922.150444440478
1078,P1,12922.41987801006
1003,P6,12922.473375152324
1049,P6,12923.275968853824
970,P7,12924.557774069928
1043,P3,12924.68573256643
1048,P2,12926.324506703357
1066,P1,12926.45070271695
882,P7,12926.90167163988
1072,P3,12927.158584974526
1076,P2,12927.34077185966
998,P6,12927.91538334777
1055,P7,12927.99840501386
1058,P3,12928.128576936047
1064,P1,12928.536018593242
987,P6,12928.597627322484
1029,P5,12928.821143921106
1003,P6,12929.13341431855
1052,P6,12929.906112657407
1063,P1,12930.029084350712
1075,P3,12930.178654055117
1049,P6,12930.913314573085
1074,P3,12932.630801549894
1080,P3,12932.728238604983
1050,P3,12932.970965633456
1068,P3,12933.824913616792
1065,P2,12934.205055105956
1067,P2,12934.574041699518
1053,P3,12935.133881746015
990,P7,12936.053457409727
1039,P6,12936.232324423758
1044,P3,12936.796138564607
970,P7,12936.986172981377
1055,P7,12937.632994414193
987,P6,12940.010254863746
1046,P5,12940.562066309714
1003,P6,12940.673270626357
1079,P2,12941.86050355477
1065,P2,12942.221638352077
1005,P6,12942.41701976921
1074,P3,12942.741384229641
1049,P6,12942.753944684864
1063,P1,12942.939602883924
1048,P3,12943.979334369427
1061,P3,12944.39034097254
1050,P3,12944.548773359053
1081,P1,12944.906455310247
1080,P3,12945.415351025284
1067,P2,12946.612896662029
1057,P2,12946.727398045903
970,P7,12946.882233648032
1007,P7,12948.553429229021
1072,P3,12949.538890264821
975,P5,12950.232683211638
1063,P2,12950.398162337138
1037,P3,12950.906036755436
1058,P3,12950.983577535631
1076,P2,12951.683667155012
1071,P3,12952.63534297853
1045,P2,12952.871480020693
1080,P3,12954.19501628696
1074,P3,12954.393902242964
1024,P5,12954.427607148315
1065,P2,12954.749827668265
1079,P2,12954.94228044692
1052,P6,12955.124767649031
1069,P1,12955.387607931225
1046,P5,12955.453249540187
1073,P2,12955.686377815377
1004,P7,12956.94787035492
1056,P2,12957.172225311504
1058,P3,12957.627700270841
975,P5,12957.756694532502
1026,P3,12958.369265793155
882,P7,12958.488467340081
1064,P1,12958.669076068143
1074,P3,12958.83142741463
1075,P3,12960.18231871216
1010,P3,12960.353679764954
1003,P6,12961.331099681453
967,P6,12962.249966157591
1073,P2,12963.716026606082
1032,P3,12963.788625170198
1072,P3,12963.822328651311
1039,P6,12964.992913389426
1065,P2,12965.635561545965
998,P6,12965.868570035951
1076,P2,12967.120074560413
1031,P5,12968.877915087412
1042,P6,12969.748481627646
1063,P2,12969.921820018933
1072,P3,12969.93632057796
1066,P2,12970.236664745533
1069,P1,12971.388788837587
1052,P6,12971.395433644266
1043,P3,12971.651864142646
1062,P2,12971.895696973108
1049,P6,12972.128866159712
987,P6,12972.226027351533
1050,P3,12972.32190213218
1060,P3,12972.334275113257
1080,P3,12973.426436948635
1027,P3,12974.309091240311
1034,P7,12974.309959181342
1031,P5,12974.979498655865
1067,P2,12975.077718450053
970,P7,12975.09000437355
1058,P3,12976.281591505633
1081,P1,12976.353074471665
1042,P6,12976.444176795874
1060,P3,12978.178378999177
1057,P2,12978.242870740598
882,P7,12978.370302740394
1056,P2,12979.495091317473
967,P6,12979.731555569288
1043,P3,12982.516948804447
1047,P3,12983.100123193677
1048,P3,12984.087406157523
1073,P2,12984.42975881926
1056,P2,12985.526983386593
993,P7,12985.891963017197
1009,P7,12986.472451970474
967,P6,12987.246477785866
1034,P7,12987.328347569886
970,P7,12987.47111024004
1078,P1,12988.050605085406
1074,P3,12989.207998233634
1066,P2,12989.262494738821
1031,P5,12989.879455845985
1043,P3,12990.523075611833
1072,P3,12991.813215025699
975,P5,12991.877969414338
1046,P5,12992.338199493694
1064,P2,12992.38213005781
1011,P6,12993.059201686
1077,P3,12993.37838608932
1048,P3,12993.754271016349
1079,P2,12994.092140892983
987,P6,12994.838745091418
1034,P7,12995.440950297818
993,P7,12995.485340508025
1078,P1,12996.493705842415
1053,P5,12996.632110337385
1066,P2,12996.89113507513
1076,P2,12997.753774514926
1017,P5,12998.50670234265
881,P6,12998.50731076237
1068,P5,12998.922345668188
1071,P5,12999.21614337192
1060,P3,13000.332289142616
1063,P2,13000.389954554907
1062,P2,13001.523310267754
1061,P3,13001.617367669505
1072,P3,13001.812575726059
1043,P3,13002.073140080993
1047,P3,13002.374411412211
1046,P5,13002.973948774617
1057,P3,13004.812905714582
1027,P3,13005.150042257366
1048,P3,13005.410028820153
1032,P3,13006.358119140923
881,P6,13007.051129592788
1033,P3,13007.544587999811
998,P6,13007.694270965338
1056,P2,13009.093671724731
967,P6,13009.521410037043
1045,P3,13009.60799652732
1003,P6,13010.156082756941
882,P7,13010.308328137586
1047,P3,13010.44799435664
970,P7,13010.528353928401
1060,P3,13011.924607256336
1073,P2,13012.127338998824
1050,P3,13012.596737989466
975,P5,13013.268307869825
1077,P3,13013.631553187712
1056,P2,13013.963057771385
1043,P3,13014.221842232579
1027,P3,13014.248437730726
1042,P6,13014.937224733205
1084,P3,13015.804778984488
1046,P5,13015.939244315803
1070,P2,13016.834797938094
1026,P5,13017.348692985912
1067,P2,13017.450586942556
1065,P2,13018.23715902442
1009,P7,13018.356940602174
987,P6,13018.608893425464
1069,P1,13019.821443488383
1078,P1,13020.17653262777
882,P7,13020.63351183716
1003,P6,13022.33565522312
881,P6,13022.420978179793
1046,P5,13023.243959204667
1032,P3,13023.346448064083
1077,P3,13023.383914320897
1047,P3,13023.386540530844
1079,P2,13023.68872504553
1035,P6,13023.695501585575
1011,P6,13024.284166751324
1076,P3,13025.43334877673
1053,P5,13025.78897845315
1082,P3,13026.058341689106
1042,P6,13026.442900390057
1066,P2,13026.692101770885
1064,P2,13028.389859875644
1086,P2,13028.798625709727
1017,P5,13029.643900956688
1027,P3,13029.917315077659
975,P5,13029.962320350513
1025,P6,13030.09341593028
1065,P2,13030.214204259302
1087,P1,13030.707203628404
1051,P5,13030.8544829941
1035,P6,13033.248599931094
1081,P1,13033.487063336594
1054,P6,13034.10774393911
1058,P3,13034.38046876581
1082,P3,13034.860957188484
1069,P1,13035.82552670561
1057,P3,13036.084590562217
881,P6,13037.613463789534
1066,P3,13038.02924624704
1085,P1,13038.052127343992
1042,P6,13038.352909324594
1051,P5,13040.282520810375
1074,P3,13040.609524661584
1050,P3,13040.759393162574
1076,P3,13041.168983674826
1077,P3,13042.257642066603
1046,P5,13042.634850646362
1032,P3,13043.009978427164
1062,P2,13043.180607905188
1078,P2,13043.423146859874
1058,P3,13043.644084580805
1048,P3,13044.707451344304
1087,P1,13044.77739640471
1083,P1,13044.857236998349
1056,P2,13045.83655774122
1035,P6,13045.883159284353
1024,P6,13046.432852674137
1012,P7,13046.47151610575
1043,P3,13047.379327478853
1078,P2,13047.464863654091
1065,P3,13047.645904971678
1082,P3,13048.000829057877
1075,P5,13048.19021079738
1068,P5,13048.935430374377
1070,P2,13049.73788211267
967,P6,13050.204979320539
1063,P2,13050.262741236063
1062,P2,13050.567779589557
1053,P5,13050.833086901313
1076,P3,13051.493670579517
1086,P2,13051.977451185043
1035,P6,13052.012697967286
1043,P3,13052.246240794502
1011,P6,13052.323328483792
1071,P5,13052.706436034317
1087,P1,13052.960220878558
1067,P2,13053.185996216955
1057,P3,13053.26256282382
1081,P1,13053.733500173543
1065,P3,13053.879629912246
1080,P3,13055.383412381025
1048,P3,13055.862596287092
1066,P3,13056.529075000233
1064,P2,13057.219013730732
1009,P7,13057.431268572704
1012,P7,13057.840870347718
1086,P2,13059.000366844391
1045,P3,13059.356380940539
881,P6,13059.486496613234
1072,P3,13059.931446090128
1056,P3,13060.36984137497
1074,P3,13060.63864740607
1069,P1,13061.629732869895
1089,P3,13061.657387522428
1027,P3,13062.095519279235
1084,P3,13063.017785053813
1083,P1,13063.497573969657
1024,P6,13063.620938296139
1046,P6,13064.345684086386
975,P5,13064.636567480118
1070,P2,13065.909761442303
1012,P7,13066.460115106433
1072,P3,13067.47688776322
881,P6,13067.92510954733
1045,P3,13068.272195996768
993,P7,13068.790330214124
1054,P6,13069.589397677983
1063,P2,13069.861675449794
1062,P2,13069.907661384128
1081,P2,13071.593795940018
1057,P3,13071.894370615493
1051,P5,13071.901432067703
1050,P3,13072.329381457472
1077,P3,13072.383938087303
1068,P5,13072.399347671939
1027,P3,13073.620642863236
1073,P2,13074.173061390538
1071,P5,13075.429665461035
1058,P3,13075.454088384507
975,P5,13075.532430730213
1087,P2,13075.728261477763
1065,P3,13076.134982535035
1063,P2,13077.025253900767
881,P6,13077.55447815148
1088,P2,13078.255677983378
1078,P2,13078.48016047482
1045,P3,13079.390834435497
1012,P7,13079.807268235345
1024,P6,13080.278587628405
975,P5,13081.4832218998
1069,P1,13082.884931640345
987,P7,13082.905337472945
1065,P3,13083.375272243227
1026,P5,13084.048657533478
1071,P5,13084.349571232407
1009,P7,13085.68449769898
1075,P5,13085.697351949922
1086,P2,13086.619347202639
1033,P3,13088.4074362812
1090,P3,13088.908658243188
1082,P3,13089.75549295584
1017,P5,13090.007002482362
1035,P6,13090.417128601375
1068,P5,13091.069983309731
1088,P2,13091.118950704968
1011,P6,13092.329388459335
1071,P5,13093.318685711785
1027,P3,13093.53626802467
1062,P2,13094.089412557301
987,P7,13094.244623438319
1056,P3,13094.754140708676
1066,P3,13095.184806620558
1012,P7,13095.194818528893
1077,P5,13098.136876648654
1009,P7,13098.14063046863
1084,P3,13098.331012449178
1080,P3,13098.617958734465
998,P6,13099.266950089834
1086,P2,13099.520091778224
1091,P3,13099.762740671855
1062,P2,13101.115475324488
1076,P3,13101.814814904368
1065,P3,13102.349034324452
1073,P2,13102.620306832587
1069,P1,13102.910362968503
1024,P6,13103.601548330998
1084,P3,13103.869109398118
1089,P3,13104.244689497964
1017,P5,13105.621562395856
1083,P1,13105.960428410466
1048,P3,13106.10912477698
1086,P2,13106.573991765179
1066,P3,13106.638916872207
1009,P7,13107.330355057606
1069,P1,13108.068776762353
1087,P2,13109.235379031454
1090,P3,13109.906880548859
1073,P2,13110.233197578254
1012,P7,13110.346984415273
1075,P5,13110.351967310638
993,P7,13111.450639897272
1071,P5,13112.24436133824
1087,P2,13112.271300990447
987,P7,13113.831331196314
1033,P3,13113.94625046853
1056,P3,13114.424716720123
1040,P6,13114.502264015786
1048,P3,13114.58681408305
1076,P5,13114.728384664037
1065,P3,13115.167964968332
1084,P3,13115.65687044567
881,P6,13115.84331601912
1068,P5,13116.23973875618
1030,P7,13117.222369354502
1026,P5,13118.694574693007
1063,P2,13118.84114579787
1027,P3,13120.778061119772
1086,P2,13120.798347792514
1069,P1,13120.940039596018
1062,P2,13122.436503870824
1076,P5,13122.463163790166
1009,P7,13122.564336694346
1091,P3,13123.303789492678
1040,P6,13123.512798767433
1093,P1,13123.638533665491
1030,P7,13123.776539146058
1080,P3,13123.90384073685
1057,P3,13124.126853576401
1046,P6,13125.36961088411
1073,P3,13125.918280542735
993,P7,13126.257440055535
1058,P3,13128.481238976445
998,P7,13129.029466128646
1084,P3,13129.136494881552
1088,P2,13129.167413294215
1087,P2,13130.497250761462
1027,P3,13131.799803212385
987,P7,13132.043259182132
1089,P3,13132.245130882247
1064,P3,13132.978770800126
1069,P1,13132.988473517351
1065,P3,13133.620769130535
1056,P3,13134.250953866742
1087,P3,13134.493212146104
1009,P7,13134.494615803793
1092,P1,13134.752517203888
1088,P2,13134.816024017613
1073,P3,13135.866244478815
1078,P2,13135.884841532788
1030,P7,13136.034864436084
1085,P1,13136.167387089416
1090,P3,13136.442820068536
1057,P3,13136.717732638419
993,P7,13137.98920738171
1067,P3,13139.82196881945
987,P7,13139.946973940085
1069,P1,13140.973933124968
1089,P3,13142.420662342218
1070,P3,13142.712894759848
1081,P2,13143.01355707121
1071,P5,13143.346529780662
1026,P5,13144.558082122612
1048,P3,13145.180937674642
1088,P2,13145.370601578372
998,P7,13146.142155346415
993,P7,13146.400705661941
1053,P5,13147.892247063057
1080,P3,13148.490740633464
1093,P1,13148.585389400583
1044,P6,13149.680042760436
1081,P2,13150.01298731479
1078,P2,13150.060296386704
1070,P3,13150.20175621617
1090,P3,13150.999000932416
881,P6,13151.078826053446
1072,P3,13152.572237112163
1056,P3,13152.931554064146
1068,P5,13153.337091768904
1037,P7,13153.831346821305
1092,P1,13154.678182778702
1064,P3,13154.726572659794
1094,P1,13156.337103581824
1085,P1,13156.474456467246
1075,P5,13157.060161742984
998,P7,13157.331294945392
1045,P3,13157.56787007782
1084,P3,13157.701847521517
1067,P3,13157.816908294453
1086,P2,13157.940434767583
1033,P3,13158.046697956424
1096,P1,13158.334825540527
1024,P6,13159.291051519458
1088,P2,13159.590886011916
1053,P5,13160.24339684532
1027,P3,13160.82677513628
1076,P5,13161.129073842187
1044,P6,13161.573046031635
1071,P5,13162.067587683352
975,P5,13162.300520821896
1056,P3,13162.592879637874
1026,P5,13164.678258205744
1057,P3,13165.755411865408
1091,P3,13166.314561338482
1085,P1,13166.884018660605
1077,P6,13167.434135396665
1095,P1,13167.87701314164
1087,P3,13168.103690371769
998,P7,13168.16218111687
1044,P6,13168.485364164715
1030,P7,13168.878465421478
1073,P3,13168.993437666002
1046,P6,13169.155589135966
1086,P2,13169.387197771925
1003,P6,13170.862171865474
987,P7,13172.698462045764
1091,P3,13172.861248410194
1048,P3,13173.55789822623
1069,P1,13174.117018883773
1084,P3,13175.392490627357
1045,P3,13175.508321184347
1075,P6,13175.523846851345
1040,P6,13175.98920322209
1085,P1,13176.06772411728
1044,P6,13177.619026377219
1070,P3,13177.746336577375
993,P7,13178.993424347304
1033,P3,13179.41350525801
1045,P3,13179.656131773016
1071,P5,13180.698760298408
1067,P3,13180.771577157224
1091,P3,13180.815468202332
1040,P6,13181.994433596336
1076,P5,13182.229080504487
1058,P5,13182.842264104898
1064,P3,13183.019893930032
1063,P3,13183.050164642467
1072,P3,13183.30832002304
1093,P1,13184.542738410799
1083,P2,13184.627762922122
1092,P1,13185.91122865171
1062,P3,13186.324038620796
1030,P7,13186.670648202959
1094,P1,13187.001202200378
1026,P5,13187.113218102328
998,P7,13187.410500128759
993,P7,13187.714566003271
1082,P3,13188.219225166273
1037,P7,13189.006665113071
1033,P3,13189.085011738829
1045,P3,13190.599807358665
1080,P5,13190.621305885208
1078,P2,13190.857090749632
1071,P5,13191.62236755357
1095,P1,13191.661085621896
1072,P3,13192.966612978444
1058,P5,13193.10450699037
975,P5,13193.107563488917
1067,P3,13193.640975930646
1024,P6,13193.776974452956
1044,P6,13194.025248570755
1026,P5,13195.773165536568
1092,P1,13196.577082251633
1069,P2,13196.770871613093
998,P7,13197.35714708598
1053,P6,13197.46742973169
1082,P3,13199.264365135643
1079,P3,13199.492176144551
1037,P7,13199.620382879633
1078,P2,13199.621897483607
975,P6,13199.866909761935
1090,P3,13200.28564210807
1067,P3,13200.369791844487
1072,P3,13201.299022884788
1071,P5,13202.51880456442
1083,P2,13203.299548354467
1076,P5,13203.41538377053
1057,P3,13203.596619630833
1040,P6,13204.077887003685
1075,P6,13204.766016047593
1093,P2,13205.466184399545
993,P7,13205.634732538065
1089,P3,13206.034893366646
1030,P7,13206.519673570703
881,P7,13207.186493716574
1087,P3,13207.271221597079
1073,P3,13207.607010544425
1095,P1,13208.670651430128
975,P6,13208.94473588816
1084,P3,13209.012458973619
1062,P3,13209.606193144546
1079,P3,13210.156324824391
1097,P1,13210.211134343055
1076,P5,13210.280560056128
1080,P5,13210.523529991107
1093,P2,13211.915259614094
1070,P5,13213.623353163779
1057,P3,13213.786282611843
1089,P3,13213.815419359607
1058,P5,13213.972909497088
1062,P3,13214.44141664721
1098,P2,13215.30455209707
1083,P2,13215.917494398669
1077,P6,13216.098555410203
1087,P5,13218.65423602822
1101,P1,13218.8720655722
1094,P2,13219.566811290117
1044,P6,13220.20770766743
1081,P3,13221.145221066316
1053,P6,13221.33644296334
1058,P5,13221.669415412502
1086,P2,13221.780767470402
1067,P3,13222.63975094035
881,P7,13223.044097893297
1095,P2,13223.319957763799
1097,P1,13223.958986588023
1026,P5,13224.153171340009
1070,P5,13224.756703287994
1084,P3,13225.234691666217
1040,P6,13226.767265521567
1102,P1,13227.540046783237
975,P6,13227.631370084764
1044,P6,13227.663974003084
1088,P2,13227.73277164005
1078,P2,13228.46144658369
1081,P3,13228.74408093104
1059,P7,13228.829771791694
1079,P3,13229.151594248859
1092,P1,13230.453228993318
1064,P3,13230.575567883725
1097,P1,13233.628335730305
1083,P2,13233.717056675476
1062,P3,13233.724905535832
1057,P3,13234.101372761963
1030,P7,13234.837418253399
1093,P2,13235.278923296042
1026,P6,13235.68231628278
1089,P5,13235.704893007001
1095,P2,13236.093971840188
997,P5,13236.36604337202
1096,P2,13236.366724204616
1045,P3,13237.700326254098
1086,P2,13237.743470200026
1079,P3,13238.523596917452
1059,P7,13239.43199453864
1102,P1,13239.913423376576
1087,P5,13239.992849582024
1078,P2,13240.589433923009
1080,P5,13241.32745857576
1089,P5,13241.439700857974
1030,P7,13241.998302293987
1063,P3,13242.243277884341
1093,P2,13242.851180373036
1053,P6,13243.161869804166
1083,P2,13244.282210909985
1098,P2,13244.636687373275
1100,P1,13244.992890017405
1037,P7,13245.39917792607
1064,P3,13246.21716028288
1084,P3,13246.924766638896
1081,P3,13247.5612161191
1090,P3,13248.723693278806
1102,P1,13248.768311238813
1080,P5,13248.835852628697
1095,P2,13248.876521884391
1088,P2,13249.210164032433
1075,P6,13250.175228393993
987,P7,13250.388519599006
1094,P2,13250.56668123073
1045,P3,13251.16201783395
1086,P2,13251.299106538863
1104,P1,13251.461232186666
1018,P5,13251.700521213457
1070,P5,13252.302996544307
1099,P1,13254.783144377157
1063,P3,13255.151507707813
1057,P3,13255.2388978135
1093,P2,13255.396963561154
1095,P2,13256.28254778562
1037,P7,13256.375417492249
997,P5,13256.446059970138
1079,P3,13256.523378396067
1101,P1,13257.767565973398
1096,P2,13257.85208218699
1085,P1,13257.930640386978
1081,P3,13258.249998070205
998,P7,13258.364449255727
1066,P6,13258.950975000469
1087,P5,13259.78772287095
987,P7,13260.316763488985
1078,P2,13260.622645976515
1104,P1,13260.751969145538
1067,P3,13260.75519665228
1098,P2,13261.35836592685
1083,P2,13262.034185868979
1063,P3,13262.145503133772
1018,P5,13262.179096127142
1019,P5,13262.706028590539
1102,P1,13263.748728591823
998,P7,13263.994574238428
1092,P1,13265.212843567286
1096,P2,13265.221919033953
1088,P2,13265.393594272846
1037,P7,13265.667985853903
1072,P5,13266.39839836022
1084,P3,13267.222752406808
1067,P3,13267.857225288783
1062,P3,13268.615602286169
1105,P1,13269.096514531277
1081,P3,13271.292928553306
1107,P3,13272.497265684124
1030,P7,13272.850251597394
1026,P6,13273.771977693581
1099,P1,13274.443441620102
1106,P2,13274.451656338171
1097,P2,13274.510262463411
1066,P6,13274.776426993993
881,P7,13274.955779273021
1063,P3,13275.118199141702
1086,P3,13276.364750286095
1060,P5,13276.68966853742
1088,P2,13276.746065423253
1019,P5,13276.806974828876
1072,P5,13278.409345614558
1059,P7,13278.984196495408
1069,P2,13279.102695816055
1057,P5,13280.333091731247
1063,P3,13281.363475474549
975,P6,13281.95773038564
1098,P2,13282.24200226787
1103,P1,13282.335241018956
1080,P5,13282.37114972311
1026,P6,13283.21089305143
1066,P6,13283.481113349018
1097,P2,13284.078073990197
1060,P5,13284.401368634442
1099,P1,13285.077770516824
998,P7,13285.52342450978
1096,P2,13285.542561831286
1083,P2,13285.569209383368
1086,P3,13286.097461237105
1062,P3,13286.73658959782
1088,P2,13286.803253621469
1089,P5,13287.242817534472
1033,P3,13287.821474083905
1106,P2,13288.048311110544
1030,P7,13288.294920177435
1082,P3,13288.667954569808
1019,P5,13288.692781291105
1075,P6,13290.222299163399
1089,P5,13290.866717109322
1062,P3,13292.491896824211
881,P7,13293.468185859665
1053,P6,13293.79811133815
997,P5,13294.334656110037
1072,P5,13295.126432432447
1106,P2,13295.514605432756
1060,P5,13295.803791267494
1099,P1,13296.839479538152
975,P6,13296.866085568385
1069,P2,13297.57864015696
1019,P5,13297.61109793107
1107,P3,13297.884798370043
1096,P2,13298.230776553464
1058,P5,13298.54829356355
1064,P3,13301.667871063353
1110,P1,13302.4437884104
1095,P3,13302.676477476754
1081,P3,13302.841202935631
1093,P3,13302.905601305481
1030,P7,13304.270430094837
1079,P3,13304.830174200102
1026,P6,13305.397988678656
1072,P5,13305.529873702599
1070,P5,13305.564002109299
1037,P7,13307.580383304974
1106,P2,13309.190323364759
1093,P3,13310.179002413688
1064,P3,13311.00141485029
1018,P5,13311.34356344799
1067,P3,13311.367482069085
1104,P2,13311.769039303195
1060,P5,13312.005112444946
1104,P1,13312.244494050963
1069,P2,13312.266498588844
1073,P3,13314.303702678179
1075,P6,13315.114994958458
1092,P1,13315.679382173646
1037,P7,13316.813620631838
1085,P1,13316.989723490398
1089,P5,13317.062853131678
1086,P3,13317.10520906911
1100,P1,13317.985956531405
1072,P5,13318.817239314
1088,P2,13318.83096973849
1103,P2,13319.325220432986
1094,P2,13319.74172998131
975,P6,13320.530600829334
1078,P2,13320.748620871707
1095,P3,13321.02341628106
1107,P3,13321.57458291601
1062,P3,13321.781385075354
1112,P3,13322.925007510554
1058,P5,13323.278610516061
1036,P7,13323.31675090236
1080,P5,13323.5900472382
1111,P1,13324.366730924346
1106,P2,13324.612892040777
1093,P3,13325.231008039898
1087,P6,13325.32390987872
1069,P2,13325.812115958051
1100,P1,13326.33714683356
1064,P3,13326.35308995087
1099,P1,13326.582516151157
1105,P1,13326.675575857324
1089,P5,13327.115290942433
1110,P1,13327.138993030954
1019,P5,13327.645541076425
1087,P6,13327.707582467789
1018,P5,13327.926792116694
1079,P3,13328.084678095429
1114,P1,13328.485593752734
1095,P3,13328.841276049998
1107,P3,13328.879078296784
1082,P3,13328.986919248538
1094,P2,13329.384147363062
1067,P3,13329.622957789925
1078,P2,13329.785942844923
1103,P2,13332.582056853762
1097,P2,13333.093183401235
1109,P3,13333.172454370084
1036,P7,13333.998873643503
1019,P5,13334.49746247386
1101,P2,13335.048837386912
1070,P6,13335.460941438902
997,P5,13335.539213823089
1087,P6,13335.561658629254
1106,P2,13335.670439685007
1026,P6,13335.98446266263
1072,P5,13336.034125763377
1073,P3,13336.860965058906
1086,P3,13336.999094449207
1099,P1,13337.450035567095
1037,P7,13337.459950052715
1089,P5,13337.482107720041
1098,P3,13337.525240643641
1063,P3,13337.95103659801
1082,P3,13337.951804792901
1045,P3,13339.168731050546
1110,P1,13339.66852154316
1018,P5,13340.190067714093
998,P7,13340.3529459073
1111,P1,13343.197699143777
881,P7,13343.337855597912
1057,P5,13343.853200684185
1099,P1,13344.511837885662
1106,P3,13344.6236176583
1019,P5,13346.092299409067
1082,P3,13346.35615587364
1079,P3,13346.672915179744
1112,P3,13346.859869162574
1062,P3,13346.910055204895
1070,P6,13347.014111518642
1107,P3,13349.028632342497
1114,P1,13349.073834183622
1102,P2,13349.902274099159
1093,P3,13350.9983956083
1098,P3,13351.279013924803
1085,P2,13351.605001898974
1105,P1,13352.331128452144
1064,P3,13352.898470559498
1089,P6,13353.526824488781
881,P7,13354.624108560241
1100,P2,13355.09115529894
1113,P1,13355.480430613688
1086,P3,13355.623606497253
1085,P2,13356.002706544057
1037,P7,13356.063247838516
1036,P7,13356.258733637822
1097,P2,13356.60652353796
1084,P3,13357.085758336807
1094,P2,13357.550719967334
1075,P6,13357.586297812913
1057,P5,13357.677411841927
1079,P3,13357.788588836349
1107,P3,13358.484165130665
1088,P3,13358.650608224461
1093,P3,13359.128892445215
1063,P5,13360.539917159378
1078,P2,13360.891979987942
1064,P3,13361.080912354066
1095,P3,13361.390195632814
1117,P1,13361.617257259884
1115,P1,13361.95124800685
1096,P3,13362.519374366295
1043,P6,13362.803660599753
1092,P2,13363.778348821139
1116,P3,13364.175755451404
1101,P2,13364.999066655702
1108,P1,13366.476251191181
1109,P3,13366.481431506007
1082,P3,13366.85486868354
1057,P5,13367.334613391224
1083,P3,13367.739461716876
1113,P1,13368.829552976033
1110,P1,13368.887236851844
1088,P3,13369.225807438179
1094,P2,13370.424511031999
1085,P2,13370.495436494868
1095,P3,13370.922639287
1118,P2,13372.036135145074
1117,P1,13372.308305139954
1036,P7,13372.333447554547
1070,P6,13373.926881496862
1091,P6,13375.01195805618
1053,P6,13375.02482629033
1104,P2,13375.355092821377
1084,P3,13375.53074892803
1069,P2,13376.109363167649
1104,P2,13377.397871780791
1056,P6,13378.146896010985
1080,P6,13378.20275923073
1115,P1,13378.306358397125
1098,P3,13379.052977992415
1073,P3,13379.174306840816
1105,P1,13379.867798185262
1118,P2,13380.53030808392
1117,P1,13380.605152285001
1058,P5,13380.645316118193
1106,P3,13381.563319558833
1094,P3,13382.707545304
1063,P5,13383.94160400289
1070,P6,13385.40663816422
1057,P5,13385.522591433819
1099,P1,13385.716156685196
1089,P6,13385.94006201693
1056,P6,13386.452193720661
1091,P6,13387.13208066745
1043,P6,13387.347900606042
1083,P3,13387.499114740214
1078,P2,13387.803049155042
1084,P3,13388.498794066049
1111,P2,13388.554508837244
1060,P5,13389.017381140873
1117,P1,13389.177056927641
1100,P2,13390.702754669346
1074,P6,13391.616986859852
1079,P3,13391.774415274884
1036,P7,13392.566600808846
1080,P6,13392.793649052055
1019,P5,13392.824951675018
1095,P3,13393.287558102284
1096,P3,13393.322658094501
1018,P5,13393.372587300051
1083,P3,13394.417827168569
1092,P2,13395.665181551454
1061,P5,13395.703847668465
1084,P3,13396.139714861101
1037,P7,13396.341335820962
1069,P2,13396.400184317918
881,P7,13396.86969394225
1058,P5,13397.564844957784
1101,P3,13398.021551709006
1082,P3,13398.275686861261
1105,P1,13399.04954266993
1118,P2,13399.542133186556
1096,P3,13399.758890195031
1097,P3,13399.843213449381
1063,P5,13400.335073315287
1073,P3,13402.177079176745
1107,P3,13402.184958139742
1117,P1,13402.33453543572
1036,P7,13403.01845810797
1112,P3,13403.205472927306
1080,P6,13403.212982033341
1084,P3,13405.064720083195
1101,P3,13405.129393890102
1104,P2,13405.238007037558
1091,P6,13405.48265563368
1069,P2,13406.972302845066
1104,P2,13407.353191890394
1056,P6,13408.037957377912
1080,P6,13408.236017900688
1099,P1,13408.418239147275
1070,P6,13408.56107543759
1063,P5,13408.660250195746
1103,P2,13408.879610330696
1105,P1,13409.061537902466
1008,P7,13410.430625271892
1087,P6,13410.547970943599
1097,P3,13410.942119239266
1058,P5,13411.53384332641
1110,P2,13411.632778121428
1064,P5,13412.068069916737
1119,P3,13412.275349132013
1112,P3,13412.343019184855
1085,P2,13412.400558659518
1096,P3,13412.770134862434
1045,P3,13413.532713830446
1072,P6,13414.506480076612
1089,P6,13414.924056290783
1062,P3,13415.866789472755
1057,P5,13416.711776231357
1108,P1,13417.127516405526
1111,P2,13417.32056576567
1091,P6,13417.347558919822
1073,P3,13418.155725543604
1008,P7,13419.112798239854
1063,P5,13419.385754091645
1082,P3,13419.462881988939
1103,P2,13419.808871970337
1105,P1,13419.84648794122
1085,P2,13420.140744379483
1057,P5,13420.650329429025
1087,P6,13421.76122103712
1102,P2,13421.812233182987
1112,P3,13421.864558587566
1116,P3,13421.999285637248
1096,P3,13422.049407842347
1118,P2,13422.279221820168
997,P5,13423.167161893565
1117,P1,13423.592885943417
1101,P3,13425.167276660644
1088,P3,13426.851810464308
1092,P2,13426.993351989931
1008,P7,13427.939457212951
1085,P2,13428.10412320645
1075,P7,13428.14937060827
1056,P6,13428.267474782293
1047,P5,13429.220230976258
1103,P2,13429.616549655311
1086,P5,13430.102145507317
1108,P2,13430.27772451001
1100,P2,13431.04096079538
997,P5,13431.333460559597
1074,P6,13431.890771470087
1063,P5,13432.68647473188
1080,P6,13432.964295716512
881,P7,13433.024016619653
1101,P3,13435.040490738631
1102,P3,13435.471033074033
1117,P1,13435.557290386574
1096,P3,13435.998429621723
1094,P3,13436.23247658022
1120,P3,13436.698377753117
1069,P2,13437.394597160079
1078,P2,13437.434152905518
1079,P3,13437.694671941807
1082,P3,13437.95531151588
1037,P7,13438.676172448533
1109,P5,13438.711327796354
1088,P3,13439.77092432511
1116,P3,13440.038937086672
1085,P2,13440.594735108827
1097,P3,13441.079554792042
1122,P1,13441.520321289177
1108,P2,13441.928365061234
1086,P5,13442.310988327645
1063,P5,13442.98373494921
1117,P1,13443.311762033754
1043,P6,13443.396832233995
1019,P5,13445.322838983004
1099,P2,13446.241977942596
1069,P2,13446.477370583081
1106,P3,13446.613661259356
1114,P2,13447.552065203881
1111,P2,13448.292865834886
1085,P2,13448.293549947797
1062,P3,13448.425513920374
1064,P5,13449.444520877993
1045,P5,13450.045483705457
1067,P3,13450.250499740312
1112,P3,13450.321741876873
1119,P3,13450.422898495985
1080,P6,13450.747508969798
1121,P3,13450.917068465134
1104,P2,13451.357105574316
881,P7,13451.468892045401
1074,P6,13451.772174346883
1097,P3,13452.074180264563
1090,P6,13452.310236148895
1100,P2,13452.434587728669
1113,P2,13452.494729787215
1019,P5,13453.287615251518
1079,P3,13453.569320195653
1101,P3,13453.942456973691
1047,P5,13454.32246086936
1037,P7,13456.064788150778
1097,P3,13457.79263538054
1082,P3,13458.663972133905
1110,P3,13458.706259711644
1112,P3,13460.388239455475
1086,P5,13460.450570622143
1060,P5,13460.457946412896
1098,P3,13460.53052481356
1061,P5,13461.008075586968
1111,P2,13461.427055080305
1072,P6,13463.204828402
1108,P2,13463.274141513059
1047,P5,13463.362128083048
1094,P3,13463.699550768633
1050,P5,13463.830307228407
1104,P2,13464.023813491796
1075,P7,13467.117339305769
1111,P2,13468.3669830582
1060,P5,13468.410620244793
1105,P2,13468.918201345705
1084,P3,13468.928068344949
1122,P1,13470.03041486053
1067,P3,13470.19959187945
1118,P2,13470.203609417595
1079,P3,13470.225611701377
1102,P3,13470.481665878022
1078,P2,13470.816858440934
881,P7,13470.928071627557
1116,P3,13471.52215402537
1050,P5,13472.250185932875
1082,P3,13472.353973558776
1101,P3,13472.551291546391
1083,P3,13472.76210220186
1120,P3,13473.057528154795
1113,P2,13473.073731847742
1064,P5,13473.68582870517
1123,P1,13473.685847113202
1094,P3,13473.876234049789
1074,P6,13473.906678455942
1102,P3,13474.034351169865
1072,P6,13474.137596757597
1037,P7,13474.507928115007
1114,P2,13475.182118575894
1047,P5,13476.384296407563
1099,P2,13476.798413871276
1088,P3,13476.86056339889
1074,P6,13477.30737858628
1018,P6,13477.397348175631
1069,P2,13477.609675693457
1120,P3,13478.975602649629
1115,P2,13478.986661063627
1108,P2,13479.198749324154
1058,P5,13479.235069150573
1105,P2,13479.531014458133
1103,P2,13479.65459875317
1117,P2,13480.27276026283
1063,P5,13480.470321703593
1097,P3,13480.80832067152
1067,P3,13480.812586894905
1078,P2,13480.923073515802
1080,P7,13481.601008547701
1090,P6,13481.703249871749
1098,P3,13481.728701256758
1064,P5,13483.222120125918
1100,P3,13483.369589501712
1019,P5,13484.097679702274
1083,P3,13484.173573437762
1084,P3,13484.66621140259
1128,P2,13485.929664935922
1125,P2,13486.241497219578
1080,P7,13486.352080059745
1127,P1,13486.84273325634
1109,P5,13486.896609661419
1110,P3,13487.156278510614
1106,P3,13487.295802468356
1079,P3,13487.838903793247
1104,P3,13488.31066583501
1102,P3,13488.614975618735
1073,P3,13488.960110187045
1085,P2,13488.970303421296
1069,P2,13489.457514543661
1092,P3,13490.046587513276
1117,P2,13490.193268142642
1008,P7,13490.611502411684
1116,P3,13490.81895760121
1122,P1,13491.211085135137
1119,P3,13492.374490094993
1124,P1,13492.40200617925
1101,P3,13492.813629255947
1094,P3,13493.124789450158
1108,P2,13493.938491519537
997,P6,13494.078952888896
1045,P5,13495.04104169076
1115,P2,13495.748983856027
1129,P3,13497.044359923284
1109,P5,13498.19006588453
1104,P3,13498.230404961418
1102,P3,13498.281789797653
1096,P5,13498.344923557253
1111,P2,13498.46883384837
1110,P3,13498.606147470307
1057,P5,13499.007039719727
1080,P7,13499.007478851476
1105,P2,13499.175768528014
1079,P3,13499.490149446108
1067,P3,13500.625551263947
1103,P2,13501.036389059682
1064,P5,13501.443762103407
1085,P2,13501.477941214593
1114,P3,13502.442400511556
1108,P2,13502.98305738302
997,P6,13504.120029740647
1110,P3,13504.323770537401
1100,P3,13504.809063882654
1130,P3,13505.052204203119
1127,P1,13505.466780893921
1102,P3,13505.653451702903
1047,P5,13506.818696462899
1018,P6,13507.259002761455
1119,P3,13509.026475583785
1121,P3,13509.303375196832
1008,P7,13509.6244490322
1082,P3,13509.889253192552
1063,P5,13510.148339428699
1096,P5,13510.284014232047
1094,P3,13510.43820075554
1058,P5,13511.653253005183
1101,P3,13512.629005741883
1050,P5,13513.870911692225
1113,P2,13515.07696163336
1018,P6,13515.516370211495
1082,P5,13515.770361993353
1047,P5,13516.381205132657
1109,P6,13517.244892569981
997,P6,13517.311314010269
1125,P2,13517.6578795705
1110,P3,13518.46755770509
1075,P7,13518.946658896557
1058,P5,13519.024936084594
1127,P1,13519.09308515795
1099,P2,13519.690001944111
1057,P5,13519.83163417529
1063,P5,13519.954427641833
1111,P2,13522.157376184101
1106,P5,13523.553065974556
1074,P6,13524.409350721931
1103,P3,13524.877526687811
1057,P5,13525.018308685252
1110,P3,13525.27150405025
1079,P3,13527.207930803375
1008,P7,13527.899960645764
1084,P5,13528.743116258805
1092,P3,13530.101266232296
1122,P1,13530.318545946799
1067,P3,13531.039818914258
1058,P5,13531.186180086945
1084,P5,13531.39886526413
1116,P3,13531.860647999085
1120,P3,13532.618451960065
1123,P1,13532.706918748756
1118,P2,13533.153648814796
1113,P2,13533.166437529204
1102,P3,13533.396476073905
1097,P3,13533.547485277742
1101,P3,13533.774232595573
1018,P6,13535.135484068385
1088,P3,13535.38934907857
1130,P3,13535.650354400843
1090,P6,13536.456066698276
1082,P5,13536.81997602274
1129,P3,13537.897021914483
1047,P5,13538.213089757639
1110,P3,13538.556692064378
1099,P2,13538.868485787272
1126,P3,13538.90396571333
1125,P2,13538.9804551379
1115,P2,13539.596835584509
1097,P3,13539.6017199759
1078,P2,13539.918808911352
1103,P3,13539.991322915848
1105,P2,13540.183903466408
1092,P3,13540.196134664599
1008,P7,13541.004869199256
1117,P2,13541.087129516109
1122,P1,13541.188540576062
1058,P5,13542.168253025175
1121,P3,13542.586232091882
1116,P3,13543.31205890998
1082,P5,13544.734395988107
997,P6,13545.53299339299
1088,P3,13545.636870407516
1125,P2,13546.325447356388
1131,P3,13547.286480664918
1008,P7,13547.94296901656
1128,P2,13548.127748957462
1129,P3,13548.150186396384
1118,P3,13548.28530239746
1065,P7,13548.297992363257
1110,P3,13549.245019710183
1132,P1,13550.053029298215
1116,P3,13551.378014613067
1115,P2,13551.974318230406
1045,P5,13552.619516387696
1092,P3,13553.081410539417
1130,P3,13554.910814591984
1084,P5,13555.01680716587
1124,P1,13555.224209777449
1128,P2,13555.640596958066
1128,P3,13555.921466439986
1102,P3,13556.623279314836
1018,P6,13556.886014944119
1125,P2,13556.950245530516
1111,P3,13557.293444442099
1103,P3,13557.614041225454
1099,P2,13557.984383114286
1057,P5,13558.480249415356
1104,P3,13559.049769078416
1108,P2,13559.13290727993
1131,P3,13560.519884217732
1108,P2,13561.692384543221
1094,P3,13561.768190711682
1114,P3,13561.911969755967
1120,P3,13561.968390382734
1110,P3,13562.4452859067
1082,P5,13562.7962359869
1116,P3,13562.959512761186
1126,P3,13563.77191261269
1130,P3,13564.951574130422
1018,P6,13566.006184733873
1084,P5,13566.477054077637
997,P6,13566.671687643811
1102,P3,13567.208741982675
1133,P3,13567.593740015092
1131,P3,13568.910884422201
1050,P5,13568.928920446435
1085,P2,13569.192453606242
1129,P3,13569.226616838283
1094,P3,13569.257018207209
1099,P2,13569.29610708311
1097,P3,13569.686531129528
1114,P3,13569.797300441973
1072,P6,13570.627540177016
1105,P2,13571.801090245528
1120,P3,13572.604808064529
1045,P5,13573.286923631167
1116,P3,13573.689355032597
1065,P7,13573.695719844907
1113,P3,13574.62286373391
1093,P6,13575.157950024686
1092,P3,13575.455229921587
1101,P3,13575.755482068196
1110,P3,13575.936153134848
1125,P2,13576.249490747981
1133,P3,13576.264133053863
1127,P1,13576.371268061188
1080,P7,13576.445347270219
1099,P2,13576.637547013537
1067,P5,13577.707073355152
1104,P3,13577.772437952051
1027,P7,13579.171759090936
1078,P2,13579.232596103797
1097,P3,13580.013842657101
1122,P1,13580.755956026724
1131,P3,13580.994263485956
1063,P5,13581.314958065499
1094,P3,13581.329202665791
1116,P3,13581.904305915497
1111,P3,13583.426901653276
1106,P5,13583.469940859695
1085,P2,13585.149958183525
1018,P6,13585.342210944167
1133,P3,13585.882848724974
1108,P2,13585.912484920422
1128,P3,13586.05777876481
1117,P3,13587.333021110157
1127,P1,13589.828936487354
1082,P5,13589.871503990433
1110,P3,13590.069519613571
1122,P1,13590.42992714623
1097,P3,13590.883781344382
1105,P2,13591.037819926301
1058,P5,13592.206098349117
1064,P5,13593.2225275413
1108,P2,13593.25139185905
1069,P2,13593.897351197005
1050,P5,13594.621115746835
1093,P6,13595.095256299082
1116,P3,13595.535975540397
1123,P1,13595.809208640092
1078,P2,13596.476685199572
1085,P2,13596.508146086275
1128,P3,13596.973243953971
1104,P3,13597.538670757738
1110,P3,13597.656473758392
1061,P5,13597.81709210441
1088,P3,13598.724081842254
1123,P1,13599.211072761207
1097,P3,13599.319970480426
1072,P6,13599.61032851377
1120,P3,13601.192774043331
997,P6,13601.386803601474
1058,P5,13601.99309094879
1081,P7,13602.05677891848
1064,P5,13602.83670755767
1084,P5,13602.956335904233
1114,P3,13603.038530987029
1126,P3,13604.584344578925
1131,P3,13606.370709776438
1069,P2,13607.646896697412
1113,P3,13607.93503984691
1103,P3,13609.965044232804
1122,P1,13610.228695745333
1085,P2,13610.623832403004
1079,P3,13610.993248393575
1092,P3,13611.1929987509
1061,P5,13611.204964623044
1058,P5,13611.2210291931
1108,P2,13611.397500487536
1126,P3,13611.551747081194
1078,P2,13611.616575672
1123,P1,13612.581322929964
1064,P5,13613.981796530807
1065,P7,13614.093606122955
1097,P3,13614.240924695088
1093,P6,13614.834123028675
1050,P5,13615.062992608846
1130,P3,13615.11968606249
1129,P3,13616.295098973937
1057,P6,13616.47864041122
1047,P5,13616.914615353717
1109,P6,13616.93533141871
1084,P5,13617.098287091489
1058,P5,13620.391059499729
1105,P2,13620.51663579187
1094,P3,13621.053437070012
1110,P3,13621.212568831268
1082,P5,13621.873338262927
1084,P5,13622.037975344696
1092,P3,13622.505623538424
1127,P2,13623.428633821768
1081,P7,13624.289900289383
1106,P5,13624.496044385534
1047,P5,13625.71682387785
1027,P7,13625.777396600766
1115,P3,13626.32972280572
997,P6,13626.973861208822
1111,P3,13627.061808438732
1130,P3,13627.608777543071
1104,P3,13628.514696673168
1078,P2,13628.865201991146
1114,P3,13629.070462060767
1116,P3,13629.444044627511
1109,P6,13629.511863182504
1061,P6,13629.762155344204
1092,P3,13629.948206102385
1103,P3,13630.133690133005
1067,P5,13630.168904506072
1065,P7,13630.702994439018
1093,P6,13631.929434186739
1134,P1,13631.931109839094
1123,P1,13631.934670257528
1064,P5,13632.277980448498
1094,P3,13632.726873450614
1135,P3,13632.876418641741
1045,P5,13633.580791251336
997,P6,13634.432671679311
1085,P3,13635.475767989148
1102,P3,13636.49039753042
1104,P3,13636.87774070772
1027,P7,13637.12648438244
1135,P3,13637.402058328618
1132,P1,13637.556744479985
1010,P6,13638.27266244477
1065,P7,13638.538900384865
1092,P3,13638.774621240602
1099,P2,13638.859652621784
1105,P2,13639.256077320699
1069,P2,13639.497916246142
1072,P6,13640.286300690985
1116,P3,13640.84451239056
1127,P2,13641.96283482213
1130,P3,13645.625317837497
1108,P2,13646.163171363947
1102,P3,13646.383249617193
1113,P3,13647.02822466352
1079,P3,13647.199459893689
1132,P1,13647.782155514677
1128,P3,13647.918734915835
1085,P3,13647.935599961793
1092,P3,13648.652730771015
1105,P2,13649.865039419334
1069,P2,13650.523748941374
1108,P2,13651.687241882688
1118,P3,13651.863385761793
1045,P5,13652.912484346136
1113,P3,13653.627129665047
1114,P3,13653.95935597717
1058,P5,13653.970225675424
1061,P6,13653.992696960493
1067,P5,13654.607520551957
997,P6,13656.630444105298
1102,P3,13656.646959835569
1128,P3,13657.09566863687
1117,P3,13657.21445614515
1010,P6,13657.32025479621
1125,P2,13657.395135676697
1118,P3,13658.575216280286
1127,P2,13658.580216437082
1103,P3,13659.022735903429
1061,P6,13659.193377218784
1057,P6,13659.296345681698
1097,P3,13659.386002535763
1050,P5,13662.31249836067
1045,P6,13664.13452226212
1127,P2,13664.405459796899
1116,P3,13664.482533455619
1117,P3,13664.84391076283
1069,P3,13665.210543098265
1126,P3,13665.241075368174
1102,P3,13665.35583772216
1010,P6,13665.946621858437
1057,P6,13666.69816669092
1104,P3,13666.807147620826
1108,P2,13667.339304018116
1133,P3,13667.94961679693
1130,P3,13668.335755548178
1111,P3,13668.628296610495
1047,P5,13668.789829557401
1122,P1,13669.62357520481
1132,P1,13669.838278653344
1116,P3,13671.06671375325
1069,P3,13671.09746011509
1092,P3,13671.214869447593
1126,P3,13671.927272656716
1061,P6,13672.589501269957
1123,P1,13673.389732752079
1133,P3,13673.607325950456
997,P6,13673.831537585918
1115,P3,13675.567672259072
1064,P6,13677.7547647734
1131,P3,13677.955087456585
1088,P3,13677.981236805881
1104,P3,13678.510944047113
1103,P3,13678.526962156553
1085,P3,13679.68630735851
1136,P2,13680.744446365758
1122,P1,13680.87487009037
1116,P3,13681.025251475727
1126,P3,13683.529783719074
1010,P6,13684.269474605613
1131,P3,13685.948415877756
1045,P6,13686.682240486069
1027,P7,13687.86874585794
1047,P5,13687.90464618626
1117,P3,13688.149469738299
1118,P3,13688.863235524397
1130,P3,13689.1756198086
997,P6,13689.417160703639
1099,P3,13689.501698270975
1132,P1,13689.625028809354
1064,P6,13689.913606358901
1084,P5,13690.889641888905
1104,P5,13690.93157828963
1138,P3,13691.253452669795
1116,P3,13691.30767944012
1111,P3,13692.530675674469
1128,P5,13692.77194886779
1027,P7,13694.546528585413
1072,P6,13694.549096435867
1125,P2,13694.879133755117
1102,P3,13695.480238833296
1057,P6,13696.097732261003
1067,P5,13696.525887649572
1078,P2,13696.921981188047
1047,P6,13696.927108109265
997,P6,13697.102872734571
1128,P5,13697.701834776824
1138,P3,13697.710314182894
1123,P1,13698.260524057792
1085,P3,13698.344427075388
1069,P3,13698.63261684816
1118,P3,13699.368151705992
1084,P5,13700.446114516775
1010,P6,13700.750190399613
1135,P5,13702.060617927558
1111,P3,13702.422888231382
1099,P3,13702.746059275476
1047,P6,13702.941762038114
1116,P3,13703.23538458627
1137,P3,13703.712079127592
1133,P3,13705.017478933158
1045,P6,13705.050111479917
1130,P5,13705.284560027087
1057,P6,13705.785368647785
1079,P3,13706.017451401938
1124,P2,13706.114235945279
1064,P6,13706.497357796343
1106,P5,13708.750047608455
1130,P5,13708.893787197592
1067,P5,13708.994480566493
1125,P2,13709.057639235549
1139,P2,13709.535569558917
1122,P1,13709.766458785321
1047,P6,13711.511003276808
1123,P1,13712.062724771746
1108,P2,13712.408366667685
1135,P5,13712.62818880542
1045,P6,13712.838204219084
1082,P5,13712.866622685597
1093,P6,13713.537762014756
1116,P3,13714.138699864961
1078,P3,13714.696228047258
1079,P3,13716.37122296459
1010,P6,13716.845534520893
1085,P3,13717.272798366932
1124,P2,13717.532462044996
1138,P3,13717.646388001654
1072,P6,13719.200466998824
1125,P2,13719.259194117045
1136,P3,13720.080372057226
1131,P3,13720.502329008355
1103,P3,13720.660210072416
1058,P5,13720.897309704711
1032,P6,13722.024942041793
1139,P2,13722.201765524986
1116,P3,13722.562640294205
1113,P5,13722.646792002288
1137,P3,13722.866682445147
1050,P5,13723.091794106407
1123,P1,13723.279713425585
1045,P6,13723.602981393646
1114,P5,13724.12778631808
1140,P1,13724.517747716869
1082,P5,13725.355031338138
1106,P5,13726.023158538996
1067,P5,13726.205059140566
1112,P5,13726.528617155558
1126,P3,13726.660683002405
1130,P5,13726.845761523533
1027,P7,13726.952244252716
1093,P6,13727.848531537773
1095,P6,13728.017993536638
1057,P6,13728.06694618549
1132,P2,13728.360982898828
1061,P6,13729.706996948667
1108,P2,13729.96317671928
1104,P5,13730.29466008591
1131,P3,13730.375990120174
1082,P5,13731.327659439814
1139,P2,13731.644783079537
1057,P6,13733.569694052821
1124,P2,13734.295852801653
1128,P5,13734.3753641745
1100,P5,13735.00997706912
1067,P5,13735.509476771233
1123,P1,13735.7000601578
1133,P3,13737.73082530809
1142,P1,13738.223449336954
1010,P6,13738.426163831105
1099,P3,13739.148566345702
1045,P6,13739.586400856495
1088,P3,13740.730843703326
1108,P2,13741.77862228089
1128,P5,13741.868022379249
1112,P5,13742.050540185908
1050,P6,13742.289687797098
1113,P5,13742.771758646812
1084,P6,13743.472392750999
1124,P2,13743.556327020584
1082,P5,13743.567847617313
1100,P5,13743.616849367736
1126,P3,13743.871443812093
1078,P3,13745.27434280987
1106,P5,13746.205853163203
1079,P3,13747.40682681839
1140,P1,13747.541739514041
1138,P3,13747.589552986557
1134,P2,13747.705045808354
1113,P5,13749.820722700379
1122,P1,13750.626624515233
1139,P2,13751.298445108985
1032,P6,13751.327403796899
1106,P5,13751.920058409143
1135,P5,13752.02018530576
1116,P3,13752.13377627175
1072,P6,13752.167932580367
1140,P1,13753.132115368633
1098,P5,13753.263907804616
1142,P1,13754.076273015919
1141,P1,13754.48289318914
1137,P3,13754.625414325195
1130,P5,13755.371457582165
1124,P2,13755.747842539717
1133,P3,13755.756323891686
1047,P6,13756.375164437692
1078,P3,13756.843600120967
1132,P2,13756.989321843217
1138,P3,13757.018763826747
1134,P2,13758.454994928967
1143,P3,13758.460690638489
1105,P3,13758.983842067086
1104,P5,13760.089264906203
1119,P6,13760.394000472994
1061,P6,13760.97961453344
1088,P3,13762.031766657132
1128,P5,13764.014361398034
1098,P5,13765.022790512823
1132,P2,13765.152507470548
1045,P6,13765.32767866516
1082,P5,13765.38757087628
1143,P3,13765.55021568205
1147,P2,13765.688531630438
1108,P2,13765.976031648415
1047,P6,13766.111809760074
1078,P3,13766.321892764214
1067,P5,13766.457745171116
1085,P3,13766.680172361075
1146,P3,13768.049435656936
1027,P7,13768.5389810969
1095,P6,13768.879493664397
1119,P6,13769.649511903363
1134,P2,13770.020633833541
1103,P3,13770.396270016548
1050,P6,13770.73126386919
1010,P7,13771.117663354538
1116,P3,13771.696054883118
1108,P2,13772.38720035664
1125,P2,13772.816478148467
1088,P3,13772.867066500225
1141,P1,13773.709358131659
1100,P5,13773.724549204617
1146,P3,13774.569417117244
1140,P1,13775.088713123461
1137,P3,13775.136109769397
1145,P1,13775.246087901558
1082,P5,13775.695278080599
1058,P6,13775.925811608971
1128,P5,13775.946067463241
1144,P3,13776.87574148342
1093,P6,13777.250082791556
1147,P2,13777.72626228098
1119,P6,13777.93503896306
1061,P6,13780.56007489894
1135,P5,13781.209586782814
1141,P1,13782.040228681268
1032,P6,13783.811916142797
1100,P5,13784.113091949748
1114,P6,13784.210885628861
1134,P2,13784.349454042234
1145,P1,13785.348436398383
1124,P3,13786.48293480265
1138,P3,13786.585719707324
1122,P2,13787.598045152734
1084,P6,13788.597530470997
1072,P6,13790.648118097757
1124,P3,13790.682639433706
1050,P6,13790.896624641908
1114,P6,13791.393549454702
1116,P5,13792.672870045142
1140,P1,13793.342955425062
1123,P1,13794.027306263133
1122,P2,13794.253708164462
1137,P3,13794.340036623546
1047,P6,13794.883854454212
1112,P5,13795.186398023552
1113,P6,13795.28455625143
1069,P3,13795.381353017105
1079,P3,13796.663812017165
1097,P3,13797.903181324129
1085,P3,13798.14462575938
1058,P6,13798.313963912065
1103,P3,13798.858053697595
1143,P3,13799.54725292789
1145,P1,13799.562939909221
1050,P6,13799.836716848113
1133,P3,13800.489741661242
1095,P6,13801.837213763503
1100,P5,13802.68230236014
1104,P5,13802.724902252454
1123,P1,13803.62207918443
1057,P7,13804.101241831977
1084,P6,13805.087871533433
1116,P5,13806.367737446712
1148,P1,13807.455083455368
1045,P6,13807.541661450023
1113,P6,13807.956912612393
1137,P3,13808.665594289669
1112,P6,13809.119602844383
1119,P6,13809.137900997262
1097,P3,13810.062368953399
1095,P6,13810.064293908556
1010,P7,13810.412710214887
1057,P7,13810.81291029025
1104,P5,13811.09753449599
1084,P6,13811.814834473931
1139,P2,13812.690727026698
1124,P3,13813.26347064647
1130,P6,13813.399535756798
1032,P6,13813.628884213624
1141,P1,13813.7975521082
1072,P6,13813.87906138927
1069,P3,13815.282522802834
1113,P6,13815.54028652118
1140,P1,13815.862461733517
1145,P1,13816.765087104834
1149,P1,13817.202284348243
1150,P3,13817.539472199998
1146,P3,13817.9246735982
1116,P5,13818.071868285017
1103,P3,13818.141793256065
1106,P6,13818.157634604679
1067,P5,13818.40645616646
1099,P3,13818.64848318965
1150,P3,13819.01149635522
1058,P6,13819.617561679697
1095,P6,13819.627417611438
1119,P6,13820.174263498728
1097,P3,13820.411469521969
1138,P3,13820.46276219101
1064,P6,13820.86235530041
1112,P6,13821.612198980496
1130,P6,13821.673252027855
1050,P6,13822.230145647562
1105,P3,13822.268991634965
1045,P6,13822.80149585283
1032,P6,13822.853450475246
1048,P7,13824.948810501177
1078,P3,13825.078741785412
1047,P6,13825.828938385663
1143,P3,13825.840279715047
1152,P3,13826.378630362093
1083,P7,13826.428397497286
1133,P3,13826.874883828516
1085,P3,13826.88455521656
1153,P1,13827.308483695286
1145,P1,13827.610972542394
1083,P7,13829.291783034054
1114,P6,13830.6807261425
1099,P3,13830.713509500667
1105,P3,13830.924838073912
1152,P3,13833.258080227448
1140,P1,13834.047343240314
1100,P5,13834.541360519434
1097,P3,13834.884041984178
1079,P3,13835.065213303009
1134,P3,13836.059358822678
1127,P3,13836.251766742207
1146,P3,13837.889156078383
1139,P2,13838.514892860354
1103,P3,13840.329644821182
1108,P2,13840.776644793292
1047,P6,13840.786141631594
1064,P6,13841.436725885442
1048,P7,13841.60407481139
1078,P3,13843.129012376896
1104,P5,13843.799315991744
1125,P3,13844.775277226443
1133,P3,13845.522857302532
1116,P5,13846.135092884473
1064,P6,13846.147895615202
1149,P1,13846.19643841305
1147,P2,13846.397790530278
1148,P1,13847.870049760335
1143,P3,13847.881568356375
1083,P7,13849.046668697987
1047,P6,13849.106120978071
1153,P1,13849.756787474544
1103,P3,13849.798586231098
1069,P3,13849.945690460467
1141,P1,13850.063764559563
1099,P3,13850.149091895782
1104,P5,13850.196028185093
1061,P6,13851.167419675967
1084,P7,13851.650293447541
1142,P1,13851.920041118034
1045,P6,13852.020223905902
1134,P3,13852.9668073245
1152,P3,13853.00645210438
1154,P1,13855.392817145124
1137,P3,13855.51364567039
1127,P3,13857.493591096174
1085,P3,13858.04775798373
1153,P1,13859.386783986109
1099,P3,13859.390091915173
1064,P6,13859.724418213575
1010,P7,13860.408804109307
1146,P3,13860.650016442136
1058,P6,13860.867542361966
1121,P5,13861.369820593038
1135,P5,13861.374747995715
1050,P6,13861.59047325393
1069,P3,13862.008342235618
1152,P3,13863.583294758448
1134,P3,13863.59179019606
1150,P3,13864.450043453811
1137,P3,13864.791449505057
1151,P3,13864.819906158671
1121,P5,13865.087920448637
1122,P2,13865.457679400648
1142,P1,13865.943339446741
1143,P3,13866.069439617317
1047,P6,13866.677119020434
1110,P6,13867.154893516134
1085,P3,13867.59914139314
1098,P5,13869.239420126545
1083,P7,13869.251789768854
1130,P6,13869.936670324443
1148,P2,13869.977244509086
1106,P6,13870.50415621978
1127,P3,13870.703804212995
1114,P6,13870.928527246317
1105,P3,13870.940602078315
1153,P1,13870.97676320906
1069,P3,13872.026564290732
1142,P1,13872.26586240187
1146,P3,13873.97750932573
1134,P3,13874.891899637783
1137,P3,13874.940680297515
1050,P6,13875.647896787497
1133,P3,13875.916423980818
1125,P3,13876.731491613198
1064,P6,13876.749442275208
1122,P2,13877.201597334612
1116,P5,13877.491404245215
1143,P3,13877.81691507942
1113,P6,13878.306788438354
1010,P7,13878.347597595814
1130,P6,13878.750533876768
1100,P5,13879.068875626761
1047,P6,13879.124610867835
1057,P7,13879.302980316706
1103,P3,13879.328063923696
1147,P3,13879.439312618755
1032,P6,13880.166022524914
1048,P7,13881.059264397863
1110,P6,13881.101929928167
1135,P5,13882.357634578231
1114,P6,13883.686056223223
1152,P3,13883.691407720573
1078,P3,13884.202547719737
1140,P2,13884.391209570802
1116,P5,13885.739448902803
1104,P6,13886.413270247545
1145,P1,13886.893380968273
1112,P6,13887.150259857355
1155,P2,13887.740872075066
1010,P7,13887.806551938169
1141,P2,13888.311028256676
1120,P5,13888.446040818833
1127,P3,13888.790816400184
1130,P6,13889.140698225518
1153,P1,13890.806784185432
1098,P5,13892.341625433583
1083,P7,13892.669047971418
1150,P3,13893.964602205053
1135,P5,13894.306559354854
1104,P6,13894.543340603228
1069,P3,13895.42488676308
1156,P2,13895.740502456449
1122,P2,13895.858166845546
1127,P3,13896.008744258976
1078,P3,13896.769420242828
1145,P1,13897.151720612874
1129,P7,13897.425501429563
1047,P6,13898.134392496813
1110,P6,13898.227891025836
1132,P2,13898.933220046047
1133,P3,13899.493611693673
1147,P3,13900.365986003642
1153,P1,13900.447838587163
1069,P3,13900.923676662607
1032,P6,13901.129438980986
1151,P5,13902.094511830192
1135,P5,13903.27736919491
1134,P3,13904.171358538233
1078,P3,13904.785704245864
1104,P6,13904.90170880551
1084,P7,13905.995324410706
1108,P2,13906.174596968753
1146,P3,13906.228100773022
1122,P2,13906.382297042423
1132,P2,13907.000444900039
1123,P2,13909.105815420333
1085,P3,13909.536229481826
1148,P2,13909.886527140474
1100,P5,13910.068261282682
1105,P3,13910.269697170219
1103,P3,13910.33613589768
1149,P2,13910.578593303222
1147,P3,13910.622976919843
1010,P7,13910.77161079535
1058,P6,13911.10428784007
1139,P2,13911.13335686542
1112,P6,13911.312096937065
1032,P6,13911.578519781411
1122,P2,13911.951190740889
1130,P6,13912.2748081134
1135,P5,13912.283080608746
1069,P3,13912.893763030355
1062,P5,13914.229649760273
1098,P6,13914.465138804899
1134,P3,13914.518404824445
1154,P1,13914.751948828916
1078,P3,13915.007320304698
1157,P3,13915.315720713234
1127,P3,13917.285592356095
1104,P6,13918.12869881898
1113,P6,13918.279547206143
1147,P3,13919.428715844684
1152,P3,13919.928405257227
1010,P7,13920.238651911246
1135,P5,13920.48334466144
1148,P2,13920.764111176035
1137,P3,13921.320667656615
1078,P3,13921.373348017132
1097,P3,13921.587515941312
1101,P7,13921.611639681172
1122,P2,13921.821608256276
1111,P6,13922.687541961697
1084,P7,13923.118742343266
1132,P3,13923.547342786309
1062,P5,13923.574504855278
1057,P7,13924.991448921393
1047,P6,13925.201344136305
1098,P6,13925.37612614413
1145,P1,13926.468326867855
1156,P2,13926.608305701215
1149,P2,13926.6577268843
1116,P5,13926.742310094965
1125,P3,13927.81941243938
1103,P3,13928.189900565809
1083,P7,13928.220706316248
1147,P3,13929.054103099419
1130,P6,13929.657597461948
1105,P3,13929.823620088782
1140,P2,13930.329885135572
1078,P3,13931.445170498255
1123,P2,13932.91411947705
1097,P3,13933.31134204903
1156,P2,13933.78431289079
1141,P2,13933.824737592291
1062,P5,13934.031793249434
1132,P3,13935.27912081347
1069,P3,13935.603530209935
1058,P6,13935.704311818976
1158,P1,13935.766133799307
1155,P2,13936.132390022527
1122,P2,13936.189082128652
1154,P1,13936.869633511686
1147,P3,13936.965427002056
1142,P2,13937.322831777255
1010,P7,13938.494950026696
1146,P3,13938.510370437603
1112,P6,13938.61946187265
1104,P6,13939.07411838243
1127,P3,13940.198175814583
1140,P2,13941.387007403353
1129,P7,13941.541620661737
1135,P5,13941.64090422072
1069,P3,13941.645817288856
1121,P5,13942.16602715373
1148,P2,13942.583599492911
1143,P3,13942.811108579384
1105,P3,13942.963640251783
1103,P3,13943.027104526904
1151,P6,13943.082681955413
1057,P7,13943.517682554182
1141,P2,13943.532817982761
1100,P5,13943.868357775107
1058,P6,13944.835878191509
1078,P3,13944.837612725209
1156,P2,13945.223275391183
1125,P3,13945.397956819628
1127,P3,13946.590720992319
1121,P5,13946.91631947332
1154,P1,13947.44304769647
1153,P2,13947.879049789672
1108,P3,13947.891677181558
1155,P2,13948.173081189478
1100,P5,13948.213806516336
1050,P6,13948.47367609949
1084,P7,13948.762355010373
1092,P5,13949.488728668734
1147,P3,13949.588509676352
1130,P6,13950.510950156398
1149,P2,13950.565931530411
1103,P3,13951.022485940786
1140,P2,13951.60541533092
1101,P7,13952.015063548773
1098,P6,13952.187533807994
1069,P3,13952.335333083323
1139,P2,13953.39673803451
1146,P3,13954.103686432902
1135,P5,13955.04328915438
1132,P3,13955.379611396062
1158,P1,13956.041980114476
1133,P3,13956.364246594105
1141,P2,13958.513725798288
1154,P1,13958.611681744604
1121,P5,13959.629795521638
1078,P5,13959.646797371595
1153,P2,13959.856156519096
1135,P5,13960.142035786947
1050,P6,13960.246396205688
1148,P3,13960.364927480849
1083,P7,13960.503192704302
1111,P6,13962.453516094476
1152,P3,13963.755910958347
1104,P6,13964.465086178641
1101,P7,13964.923166095066
1145,P1,13965.122758438158
1155,P3,13965.881206897482
1142,P2,13967.420448672978
1141,P2,13967.650465561283
1058,P6,13967.940579829094
1097,P3,13968.234794495176
1120,P5,13968.72909103971
1147,P3,13969.36831163495
1146,P3,13969.914029037114
1149,P2,13969.927543342445
1078,P5,13970.236116161732
1132,P3,13970.43449946334
1135,P5,13970.690717403237
1033,P6,13971.565334962477
1143,P3,13972.31774476626
1048,P7,13972.408091993713
1098,P6,13973.273833069587
1085,P5,13973.48572043393
1069,P3,13974.747155100604
1062,P5,13975.093995610714
1133,P3,13975.16215950642
1120,P5,13976.288286149824
1127,P5,13976.477780720776
1161,P1,13976.677202097297
1142,P2,13977.213859998368
1110,P7,13977.267479183394
1153,P2,13977.30373924784
1158,P1,13977.48873314813
1033,P6,13978.753379354615
1125,P3,13979.384928490277
1083,P7,13979.760332275411
1148,P3,13979.905407069913
1123,P2,13980.079431121972
1151,P7,13980.422330263367
1129,P7,13980.460305053848
1122,P3,13981.066169904718
1048,P7,13981.76849178789
1159,P2,13982.117345817953
1160,P3,13982.261405358655
1100,P5,13982.410767118356
1135,P6,13982.862117849654
1111,P6,13983.038505706807
1124,P5,13984.42474807014
1157,P3,13984.599977726715
1148,P3,13984.822265028264
1135,P6,13985.239934499848
1058,P6,13986.16764187937
1116,P6,13986.326926171016
1155,P3,13987.751975379155
1104,P6,13988.866346371973
1152,P3,13988.868918189102
1048,P7,13989.57265579112
1123,P2,13990.658513542268
1153,P2,13990.815403783554
1032,P6,13990.89695077783
1101,P7,13992.09029963815
1160,P3,13992.47908782192
1145,P1,13992.51174458335
1132,P3,13993.718771652946
1136,P6,13994.023997247057
1098,P6,13994.22413864303
1100,P5,13994.555063189404
1142,P2,13994.971808129532
1127,P5,13995.149503339573
1154,P1,13995.396749063088
1124,P5,13995.490566834453
1162,P1,13995.888992674485
1139,P3,13996.098965550718
1069,P5,13996.1085524263
1116,P6,13996.226282477992
1108,P3,13996.28435304478
1110,P7,13996.636300029319
1155,P3,13997.49708148568
1159,P2,13999.471760842549
1123,P2,14000.35497597943
1061,P6,14001.146976204203
1149,P2,14001.932709347702
1140,P2,14003.433949578173
1124,P5,14003.636997768454
1083,P7,14005.973544662575
1161,P1,14006.665595122102
1047,P6,14006.755880931993
1110,P7,14006.913013569167
1139,P3,14007.07596639579
1149,P2,14009.185847027924
1123,P2,14009.424668690854
1153,P2,14009.641182473144
1121,P5,14009.865114488024
1078,P5,14010.141351047892
1120,P5,14010.579486481232
1097,P3,14011.320635655267
1111,P6,14011.766819044695
1122,P3,14011.899336554156
1160,P3,14012.460980815162
1062,P5,14013.22768449881
1116,P6,14013.493401607844
1102,P5,14013.52444764179
1050,P6,14015.134128568681
1100,P5,14015.361142463029
1162,P1,14016.143874192236
1143,P3,14016.288341105632
1115,P6,14016.911470555291
1078,P5,14018.14809920615
1161,P1,14018.359199262148
1151,P7,14018.719920493873
1139,P3,14018.789092534878
1085,P5,14019.249319463212
1153,P2,14019.294626939534
1092,P5,14019.9939498425
1159,P2,14020.864407559127
1058,P6,14020.92379473014
1069,P5,14021.149466362282
1160,P3,14021.588579922554
1108,P3,14021.91260250995
1118,P5,14022.648948462336
1050,P6,14023.416753312533
1100,P5,14023.50041998377
1136,P6,14023.506195428286
1032,P6,14023.596844787231
1135,P6,14023.849675996618
1155,P3,14025.391947153446
1133,P3,14025.460635367379
1116,P6,14025.602293822956
1149,P3,14025.694073497927
1142,P2,14026.123873514556
1156,P2,14026.564590763246
1145,P1,14027.033442673752
1154,P1,14027.506753683532
1115,P6,14028.599795227852
1127,P5,14028.748590672869
1097,P3,14028.887018512838
1159,P2,14028.932465290129
1085,P5,14030.540605244792
1069,P5,14031.04572813835
1135,P6,14031.203512406537
1160,P3,14031.450254764462
1100,P5,14032.245680224481
1162,P1,14032.381577928483
1118,P5,14032.810651799296
1062,P5,14034.14158765528
1152,P3,14034.510960248932
1156,P2,14034.95365105644
1145,P1,14034.982265191424
1124,P5,14035.708059384637
1140,P3,14036.163577294856
1132,P3,14036.46206504025
1108,P3,14036.577812378882
1123,P2,14037.016873245575
1161,P1,14038.110056359037
1148,P3,14038.930880423683
1153,P2,14039.405731205095
1154,P1,14039.453606367768
1146,P5,14039.883326553763
1092,P5,14040.681578174124
1142,P2,14040.68617024366
1100,P5,14041.400212511062
1101,P7,14042.575856300917
1094,P6,14043.267158549064
1141,P2,14044.934715479783
1111,P6,14045.295805243484
1141,P3,14046.979014510704
1123,P2,14047.514422453602
1149,P3,14048.011315111959
1108,P3,14048.066085285896
1078,P5,14048.223877475364
1127,P5,14049.34366837097
1085,P5,14049.411197696896
1152,P3,14050.31024011054
1100,P5,14050.562576774724
1153,P2,14050.861020861881
1083,P7,14051.10461507456
1102,P5,14051.222618542864
1097,P3,14051.760015638838
1032,P6,14052.595533142645
1138,P6,14053.590689837747
1133,P3,14055.304873632016
1101,P7,14055.5170006424
1140,P3,14055.562502240593
1148,P3,14056.275564583471
1132,P3,14056.523143568265
1148,P5,14056.78022713833
1155,P3,14057.410529589672
1127,P5,14057.52876839543
1094,P6,14057.679883719487
1161,P2,14060.291982803776
1032,P6,14060.55753187595
1122,P3,14060.67356241045
1153,P3,14060.958311772354
1101,P7,14061.379826147158
1115,P6,14061.705122702204
1163,P1,14062.52387486185
1127,P5,14063.089060597318
1158,P1,14064.232723935631
1111,P6,14064.327620222672
1062,P5,14064.364036036317
1124,P5,14066.058134739447
1108,P3,14066.282135876329
1139,P5,14068.073357264502
1155,P3,14068.476711076857
1069,P5,14069.275103539108
1161,P2,14069.459573184036
1123,P2,14069.483625786484
1033,P6,14069.520134480688
1122,P3,14069.68753643708
1164,P2,14070.953037153397
1148,P5,14071.083578317062
1141,P3,14071.36669064664
1118,P5,14071.480168336731
1150,P6,14071.605482422503
1158,P1,14073.125925801563
1097,P3,14073.289420964831
1153,P3,14073.36379153985
1092,P5,14073.667842090746
1165,P1,14074.434812302621
1140,P3,14074.652285816173
1145,P1,14074.913048607785
1132,P3,14074.927674939776
1121,P6,14075.943966253453
1152,P3,14075.98314289764
1143,P3,14076.06398481179
1115,P6,14076.141992421828
1097,P3,14076.362652598638
1124,P5,14076.584316252887
1058,P6,14076.920436010116
1146,P5,14076.97023065438
1102,P5,14078.064423826347
1069,P5,14079.800823559834
1139,P5,14080.635049041059
1132,P3,14081.179033388751
1149,P3,14081.850765696934
1085,P5,14081.883752192974
1101,P7,14082.490033611137
1118,P5,14083.659130470349
1159,P2,14083.66490970864
1108,P3,14084.398870347744
1150,P6,14085.315751309921
1115,P6,14085.402463700117
1058,P6,14085.551506451488
1161,P2,14085.9858650994
1069,P5,14086.618785209253
1158,P1,14086.809874111268
1033,P6,14086.858672594812
1168,P3,14087.391277576695
1146,P5,14087.967086974068
1127,P5,14087.972232336513
1094,P6,14088.12386438473
1141,P3,14088.214722852837
1121,P6,14088.933467805578
1085,P5,14090.37778088131
1111,P7,14090.636490313364
1032,P6,14092.034136746428
1097,P3,14092.512263748044
1133,P3,14093.454636094155
1101,P7,14094.26194881164
1150,P6,14094.374923236062
1145,P1,14096.278372417024
1149,P3,14096.645098998875
1148,P5,14097.089020963798
1142,P3,14097.261906507096
1138,P6,14097.36135015684
1078,P5,14097.570630940352
1140,P3,14097.876267954829
1161,P2,14098.172384532654
1058,P6,14098.729678110409
1121,P6,14099.024117539475
1139,P5,14099.649772237843
1164,P2,14101.462086696753
1094,P6,14102.007066773727
1132,P3,14102.068322589377
1101,P7,14102.401384636833
1102,P5,14102.712233155977
1062,P5,14103.284990632095
1166,P1,14103.416903536454
1085,P5,14103.704754877532
1107,P7,14103.833970065016
1115,P7,14104.181438634834
1154,P2,14104.614929908885
1121,P6,14104.999632810532
1162,P1,14105.404316892662
1108,P3,14105.716045394383
1156,P2,14106.384856245046
1092,P6,14106.79275452872
1155,P3,14109.313681118683
1118,P5,14109.378680530803
1097,P3,14109.698491272042
1166,P1,14109.820019841225
1085,P5,14110.101101889382
1122,P3,14110.209658574473
1033,P6,14110.410420737106
1050,P7,14110.494795600967
1094,P6,14110.912096866072
1148,P5,14111.497731545433
1058,P6,14111.627824976757
1142,P3,14115.467872392359
1124,P6,14116.01075912721
1078,P5,14116.265719197812
1168,P3,14116.503296742689
1118,P5,14116.801251165482
1148,P5,14117.364066383034
1127,P5,14117.537710091075
1097,P3,14118.064029995132
1163,P1,14118.63072692059
1062,P5,14118.998092868704
1161,P3,14120.512012042445
1159,P2,14120.704600798052
1100,P5,14122.400609437362
1117,P6,14122.59610481057
1160,P3,14122.68056802291
1138,P6,14123.338120034246
1172,P1,14123.421324377736
1123,P2,14123.92617346741
1148,P5,14123.952701803099
1102,P5,14124.096676493678
1158,P1,14124.215376431694
1150,P6,14125.277980470903
1145,P1,14125.448900564681
1121,P6,14126.634373104604
1124,P6,14127.385049736522
1078,P5,14127.60391188182
1161,P3,14129.67538219447
1169,P1,14130.033007481215
1050,P7,14130.691875512322
1094,P6,14131.726671083225
1032,P6,14132.066977753553
1160,P3,14132.255332978226
1102,P5,14132.362252356417
1164,P2,14133.449888713401
1124,P6,14133.7290817823
1162,P1,14134.2234082556
1165,P2,14135.243034841787
1142,P3,14135.867421520974
1133,P3,14136.285376523705
1170,P2,14137.439988148468
1163,P2,14137.965405229488
1033,P6,14138.088426438584
1140,P3,14138.7926590484
1078,P5,14139.167446729432
1165,P2,14139.743477865863
1169,P1,14140.216949864383
1092,P6,14140.298886495011
1141,P3,14140.454917463154
1139,P5,14141.647371914712
1146,P5,14142.307236308696
1164,P2,14142.655519661657
1094,P6,14142.875053379053
1166,P1,14143.155293454993
1145,P2,14144.398588318547
1156,P2,14144.482569239775
1133,P3,14145.14250648927
1142,P3,14146.725747362138
1062,P6,14146.771104609927
1150,P6,14147.139180094098
1168,P3,14148.975436623043
1171,P1,14149.89570831846
1163,P2,14149.998726436645
1094,P6,14150.297057245522
1160,P3,14150.430403572656
1085,P5,14151.128360964069
1115,P7,14151.56962357101
1050,P7,14152.021298756126
1173,P1,14152.06282444623
1164,P2,14152.283922565279
1124,P6,14153.39383850716
1132,P3,14153.58232329362
1162,P1,14154.36096174089
1103,P7,14154.378720279437
1108,P3,14154.844199117428
1033,P6,14156.045329242661
1099,P6,14156.176769393795
1168,P3,14156.503210746989
1163,P2,14157.413975098438
1140,P3,14158.43066498855
1154,P3,14158.632140810638
1175,P1,14159.073323084665
1069,P5,14159.61033139473
1166,P1,14159.728328071988
1050,P7,14160.245624849187
1139,P5,14160.326375690183
1123,P2,14161.940634397919
1160,P3,14162.43164445997
1167,P1,14162.450312705212
1172,P1,14162.848554395987
1132,P3,14163.643460248933
1169,P2,14164.280479569195
1168,P3,14164.80476084468
1162,P1,14165.844140273552
1174,P1,14165.861065205872
1150,P6,14165.926748470392
1170,P2,14166.330141624758
1149,P3,14166.50152760636
1152,P3,14166.712774602744
1146,P5,14167.682681256703
1124,P6,14167.926272480638
1121,P6,14169.59701555574
1097,P3,14170.066843168848
1167,P1,14170.183581285006
1156,P3,14170.263692030134
1160,P3,14170.98883306453
1176,P1,14171.005774258161
1123,P2,14171.397920453977
1153,P3,14172.126089025178
1164,P2,14172.666593240405
1115,P7,14173.074317319832
1150,P6,14174.368053816612
1159,P2,14174.591764845503
1103,P7,14175.472014405072
1099,P6,14175.591771581077
1154,P3,14176.37247581937
1133,P3,14177.044589290965
1174,P1,14177.790919092371
1142,P3,14177.92941722736
1146,P5,14179.732297431565
1033,P6,14180.072611280664
1176,P1,14181.473294744854
1163,P2,14182.315790516093
1165,P2,14182.324490032077
1159,P2,14183.105280207175
1085,P6,14183.20162923239
1169,P2,14183.654790504794
1156,P3,14183.78098305567
1115,P7,14183.801071838994
1163,P2,14183.963093340566
1117,P6,14184.027278723066
1174,P1,14184.129206929843
1173,P1,14184.975986728146
1107,P7,14185.094239329543
1099,P6,14186.115369184578
1141,P3,14187.997688290066
1168,P3,14188.379070536233
1158,P1,14188.581717784326
1167,P1,14189.587872199445
1033,P6,14189.607470029989
1048,P7,14189.635443324863
1139,P5,14190.245730726112
1117,P6,14190.408865319321
1069,P5,14191.477990523264
1172,P1,14191.49380219453
1169,P2,14191.71791137603
1032,P6,14191.825374787444
1165,P2,14192.003597533536
1180,P1,14192.434530355802
1107,P7,14192.437397362639
1062,P6,14192.75728230104
1171,P1,14193.662985767947
1158,P1,14193.670343192915
1124,P6,14193.705617891754
1094,P6,14194.018594650139
1145,P2,14194.496947329428
1144,P6,14194.571234797664
1142,P3,14195.800007681883
1146,P6,14196.974660927464
1103,P7,14196.982201928646
1138,P6,14198.456463456438
1085,P6,14198.909287459268
1178,P2,14199.651906907953
1174,P1,14200.91066742556
1169,P2,14201.241348195412
1117,P6,14201.333401186275
1139,P5,14201.717756224933
1099,P6,14202.393808030036
1164,P2,14202.560508877013
1163,P2,14202.60020567905
1166,P1,14202.949592451787
1172,P1,14203.514567387552
1159,P2,14203.90713567338
1144,P6,14204.663426716708
1156,P3,14205.072397966669
1162,P1,14205.218705189143
1150,P6,14205.254859624076
1165,P3,14206.259715013943
1133,P3,14207.151348205647
1157,P5,14207.201205819367
1154,P3,14207.244358188937
1173,P1,14207.763169746166
1048,P7,14208.854380404646
1158,P1,14209.573567955656
1050,P7,14210.129762170523
1177,P1,14210.259355412602
1178,P2,14210.57832518763
1168,P5,14210.710431280202
1078,P5,14210.925366964422
1033,P6,14210.994316946428
1127,P6,14212.22804133158
1170,P3,14213.093482945755
1162,P1,14213.327596942516
1099,P6,14213.487219370958
1173,P1,14214.191263927632
1164,P2,14214.529940634084
1153,P3,14215.201502292775
1102,P5,14215.469398594203
1085,P6,14215.858954373974
1165,P3,14216.402647888697
1124,P6,14216.47827675421
1174,P1,14216.502906960868
1033,P6,14217.137289703587
1177,P1,14217.394638030952
1131,P5,14217.892508484363
1168,P5,14217.98741751226
1048,P7,14218.295034125997
1069,P5,14218.325980848516
1141,P3,14219.327620720287
1144,P6,14221.063238917812
1181,P1,14221.385872101839
1092,P7,14221.969344416708
1094,P6,14222.093525932849
1162,P1,14223.776280280745
1171,P2,14224.053988021295
1172,P2,14224.256377920152
1169,P2,14225.182233469688
1166,P2,14225.436956826981
1173,P1,14225.547419150429
1127,P6,14226.00119409016
1145,P2,14226.482718512096
1094,P6,14227.173669522059
1142,P3,14227.936272927907
1124,P6,14228.276820640087
1033,P6,14228.826278505168
1078,P5,14228.870669171782
1153,P3,14229.119206190122
1140,P3,14229.362012694319
1050,P7,14230.063051247304
1092,P7,14230.244737307197
1178,P2,14230.815861537565
1162,P1,14230.96794546074
1168,P5,14232.062223194587
1177,P1,14232.226442127516
1142,P3,14232.592942778816
1166,P2,14232.76532809759
1153,P3,14234.214849747312
1099,P6,14235.437149100659
1167,P1,14235.82544823979
1159,P2,14236.143322398153
1165,P3,14236.412537929284
1137,P5,14236.502239013205
1078,P5,14236.966175540905
1131,P5,14237.623864668249
1163,P2,14239.028154250309
1179,P2,14239.328849324662
1140,P3,14240.188443292569
1094,P6,14240.238439647213
1175,P2,14240.632943148896
1141,P3,14240.666163488602
1139,P5,14242.361164734728
1170,P3,14242.384022085058
1164,P2,14242.75084411708
1144,P6,14243.307897749697
1117,P6,14243.373395799525
1166,P2,14244.063989624532
1154,P3,14245.050889416556
1085,P6,14245.056005102513
1099,P6,14245.141184356124
1173,P1,14245.549873132817
1142,P3,14246.634297655684
1078,P5,14246.943815907838
1062,P6,14247.716694647821
1163,P2,14247.998013871576
1048,P7,14250.572160833482
1134,P5,14251.45599437793
1092,P7,14251.885288652255
1166,P2,14252.45904059569
1164,P2,14253.107563224125
1160,P3,14253.160567570765
1182,P3,14253.725984635796
1078,P6,14255.066880019353
1169,P3,14255.16606407319
1176,P3,14255.371533876787
1145,P2,14255.977317045437
1177,P1,14257.433934547349
1094,P7,14257.568127737273
1165,P3,14257.57189969573
1137,P5,14258.073524873867
1154,P3,14258.130901606757
1146,P6,14258.283424771835
1175,P2,14259.195036795696
1092,P7,14259.414231768287
1181,P1,14260.211538156464
1166,P2,14260.391935726586
1168,P5,14260.718032583396
1172,P2,14263.076091121306
1173,P1,14263.44800087671
1094,P7,14263.881522540141
1085,P6,14264.948752479546
1137,P5,14265.056469745741
1179,P3,14266.045393564364
1180,P1,14266.98155886361
1154,P3,14267.119428009526
1171,P2,14267.265730830239
1165,P3,14267.637833724306
1185,P3,14267.854536454059
1176,P3,14268.713407888668
1062,P6,14268.727767743394
1175,P2,14269.621439824537
1172,P2,14271.761781325522
1157,P6,14272.626702202086
1073,P6,14272.809274633302
1156,P3,14273.724830817178
1181,P1,14273.946170859943
1173,P1,14274.098689413584
1169,P3,14274.291626708948
1154,P3,14274.47945477829
1078,P6,14275.31241379797
1094,P7,14276.460220326755
1033,P6,14277.57775254326
1137,P5,14277.667275278269
1124,P6,14277.689134799888
1175,P2,14277.886868742326
1123,P3,14278.04431670871
1092,P7,14278.668996287512
1183,P1,14278.890556729715
1177,P1,14279.640509912164
1062,P6,14279.972592064312
1160,P3,14280.176070093241
1164,P2,14280.298455412762
1146,P6,14281.486295684885
1181,P1,14281.521894669002
1167,P2,14281.850097440221
1125,P5,14281.907198371928
1153,P3,14282.396475919564
1170,P3,14283.284479230544
1157,P6,14283.48417502248
1182,P3,14283.713931875911
1134,P5,14285.04868768704
1099,P6,14285.10710219155
1073,P6,14285.502441126579
1142,P3,14285.65515129488
1179,P3,14285.750920179535
1165,P3,14286.317345875947
1069,P6,14286.688610951864
1162,P1,14286.774116299184
1183,P1,14289.378120112498
1163,P2,14290.006410317288
1187,P1,14290.053101174004
1186,P3,14290.548924997853
1125,P5,14290.881239544622
1168,P5,14291.609630647336
1134,P5,14291.823959248764
1159,P2,14291.9264695058
1123,P3,14291.926774562418
1117,P6,14292.280268651322
1131,P5,14292.427496434188
1050,P7,14292.691408068904
1173,P1,14292.82396293945
1188,P2,14293.282681210552
1167,P2,14293.91212875735
1085,P6,14294.063934126218
1169,P3,14294.279958167333
1165,P3,14295.437066282875
1124,P6,14295.511078133275
1142,P3,14295.676349484982
1176,P3,14295.914843013152
1180,P1,14296.171322678776
1154,P3,14296.828233827795
1168,P5,14298.946022135826
1170,P3,14300.298868064616
1164,P2,14300.737446923704
1073,P6,14300.890202183104
1185,P3,14301.148593705297
1182,P3,14301.346717258619
1134,P5,14301.749921495802
1069,P6,14301.957478709617
1126,P6,14302.32387479493
1188,P2,14302.812092972608
1117,P6,14303.012040191792
1078,P6,14303.3569418082
1178,P2,14303.566045114903
1085,P6,14303.754221116113
1154,P3,14303.845343382449
1162,P1,14305.373969633767
1173,P1,14305.790630678957
1187,P1,14305.826285168832
1140,P3,14305.908362841565
1124,P6,14306.031562056869
1176,P3,14306.947247890921
1174,P3,14306.975401206977
1185,P3,14307.503407873424
1188,P2,14308.11934282821
1169,P3,14308.135745193025
1094,P7,14309.129737465282
1183,P1,14309.936156532049
1178,P2,14310.463157989589
1164,P2,14310.856038823593
1167,P2,14311.089576455122
1170,P3,14311.766905545712
1124,P6,14311.803517869292
1125,P5,14312.654161648832
1157,P7,14312.81448173392
1162,P1,14313.33435563329
1117,P6,14313.40960221376
1156,P3,14314.861739389267
1126,P6,14315.929391441157
1123,P3,14315.933908416853
1176,P3,14316.150393535034
1137,P5,14316.67652439883
1131,P5,14316.959866358968
1164,P2,14317.476093576683
1154,P3,14317.652655888254
1158,P1,14317.771277894764
1185,P3,14318.53938087393
1099,P6,14319.18144861976
1181,P1,14319.32211319257
1050,P7,14319.860773731923
1183,P1,14319.879829387051
1171,P3,14319.978734333714
1123,P3,14320.74401119607
1167,P2,14321.511847848284
1175,P2,14322.064366107217
1180,P1,14322.765326548106
1179,P3,14323.064932142568
1190,P2,14323.241887648843
1178,P2,14323.892620042783
1085,P6,14324.059973864521
1157,P7,14324.187498351712
1069,P6,14324.26948182378
1169,P3,14324.298508025553
1126,P6,14324.301953917562
1182,P3,14324.630831671946
1166,P2,14324.789802981559
1174,P3,14324.891236166473
1124,P6,14324.924290213074
1134,P5,14325.391782920184
1137,P5,14326.726638783195
1186,P3,14326.847568819063
1189,P2,14327.337507187447
1188,P2,14328.830033016418
1062,P6,14330.637500549614
1167,P2,14330.694736382176
1181,P1,14330.911054595783
1125,P5,14331.500647412084
1123,P3,14331.918836817176
1156,P3,14331.947319834566
1172,P2,14333.572521920278
1182,P3,14333.9543414189
1078,P6,14334.445327638787
1099,P6,14334.819232071603
1190,P2,14335.321303854344
1134,P5,14335.416932138221
1188,P2,14336.63472016197
1142,P3,14338.200096552915
1178,P2,14338.3727095301
1154,P3,14338.892388711549
1157,P7,14339.5689708049
1094,P7,14339.6614656298
1147,P6,14340.13090945827
1164,P2,14340.617974998338
1193,P3,14340.929972449692
1171,P3,14340.978316167471
1123,P3,14341.306923830905
1177,P2,14341.44719878367
1134,P5,14341.588789744532
1190,P2,14342.474454609755
1167,P2,14342.877113863175
1140,P5,14342.948643610354
1169,P3,14343.41518999386
1126,P6,14343.61807420765
1099,P6,14344.667608912927
1184,P3,14345.088664874344
1124,P6,14345.100117281314
1175,P2,14345.394275123805
1079,P6,14346.777747558519
1146,P6,14346.898336333854
1162,P1,14347.188144606189
1165,P3,14347.19045118148
1181,P1,14347.706412763102
1189,P2,14348.76359017926
1184,P3,14349.186396787154
1140,P5,14349.192500581974
1193,P3,14349.426143670693
1164,P2,14350.705135124834
1134,P5,14351.422811697685
1163,P2,14351.950891037326
1161,P6,14352.017328627862
1156,P3,14352.368520239927
1147,P6,14352.550131424543
1124,P6,14353.912110292717
1125,P5,14354.483719194013
1159,P3,14355.046028738836
1105,P5,14356.036561816
1169,P3,14356.063980774481
1145,P2,14356.501196086367
1187,P1,14357.145384576346
1166,P2,14359.328177501939
1188,P2,14359.724749520994
1125,P5,14360.446851481716
1193,P3,14361.157842852472
1123,P3,14361.645582357627
1173,P2,14361.890130854374
1126,P6,14361.914943505577
1194,P1,14362.63036459097
1184,P3,14363.169073333249
1164,P2,14363.929755810474
1124,P6,14364.26603479935
1167,P3,14364.937137211704
1190,P2,14364.94733262784
1158,P1,14365.833471197948
1192,P1,14365.97326747856
1154,P3,14366.17340328949
1105,P5,14366.263021326413
1141,P3,14368.524147332078
1175,P2,14368.999035935096
1195,P1,14369.395893080757
1124,P6,14370.249799481142
1181,P1,14370.265389395498
1188,P2,14370.360109922884
1177,P2,14370.747867494092
1184,P3,14371.435606175868
1173,P2,14371.886295405393
1182,P5,14372.115176279669
1169,P3,14373.077900913608
1177,P2,14373.399976572202
1154,P3,14374.723544074823
1137,P5,14375.374202075644
1125,P5,14376.11763790807
1195,P1,14376.410204926597
1190,P2,14376.519999592238
1192,P1,14376.919184390603
1147,P6,14376.976806808196
1163,P2,14378.24906594637
1125,P5,14379.42316284073
1141,P3,14380.260475761701
1196,P3,14380.316299661445
1189,P2,14380.321210234542
1062,P6,14380.41458183961
1156,P3,14380.665887020277
1172,P2,14380.921180129686
1184,P3,14381.648770985856
1169,P3,14382.112783579652
1166,P2,14382.303318891461
1194,P1,14383.367036736321
1186,P3,14383.50729465405
1134,P5,14383.794858900023
1164,P2,14384.01395592445
1190,P2,14385.136757358974
1162,P1,14385.23924151169
1177,P2,14385.443386014078
1124,P6,14386.508210338803
1154,P3,14386.530100758715
1167,P3,14386.534623883448
1197,P1,14386.601274421848
1183,P1,14386.896088896527
1193,P3,14388.342931494886
1079,P6,14388.36505169484
1190,P3,14388.473363437719
1062,P6,14389.564942489395
1180,P2,14389.603040843525
1191,P1,14389.716921067593
1187,P1,14389.757320654424
1196,P3,14389.991573659605
1184,P3,14390.436994189233
1162,P1,14390.593615356769
1143,P6,14390.710270780763
1194,P1,14390.975528181021
1198,P2,14391.19616557522
1156,P3,14392.394516005521
1181,P1,14392.506565720672
1171,P3,14393.338837562573
1105,P5,14393.886516782351
1179,P5,14395.46995359661
1166,P2,14396.51621763421
1189,P2,14396.617933742502
1137,P5,14396.766210277883
1198,P2,14397.294615189423
1188,P2,14397.959443286241
1143,P6,14398.474293164258
1165,P5,14398.722676173113
1178,P2,14399.17746903467
1171,P3,14399.379984161857
1163,P2,14400.401772706891
1062,P6,14400.43377932287
1073,P6,14401.005541624503
1141,P3,14401.757752858803
1125,P5,14402.750352990102
1179,P5,14402.785268955318
1134,P5,14402.940590989772
1182,P5,14403.268592941837
1156,P3,14403.631123497144
1169,P3,14404.120794463699
1162,P1,14404.433075748939
1137,P5,14404.875666159982
1069,P6,14405.124158797436
1158,P2,14405.32480913725
1140,P5,14405.919696039182
1188,P2,14406.115697531932
1183,P1,14406.685448741937
1197,P1,14407.062933077403
1143,P6,14408.90486669298
1123,P3,14409.107374883522
1163,P2,14409.487181706356
1181,P1,14409.8470573197
1195,P1,14409.987896834762
1073,P6,14410.592475345184
1192,P1,14411.435612564714
1178,P2,14411.628745646514
1179,P5,14411.897537376519
1173,P2,14412.504005267581
1198,P2,14412.652544968134
1169,P3,14414.641576572109
1105,P5,14414.674396338312
1069,P6,14415.000611662792
1164,P3,14415.21724468496
1137,P5,14415.618216335502
1156,P3,14415.735076586914
1177,P2,14419.101425448285
1178,P2,14419.38066127402
1196,P3,14420.339319125767
1165,P5,14420.530821620336
1147,P6,14421.230584649691
1179,P5,14421.250466791536
1172,P2,14421.366001273627
1193,P3,14421.689052702157
1069,P6,14422.534614757316
1173,P2,14422.906606775476
1191,P2,14422.992223226285
1194,P1,14424.211782978846
1140,P5,14424.475447349716
1184,P3,14424.621363748107
1183,P2,14425.572040882293
1145,P3,14426.140522561558
1190,P3,14426.804220325786
1123,P3,14427.532235204386
1187,P1,14427.620945189828
1199,P2,14427.967463241754
1164,P3,14428.518887059337
1073,P6,14429.174918063469
1134,P6,14429.82786446985
1163,P2,14430.43231898399
1175,P3,14430.57692120875
1196,P3,14431.113297496027
1171,P3,14431.190947883848
1178,P2,14431.231763028964
1193,P3,14431.506750093233
1180,P2,14431.93889530927
1126,P6,14432.18897400979
1156,P3,14433.219708457838
1155,P7,14433.700928364124
1062,P6,14433.983493238833
1172,P3,14434.116979202396
1069,P6,14434.185355085265
1154,P3,14435.310769848184
1134,P6,14436.00897988249
1155,P7,14436.026406220844
1163,P2,14437.612096221861
1165,P5,14437.656554368115
1186,P3,14438.049426643109
1187,P1,14438.379543291721
1079,P6,14438.64834329093
1123,P3,14438.911291897186
1125,P5,14439.367699012715
1191,P2,14439.616889353018
1181,P1,14439.898688479276
1178,P3,14439.933733003929
1179,P5,14439.950093342331
1190,P3,14440.768315867257
1143,P6,14440.950289366012
1156,P3,14442.076680900596
1197,P1,14442.72166794997
1169,P3,14443.125580243246
1196,P3,14443.614031265284
1154,P3,14444.581935540169
1198,P2,14445.02996462249
1183,P2,14445.033350585622
1182,P5,14446.179921652663
1180,P2,14446.716962113034
1143,P6,14446.89213335471
1097,P5,14448.414581538924
1164,P3,14448.520052543261
1193,P3,14448.868251415352
1195,P2,14449.342221397332
1189,P3,14449.410006289216
1184,P3,14450.007032038115
1191,P2,14451.521899204801
1166,P2,14451.650969162032
1179,P5,14452.405663921352
1155,P7,14453.643771381681
1156,P3,14454.366970185114
1178,P3,14454.593556742459
1167,P3,14454.886144749335
1171,P5,14455.189020481177
1154,P3,14456.477238507281
1192,P1,14456.543667853428
1097,P5,14456.650419868494
1177,P2,14457.442368880058
1145,P3,14457.822486907566
1178,P3,14458.933142763615
1187,P1,14459.093514871533
1186,P3,14459.169673460852
1163,P2,14459.347466476864
1147,P6,14460.787729998578
1183,P2,14462.813081127975
1134,P6,14462.964182971933
1190,P3,14463.017949146204
1159,P3,14463.403367740215
1194,P1,14463.968562984424
1140,P5,14464.095108460491
1177,P2,14464.20160307661
1195,P2,14464.272050479845
1158,P2,14464.454379711004
1126,P6,14465.00839218498
1176,P6,14465.062600246963
1180,P2,14465.23569482111
1154,P3,14465.967678673947
1186,P3,14466.693922134087
1195,P2,14467.619454763651
1165,P5,14468.421660066777
1173,P2,14468.933868307615
1079,P6,14469.088804673152
1194,P1,14469.343868926719
1193,P3,14470.04454107728
1178,P3,14470.483145310322
1163,P2,14470.940536539303
1105,P5,14473.41363143928
1126,P6,14473.511103119392
1154,P3,14473.70422083258
1187,P1,14474.03270669687
1182,P5,14475.028107220693
1169,P3,14475.496538401609
1145,P3,14475.509683596414
1134,P6,14475.619919212111
1176,P6,14477.140093294907
1062,P6,14477.190981426436
1167,P3,14477.298867732889
1187,P1,14477.36838517213
1192,P1,14477.403747552276
1198,P2,14477.800467490168
1171,P5,14478.131995436932
1189,P3,14478.253095793962
1177,P3,14478.360355876188
1141,P3,14478.366861072871
1165,P5,14479.580302617267
1108,P6,14481.897570633522
1184,P3,14482.570755400324
1174,P6,14484.133979359875
1166,P2,14485.073637294558
1190,P3,14485.347238446377
1159,P3,14485.929908598058
1179,P6,14486.325039723468
1191,P2,14486.895976657963
1169,P3,14487.009839813163
1108,P6,14487.070702435301
1134,P6,14488.359679557785
1183,P2,14488.883590779125
1198,P2,14488.99715979191
1165,P5,14489.179266904692
1195,P2,14489.602702765991
1162,P2,14490.748160517518
1143,P6,14491.151538371414
1177,P3,14491.433032593692
1172,P3,14491.558723113758
1193,P3,14492.080593852372
1181,P2,14492.491632925286
1197,P2,14492.841795010421
1167,P3,14493.542324599772
1184,P3,14493.68372847648
1180,P2,14493.779321514123
1105,P5,14494.357868357987
1165,P6,14494.559267232531
1195,P2,14495.516430028092
1143,P7,14496.552411912362
1134,P6,14496.94795787914
1140,P5,14497.320238237964
1159,P3,14497.864095189423
1097,P5,14497.918736759362
1186,P3,14498.54264246348
1197,P2,14500.652020146566
1163,P3,14501.078409403446
1174,P6,14502.58403194941
1152,P7,14502.868040777528
1154,P3,14505.33746547841
1126,P6,14506.22928565764
1171,P5,14507.28713735996
1177,P3,14507.40810914592
1097,P5,14507.985812537858
1189,P3,14508.138575726958
1198,P2,14508.152950448317
1181,P2,14508.66713295737
1162,P2,14508.848139779144
1180,P3,14509.474716687137
1155,P7,14510.786781139006
1172,P3,14511.119405259831
1194,P1,14512.000442863178
1183,P2,14512.205852003364
1178,P3,14512.668104823844
1189,P3,14514.521027321272
1105,P5,14514.528291245393
1126,P6,14514.859209626655
1193,P3,14515.173279769679
1169,P3,14515.178070554062
1069,P6,14516.120262950391
1164,P3,14516.672667455266
1171,P5,14516.697180757119
1152,P7,14518.03321596876
1079,P6,14518.138531366567
1159,P3,14518.39378222452
1187,P1,14519.057370961453
1196,P5,14520.656353405215
1123,P3,14520.771998982142
1097,P5,14520.89523924278
1163,P3,14520.929977056936
1132,P6,14522.847221708702
1164,P3,14523.0418663775
1105,P5,14523.28222880125
1174,P6,14523.705453186003
1126,P6,14523.83570285881
1169,P5,14524.836977506153
1181,P2,14526.373588581077
1189,P3,14526.477677179544
1122,P6,14526.73975852845
1158,P3,14527.287413037076
1143,P7,14527.903845060815
1167,P3,14528.598858591262
1156,P5,14528.867007905672
1179,P6,14529.72738616927
1154,P5,14530.851411296468
1198,P2,14531.616777855003
1152,P7,14533.122375965188
1126,P6,14533.653920667917
1132,P6,14534.84346906527
1105,P5,14535.530761199574
1186,P5,14536.329940982614
1122,P6,14537.058167310666
1145,P3,14537.584825280837
1156,P5,14537.665362394468
1198,P2,14538.283955793046
1188,P3,14538.434613785854
1174,P6,14538.574820248245
1197,P3,14538.75300800939
1183,P3,14539.300247626183
1155,P7,14539.445766514269
1152,P7,14539.594226569952
1181,P2,14540.068129285113
1159,P3,14540.488434633104
1193,P3,14540.550824513437
1166,P2,14540.939584691369
1177,P3,14541.489216343405
1172,P3,14542.813309111263
1105,P5,14543.195174686976
1122,P6,14543.390743758306
1183,P3,14544.389881204144
1179,P6,14545.034445071065
1189,P3,14546.674048665569
1132,P6,14546.92349335827
1165,P6,14547.61513383692
1188,P3,14547.627742648116
1156,P5,14547.629475264928
1152,P7,14548.934407043324
1170,P6,14549.57227174725
1180,P3,14549.644089853171
1123,P3,14552.111087650512
1159,P3,14553.142905809444
1105,P5,14553.200702247319
1173,P3,14554.482440538655
1069,P6,14554.50438760007
1156,P5,14555.558879709588
1154,P5,14556.202829621297
1186,P5,14557.149285613234
1188,P3,14557.151482255571
1192,P2,14557.216894736803
1170,P6,14557.802344701824
1155,P7,14558.745766159618
1162,P3,14560.47823420809
1180,P3,14561.959604422607
1171,P5,14562.00974227864
1178,P3,14562.52224026223
1079,P6,14562.575228294276
1195,P2,14564.555750506594
1164,P3,14565.030382825978
1174,P6,14565.393092371452
1189,P3,14565.489600387831
1172,P3,14565.603128936315
1192,P2,14565.700233299282
1105,P5,14566.095266960123
1159,P3,14567.328912004663
1184,P5,14567.95531735532
1196,P5,14569.065955686181
1180,P3,14569.424195127129
1177,P3,14569.559428103395
1123,P3,14569.616985010563
1154,P5,14569.87980469898
1195,P2,14570.017553205163
1088,P6,14570.733661545832
1197,P3,14570.995100668111
1097,P5,14572.113001027878
1163,P3,14572.608535918118
1166,P2,14573.282441013118
1186,P5,14573.396121360334
1192,P2,14573.622139414381
1178,P3,14573.776905970453
1171,P5,14574.892338131363
1199,P3,14575.523715106903
1079,P6,14576.228257754821
1165,P6,14576.287016420723
1196,P5,14577.410514819729
1191,P2,14579.280668078085
1155,P7,14579.811907929363
1156,P5,14580.741816779968
1152,P7,14582.270887254643
1180,P3,14582.289667119823
1174,P6,14582.495732608391
1162,P3,14582.512616807606
1175,P5,14582.810764731137
1190,P5,14584.053796913791
1133,P6,14584.054271855848
1163,P3,14584.437616769954
1189,P3,14584.47299926555
1166,P2,14584.770469441692
1192,P2,14585.525538916989
1154,P6,14586.063197334102
1188,P3,14586.16930174074
1171,P5,14586.37900762912
1196,P5,14586.454004766214
1197,P3,14586.659467806143
1088,P6,14587.354863579687
1177,P3,14587.558024909396
1105,P5,14588.119645395713
1122,P6,14588.606132112749
1184,P5,14588.760149707407
1097,P5,14590.113762184343
1195,P3,14590.330533470955
1181,P2,14590.382129829615
1191,P2,14591.131339790483
1162,P3,14591.344100878343
1123,P3,14591.924009891782
1175,P5,14592.550874851819
1169,P5,14592.668880826568
1194,P2,14594.25372621346
1105,P5,14595.791521863583
1170,P6,14596.120505483763
1158,P3,14596.563721390787
1171,P5,14596.59708358486
1199,P3,14597.339686872347
1133,P6,14597.964505979446
1189,P3,14598.616142537205
1184,P5,14598.75341083887
1088,P6,14598.884705552357
1171,P5,14600.15581838661
1197,P3,14601.204162901375
1190,P5,14601.55260728247
1163,P3,14601.568883246187
1145,P3,14602.901330424782
1166,P2,14603.379461891396
1190,P5,14604.485767004013
1180,P3,14604.581501885981
1188,P3,14605.13828181189
1175,P5,14605.145656026774
1097,P6,14605.425481759665
1183,P3,14605.499871262877
1105,P5,14605.79170122543
1179,P6,14605.93314367193
1195,P3,14606.779450975235
1186,P5,14607.311715342006
1132,P6,14607.860699096955
1199,P3,14607.874834894441
1197,P3,14607.953614409484
1164,P3,14608.27643117863
1156,P5,14608.985900663436
1198,P2,14609.381004741155
1178,P3,14609.780661646782
1163,P3,14610.763786468224
1162,P3,14612.597903630958
1194,P2,14613.410141288367
1175,P5,14613.57623063626
1170,P6,14614.142585467436
1191,P2,14614.31607567418
1171,P5,14615.660455601037
1164,P3,14615.735519006235
1189,P3,14618.067037733616
1195,P3,14618.084171380575
1169,P5,14618.395065822258
1187,P1,14620.038495285611
1159,P3,14620.088187263838
1184,P5,14620.108807913244
1133,P6,14620.616575683527
1177,P3,14620.906025262258
1180,P3,14621.368801570856
1198,P2,14621.489563768373
1178,P3,14621.640465490644
1191,P3,14622.312086055903
1183,P3,14623.12642604014
1123,P3,14623.899767040328
1195,P3,14624.415195207042
1175,P5,14625.22503265738
1154,P6,14625.513137454087
1189,P3,14626.124067775256
1181,P2,14626.575458704636
1196,P5,14627.06541416177
1159,P3,14627.405913181665
1199,P3,14628.821473063275
1184,P6,14630.38695174377
1149,P7,14630.6008374741
1132,P6,14632.00882628212
1173,P3,14634.448096750077
1194,P2,14634.674727490317
1175,P5,14636.01265931976
1191,P3,14636.606458234844
1164,P5,14637.698080473792
1188,P3,14637.714512034283
1097,P6,14638.32930109134
1185,P5,14639.502019883777
1162,P3,14639.70299387092
1178,P3,14640.986647933909
1198,P2,14641.797837737418
1197,P3,14642.02173314156
1194,P2,14642.31088244943
1192,P3,14642.324777109368
1188,P3,14642.760735232529
1196,P5,14644.03458876285
1185,P5,14644.099032035692
1154,P6,14644.278941108465
1181,P2,14645.547244309253
1183,P3,14646.369916913836
1088,P6,14647.1859703965
1179,P6,14647.728298263806
1158,P3,14649.839560584738
1149,P7,14651.787277155563
1177,P5,14652.901744689965
1194,P2,14653.379948573562
1189,P5,14654.840348065469
1165,P6,14655.347875652731
1097,P6,14655.51094971462
1154,P6,14655.844209275738
1184,P6,14655.87066652923
1187,P2,14656.297224021993
1164,P5,14656.54603072929
1145,P3,14657.420407700205
1195,P3,14657.848478256186
1158,P3,14657.990462833486
1199,P3,14658.666398595613
1149,P7,14659.550399612644
1187,P2,14661.891117651847
1175,P5,14662.456420098133
1194,P2,14662.90532956851
1179,P6,14665.424107674833
1097,P6,14666.324910943697
1196,P5,14667.507077615404
1181,P2,14668.511951133129
1184,P6,14669.6978496899
1197,P3,14670.531239709228
1191,P3,14671.884336410589
1162,P3,14673.663156364424
1184,P6,14675.273628968
1194,P2,14675.860637262682
1097,P6,14676.321291832197
1165,P6,14676.534068263169
1183,P3,14676.568529222908
1132,P6,14677.02391629394
1181,P2,14678.65333937649
1133,P6,14680.727499470418
1198,P3,14681.247472367597
1189,P5,14683.326879632938
1153,P7,14684.037863495392
1184,P6,14684.898809106619
1181,P2,14685.003998212202
1165,P6,14685.18903150372
1097,P6,14685.451992352268
1173,P3,14686.367253474471
1187,P2,14687.829108974203
1185,P5,14688.132841729195
1088,P6,14688.325915517447
1195,P3,14688.920388747143
1158,P3,14689.709764871988
1162,P3,14691.930452929353
1154,P6,14693.383786578293
1188,P3,14693.783217056905
1163,P5,14694.187435893298
1153,P7,14695.439356850591
1179,P6,14696.198553092174
1199,P3,14696.436026045461
1132,P6,14697.304506510618
1158,P3,14699.346770163716
1185,P5,14700.911851117009
1178,P3,14702.571792989145
1162,P3,14703.443730549947
1153,P7,14703.90374428555
1088,P6,14707.162268277134
1097,P6,14707.794833234166
1178,P3,14707.9615998523
1179,P6,14708.068885757413
1165,P6,14710.215363401901
1198,P3,14710.991008123923
1154,P6,14711.369652183612
1133,P6,14711.422233412934
1162,P3,14713.823771901954
1189,P5,14714.089950796968
1187,P2,14715.400862208407
1132,P7,14715.862816891413
1179,P6,14716.383981269184
1163,P5,14716.812005346945
1166,P3,14717.215175374438
1088,P6,14718.624068965662
1188,P3,14719.542275831518
1197,P3,14720.360417912756
1162,P3,14721.113786685832
1177,P5,14723.194491632436
1180,P3,14723.430281972385
1088,P6,14723.513419888917
1164,P5,14724.42210643997
1154,P6,14725.545482577229
1184,P6,14725.90634449812
1097,P6,14726.479308592952
1181,P2,14727.322496908182
1194,P3,14727.422360531322
1192,P3,14728.350760435009
1179,P6,14729.07787384431
1195,P3,14730.622324347041
1197,P3,14732.1085753028
1133,P6,14732.362980951484
1191,P3,14733.648201161112
1164,P5,14736.896268632674
1184,P6,14737.51366622445
1163,P5,14737.928227259192
1162,P5,14741.353914667237
1195,P3,14741.476746394994
1097,P6,14742.140677831063
1153,P7,14742.852427427979
1154,P6,14743.162684070263
1178,P3,14743.585016689147
1194,P3,14743.675578820375
1192,P3,14744.166473272571
1163,P5,14745.981149641626
1132,P7,14746.43066463536
1189,P5,14746.499475721368
1187,P2,14746.842353046934
1164,P5,14747.027224787826
1162,P5,14750.816373411391
1198,P3,14751.307117858572
1097,P6,14751.886783047228
1132,P7,14754.602094844473
1194,P3,14755.244546157888
1181,P2,14756.882029200302
1179,P7,14760.816449104314
1177,P5,14761.274575588495
1199,P3,14761.379426396697
1195,P3,14761.433520692512
1133,P6,14761.945360024938
1160,P7,14761.975342844074
1187,P2,14762.794988358699
1192,P3,14762.976253317407
1188,P3,14764.617463396185
1194,P3,14764.783685137218
1195,P3,14766.772469263622
1197,P3,14768.352588229283
1199,P3,14768.643458706627
1164,P5,14769.20694381421
1088,P6,14769.372172938816
1194,P3,14769.428595939484
1187,P3,14769.677465917395
1133,P6,14769.945263482063
1179,P7,14770.455491038345
1162,P5,14770.93768235528
1181,P2,14773.651074558986
1154,P6,14774.134213239355
1166,P3,14774.501506381943
1191,P3,14775.45017522548
1199,P3,14775.88807307123
1160,P7,14776.920371468022
1097,P6,14779.678678779075
1178,P3,14782.625461203286
1133,P6,14782.644177591856
1154,P6,14782.900480995813
1153,P7,14784.465869283065
1163,P5,14784.74453469998
1162,P5,14784.786843913558
1195,P3,14786.002141695819
1189,P5,14786.303973049844
1191,P3,14787.30317308773
1181,P2,14788.771312485986
1166,P3,14792.265190152611
1198,P3,14793.295720449096
1132,P7,14793.82625899743
1141,P5,14795.21301041878
1181,P2,14795.69000623857
1153,P7,14796.72572105452
1163,P5,14797.460757841569
1133,P6,14800.467673869709
1197,P3,14802.972344193364
1192,P3,14803.23936560909
1160,P7,14804.365706119
1185,P6,14805.79849174692
1162,P5,14806.536899948429
1197,P3,14809.39696954489
1097,P6,14811.335828058023
1160,P7,14811.423400685835
1191,P3,14811.905296953753
1195,P5,14812.20140408484
1178,P3,14812.598072568848
1187,P3,14813.413784655795
1192,P3,14814.26568986324
1187,P3,14816.125387219225
1181,P2,14817.593743080646
1162,P5,14818.102585297262
1198,P5,14818.471552734994
1179,P7,14819.211778393237
1185,P6,14820.317210028457
1132,P7,14822.768888914212
1154,P6,14823.881504817226
1194,P3,14824.86442459934
1195,P5,14825.815074666563
1164,P5,14827.954016577278
1189,P5,14829.279393892743
1162,P5,14829.370555871066
1166,P3,14830.954317091186
1185,P6,14831.412482672276
1133,P6,14832.542282267992
1097,P7,14833.013879176104
1192,P3,14834.14160751703
1189,P5,14837.275486752851
1166,P3,14839.989426817674
1178,P3,14840.617646661358
1185,P6,14841.779783039572
1195,P5,14844.291521167055
1162,P5,14847.09148030296
1133,P7,14848.619689186451
1179,P7,14848.705903618444
1097,P7,14848.763254891914
1197,P3,14849.949368049432
1195,P5,14850.775200923234
1166,P3,14851.871248584315
1198,P5,14853.31709807469
1181,P2,14855.217131907835
1132,P7,14860.275406450357
1179,P7,14860.378316743203
1195,P5,14862.146392779465
1198,P5,14862.993206811585
1133,P7,14864.253423165916
1160,P7,14864.473332101054
1181,P3,14866.068059028454
1194,P3,14868.405652726928
1187,P3,14870.961943257726
1178,P3,14871.148789088951
1179,P7,14871.718623698098
1164,P6,14874.595467764237
1133,P7,14874.775189079564
1181,P3,14875.314509261498
1162,P6,14877.358750654477
1172,P6,14878.313896683238
1187,P3,14879.837382162952
1166,P3,14881.47865331126
1198,P5,14883.663569749096
1194,P3,14884.842709023093
1181,P3,14888.225212127953
1187,P3,14888.319217954186
1179,P7,14889.934743539008
1162,P6,14890.712289518553
1163,P5,14890.71667201102
1195,P5,14890.911699509204
1167,P7,14891.468043783998
1197,P5,14899.453336567063
1166,P3,14899.746276338408
1178,P3,14899.83530159201
1167,P7,14902.87910800349
1194,P3,14904.276812694645
1195,P5,14904.338130436538
1141,P5,14905.437918667794
1163,P5,14906.585227481404
1198,P5,14911.101095276883
1195,P5,14913.512635650755
1197,P5,14913.607667512097
1141,P5,14915.31978870225
1181,P3,14915.939197973938
1162,P6,14917.721486341525
1163,P5,14917.864324595581
1164,P6,14923.893557166808
1141,P5,14927.159429891784
1163,P5,14928.273760383256
1167,P7,14933.095514135894
1198,P5,14934.269348631182
1141,P5,14937.361484573481
1172,P6,14939.127179005627
1197,P5,14941.029413571403
1167,P7,14941.240502630535
1097,P7,14944.502645375273
1181,P3,14946.408356251892
1133,P7,14946.980947182454
1164,P6,14953.559850075639
1141,P5,14955.17991743144
1097,P7,14956.122180122844
1133,P7,14957.043637864945
1163,P5,14960.403034586794
1179,P7,14960.627100950356
1141,P5,14965.937513441975
1097,P7,14966.29631798654
1142,P7,14967.769267687358
1167,P7,14970.255865327093
1187,P5,14972.976945281134
1141,P5,14976.519115248588
1181,P3,14978.09226169444
1162,P6,14981.162220954224
1142,P7,14984.484039238365
1162,P6,14987.915609775544
1197,P5,14988.064306354701
1167,P7,14990.792351601007
1142,P7,14993.253683738678
1198,P6,14997.49428829486
1197,P5,14998.467680409332
1187,P5,15001.317955075732
1142,P7,15003.946624653645
1194,P3,15006.283867818736
1187,P5,15013.789450852864
1194,P3,15013.947881344398
1199,P6,15016.758646516319
1162,P6,15019.675347613405
1163,P5,15021.289277754728
1198,P6,15022.524711640986
1142,P7,15025.828354371322
1164,P6,15027.442938321943
1181,P3,15027.576294278908
1187,P5,15033.599826267147
1183,P6,15033.725011710567
1142,P7,15036.795309867704
1163,P5,15038.362097329027
1194,P5,15038.839517289169
1141,P6,15039.10324564477
1197,P5,15041.547052393282
1199,P6,15043.655368641997
1183,P6,15043.935438998713
1187,P5,15045.000989421947
1141,P6,15046.71113844977
1197,P5,15050.393431054117
1158,P6,15051.117527893352
1194,P5,15054.041965208064
1164,P6,15055.958184123998
1162,P6,15057.023210559344
1199,P6,15059.934534370666
1198,P6,15061.47292417574
1163,P5,15065.5933314645
1158,P6,15067.675938414266
1142,P7,15073.706898328503
1141,P6,15074.82274606767
1199,P6,15083.060921346701
1187,P5,15083.943331626555
1183,P6,15085.16048540615
1163,P5,15086.42525135362
1199,P6,15089.240711041439
1141,P6,15090.41340631038
1198,P6,15091.5478859505
1158,P6,15094.08593524057
1187,P5,15095.337065449066
1163,P5,15095.935164589793
1145,P7,15096.107048518626
1199,P6,15096.914127185051
1194,P5,15097.203095295714
1192,P6,15097.328093243093
1141,P6,15097.348299914634
1187,P5,15100.62372926127
1183,P6,15104.096536176108
1187,P5,15111.777864567603
1183,P6,15113.992450874313
1194,P5,15115.040620323447
1158,P6,15115.499485969936
1192,P6,15123.57303070956
1145,P7,15124.281133329037
1164,P6,15125.570913945889
1187,P5,15127.315970183568
1163,P5,15128.809819245374
1183,P6,15133.13494486008
1145,P7,15135.614807326898
1163,P5,15137.960795532665
1183,P6,15141.725111619433
1141,P6,15157.88945701802
1192,P6,15158.202947239588
1183,P6,15163.43585974292
1187,P5,15163.664251222905
1192,P6,15166.189247596672
1141,P6,15168.224067960407
1187,P5,15168.759811481783
1164,P6,15170.271932962669
1145,P7,15171.860327470216
1188,P7,15174.76660366473
1192,P6,15177.370026891347
1194,P5,15178.693863245153
1141,P6,15179.05139710675
1123,P7,15180.456137727844
1145,P7,15183.768899078963
1141,P6,15187.209352340966
1163,P5,15188.788912889493
1187,P5,15188.963083108325
1141,P6,15197.932656969553
1187,P5,15203.392834645201
1145,P7,15203.629750115259
1188,P7,15211.827677400895
1141,P6,15217.116787504974
1163,P5,15218.109168889121
1187,P5,15220.82763967959
1163,P5,15226.552464810999
1141,P6,15227.46554344361
1188,P7,15229.67647893428
1191,P6,15232.955056088014
1145,P7,15233.25074020638
1188,P7,15239.795060455583
1191,P6,15244.563490066661
1163,P5,15247.134730782262
1141,P6,15248.325815337634
1187,P5,15251.444709164158
1191,P6,15254.61565065899
1163,P5,15258.518475148236
1173,P6,15260.77017024214
1191,P6,15262.777356876904
1194,P5,15265.741548725025
1145,P7,15266.779328935325
1141,P6,15267.989997070928
1187,P5,15268.518436938548
1164,P7,15269.031396826978
1163,P5,15269.814908858763
1173,P6,15270.220705973516
1194,P5,15273.747276907769
1159,P5,15278.913286771813
1187,P5,15280.799958222804
1123,P7,15281.945852547104
1163,P5,15282.808155347777
1141,P6,15286.414365054461
1123,P7,15292.465966682374
1145,P7,15293.774776243867
1164,P7,15295.242362105098
1191,P6,15299.384284040158
1166,P5,15300.5700943165
1173,P6,15303.093947614987
1159,P5,15304.030960784834
1163,P6,15305.364660030536
1194,P5,15306.356370668223
1173,P6,15309.691868742446
1159,P5,15310.415540652559
1193,P7,15312.702924318928
1163,P6,15319.311525029594
1191,P6,15325.049186604814
1123,P7,15327.516718496232
1187,P5,15328.974347377569
1173,P6,15329.581517487572
1166,P5,15329.964186689822
1141,P6,15332.458711486077
1159,P5,15333.720205037063
1193,P7,15334.25073918813
1173,P6,15341.673159395157
1187,P5,15342.214812112108
1191,P6,15343.252219152317
1159,P5,15344.621602318786
1181,P5,15344.79603445289
1166,P5,15351.477389433641
1159,P5,15351.908297857755
1181,P5,15353.952063582752
1194,P5,15354.34489534279
1191,P6,15354.438676329886
1163,P6,15356.143585791271
1173,P6,15361.092474011946
1123,P7,15363.611992881895
1159,P5,15365.206861803843
1193,P7,15367.525468213324
1194,P5,15368.407750283204
1187,P5,15372.689125725754
1173,P6,15374.016971080742
1193,P7,15374.797343858167
1159,P5,15378.612495506732
1123,P7,15381.93141186771
1163,P6,15384.996524470942
1123,P7,15390.016950223799
1194,P6,15392.323784300248
1180,P7,15393.629498710185
1193,P7,15397.591880374292
1163,P6,15398.224512911022
1166,P5,15400.617337475898
1180,P7,15405.356513084556
1194,P6,15408.458026037148
1163,P6,15409.339756364849
1163,P6,15416.438275067494
1166,P5,15420.504960688453
1180,P7,15420.80840161854
1159,P5,15423.677332612087
1187,P6,15423.906111978233
1194,P6,15429.7153310535
1166,P5,15430.23202607508
1159,P5,15430.75019949576
1193,P7,15433.559427083526
1194,P6,15448.329471476452
1166,P6,15449.778756178168
1159,P5,15450.756123393581
1180,P7,15451.225586559804
1187,P6,15451.977145195822
1193,P7,15454.458638570666
1163,P6,15455.303058358115
1180,P7,15465.336028415173
1163,P6,15466.490253434295
1166,P6,15471.847823560167
1159,P5,15473.052918775575
1194,P6,15479.242538685137
1187,P6,15481.665680886843
1166,P6,15482.707066283261
1159,P5,15486.550913602241
1187,P6,15492.88333478303
1180,P7,15493.269334612458
1163,P6,15497.193549553851
1166,P6,15499.216511268589
1194,P6,15502.33237643747
1159,P6,15524.73285293828
1166,P6,15526.995667439673
1194,P6,15528.47202635337
1180,P7,15533.157412467557
1159,P6,15537.032721568283
1194,P6,15540.537575198958
1159,P6,15542.360409383356
1163,P7,15551.577716859898
1166,P6,15556.616289126938
1163,P7,15560.815134242612
1163,P7,15571.518835238707
1159,P6,15571.617678972741
1180,P7,15571.804080686614
1166,P6,15578.047803629594
1180,P7,15583.574547216765
1163,P7,15591.611149787597
1194,P6,15602.651705257715
1159,P6,15613.549643707081
1159,P6,15623.260072944335
1159,P6,15694.408437658534
1159,P6,15704.332780534674
1159,P6,15712.768222359571
1159,P6,15751.542341006603
1159,P6,15762.5916724102
1178,P5,15767.982073270774
1178,P5,15772.937314755953
1178,P5,15793.983338020773
1178,P5,15803.757233252203
1178,P5,15815.322337546395
1178,P5,15836.324755184432
1178,P5,15898.758922029507
1178,P5,15933.30649247024
1178,P5,15975.648237806285
1178,P5,15990.251519561765
1178,P5,16016.47777130309
1178,P5,16083.472769817101
1178,P5,16113.355692421292
1178,P5,16121.830117470226
1178,P5,16154.691628535513
1178,P5,16176.110425749046
1178,P5,16188.712160361125
1178,P5,16215.034088593815
1178,P5,16232.543588623528
1178,P5,16304.031777224392
1178,P6,16316.74028873867
1178,P6,16352.74367701306
1178,P6,16389.09817495998
1178,P6,16506.53023283346
1178,P6,16517.72097366428
1178,P6,16530.058747959705
1178,P6,16549.92725584138
1178,P6,16568.937166375403
