person_id,path_id,enter,exit
0,P2,7.469915986159492,112.14377631532264
0,P3,112.14377631532264,357.5053596923641
0,P4,357.5053596923641,787.0194519892071
0,P7,787.0194519892071,1022.2688099312793
1,P1,17.75610017147713,129.04866313390147
1,P2,129.04866313390147,409.3945607680309
1,P3,409.3945607680309,555.0386897361585
1,P4,555.0386897361585,842.5419909650202
1,P6,842.5419909650202,973.6785101061193
2,P1,23.914190517127665,187.00857503740855
2,P2,187.00857503740855,393.88740204949835
2,P3,393.88740204949835,1080.70845843659
2,P4,1080.70845843659,1579.9645911053449
2,P7,1579.9645911053449,1825.7727408186424
3,P1,33.24632524908484,141.60183848596648
3,P2,141.60183848596648,306.6277952324385
3,P3,306.6277952324385,503.6297508667817
3,P5,503.6297508667817,779.9769197585883
3,P6,779.9769197585883,921.6460864318044
4,P2,57.709508160088774,351.01047519519994
4,P3,351.01047519519994,809.9114039722733
4,P4,809.9114039722733,1318.256460357019
4,P7,1318.256460357019,1707.4629991310421
5,P3,64.80179913109137,217.01164899301094
5,P5,217.01164899301094,292.3374743979332
6,P1,68.27605793098445,174.31340176523616
6,P2,174.31340176523616,330.7535331466393
6,P3,330.7535331466393,487.52294079876003
6,P4,487.52294079876003,1020.3815222151712
6,P7,1020.3815222151712,1128.4055439446238
7,P2,78.18961145328664,234.9656048685888
7,P3,234.9656048685888,375.1416439914153
7,P5,375.1416439914153,532.9760759588502
7,P6,532.9760759588502,633.8095417986758
7,P7,633.8095417986758,766.635727553986
8,P2,105.32817061942517,245.82017735173696
8,P3,245.82017735173696,883.6687797598352
8,P5,883.6687797598352,1165.0560185393745
9,P3,106.01668441447939,196.13592073459145
9,P5,196.13592073459145,309.49554490309595
9,P6,309.49554490309595,390.2416236493417
10,P2,108.10127231999812,333.49451728681896
10,P3,333.49451728681896,466.3497652660184
10,P4,466.3497652660184,617.8588266923716
10,P7,617.8588266923716,659.6281180860052
11,P1,133.34085822417717,199.16465749077673
11,P2,199.16465749077673,360.42247337029835
11,P3,360.42247337029835,463.03512163116494
11,P4,463.03512163116494,685.1380594080586
11,P6,685.1380594080586,749.2214988885075
12,P1,154.4780876497379,376.34642524101224
12,P2,376.34642524101224,628.0866591676674
12,P3,628.0866591676674,900.8570570326023
12,P5,900.8570570326023,1259.345193990262
13,P1,177.15867679588087,313.55698746994193
13,P2,313.55698746994193,490.4184980673185
13,P3,490.4184980673185,774.4300864187292
13,P5,774.4300864187292,1053.6065611509086
14,P1,179.5662423534706,428.9645347913945
14,P2,428.9645347913945,542.5085271204739
14,P3,542.5085271204739,661.3857201880348
14,P4,661.3857201880348,876.5941685033691
14,P5,876.5941685033691,1030.6059841536735
14,P6,1030.6059841536735,1174.8351585306164
14,P7,1174.8351585306164,1249.043374516294
15,P1,200.68254299810224,297.45721784037977
15,P2,297.45721784037977,457.42638949289795
15,P3,457.42638949289795,648.3263386767456
15,P5,648.3263386767456,911.9219284575595
15,P6,911.9219284575595,1312.6024262438577
16,P1,211.43294726501907,311.63819950794567
16,P2,311.63819950794567,486.9598843049878
16,P3,486.9598843049878,738.0894129003766
16,P5,738.0894129003766,922.7795590038957
16,P6,922.7795590038957,1085.0834269571453
17,P2,238.7491473248197,335.25012748378003
17,P3,335.25012748378003,489.84019502004185
17,P4,489.84019502004185,658.7215002581235
17,P5,658.7215002581235,901.3805196399203
17,P6,901.3805196399203,1036.066485732161
18,P2,254.43044639873574,437.24990384979174
18,P3,437.24990384979174,637.2929907542891
18,P4,637.2929907542891,1122.9356103942223
18,P7,1122.9356103942223,1268.2494450078277
19,P1,256.84968926862337,432.2558012337289
19,P2,432.2558012337289,660.0364138508451
19,P3,660.0364138508451,996.4644193160884
19,P5,996.4644193160884,1191.7349072613567
19,P6,1191.7349072613567,1370.071559834044
20,P1,261.51183236684244,494.21143075402017
20,P2,494.21143075402017,626.1211114456951
20,P3,626.1211114456951,881.5347344891043
20,P4,881.5347344891043,1286.719862755917
20,P7,1286.719862755917,1384.337138993747
21,P1,274.09172857180675,346.7708843348387
21,P2,346.7708843348387,449.8265621560658
21,P3,449.8265621560658,552.1624604598854
21,P4,552.1624604598854,863.2756500452429
21,P6,863.2756500452429,961.5384899171881
22,P1,284.6368129347601,394.01807098993396
22,P2,394.01807098993396,490.7216046960542
22,P3,490.7216046960542,672.320246880395
22,P4,672.320246880395,943.3955481905542
22,P6,943.3955481905542,1043.1810836199925
23,P1,304.5314352447365,541.9814552254246
23,P2,541.9814552254246,683.9347714893107
23,P3,683.9347714893107,954.1900384311173
23,P4,954.1900384311173,1640.7978671846586
23,P5,1640.7978671846586,2087.12831855435
23,P6,2087.12831855435,2440.6103816971895
23,P7,2440.6103816971895,2642.5478672890395
24,P2,311.2139502767581,667.1293738804877
24,P3,667.1293738804877,907.3274645767065
24,P4,907.3274645767065,1558.6519097298876
24,P7,1558.6519097298876,1947.6332398937918
25,P3,327.05385312759086,411.25445781254143
25,P5,411.25445781254143,534.5885283875209
25,P6,534.5885283875209,619.7669453710231
26,P2,328.375742827644,492.3082087500526
26,P3,492.3082087500526,689.266262070011
26,P4,689.266262070011,842.0777024497309
26,P5,842.0777024497309,968.8288531289787
26,P6,968.8288531289787,1186.1225750247522
26,P7,1186.1225750247522,1305.5344884694766
27,P1,333.21736198002867,733.3662975691333
27,P2,733.3662975691333,988.0792435614584
27,P3,988.0792435614584,1285.4433887196003
27,P4,1285.4433887196003,1591.4066993141964
27,P7,1591.4066993141964,1724.4614982245123
28,P1,334.4771857933221,663.6692063545161
28,P2,663.6692063545161,926.2874185039509
28,P3,926.2874185039509,1252.5498581284473
28,P4,1252.5498581284473,1627.1658025961801
28,P5,1627.1658025961801,1957.0620675350506
29,P2,357.4530978994446,517.2071356090783
29,P3,517.2071356090783,592.9170894786057
29,P4,592.9170894786057,770.5585190652148
29,P5,770.5585190652148,942.6253668357731
29,P6,942.6253668357731,996.0792516690723
30,P2,357.97667596209095,551.196780599445
30,P3,551.196780599445,718.4688884109119
30,P5,718.4688884109119,849.224962498223
30,P6,849.224962498223,1000.2582578409367
31,P2,417.59284614435967,600.0827653707574
31,P3,600.0827653707574,842.5918649733029
31,P5,842.5918649733029,1078.517864265768
32,P1,426.34496345203024,494.59428184216324
32,P2,494.59428184216324,630.1379458508372
32,P3,630.1379458508372,758.3883686888548
32,P5,758.3883686888548,902.4580979857824
33,P3,429.6206894356437,620.1774602636079
33,P5,620.1774602636079,929.0654083623018
33,P6,929.0654083623018,1053.2884160974058
34,P2,432.78593416097453,592.2363112450653
34,P3,592.2363112450653,880.4000751421634
34,P4,880.4000751421634,1300.4251355712531
34,P7,1300.4251355712531,1411.2380508177594
35,P1,443.7768177783274,602.5815931583326
35,P2,602.5815931583326,873.1925982345106
35,P3,873.1925982345106,1386.7084667949225
35,P5,1386.7084667949225,1676.2994470145036
35,P6,1676.2994470145036,1979.978105449834
36,P3,450.48258578368154,624.8089430860161
36,P5,624.8089430860161,756.7286112736019
36,P6,756.7286112736019,887.6585414527513
37,P1,501.6722440307856,666.2541451461561
37,P2,666.2541451461561,779.5023332894987
37,P3,779.5023332894987,1024.6933085487174
37,P5,1024.6933085487174,1256.7643928904374
37,P6,1256.7643928904374,1552.2021696934285
38,P1,516.1356204215498,746.5428169337358
38,P2,746.5428169337358,917.7208344861747
38,P3,917.7208344861747,1063.1409311105833
38,P4,1063.1409311105833,1343.8207748127336
38,P7,1343.8207748127336,1484.4263282495865
39,P1,519.2616135940373,756.499590114277
39,P2,756.499590114277,1054.1838415434834
39,P3,1054.1838415434834,1527.4412943205234
39,P4,1527.4412943205234,1903.1310942444106
39,P6,1903.1310942444106,2162.0797474082806
39,P7,2162.0797474082806,2345.362210442609
40,P2,520.7430311236255,708.6763975814822
40,P3,708.6763975814822,1104.4161170713787
40,P5,1104.4161170713787,1280.2647235706065
40,P6,1280.2647235706065,1405.8511854968779
41,P1,532.3784716969088,608.3847616592805
41,P2,608.3847616592805,782.1019227705667
41,P3,782.1019227705667,913.2403487559206
41,P4,913.2403487559206,1276.1452878958974
41,P6,1276.1452878958974,1559.5448917761928
42,P1,538.7408089369889,649.3560275838381
42,P2,649.3560275838381,1071.8407060325012
42,P3,1071.8407060325012,1323.9808967224321
42,P5,1323.9808967224321,1450.8341192129221
42,P6,1450.8341192129221,1559.5260343672792
43,P3,578.1787134777564,771.8782487818423
43,P4,771.8782487818423,1063.398305140003
43,P5,1063.398305140003,1209.1879472742787
44,P2,579.6538551349022,814.2513962983927
44,P3,814.2513962983927,1166.370217911262
44,P4,1166.370217911262,1436.1157427384724
44,P6,1436.1157427384724,1633.144198255206
45,P3,589.6362281143645,739.2568685364738
45,P5,739.2568685364738,928.4324684032979
46,P1,591.5389435897958,734.2713669255322
46,P2,734.2713669255322,823.4400073941064
46,P3,823.4400073941064,974.6060831763256
46,P4,974.6060831763256,1160.4351681707635
46,P7,1160.4351681707635,1267.7884743069833
47,P2,599.2441036112517,737.1918418127323
47,P3,737.1918418127323,957.9288146410054
47,P5,957.9288146410054,1152.6833670882643
47,P6,1152.6833670882643,1396.845848879695
48,P1,609.8479427544062,699.4965321904639
48,P2,699.4965321904639,848.0761895734867
48,P3,848.0761895734867,1097.8497711801301
48,P4,1097.8497711801301,1566.2862009337528
48,P7,1566.2862009337528,1726.8703735258014
49,P3,626.040892984204,840.7315458800396
49,P4,840.7315458800396,1110.6642082279627
49,P5,1110.6642082279627,1309.1289143608753
50,P2,630.7742273360943,884.4389961633628
50,P3,884.4389961633628,1236.4195980342602
50,P4,1236.4195980342602,1726.875509283205
50,P5,1726.875509283205,2233.4175402895553
50,P6,2233.4175402895553,2482.6628480512454
51,P3,642.9468812296159,747.0241822951413
51,P4,747.0241822951413,889.7668291578732
51,P7,889.7668291578732,1030.7505793343685
52,P2,646.7129192495374,713.7913675893972
52,P3,713.7913675893972,870.5070725244265
52,P4,870.5070725244265,1049.5603559840165
52,P5,1049.5603559840165,1136.2413592962105
53,P1,650.49288464774,730.5253983717241
53,P2,730.5253983717241,898.9657249083959
53,P3,898.9657249083959,1026.1968327608922
53,P5,1026.1968327608922,1141.6981548574906
54,P3,682.1858880789387,919.8013579034046
54,P5,919.8013579034046,1270.9861431332047
55,P3,699.3977737961962,944.7274268218766
55,P5,944.7274268218766,1149.7499595436407
55,P6,1149.7499595436407,1288.6518008583835
56,P1,701.2580013194583,784.1665417221698
56,P2,784.1665417221698,899.220845727724
56,P3,899.220845727724,1082.3874029929575
56,P5,1082.3874029929575,1243.8886521464203
56,P6,1243.8886521464203,1376.3583739874462
57,P2,705.0774214552212,875.0805054311941
57,P3,875.0805054311941,1051.0880007380058
57,P4,1051.0880007380058,1433.9868497305565
57,P6,1433.9868497305565,1574.5341700850627
58,P3,709.2593269573534,787.0273728529965
58,P4,787.0273728529965,930.9262691523282
58,P7,930.9262691523282,998.8148460639729
59,P3,721.5363316358463,952.610533090134
59,P4,952.610533090134,1093.291910773452
59,P5,1093.291910773452,1193.4585755940593
59,P6,1193.4585755940593,1315.3875369120444
60,P3,727.4836277568742,1221.2664337118697
60,P4,1221.2664337118697,1853.9760740458933
60,P7,1853.9760740458933,2028.3399659982833
61,P3,733.8309490783593,822.0843261454734
61,P5,822.0843261454734,900.9055818134144
62,P1,740.4358256197828,824.2770555469364
62,P2,824.2770555469364,1369.2641641806958
62,P3,1369.2641641806958,1710.5912335305522
62,P4,1710.5912335305522,2095.7582520436954
62,P5,2095.7582520436954,2214.8783921452073
62,P6,2214.8783921452073,2486.7323357571054
63,P1,743.8740050073445,797.3507527877507
63,P2,797.3507527877507,973.578352724443
63,P3,973.578352724443,1074.2222254522817
63,P4,1074.2222254522817,1258.9280676454614
63,P6,1258.9280676454614,1359.8947085883206
64,P3,748.2508770975013,981.9970070107191
64,P4,981.9970070107191,1410.405696566273
64,P6,1410.405696566273,1622.9153104198874
64,P7,1622.9153104198874,1882.5414058756705
65,P3,760.4222601615892,939.3091833408614
65,P4,939.3091833408614,1195.9381383482992
65,P6,1195.9381383482992,1316.3026853050985
66,P1,768.6998298313256,939.7320248680696
66,P2,939.7320248680696,1118.5656423323899
66,P3,1118.5656423323899,1222.72635709845
66,P4,1222.72635709845,1529.3596707252464
66,P5,1529.3596707252464,1620.796496335467
67,P3,784.8045358746566,874.3286209220577
67,P5,874.3286209220577,967.2294922814301
68,P2,797.6938919653456,1024.6053905484314
68,P3,1024.6053905484314,1286.3392316013105
68,P5,1286.3392316013105,1500.2575018836717
68,P6,1500.2575018836717,1717.224271310885
69,P1,800.1780034590417,831.435406519849
69,P2,831.435406519849,892.9322361050278
69,P3,892.9322361050278,1132.003837893758
69,P4,1132.003837893758,1223.4693108899064
69,P7,1223.4693108899064,1299.119269585143
70,P1,824.1399382069495,1197.3110874243957
70,P2,1197.3110874243957,1308.1657022981094
70,P3,1308.1657022981094,1439.3885580706483
70,P4,1439.3885580706483,1718.7502582995487
70,P6,1718.7502582995487,1945.8934829070731
71,P3,836.7621367888416,969.7279385853433
71,P4,969.7279385853433,1308.134754305055
71,P7,1308.134754305055,1450.7370994043586
72,P1,839.5594803225506,920.1829723540666
72,P2,920.1829723540666,1033.0085587065923
72,P3,1033.0085587065923,1245.6542898403468
72,P5,1245.6542898403468,1415.0313930899024
73,P1,871.6096919021203,1020.6150978510557
73,P2,1020.6150978510557,1132.5808518773592
73,P3,1132.5808518773592,1332.974526232033
73,P5,1332.974526232033,1469.604031467034
73,P6,1469.604031467034,1587.857781330787
74,P3,893.7087341782353,1262.3730461617101
74,P4,1262.3730461617101,1449.6844361192743
74,P6,1449.6844361192743,1524.3158943826388
75,P1,918.9684879001246,1107.7313454705204
75,P2,1107.7313454705204,1297.9766519972784
75,P3,1297.9766519972784,1584.4836213443546
75,P5,1584.4836213443546,1768.233776085004
75,P6,1768.233776085004,2089.240612658932
76,P3,943.638248424707,1209.5250731492904
76,P4,1209.5250731492904,1715.4612857818533
76,P5,1715.4612857818533,2123.8261267784915
76,P6,2123.8261267784915,2516.976855332888
76,P7,2516.976855332888,2738.491459590951
77,P1,958.4475401545654,1040.6483165561726
77,P2,1040.6483165561726,1264.17082871684
77,P3,1264.17082871684,1509.1387083020757
77,P5,1509.1387083020757,1633.357831701535
77,P6,1633.357831701535,1749.8587810404547
78,P2,967.2000314078433,1287.0287928420416
78,P3,1287.0287928420416,1545.651729499286
78,P5,1545.651729499286,1864.982620146599
78,P6,1864.982620146599,2062.207919202222
79,P2,972.2661146987763,1115.5078370275921
79,P3,1115.5078370275921,1324.0756378327844
79,P5,1324.0756378327844,1564.379615881228
79,P6,1564.379615881228,1652.478531882433
80,P2,1002.8251669160827,1419.0626084108637
80,P3,1419.0626084108637,1716.5170906180695
80,P5,1716.5170906180695,1994.4566772193348
80,P6,1994.4566772193348,2139.0384849852494
81,P1,1034.238823241535,1196.4521688961856
81,P2,1196.4521688961856,1517.5576813002424
81,P3,1517.5576813002424,1893.1992114462269
81,P4,1893.1992114462269,2398.4591327653548
81,P7,2398.4591327653548,2784.0846504950828
82,P3,1037.6517178503893,1169.3630290593012
82,P4,1169.3630290593012,1460.8373583215596
82,P6,1460.8373583215596,1620.2389147770723
82,P7,1620.2389147770723,1756.162202382369
83,P2,1124.7608603572398,1269.3723104813776
83,P3,1269.3723104813776,1557.514456243952
83,P4,1557.514456243952,1976.3799607320657
83,P7,1976.3799607320657,2265.875097089026
84,P3,1152.7096845050644,1471.614840252649
84,P5,1471.614840252649,1718.4222864088117
84,P6,1718.4222864088117,1933.6979546317198
85,P3,1191.3119988831154,1231.9003361882665
85,P5,1231.9003361882665,1281.7307910516245
86,P2,1211.260817619101,1381.1696550529355
86,P3,1381.1696550529355,1530.0035672641584
86,P5,1530.0035672641584,1675.7344810179154
87,P1,1215.9982244144028,1314.1332450117734
87,P2,1314.1332450117734,1600.0021013056876
87,P3,1600.0021013056876,2035.6655700662636
87,P4,2035.6655700662636,2303.1775010771717
87,P7,2303.1775010771717,2424.695948541975
88,P2,1216.7023510586914,1390.848119820394
88,P3,1390.848119820394,1718.012704796819
88,P4,1718.012704796819,2026.072551777524
88,P7,2026.072551777524,2249.14976846812
89,P1,1221.2869137949885,1423.5575053686275
89,P2,1423.5575053686275,1608.6604737913285
89,P3,1608.6604737913285,1902.9472937444973
89,P5,1902.9472937444973,2224.2631549025505
89,P6,2224.2631549025505,2623.4493741242986
90,P2,1221.3975212903817,1340.510111735464
90,P3,1340.510111735464,1610.7151622087408
90,P4,1610.7151622087408,1825.7070381330086
90,P5,1825.7070381330086,1980.751140830533
91,P3,1238.14584159761,1363.0113740723036
91,P4,1363.0113740723036,1559.6540293142484
91,P5,1559.6540293142484,1685.52840692319
92,P2,1262.1588381518543,1411.6725308444306
92,P3,1411.6725308444306,1936.4184768265745
92,P5,1936.4184768265745,2166.1252523387425
93,P1,1263.009771515065,1473.413915907465
93,P2,1473.413915907465,1598.942641948793
93,P3,1598.942641948793,1784.1309970581563
93,P4,1784.1309970581563,2082.2826700481264
93,P6,2082.2826700481264,2293.578311500144
94,P1,1296.6891951692412,1662.343206782819
94,P2,1662.343206782819,1787.2799352628585
94,P3,1787.2799352628585,1901.981810322898
94,P5,1901.981810322898,2002.8280985213405
94,P6,2002.8280985213405,2238.4660578793064
95,P1,1302.3464685715117,1476.7252898239292
95,P2,1476.7252898239292,1696.3033296343597
95,P3,1696.3033296343597,1928.789755257786
95,P4,1928.789755257786,2307.45978767221
95,P5,2307.45978767221,2594.7526749303324
95,P6,2594.7526749303324,2879.1075197282203
96,P3,1320.7824838684521,1519.527982504433
96,P5,1519.527982504433,1699.3750087801523
96,P6,1699.3750087801523,1917.0382876450499
97,P1,1320.8209784496964,1633.5719082096552
97,P2,1633.5719082096552,1809.3468821524662
97,P3,1809.3468821524662,1889.150808000395
97,P4,1889.150808000395,2082.9903211798373
97,P5,2082.9903211798373,2578.6141923834202
98,P3,1335.6875149127245,1515.3535345405792
98,P4,1515.3535345405792,1791.9856117595652
98,P7,1791.9856117595652,2077.3304271549355
99,P1,1354.6362684872995,1411.7911817583006
99,P2,1411.7911817583006,1614.7298117492617
99,P3,1614.7298117492617,1726.403552905978
99,P5,1726.403552905978,1898.4071540090772
99,P6,1898.4071540090772,2050.045430262385
100,P1,1356.1538095821534,1796.7841233207378
100,P2,1796.7841233207378,1964.6691253533993
100,P3,1964.6691253533993,2204.615737866314
100,P4,2204.615737866314,2686.1768727207495
100,P5,2686.1768727207495,3005.9758950263827
100,P6,3005.9758950263827,3280.132328254613
101,P1,1360.3200200858198,1516.1197548046543
101,P2,1516.1197548046543,1716.4372262350712
101,P3,1716.4372262350712,1949.0972010906291
101,P5,1949.0972010906291,2209.6225745781308
102,P3,1368.7084449273775,1553.95759142585
102,P5,1553.95759142585,1663.332486843263
103,P1,1369.3787745110583,1766.0937001960087
103,P2,1766.0937001960087,2017.0336660837615
103,P3,2017.0336660837615,2219.9287457605274
103,P4,2219.9287457605274,2507.1171241288675
103,P6,2507.1171241288675,2703.225645849628
104,P2,1370.8668522364414,1502.7533535800824
104,P3,1502.7533535800824,1754.513171035181
104,P4,1754.513171035181,2078.5595630313037
104,P7,2078.5595630313037,2416.4360858595364
105,P1,1383.7713547950902,1678.2690548729659
105,P2,1678.2690548729659,1769.223952011825
105,P3,1769.223952011825,1974.1627627454495
105,P5,1974.1627627454495,2100.146064377778
105,P6,2100.146064377778,2198.9698193373893
105,P7,2198.9698193373893,2335.569443410992
106,P2,1388.0298550103898,1492.2303287639065
106,P3,1492.2303287639065,1663.7477578579217
106,P5,1663.7477578579217,1788.0104321224471
106,P6,1788.0104321224471,1940.6450008534664
107,P3,1396.4815973589018,1566.1752364780114
107,P4,1566.1752364780114,1836.5031899918179
107,P5,1836.5031899918179,2027.6686511992032
107,P6,2027.6686511992032,2327.5298299667784
108,P1,1424.5128735094413,1720.8560789572857
108,P2,1720.8560789572857,1839.473689799688
108,P3,1839.473689799688,2163.1610285331267
108,P5,2163.1610285331267,2378.2262201607223
109,P2,1427.229238750207,1492.771287096018
109,P3,1492.771287096018,1813.5975507845799
109,P4,1813.5975507845799,1956.6720002296097
109,P5,1956.6720002296097,2053.542080379566
109,P6,2053.542080379566,2129.117474288539
110,P1,1438.0196711145047,1514.1031673562225
110,P2,1514.1031673562225,1688.7803559838692
110,P3,1688.7803559838692,1976.360961387926
110,P5,1976.360961387926,2105.6432881111277
111,P3,1445.6972973572538,1638.7394352164972
111,P5,1638.7394352164972,1732.6259005731156
112,P3,1464.07540181351,1610.414754421603
112,P5,1610.414754421603,1795.8284294012556
112,P6,1795.8284294012556,1941.935288609915
113,P1,1467.275865329446,1571.2628220450733
113,P2,1571.2628220450733,1650.3998829154207
113,P3,1650.3998829154207,1837.0607311397316
113,P4,1837.0607311397316,2153.7619158278294
113,P5,2153.7619158278294,2309.4041888166175
114,P3,1483.2386514742866,1742.265208950278
114,P4,1742.265208950278,2158.46297316683
114,P6,2158.46297316683,2376.5931715521524
114,P7,2376.5931715521524,2570.8953503113967
115,P2,1489.0027352047437,1621.839098198061
115,P3,1621.839098198061,1749.8313880463147
115,P4,1749.8313880463147,2075.2585943590966
115,P6,2075.2585943590966,2230.2159129784004
115,P7,2230.2159129784004,2353.3828595101654
116,P1,1506.457393988763,1614.4321628753082
116,P2,1614.4321628753082,1990.4580862970097
116,P3,1990.4580862970097,2186.5528647405476
116,P4,2186.5528647405476,2538.9562505889307
116,P6,2538.9562505889307,2696.0755976166615
117,P2,1511.7079089034164,1663.071597374501
117,P3,1663.071597374501,1886.4743028106298
117,P5,1886.4743028106298,2048.0446104691564
118,P1,1516.0043498993994,1646.3258895718202
118,P2,1646.3258895718202,1795.203332076553
118,P3,1795.203332076553,1937.3004863843364
118,P5,1937.3004863843364,2070.3677375156794
119,P1,1524.9226140108474,1619.5083087750083
119,P2,1619.5083087750083,1722.9341988855754
119,P3,1722.9341988855754,1821.8345005600422
119,P5,1821.8345005600422,1911.9739797224559
120,P1,1532.4412589479132,1833.0052955233318
120,P2,1833.0052955233318,1962.7718646471508
120,P3,1962.7718646471508,2145.966208448569
120,P5,2145.966208448569,2329.7856715924195
120,P6,2329.7856715924195,2428.6607903365893
120,P7,2428.6607903365893,2645.8612108278244
121,P2,1551.4696217649105,1644.2865307951831
121,P3,1644.2865307951831,1949.216605101298
121,P4,1949.216605101298,2113.1596944875228
121,P7,2113.1596944875228,2172.3394387683343
122,P1,1563.490672350387,1679.7778721165394
122,P2,1679.7778721165394,1750.2566420395885
122,P3,1750.2566420395885,1844.8540117674665
122,P5,1844.8540117674665,1937.2820597789578
123,P1,1571.673553426583,1632.0853624008807
123,P2,1632.0853624008807,1699.9072048146459
123,P3,1699.9072048146459,2089.9938065542237
123,P4,2089.9938065542237,2293.9634550212504
123,P5,2293.9634550212504,2414.9446686103965
124,P1,1573.6649920496352,1625.5113867768393
124,P2,1625.5113867768393,1680.5293937559497
124,P3,1680.5293937559497,1788.1335369115386
124,P4,1788.1335369115386,1921.94161433576
124,P5,1921.94161433576,2461.5984913844104
125,P1,1592.4731183439912,1752.942464472318
125,P2,1752.942464472318,2031.1440896419463
125,P3,2031.1440896419463,2236.720534977584
125,P5,2236.720534977584,2469.148810004956
126,P1,1593.064332895727,1713.418246650093
126,P2,1713.418246650093,1866.6250357045863
126,P3,1866.6250357045863,2047.5094165408498
126,P4,2047.5094165408498,2411.0947620177317
126,P6,2411.0947620177317,2608.225021948908
127,P1,1593.965866026472,1666.3476036585669
127,P2,1666.3476036585669,1925.1058562034846
127,P3,1925.1058562034846,2176.0736666195617
127,P4,2176.0736666195617,2459.1471402525344
127,P6,2459.1471402525344,2649.233964727253
128,P3,1607.0453027888645,1834.420444709232
128,P4,1834.420444709232,2180.535418852282
128,P6,2180.535418852282,2444.283099807979
128,P7,2444.283099807979,2549.0703081719735
129,P3,1610.5651542817513,1816.6018653624901
129,P5,1816.6018653624901,1942.7565529100555
129,P6,1942.7565529100555,2171.2592450946067
130,P2,1613.8133423812446,2018.1166159831457
130,P3,2018.1166159831457,2547.9169433941533
130,P4,2547.9169433941533,3437.721222793132
130,P6,3437.721222793132,3743.0436773536185
131,P1,1643.0986250443755,1723.6729489220074
131,P2,1723.6729489220074,1794.4732160004864
131,P3,1794.4732160004864,1905.60381739788
131,P5,1905.60381739788,2070.455530373331
131,P6,2070.455530373331,2262.8016473705343
132,P2,1649.2330589180176,1687.2242356296376
132,P3,1687.2242356296376,1742.2438354597589
132,P5,1742.2438354597589,1807.4218838483002
133,P2,1663.0569167811116,1744.8957533307862
133,P3,1744.8957533307862,1983.6956702471243
133,P4,1983.6956702471243,2239.6911210150233
133,P7,2239.6911210150233,2440.1240316953777
134,P1,1666.1400092557842,1732.2575932815764
134,P2,1732.2575932815764,1816.5455571873658
134,P3,1816.5455571873658,1934.395776960365
134,P4,1934.395776960365,2027.9929770515653
134,P7,2027.9929770515653,2082.5412274655096
135,P1,1668.336830427865,1899.8819316275776
135,P2,1899.8819316275776,2292.748613647656
135,P3,2292.748613647656,2795.614411944146
135,P4,2795.614411944146,3332.537524831198
135,P5,3332.537524831198,3472.4082122466966
135,P6,3472.4082122466966,3607.0313048956127
136,P1,1686.2913489615912,1819.226739722597
136,P2,1819.226739722597,1997.7547223660722
136,P3,1997.7547223660722,2157.246101373055
136,P4,2157.246101373055,2429.8981952316667
136,P7,2429.8981952316667,2545.288505196322
137,P2,1699.2849905354205,1822.0081048322888
137,P3,1822.0081048322888,1926.630184936863
137,P4,1926.630184936863,2186.1564911855758
137,P6,2186.1564911855758,2354.84078148069
138,P3,1706.0915119253955,1875.0723372628495
138,P5,1875.0723372628495,2311.436937221523
138,P6,2311.436937221523,2455.8417348853322
139,P3,1712.3090116890312,1926.5557046546894
139,P5,1926.5557046546894,2163.7165945090974
139,P6,2163.7165945090974,2297.875236134436
140,P1,1712.9276746590429,1834.014158695984
140,P2,1834.014158695984,1926.6390637560858
140,P3,1926.6390637560858,2125.39529265012
140,P4,2125.39529265012,2678.9836869862625
140,P5,2678.9836869862625,2890.879039648342
140,P6,2890.879039648342,3116.1217188944747
141,P3,1716.7323772475224,1799.0151578330244
141,P4,1799.0151578330244,2061.8357367883086
141,P7,2061.8357367883086,2122.375521373443
142,P1,1723.2848044544785,1801.8265176426594
142,P2,1801.8265176426594,1992.973309373249
142,P3,1992.973309373249,2211.91190240561
142,P5,2211.91190240561,2374.616389501699
142,P6,2374.616389501699,2522.4812916752694
143,P1,1724.1636744161685,1841.855534936704
143,P2,1841.855534936704,1912.6011382063398
143,P3,1912.6011382063398,2037.803782363468
143,P5,2037.803782363468,2431.8764120895758
143,P6,2431.8764120895758,2540.668353955226
144,P3,1737.436859189084,1904.7063336139063
144,P4,1904.7063336139063,2203.911029102129
144,P5,2203.911029102129,2318.793078599397
145,P1,1754.3880666508483,1914.0242857523458
145,P2,1914.0242857523458,2291.69037799467
145,P3,2291.69037799467,2570.5172205700687
145,P4,2570.5172205700687,2837.3212861260777
145,P7,2837.3212861260777,3087.9996806838362
146,P1,1755.6721680256212,1825.9893922089911
146,P2,1825.9893922089911,1977.565166211144
146,P3,1977.565166211144,2136.8105399612077
146,P4,2136.8105399612077,2347.57581090092
146,P6,2347.57581090092,2512.978892377943
147,P1,1767.7142267253987,1857.2669147519825
147,P2,1857.2669147519825,2002.494949367151
147,P3,2002.494949367151,2083.3344963387967
147,P4,2083.3344963387967,2329.3643354633405
147,P7,2329.3643354633405,2425.0809493093348
148,P1,1782.0547725649624,1872.587673664039
148,P2,1872.587673664039,2087.4946898651287
148,P3,2087.4946898651287,2277.7758602205186
148,P5,2277.7758602205186,2377.1374172447167
148,P6,2377.1374172447167,2514.2568527015
149,P1,1783.7247580447827,1904.2155353687535
149,P2,1904.2155353687535,2007.5791403266826
149,P3,2007.5791403266826,2189.292111381564
149,P4,2189.292111381564,2463.5140390426936
149,P5,2463.5140390426936,2611.1278204884984
149,P6,2611.1278204884984,2851.3965853173995
149,P7,2851.3965853173995,3098.0783199612047
150,P1,1798.9009820012602,1944.9005492879019
150,P2,1944.9005492879019,2085.26430915551
150,P3,2085.26430915551,2253.4506001790883
150,P5,2253.4506001790883,2359.6477568866094
151,P1,1809.559481306918,1925.3942142626674
151,P2,1925.3942142626674,2030.5369098920405
151,P3,2030.5369098920405,2273.640873074137
151,P4,2273.640873074137,2639.0582497662253
151,P5,2639.0582497662253,2752.9501787646045
151,P6,2752.9501787646045,2857.144277522063
151,P7,2857.144277522063,2923.0324994615175
152,P1,1811.6210636969076,1904.4164858024408
152,P2,1904.4164858024408,1997.7529228511728
152,P3,1997.7529228511728,2281.1349298516748
152,P4,2281.1349298516748,2445.2180595061145
152,P6,2445.2180595061145,2663.6741655390597
153,P1,1814.779321151422,2151.098354906373
153,P2,2151.098354906373,2599.186934405628
153,P3,2599.186934405628,2984.80143375481
153,P5,2984.80143375481,3462.4496515662904
154,P1,1827.503647466589,1940.0074252315803
154,P2,1940.0074252315803,1993.5521906324095
154,P3,1993.5521906324095,2055.005713259372
154,P5,2055.005713259372,2427.3412631177935
154,P6,2427.3412631177935,2484.5355282576274
155,P1,1844.8363105278606,1951.6738742831944
155,P2,1951.6738742831944,2324.456136804977
155,P3,2324.456136804977,2491.758575417241
155,P4,2491.758575417241,2882.6718899398784
155,P6,2882.6718899398784,3187.8510963179224
156,P3,1858.0328234214012,1942.0727613189238
156,P5,1942.0727613189238,2062.1754234735913
157,P1,1862.824369799152,2061.462256138959
157,P2,2061.462256138959,2229.7718254561723
157,P3,2229.7718254561723,2411.142565848808
157,P4,2411.142565848808,2702.0451211074565
157,P5,2702.0451211074565,3007.63222610779
157,P6,3007.63222610779,3166.484678368885
158,P1,1870.8696768307916,1979.9585828805825
158,P2,1979.9585828805825,2064.4808061466506
158,P3,2064.4808061466506,2219.8031039564326
158,P5,2219.8031039564326,2367.9991287579924
158,P6,2367.9991287579924,2477.031582200023
159,P1,1887.231622425311,1952.907213107507
159,P2,1952.907213107507,2027.1568915597431
159,P3,2027.1568915597431,2250.0684518352973
159,P5,2250.0684518352973,2383.264145128492
159,P6,2383.264145128492,2500.456325922803
160,P3,1887.965179577566,2079.1211073595996
160,P5,2079.1211073595996,2398.157999415614
160,P6,2398.157999415614,2622.7314991505286
160,P7,2622.7314991505286,2823.776231494387
161,P2,1897.2695936457715,2006.2183791872383
161,P3,2006.2183791872383,2139.085094722555
161,P5,2139.085094722555,2456.8550274563468
162,P1,1898.239936125903,2067.9257822723876
162,P2,2067.9257822723876,2345.224314510905
162,P3,2345.224314510905,2568.88880176565
162,P4,2568.88880176565,2836.4735948803427
162,P7,2836.4735948803427,2982.6083336605493
163,P3,1902.2808571422327,2007.523123615475
163,P5,2007.523123615475,2120.3026028219124
163,P6,2120.3026028219124,2231.5253429728546
164,P1,1930.9623821678208,2098.516380562492
164,P2,2098.516380562492,2266.644676402013
164,P3,2266.644676402013,2509.616492812922
164,P4,2509.616492812922,2938.182623164991
164,P7,2938.182623164991,3379.3540694273493
165,P2,1934.8835517080856,2006.410849818136
165,P3,2006.410849818136,2156.7456433807406
165,P4,2156.7456433807406,2346.395486451188
165,P7,2346.395486451188,2396.423852909571
166,P1,1937.551801149318,2169.0754334652256
166,P2,2169.0754334652256,2407.2072982908285
166,P3,2407.2072982908285,2599.5828873085397
166,P4,2599.5828873085397,2959.631292087329
166,P6,2959.631292087329,3147.493620388023
167,P2,1970.2264036266185,2124.047141155077
167,P3,2124.047141155077,2292.5919824847847
167,P4,2292.5919824847847,2613.58244846304
167,P7,2613.58244846304,2705.888936440639
168,P1,1975.8421121848182,2042.2395376257618
168,P2,2042.2395376257618,2107.7573367194964
168,P3,2107.7573367194964,2212.1482326340483
168,P5,2212.1482326340483,2320.891803290923
168,P6,2320.891803290923,2611.7966226060103
169,P1,1978.6741925443512,2098.574675277998
169,P2,2098.574675277998,2212.3192414746454
169,P3,2212.3192414746454,2339.2282247923986
169,P4,2339.2282247923986,2560.583728804602
169,P7,2560.583728804602,2909.690147654385
170,P1,1984.2269173603947,2094.2694788479557
170,P2,2094.2694788479557,2192.323761414173
170,P3,2192.323761414173,2311.347416016549
170,P4,2311.347416016549,2522.256823898794
170,P6,2522.256823898794,2633.521115955773
171,P1,1987.1642498098367,2103.319158673167
171,P2,2103.319158673167,2471.816720188428
171,P3,2471.816720188428,2676.843457219221
171,P4,2676.843457219221,3115.152810924601
171,P7,3115.152810924601,3312.4961530144537
172,P3,1990.1573515948428,2083.804035025895
172,P5,2083.804035025895,2180.032465802149
172,P6,2180.032465802149,2253.402367175826
172,P7,2253.402367175826,2336.177420124675
173,P1,1991.938609671109,2082.0839207375057
173,P2,2082.0839207375057,2207.9182324364456
173,P3,2207.9182324364456,2392.53208121553
173,P4,2392.53208121553,2625.9251475906312
173,P6,2625.9251475906312,2726.682678560718
174,P1,1996.6247457612412,2112.1543949312013
174,P2,2112.1543949312013,2354.5323302960987
174,P3,2354.5323302960987,2524.972838449094
174,P4,2524.972838449094,2869.674757515205
174,P6,2869.674757515205,3000.181287242558
175,P1,2012.4357639740613,2102.9615529058087
175,P2,2102.9615529058087,2294.3777226501606
175,P3,2294.3777226501606,2376.907033580538
175,P4,2376.907033580538,2560.889155561842
175,P7,2560.889155561842,2663.054937797627
176,P1,2012.6651177369788,2342.335173562291
176,P2,2342.335173562291,2627.4477042273256
176,P3,2627.4477042273256,2896.1835724445596
176,P5,2896.1835724445596,3303.079596981145
177,P3,2013.0767730382672,2252.946816109067
177,P5,2252.946816109067,2668.4617654688536
177,P6,2668.4617654688536,2849.0257738657237
178,P1,2019.5868815799952,2161.3849713176055
178,P2,2161.3849713176055,2383.1861051972487
178,P3,2383.1861051972487,2505.5422479778413
178,P5,2505.5422479778413,2653.7395047599684
178,P6,2653.7395047599684,2791.796987795057
179,P1,2020.890197720342,2121.7603488588993
179,P2,2121.7603488588993,2418.0509228912706
179,P3,2418.0509228912706,2630.532668549143
179,P4,2630.532668549143,2847.9562584305286
179,P7,2847.9562584305286,3232.3813203107065
180,P2,2038.9807953903555,2259.1403209830532
180,P3,2259.1403209830532,2563.8051843851445
180,P5,2563.8051843851445,2756.213097169184
180,P6,2756.213097169184,2934.5538341929355
181,P3,2059.515002399544,2177.3159398568596
181,P4,2177.3159398568596,2378.5201837409118
181,P5,2378.5201837409118,2591.3125503466613
181,P6,2591.3125503466613,2931.2174351424433
182,P1,2069.5487249596918,2232.6332881459653
182,P2,2232.6332881459653,2282.8829591501303
182,P3,2282.8829591501303,2424.2099381880926
182,P5,2424.2099381880926,2679.154608574979
183,P1,2071.7558347844542,2224.9094789972346
183,P2,2224.9094789972346,2476.4032608922544
183,P3,2476.4032608922544,2660.1443051558226
183,P4,2660.1443051558226,3034.4906439208767
183,P7,3034.4906439208767,3244.4815563818065
184,P1,2072.124036738011,2322.77135145854
184,P2,2322.77135145854,2551.371126816587
184,P3,2551.371126816587,2805.4977834698493
184,P5,2805.4977834698493,3025.729429403865
185,P2,2072.2852235312394,2145.8515065975153
185,P3,2145.8515065975153,2200.761902991003
185,P4,2200.761902991003,2346.1296592713534
185,P5,2346.1296592713534,2432.971486319813
185,P6,2432.971486319813,2505.444916112255
186,P1,2081.148319671075,2160.2427901465667
186,P2,2160.2427901465667,2316.193966877019
186,P3,2316.193966877019,2519.099995185844
186,P4,2519.099995185844,2713.618332501057
186,P6,2713.618332501057,2990.868649575568
187,P1,2089.8756671767155,2185.8607537469525
187,P2,2185.8607537469525,2300.311311327807
187,P3,2300.311311327807,2443.3043224878384
187,P5,2443.3043224878384,2916.370205208764
187,P6,2916.370205208764,3029.9525730440023
188,P1,2104.8947163748553,2226.359180609056
188,P2,2226.359180609056,2388.646359278731
188,P3,2388.646359278731,2635.1420843400824
188,P4,2635.1420843400824,2977.410581999491
188,P6,2977.410581999491,3116.202751152294
188,P7,3116.202751152294,3226.6733790106523
189,P1,2114.837781428221,2188.5497443366944
189,P2,2188.5497443366944,2314.4253954755177
189,P3,2314.4253954755177,2523.975204440599
189,P5,2523.975204440599,2703.333406079213
189,P6,2703.333406079213,2856.088938123029
190,P3,2128.0805646075596,2478.066294863666
190,P5,2478.066294863666,2917.071270106842
190,P6,2917.071270106842,3053.3082129483473
191,P2,2137.521454848835,2195.51524116057
191,P3,2195.51524116057,2256.4114108523536
191,P5,2256.4114108523536,2406.5735763390876
191,P6,2406.5735763390876,2582.820000262445
192,P1,2150.9878517013713,2292.676746526169
192,P2,2292.676746526169,2427.326614481924
192,P3,2427.326614481924,2575.707750569034
192,P4,2575.707750569034,2913.8945399717527
192,P7,2913.8945399717527,3208.384969227489
193,P1,2166.5377664276266,2214.9221477093192
193,P2,2214.9221477093192,2273.001966501701
193,P3,2273.001966501701,2446.5451165229315
193,P4,2446.5451165229315,2586.330792407072
193,P5,2586.330792407072,2664.538818938785
193,P6,2664.538818938785,2751.824541552307
194,P1,2169.690822910659,2368.533086230692
194,P2,2368.533086230692,2561.514283245808
194,P3,2561.514283245808,2886.3463275845907
194,P4,2886.3463275845907,3396.848637588566
194,P7,3396.848637588566,3615.0635102119827
195,P3,2193.294279069625,2387.152787452803
195,P5,2387.152787452803,2508.2194012554487
195,P6,2508.2194012554487,2674.556264718838
196,P1,2193.5046262690903,2357.986833142761
196,P2,2357.986833142761,2553.765386201764
196,P3,2553.765386201764,2830.5305577673407
196,P5,2830.5305577673407,3110.4800261116934
197,P2,2201.430558619238,2515.8057552163436
197,P3,2515.8057552163436,3121.646614275516
197,P5,3121.646614275516,3481.9895540749394
197,P6,3481.9895540749394,3906.6732048050435
197,P7,3906.6732048050435,4221.35300969245
198,P2,2207.2941593927144,2417.662237643847
198,P3,2417.662237643847,2706.804594855039
198,P4,2706.804594855039,3209.900378371255
198,P5,3209.900378371255,3659.7735897881294
198,P6,3659.7735897881294,3829.0911163442447
199,P3,2210.76751758644,2274.1624279628577
199,P4,2274.1624279628577,2514.166398425601
199,P6,2514.166398425601,2704.7188654208467
200,P1,2212.025746473141,2800.129015050966
200,P2,2800.129015050966,2947.924525896329
200,P3,2947.924525896329,3338.429589406413
200,P4,3338.429589406413,3570.7678159304755
200,P6,3570.7678159304755,3724.1753768877425
201,P2,2212.0328907656444,2446.9884476442135
201,P3,2446.9884476442135,2585.8231715236006
201,P4,2585.8231715236006,2803.4126527085014
201,P7,2803.4126527085014,2939.1255170039362
202,P3,2217.0755891178205,2511.2410395872553
202,P5,2511.2410395872553,2621.407111357964
202,P6,2621.407111357964,2706.6349376389417
203,P3,2221.7686857726885,2346.0432086206606
203,P5,2346.0432086206606,2517.6396015417527
203,P6,2517.6396015417527,2646.155680863978
204,P3,2235.0670911517086,2609.1140708950647
204,P5,2609.1140708950647,2669.5485546198756
204,P6,2669.5485546198756,2770.775015060185
204,P7,2770.775015060185,2847.1902183420725
205,P1,2238.3585228012835,2324.486866539958
205,P2,2324.486866539958,2370.0098009171975
205,P3,2370.0098009171975,2425.3554772056286
205,P5,2425.3554772056286,2541.022817420971
205,P6,2541.022817420971,2599.2529384716654
206,P2,2269.607740199995,2339.0340276534093
206,P3,2339.0340276534093,2424.931190451748
206,P4,2424.931190451748,2803.706621655622
206,P7,2803.706621655622,2874.859728938592
207,P1,2308.493159744516,2471.1716024336147
207,P2,2471.1716024336147,2572.03009195829
207,P3,2572.03009195829,2752.6052958997775
207,P5,2752.6052958997775,2958.1278624992183
207,P6,2958.1278624992183,3087.6249510120356
208,P1,2322.0585050677073,2363.791893171806
208,P2,2363.791893171806,2545.927743814843
208,P3,2545.927743814843,2743.199063164438
208,P5,2743.199063164438,2817.022859845625
209,P1,2322.313618083866,2422.444606838514
209,P2,2422.444606838514,2561.044791859074
209,P3,2561.044791859074,2750.068293172772
209,P5,2750.068293172772,2912.4357535647387
210,P1,2343.506199911389,2572.641097441893
210,P2,2572.641097441893,2665.936334075695
210,P3,2665.936334075695,2929.2265854028055
210,P4,2929.2265854028055,3177.6671810349467
210,P7,3177.6671810349467,3285.8100306487804
211,P2,2345.3496079855904,2466.860394694186
211,P3,2466.860394694186,2964.27190128283
211,P5,2964.27190128283,3096.0709701381224
211,P6,3096.0709701381224,3222.0349126414844
212,P1,2355.5070390255837,2487.4933931654055
212,P2,2487.4933931654055,2638.5942582069497
212,P3,2638.5942582069497,2921.2142383521364
212,P5,2921.2142383521364,3115.2017668629164
212,P6,3115.2017668629164,3307.938609926877
213,P3,2358.0187813194607,2461.339046571995
213,P4,2461.339046571995,2656.383499222173
213,P5,2656.383499222173,2739.22348632164
214,P3,2370.3525731810614,2605.910805644484
214,P4,2605.910805644484,2926.0021123652937
214,P5,2926.0021123652937,3128.6239962382165
215,P1,2380.4830564889926,2448.220377654443
215,P2,2448.220377654443,2533.966872817637
215,P3,2533.966872817637,2769.6046060677136
215,P5,2769.6046060677136,2923.0141018242475
215,P6,2923.0141018242475,3064.059985266508
215,P7,3064.059985266508,3128.472099059921
216,P1,2383.0237091775602,2497.2244545070857
216,P2,2497.2244545070857,2837.9766530767843
216,P3,2837.9766530767843,3402.403306612006
216,P5,3402.403306612006,3724.472821690206
217,P1,2383.6568073880057,2866.9117372971355
217,P2,2866.9117372971355,2978.4101620007755
217,P3,2978.4101620007755,3115.5338678114617
217,P5,3115.5338678114617,3227.457116427102
218,P1,2389.0588974220846,2596.8010183952415
218,P2,2596.8010183952415,2642.616431681763
218,P3,2642.616431681763,2728.335662166867
218,P4,2728.335662166867,3171.820375433693
218,P7,3171.820375433693,3217.380893496396
219,P1,2404.4100466709365,2587.2418064982826
219,P2,2587.2418064982826,2793.4713955241564
219,P3,2793.4713955241564,3082.5268465886024
219,P4,3082.5268465886024,3546.8919336264944
219,P7,3546.8919336264944,3698.2957249230453
220,P1,2414.8730833600457,2502.6620432752575
220,P2,2502.6620432752575,2808.5166547569984
220,P3,2808.5166547569984,2912.437584725481
220,P4,2912.437584725481,3352.232225234251
220,P6,3352.232225234251,3505.781161496527
221,P1,2419.212219521344,2543.0789290651933
221,P2,2543.0789290651933,2658.770029571268
221,P3,2658.770029571268,2799.6742560105376
221,P5,2799.6742560105376,2978.07741616173
222,P3,2456.53874693116,2597.745200451852
222,P4,2597.745200451852,2806.8094241978183
222,P6,2806.8094241978183,2996.1603382575872
223,P3,2466.594778936159,2570.0070280793857
223,P4,2570.0070280793857,2839.8017908173156
223,P6,2839.8017908173156,2993.576610406953
224,P1,2490.392684765924,2676.6081180238243
224,P2,2676.6081180238243,3016.906390155869
224,P3,3016.906390155869,3234.544291876787
224,P4,3234.544291876787,3745.820707226243
224,P7,3745.820707226243,3996.773231241863
225,P1,2491.1200107589507,2580.8101196181788
225,P2,2580.8101196181788,2717.567800411264
225,P3,2717.567800411264,2874.356497277299
225,P4,2874.356497277299,2972.4668835748516
225,P5,2972.4668835748516,3085.781365974334
225,P6,3085.781365974334,3135.317784636864
226,P3,2493.0409884840465,2870.3992745658998
226,P5,2870.3992745658998,3041.3658165843626
226,P6,3041.3658165843626,3326.919916874672
227,P1,2514.8371814762786,2699.9280140639266
227,P2,2699.9280140639266,2892.403976446815
227,P3,2892.403976446815,3230.58256774372
227,P4,3230.58256774372,3559.0778453354965
227,P6,3559.0778453354965,3745.555511485543
228,P3,2524.9897649364752,2637.427330524592
228,P5,2637.427330524592,2908.6828170606855
228,P6,2908.6828170606855,3003.843425900408
229,P1,2538.595656318674,2687.2477575340636
229,P2,2687.2477575340636,2855.639819743135
229,P3,2855.639819743135,3089.601364278747
229,P4,3089.601364278747,3371.270009192856
229,P6,3371.270009192856,3484.048342342058
230,P1,2539.531872116292,2679.120674812642
230,P2,2679.120674812642,2901.6993909430416
230,P3,2901.6993909430416,3119.9648152700865
230,P4,3119.9648152700865,3523.6887156948715
230,P5,3523.6887156948715,3731.853101330399
230,P6,3731.853101330399,3924.4733326229543
231,P1,2545.528074324937,2606.67327564856
231,P2,2606.67327564856,2688.903285011169
231,P3,2688.903285011169,2790.1351375094255
231,P4,2790.1351375094255,3060.6364560103552
231,P6,3060.6364560103552,3164.3177409544614
232,P3,2552.191217989525,2730.69455198113
232,P4,2730.69455198113,3056.060805983462
232,P6,3056.060805983462,3141.2422129993
232,P7,3141.2422129993,3208.166124164512
233,P3,2556.094787092332,2742.6580370502215
233,P5,2742.6580370502215,2972.6328595151726
234,P1,2569.5613702343653,2699.936024194095
234,P2,2699.936024194095,2796.120697556665
234,P3,2796.120697556665,2939.8513401830446
234,P4,2939.8513401830446,3169.276675517004
234,P7,3169.276675517004,3270.3488349541003
235,P1,2581.463637471443,3132.3727915617696
235,P2,3132.3727915617696,3251.1336282296493
235,P3,3251.1336282296493,3717.392015852253
235,P4,3717.392015852253,4031.803042183176
235,P6,4031.803042183176,4220.896530531763
236,P1,2584.6858417836593,2873.07174167023
236,P2,2873.07174167023,2958.7070646322395
236,P3,2958.7070646322395,3157.9412839907745
236,P4,3157.9412839907745,3501.3590802924273
236,P6,3501.3590802924273,3603.2475706712153
237,P1,2605.343792124501,2906.1038302135294
237,P2,2906.1038302135294,3007.958467372835
237,P3,3007.958467372835,3147.3183509613987
237,P4,3147.3183509613987,3386.4225598835205
237,P6,3386.4225598835205,3535.2299449861266
238,P1,2613.577098189947,2786.95913429694
238,P2,2786.95913429694,3132.8400376242284
238,P3,3132.8400376242284,3574.8203548567067
238,P5,3574.8203548567067,4216.795157711396
239,P1,2642.878495876593,3390.2553490366563
239,P2,3390.2553490366563,3651.8752105009007
239,P3,3651.8752105009007,3781.000891030467
239,P4,3781.000891030467,4072.1906771365034
239,P5,4072.1906771365034,4200.075167600534
240,P3,2666.582567331373,2920.2932632047896
240,P4,2920.2932632047896,3246.6033090134497
240,P7,3246.6033090134497,3350.2744405335893
241,P2,2675.032342143655,2877.930213629622
241,P3,2877.930213629622,3054.182169169284
241,P4,3054.182169169284,3375.0562358831353
241,P7,3375.0562358831353,3503.510632047518
242,P3,2696.240802460918,2912.1713671059765
242,P5,2912.1713671059765,3035.9683358499265
243,P3,2701.3490199286753,2770.1424929756286
243,P4,2770.1424929756286,2880.1240201792143
243,P5,2880.1240201792143,2968.972486514916
244,P3,2711.8364372834662,2944.750435013051
244,P4,2944.750435013051,3256.9215396501804
244,P5,3256.9215396501804,3363.8130918322763
245,P1,2728.387570813714,2785.566280931835
245,P2,2785.566280931835,2876.7119763210912
245,P3,2876.7119763210912,3014.5275179354767
245,P4,3014.5275179354767,3244.2320232357647
245,P7,3244.2320232357647,3341.161243361856
246,P3,2759.083339142878,2943.911315614988
246,P4,2943.911315614988,3077.4849292994313
246,P6,3077.4849292994313,3178.5209677006974
246,P7,3178.5209677006974,3243.8035733972456
247,P1,2769.1297781059156,2855.038173423403
247,P2,2855.038173423403,2991.8912486370314
247,P3,2991.8912486370314,3140.9711856884046
247,P4,3140.9711856884046,3864.9104169931206
247,P7,3864.9104169931206,4018.821413191571
248,P2,2773.3078545251014,2884.925555010422
248,P3,2884.925555010422,3100.4391192173293
248,P4,3100.4391192173293,3402.729741462641
248,P5,3402.729741462641,3541.790788290381
248,P6,3541.790788290381,3768.3561659313577
249,P1,2779.797468512219,2934.395378509599
249,P2,2934.395378509599,3092.7593812162177
249,P3,3092.7593812162177,3332.157904485351
249,P5,3332.157904485351,3569.2508672511917
249,P6,3569.2508672511917,3739.4769549403986
250,P1,2802.797393068333,2985.2342564902897
250,P2,2985.2342564902897,3173.3732559503055
250,P3,3173.3732559503055,3326.570712637125
250,P4,3326.570712637125,3567.4307745384413
250,P6,3567.4307745384413,3650.9581630669873
251,P1,2828.659186289855,2933.04134448503
251,P2,2933.04134448503,3000.225787170306
251,P3,3000.225787170306,3235.5108670343134
251,P4,3235.5108670343134,3491.480149556805
251,P7,3491.480149556805,3590.556543849004
252,P1,2833.087402809091,2945.9603255018756
252,P2,2945.9603255018756,3063.9155089436895
252,P3,3063.9155089436895,3361.1390374244174
252,P5,3361.1390374244174,3580.4995811921326
252,P6,3580.4995811921326,3753.3451435748166
253,P1,2848.4618005324355,3001.1105429393892
253,P2,3001.1105429393892,3142.725646886408
253,P3,3142.725646886408,3470.742193077911
253,P4,3470.742193077911,3723.473196306468
253,P5,3723.473196306468,3877.783677898532
253,P6,3877.783677898532,3997.382867631395
253,P7,3997.382867631395,4088.309018765329
254,P1,2854.1408718657294,2978.941039225904
254,P2,2978.941039225904,3064.6971309075543
254,P3,3064.6971309075543,3220.0586843858305
254,P4,3220.0586843858305,3515.5165953907563
254,P5,3515.5165953907563,3715.9939970630435
254,P6,3715.9939970630435,3886.2287707674773
254,P7,3886.2287707674773,3988.4990948616505
255,P1,2873.4046977526614,2962.4657231250635
255,P2,2962.4657231250635,3070.1811478272443
255,P3,3070.1811478272443,3202.0103219864127
255,P5,3202.0103219864127,3361.4490611229376
255,P6,3361.4490611229376,3563.6227638084433
256,P3,2876.7693839048297,3330.5457999198857
256,P4,3330.5457999198857,3802.27919381546
256,P5,3802.27919381546,4129.226436178538
256,P6,4129.226436178538,4264.22530336458
257,P1,2878.67811564156,3272.9837153233525
257,P2,3272.9837153233525,3425.963067867619
257,P3,3425.963067867619,3564.599503275256
257,P4,3564.599503275256,3981.7759525003057
257,P6,3981.7759525003057,4056.9332391563826
258,P1,2905.6623943543977,3021.2040606786763
258,P2,3021.2040606786763,3171.9676008466477
258,P3,3171.9676008466477,3692.7159246866213
258,P5,3692.7159246866213,3815.7102173138373
258,P6,3815.7102173138373,3968.4453168591353
258,P7,3968.4453168591353,4096.37344264007
259,P3,2908.4981427184543,3033.8434702247755
259,P4,3033.8434702247755,3433.805370655575
259,P5,3433.805370655575,3677.753260839768
260,P3,2910.0686636948826,3103.964550763298
260,P4,3103.964550763298,3580.897773085352
260,P5,3580.897773085352,3805.4955646653993
260,P6,3805.4955646653993,4026.439905104952
261,P3,2914.0324530513167,3072.80581531675
261,P5,3072.80581531675,3208.8791912847755
261,P6,3208.8791912847755,3373.5039365164143
262,P2,2914.6261410103443,3216.4729447017185
262,P3,3216.4729447017185,3328.7388012859215
262,P5,3328.7388012859215,3453.846460193255
262,P6,3453.846460193255,3587.85721632614
263,P3,2916.322674108278,3070.309156436314
263,P4,3070.309156436314,3424.008766433141
263,P6,3424.008766433141,3562.233268515713
263,P7,3562.233268515713,3666.1632727913616
264,P1,2943.32208597258,3071.6719147321346
264,P2,3071.6719147321346,3231.8487031128525
264,P3,3231.8487031128525,3398.383586298837
264,P5,3398.383586298837,3705.0286416763624
264,P6,3705.0286416763624,3910.667201490214
264,P7,3910.667201490214,4266.452558024937
265,P1,2978.1147962020564,3072.027824443465
265,P2,3072.027824443465,3233.79592506138
265,P3,3233.79592506138,3455.28068368567
265,P4,3455.28068368567,3713.3355426495295
265,P6,3713.3355426495295,3925.054823493574
266,P1,2981.0957979572922,3059.924579951335
266,P2,3059.924579951335,3141.8466610026603
266,P3,3141.8466610026603,3261.5205987633212
266,P5,3261.5205987633212,3345.7312085595545
266,P6,3345.7312085595545,3433.6330528041585
267,P1,2991.128448262165,3195.0059872295365
267,P2,3195.0059872295365,3412.559466336014
267,P3,3412.559466336014,3699.428387746111
267,P5,3699.428387746111,3936.4592883280548
268,P1,3000.662516664216,3139.7456574875823
268,P2,3139.7456574875823,3367.4547669616018
268,P3,3367.4547669616018,3697.614934778207
268,P4,3697.614934778207,4077.9069577717382
268,P7,4077.9069577717382,4356.681018909758
269,P1,3010.430283872277,3242.1478352174736
269,P2,3242.1478352174736,3453.905390181807
269,P3,3453.905390181807,3652.9217993855204
269,P4,3652.9217993855204,3956.5284476073803
269,P5,3956.5284476073803,4130.78911630262
269,P6,4130.78911630262,4280.848921701619
269,P7,4280.848921701619,4415.880916606545
270,P1,3052.1463995598133,3237.227730371984
270,P2,3237.227730371984,3300.4185040505986
270,P3,3300.4185040505986,3391.2492995049665
270,P4,3391.2492995049665,3598.3091506716173
270,P6,3598.3091506716173,3661.919437155753
271,P1,3054.9226683355405,3091.05667667805
271,P2,3091.05667667805,3152.0368099385573
271,P3,3152.0368099385573,3361.812242724341
271,P5,3361.812242724341,3414.7888851344196
271,P6,3414.7888851344196,3476.199009994097
272,P3,3090.0192886012205,3479.1689751742406
272,P5,3479.1689751742406,3856.424440611855
272,P6,3856.424440611855,4335.714433344524
273,P2,3115.5220112457805,3165.0105783248823
273,P3,3165.0105783248823,3293.7673572408557
273,P4,3293.7673572408557,3437.843970683235
273,P5,3437.843970683235,3584.004229890523
273,P6,3584.004229890523,3674.2245739758964
274,P1,3133.8507844362525,3191.3310321265117
274,P2,3191.3310321265117,3258.735765415439
274,P3,3258.735765415439,3557.365039033927
274,P5,3557.365039033927,3773.055647070901
274,P6,3773.055647070901,3861.68522279089
275,P3,3151.5351666427036,3422.181496315357
275,P4,3422.181496315357,3609.198852913172
275,P5,3609.198852913172,3672.5383208323838
276,P3,3156.324717292305,3301.3955403895
276,P4,3301.3955403895,3499.4262205678915
276,P6,3499.4262205678915,3610.9956255391726
277,P1,3179.49006540865,3286.202028710265
277,P2,3286.202028710265,3375.6728377640866
277,P3,3375.6728377640866,3564.032874634828
277,P4,3564.032874634828,3805.3077532110296
277,P5,3805.3077532110296,4077.208597114161
277,P6,4077.208597114161,4220.753155565607
277,P7,4220.753155565607,4358.942017875149
278,P1,3248.537302140638,3631.2366710805527
278,P2,3631.2366710805527,3917.5200267914415
278,P3,3917.5200267914415,4228.160181870737
278,P5,4228.160181870737,4430.131320882437
278,P6,4430.131320882437,4570.279798334706
279,P3,3267.494626332731,3381.7813018088473
279,P4,3381.7813018088473,3646.9838836051736
279,P5,3646.9838836051736,3738.7710223159297
279,P6,3738.7710223159297,3862.9282792243434
280,P3,3272.2375937007873,3433.1699336273214
280,P4,3433.1699336273214,3767.2750781293144
280,P5,3767.2750781293144,3943.5252325993333
281,P3,3286.8414066732557,3463.4036785475
281,P4,3463.4036785475,3684.3510256119284
281,P6,3684.3510256119284,3845.4864685348903
282,P1,3307.046831983516,3377.3734746069867
282,P2,3377.3734746069867,3555.4584692166613
282,P3,3555.4584692166613,3659.2601959514795
282,P5,3659.2601959514795,3789.7591825494983
282,P6,3789.7591825494983,3851.6246410451495
283,P1,3315.081468886284,3400.9575932921234
283,P2,3400.9575932921234,3630.6623278340244
283,P3,3630.6623278340244,3852.0122462988734
283,P4,3852.0122462988734,4128.882681478781
283,P5,4128.882681478781,4314.889912075796
283,P6,4314.889912075796,4473.889897287767
283,P7,4473.889897287767,4609.899973332449
284,P2,3330.4397714906722,3423.313824992217
284,P3,3423.313824992217,3514.1557764596196
284,P5,3514.1557764596196,3619.709779404553
285,P1,3349.0071436157814,3511.164543994475
285,P2,3511.164543994475,3678.523324584732
285,P3,3678.523324584732,3818.7827318881846
285,P5,3818.7827318881846,4211.338852606353
286,P2,3350.026684316645,3596.5382657075393
286,P3,3596.5382657075393,3784.463514487153
286,P5,3784.463514487153,3973.731107572286
287,P1,3353.0729031893698,3540.530583902601
287,P2,3540.530583902601,3832.4449042446718
287,P3,3832.4449042446718,4023.5694937242542
287,P5,4023.5694937242542,4172.932564904796
287,P6,4172.932564904796,4414.970078772285
288,P3,3368.728596460907,3519.7150527462527
288,P4,3519.7150527462527,3669.580560823542
288,P6,3669.580560823542,3758.259176608441
289,P3,3377.3061663546996,3716.5111536981503
289,P5,3716.5111536981503,4116.627343048223
289,P6,4116.627343048223,4356.443872325601
290,P3,3385.3984830814966,3505.4686523226937
290,P4,3505.4686523226937,3709.277859230747
290,P5,3709.277859230747,3800.0850153599645
290,P6,3800.0850153599645,3925.1787907097055
291,P2,3407.9380271651685,3747.801354123326
291,P3,3747.801354123326,3919.375358383237
291,P4,3919.375358383237,4241.936621543274
291,P7,4241.936621543274,4367.187589912448
292,P1,3409.126143903303,3585.6619907435934
292,P2,3585.6619907435934,3793.8283377177754
292,P3,3793.8283377177754,4102.834231287278
292,P4,4102.834231287278,4671.598935346745
292,P6,4671.598935346745,5027.610388295626
292,P7,5027.610388295626,5180.93888028861
293,P1,3422.280432392601,3800.2318877283733
293,P2,3800.2318877283733,4030.1451705885984
293,P3,4030.1451705885984,4517.904113392879
293,P4,4517.904113392879,5112.670418271107
293,P6,5112.670418271107,5359.583948504865
294,P2,3435.160617034394,3577.9994337102835
294,P3,3577.9994337102835,3808.2104409777608
294,P4,3808.2104409777608,4100.68052404767
294,P6,4100.68052404767,4302.179054284167
295,P1,3459.2583765456457,3564.263992433954
295,P2,3564.263992433954,3636.3794955391836
295,P3,3636.3794955391836,3719.434121422048
295,P4,3719.434121422048,3952.569138479446
295,P7,3952.569138479446,4017.8709726384936
296,P2,3467.9240357925173,3580.3682037548983
296,P3,3580.3682037548983,3987.2814548137167
296,P4,3987.2814548137167,4323.889080488496
296,P5,4323.889080488496,4545.777600685614
296,P6,4545.777600685614,4711.439657035426
297,P1,3469.9762800818603,3567.5247001831626
297,P2,3567.5247001831626,3688.31403952148
297,P3,3688.31403952148,4057.5977631160413
297,P5,4057.5977631160413,4240.175089873462
297,P6,4240.175089873462,4459.046112971273
298,P3,3475.7576874239458,3701.5094186428337
298,P4,3701.5094186428337,4267.683429673003
298,P5,4267.683429673003,4457.373982632183
298,P6,4457.373982632183,4579.348660463803
299,P3,3479.600285842835,3683.9563607366767
299,P4,3683.9563607366767,3904.46610470587
299,P6,3904.46610470587,4158.174240365486
300,P1,3491.7530836079914,3565.304721695719
300,P2,3565.304721695719,3692.367923679958
300,P3,3692.367923679958,3812.2973799210786
300,P4,3812.2973799210786,3904.21997193122
300,P5,3904.21997193122,4070.040513757993
301,P2,3507.793133163947,3692.3121753119344
301,P3,3692.3121753119344,4008.918703031038
301,P5,4008.918703031038,4253.136617922288
302,P3,3508.811338402275,4003.5272505267744
302,P4,4003.5272505267744,4169.643763826266
302,P6,4169.643763826266,4269.729725477373
303,P1,3516.5520110287907,3648.918366549117
303,P2,3648.918366549117,3750.574812264563
303,P3,3750.574812264563,3863.0342020143876
303,P4,3863.0342020143876,4276.623151152413
303,P5,4276.623151152413,4548.789159834066
304,P2,3525.0696223220943,3589.0485564918786
304,P3,3589.0485564918786,3718.759484547878
304,P4,3718.759484547878,3814.91191031193
304,P7,3814.91191031193,3883.1161124153423
305,P2,3531.729211534219,3621.166081142564
305,P3,3621.166081142564,3710.994406927388
305,P4,3710.994406927388,3993.900648780458
305,P7,3993.900648780458,4038.253597284161
306,P2,3543.359205671114,3750.4881327482244
306,P3,3750.4881327482244,3994.5919836962576
306,P5,3994.5919836962576,4155.431324435101
307,P3,3552.1974320565214,3662.6975801070744
307,P4,3662.6975801070744,3812.1496732054165
307,P5,3812.1496732054165,4010.873959367447
307,P6,4010.873959367447,4178.927237371636
307,P7,4178.927237371636,4294.4693371711055
308,P2,3568.8897064995567,3689.328889078834
308,P3,3689.328889078834,3844.692236124761
308,P4,3844.692236124761,4170.214176052315
308,P5,4170.214176052315,4344.130634171818
308,P6,4344.130634171818,4486.273831667208
308,P7,4486.273831667208,4589.017146810549
309,P2,3577.0522156653815,3696.9961356747126
309,P3,3696.9961356747126,3903.214352723742
309,P5,3903.214352723742,4138.922578226564
310,P2,3591.1810919838504,3813.938767102123
310,P3,3813.938767102123,3912.4983176556834
310,P5,3912.4983176556834,4323.5922333325225
311,P3,3635.0825839140566,3764.3600426249473
311,P4,3764.3600426249473,4055.893915179018
311,P6,4055.893915179018,4202.921248617977
311,P7,4202.921248617977,4306.495685019103
312,P1,3645.858328223062,3828.1359878233147
312,P2,3828.1359878233147,4163.333098339544
312,P3,4163.333098339544,4303.384875673844
312,P5,4303.384875673844,4567.608647956147
313,P3,3646.878831362842,3736.7393647275085
313,P4,3736.7393647275085,3862.465312440315
313,P5,3862.465312440315,3991.9559335762724
314,P3,3648.720295284296,4028.3933119885073
314,P5,4028.3933119885073,4434.672763007107
314,P6,4434.672763007107,4619.707671716456
315,P1,3652.7688944903302,3786.153679933565
315,P2,3786.153679933565,3894.220790954902
315,P3,3894.220790954902,4224.656720288584
315,P4,4224.656720288584,4841.5640086123
315,P5,4841.5640086123,5064.388266458169
315,P6,5064.388266458169,5258.847295551666
315,P7,5258.847295551666,5536.872676706143
316,P1,3661.3941660598653,3737.4729251499252
316,P2,3737.4729251499252,3910.5671340365625
316,P3,3910.5671340365625,4019.9018170928816
316,P5,4019.9018170928816,4125.425408750724
316,P6,4125.425408750724,4232.785149537853
317,P1,3673.539806794282,3794.7513107742675
317,P2,3794.7513107742675,4013.907650674209
317,P3,4013.907650674209,4290.264400601761
317,P4,4290.264400601761,4820.143445071258
317,P7,4820.143445071258,4954.3059177604
318,P3,3685.8973041734794,3896.7440688663646
318,P4,3896.7440688663646,4182.759803937153
318,P7,4182.759803937153,4396.5422957247865
319,P2,3707.3082142650724,3777.4063273831607
319,P3,3777.4063273831607,4352.390591092206
319,P5,4352.390591092206,4441.298698203392
319,P6,4441.298698203392,4504.390736367341
320,P2,3712.4410997139034,3797.349123326929
320,P3,3797.349123326929,3986.9198892258673
320,P5,3986.9198892258673,4206.800004629615
320,P6,4206.800004629615,4351.304814068516
321,P2,3735.933693905293,3988.52222612282
321,P3,3988.52222612282,4151.956508053183
321,P4,4151.956508053183,4452.117429217904
321,P5,4452.117429217904,4704.757330936003
322,P3,3749.0190251796007,3975.674364327107
322,P4,3975.674364327107,4335.662556196332
322,P5,4335.662556196332,4641.521615074181
323,P3,3779.4314292892514,4020.623987496725
323,P5,4020.623987496725,4129.281941255862
323,P6,4129.281941255862,4502.993412712198
323,P7,4502.993412712198,4600.086787241882
324,P2,3809.3732805788795,3848.5884898195563
324,P3,3848.5884898195563,4145.91835484692
324,P4,4145.91835484692,4256.451606948258
324,P5,4256.451606948258,4311.003363975761
324,P6,4311.003363975761,4349.092379956494
324,P7,4349.092379956494,4497.873440989137
325,P1,3828.527445017082,3884.923516096934
325,P2,3884.923516096934,4000.9787020210397
325,P3,4000.9787020210397,4544.17967885349
325,P5,4544.17967885349,4785.332778578524
325,P6,4785.332778578524,4884.844444323538
326,P1,3837.0717720121834,4070.3504205310937
326,P2,4070.3504205310937,4315.955307560206
326,P3,4315.955307560206,4763.216498267762
326,P4,4763.216498267762,5225.103747588585
326,P5,5225.103747588585,5392.451120166733
326,P6,5392.451120166733,5825.631426590866
327,P1,3844.4495485232674,4076.370413684928
327,P2,4076.370413684928,4132.978665672664
327,P3,4132.978665672664,4220.617955451814
327,P5,4220.617955451814,4310.890347829479
328,P1,3895.7031491065304,3983.428454335844
328,P2,3983.428454335844,4277.71833605993
328,P3,4277.71833605993,4484.848510957507
328,P4,4484.848510957507,4746.183389142798
328,P6,4746.183389142798,4831.759483895671
329,P3,3897.1029927003906,4015.297080479183
329,P4,4015.297080479183,4185.044944087307
329,P7,4185.044944087307,4251.051940930536
330,P1,3898.9260189763236,4034.600171206846
330,P2,4034.600171206846,4345.57182164332
330,P3,4345.57182164332,4475.923057840521
330,P5,4475.923057840521,4781.020415518544
331,P2,3920.2784905702897,4000.7621958061795
331,P3,4000.7621958061795,4161.13949507135
331,P4,4161.13949507135,4361.664766227925
331,P7,4361.664766227925,4469.2630743344325
332,P2,3933.895557612619,4152.796785958162
332,P3,4152.796785958162,4380.069097669876
332,P5,4380.069097669876,4510.9778369947035
332,P6,4510.9778369947035,4637.6255716082605
333,P1,3957.480730872965,4065.5923277538545
333,P2,4065.5923277538545,4273.048349800748
333,P3,4273.048349800748,4378.008663156889
333,P5,4378.008663156889,4525.055249335201
333,P6,4525.055249335201,4650.6948749910125
334,P3,3962.196368664672,4192.226758513634
334,P4,4192.226758513634,4482.493801490921
334,P6,4482.493801490921,4614.80208425143
335,P2,4003.518335051719,4203.752997822743
335,P3,4203.752997822743,4317.788984205771
335,P5,4317.788984205771,4423.747302625343
336,P3,4004.287859250106,4270.8668309167815
336,P4,4270.8668309167815,4570.07071230163
336,P5,4570.07071230163,4682.141762275687
337,P1,4004.8323389494253,4248.049718617012
337,P2,4248.049718617012,4315.230624811844
337,P3,4315.230624811844,4390.723066098483
337,P5,4390.723066098483,4468.194655886156
337,P6,4468.194655886156,4534.2683416388345
337,P7,4534.2683416388345,4606.2386815204445
338,P2,4040.8046803246452,4193.137517585437
338,P3,4193.137517585437,4315.176684326768
338,P4,4315.176684326768,4483.226910791931
338,P5,4483.226910791931,4587.433671462554
338,P6,4587.433671462554,4760.099114646754
339,P3,4044.9079578838337,4248.35570801237
339,P5,4248.35570801237,4491.611685387728
340,P1,4049.76648728172,4119.344801569073
340,P2,4119.344801569073,4239.8010934836875
340,P3,4239.8010934836875,4384.927242165803
340,P4,4384.927242165803,4629.528827224258
340,P7,4629.528827224258,4704.065308307292
341,P1,4051.92804511675,4179.386641412722
341,P2,4179.386641412722,4361.742680534192
341,P3,4361.742680534192,4759.960781601844
341,P4,4759.960781601844,5000.23900608875
341,P6,5000.23900608875,5146.7814163857
342,P2,4078.7558388016428,4230.000647695869
342,P3,4230.000647695869,4433.815221872329
342,P4,4433.815221872329,4721.663877588816
342,P5,4721.663877588816,5038.3308824808255
342,P6,5038.3308824808255,5211.238881339266
343,P3,4082.6990390289006,4257.133702874094
343,P4,4257.133702874094,4512.485315774191
343,P5,4512.485315774191,4662.084049768426
343,P6,4662.084049768426,4825.3438481087705
344,P3,4088.281505242161,4273.816343140146
344,P5,4273.816343140146,4539.773267669139
344,P6,4539.773267669139,4898.417169220448
345,P2,4097.388601610283,4270.845364738201
345,P3,4270.845364738201,4612.974510309159
345,P4,4612.974510309159,4991.128245202183
345,P6,4991.128245202183,5127.186529907614
346,P3,4099.969185666272,4282.3030338660055
346,P4,4282.3030338660055,4762.440277840755
346,P7,4762.440277840755,4953.651245870928
347,P1,4124.825667101592,4292.979078376865
347,P2,4292.979078376865,4382.154891157787
347,P3,4382.154891157787,4578.918353672593
347,P4,4578.918353672593,4779.552782748733
347,P5,4779.552782748733,4911.841424698068
347,P6,4911.841424698068,5088.901139385782
347,P7,5088.901139385782,5194.91631282688
348,P3,4149.440844227449,4268.664525659717
348,P4,4268.664525659717,4385.372742609613
348,P5,4385.372742609613,4437.285637536549
348,P6,4437.285637536549,4521.978327287967
349,P3,4150.4867350258355,4243.182466690626
349,P5,4243.182466690626,4373.767432396833
349,P6,4373.767432396833,4441.639049201906
350,P3,4151.924696595515,4343.350784392802
350,P5,4343.350784392802,4619.284274722755
350,P6,4619.284274722755,4790.344085504484
350,P7,4790.344085504484,4968.968282985579
351,P1,4162.803575589961,4375.775427383397
351,P2,4375.775427383397,4471.4569571699285
351,P3,4471.4569571699285,4747.864866240821
351,P5,4747.864866240821,4941.172303395559
352,P1,4166.209959873618,4245.2897807065965
352,P2,4245.2897807065965,4398.907331354012
352,P3,4398.907331354012,4865.898843383331
352,P5,4865.898843383331,5007.482859043728
353,P2,4189.216869217708,4261.787890572748
353,P3,4261.787890572748,4424.67283279501
353,P4,4424.67283279501,4626.1802931302345
353,P5,4626.1802931302345,4730.2437441973125
353,P6,4730.2437441973125,4817.679181816951
354,P3,4205.654356529209,4336.551400986981
354,P4,4336.551400986981,4577.844087885552
354,P7,4577.844087885552,4678.458968646113
355,P1,4227.750111840244,4380.223915528401
355,P2,4380.223915528401,4536.1516728501965
355,P3,4536.1516728501965,4728.969789525953
355,P4,4728.969789525953,5005.982678242834
355,P6,5005.982678242834,5151.496267191856
356,P1,4244.474782119787,4355.273189203469
356,P2,4355.273189203469,4426.256606909112
356,P3,4426.256606909112,4527.637457875786
356,P4,4527.637457875786,4757.5082971321335
356,P7,4757.5082971321335,4891.37079770709
357,P1,4244.744873873416,4323.342741563613
357,P2,4323.342741563613,4457.444926106599
357,P3,4457.444926106599,4610.263647918733
357,P4,4610.263647918733,4919.152710534744
357,P7,4919.152710534744,5009.184192984233
358,P1,4253.169964954894,4567.51649934907
358,P2,4567.51649934907,4632.634498977703
358,P3,4632.634498977703,4754.632447586588
358,P5,4754.632447586588,4956.285211961833
358,P6,4956.285211961833,5029.256333829132
359,P1,4262.873225904371,4480.901775774248
359,P2,4480.901775774248,4621.1265148564835
359,P3,4621.1265148564835,4768.664247215671
359,P4,4768.664247215671,5070.205499222041
359,P6,5070.205499222041,5650.9166473047035
359,P7,5650.9166473047035,5756.164841608834
360,P3,4267.613620960775,4334.623412689754
360,P5,4334.623412689754,4658.563422537789
361,P1,4275.021233826508,4352.839931863267
361,P2,4352.839931863267,4546.1507716725155
361,P3,4546.1507716725155,4785.690027457937
361,P4,4785.690027457937,5088.770249016543
361,P5,5088.770249016543,5195.306316479595
361,P6,5195.306316479595,5297.382769978192
361,P7,5297.382769978192,5414.267060767517
362,P1,4304.78857611224,4423.166616202403
362,P2,4423.166616202403,4519.4917500241145
362,P3,4519.4917500241145,4669.780224598999
362,P5,4669.780224598999,4903.821150266655
363,P1,4311.119397813488,4606.08063039178
363,P2,4606.08063039178,4821.946276222674
363,P3,4821.946276222674,5226.781270568119
363,P4,5226.781270568119,5515.735076196969
363,P5,5515.735076196969,5690.750806838439
363,P6,5690.750806838439,5809.562345376928
364,P2,4333.661161645532,4862.089546052872
364,P3,4862.089546052872,5106.27381385187
364,P4,5106.27381385187,5688.995116946089
364,P6,5688.995116946089,5988.447257943621
365,P1,4339.333908211938,4410.50099907992
365,P2,4410.50099907992,4639.55231472036
365,P3,4639.55231472036,4793.092139958102
365,P5,4793.092139958102,4928.450423286417
365,P6,4928.450423286417,5017.447680024116
366,P2,4341.774083729422,4625.381038543932
366,P3,4625.381038543932,4792.120227556477
366,P5,4792.120227556477,4919.937482065983
366,P6,4919.937482065983,5028.627301420054
367,P2,4347.754436771879,4616.408432448782
367,P3,4616.408432448782,4844.415637175609
367,P5,4844.415637175609,5079.56775686643
367,P6,5079.56775686643,5295.401034180542
367,P7,5295.401034180542,5493.533162579706
368,P1,4349.830590484395,4408.970337316511
368,P2,4408.970337316511,4470.933739790708
368,P3,4470.933739790708,4560.799718212322
368,P4,4560.799718212322,4724.701840898909
368,P6,4724.701840898909,4814.591254721862
369,P2,4355.716048386165,5117.236011750291
369,P3,5117.236011750291,5473.2517457147105
369,P5,5473.2517457147105,5718.040980324299
369,P6,5718.040980324299,5985.848127021596
369,P7,5985.848127021596,6615.504664479613
370,P3,4376.881412101616,4586.772251681047
370,P5,4586.772251681047,5493.457737425998
370,P6,5493.457737425998,5664.5795051626255
371,P1,4384.317981254873,4506.821972913264
371,P2,4506.821972913264,4623.4599036145055
371,P3,4623.4599036145055,4766.893309215191
371,P4,4766.893309215191,5093.672341081474
371,P5,5093.672341081474,5223.762916293549
372,P3,4387.746294155971,4573.384896714825
372,P5,4573.384896714825,4805.448829730699
372,P6,4805.448829730699,5000.090970928009
373,P1,4405.775387769396,4528.941053817793
373,P2,4528.941053817793,4646.673065580774
373,P3,4646.673065580774,4888.999551724601
373,P5,4888.999551724601,5045.805594032924
374,P3,4428.50504285932,4588.539459393143
374,P4,4588.539459393143,4925.356957893437
374,P6,4925.356957893437,5024.238290635237
374,P7,5024.238290635237,5106.1809628988685
375,P2,4468.660889761365,4543.3798770748335
375,P3,4543.3798770748335,4682.621978321061
375,P4,4682.621978321061,4909.555249902301
375,P7,4909.555249902301,5180.337802870139
376,P3,4468.819304506672,4558.811895061277
376,P4,4558.811895061277,4716.856024098616
376,P7,4716.856024098616,4826.805255445684
377,P1,4477.845742859034,4534.540035373222
377,P2,4534.540035373222,4606.646515556232
377,P3,4606.646515556232,4730.839695066619
377,P4,4730.839695066619,5033.818713904292
377,P5,5033.818713904292,5116.026980980069
378,P3,4498.079635901391,4612.435455207417
378,P5,4612.435455207417,4769.483061215145
378,P6,4769.483061215145,4868.6478963901845
379,P3,4501.007266011608,5697.539931983321
379,P4,5697.539931983321,5925.080253653424
379,P6,5925.080253653424,6283.658317581219
379,P7,6283.658317581219,6511.8401429516725
380,P2,4520.064525148645,4674.91861831087
380,P3,4674.91861831087,4831.589760346931
380,P4,4831.589760346931,5224.248674417397
380,P7,5224.248674417397,5334.458472541315
381,P3,4527.935714941385,4857.536761632904
381,P4,4857.536761632904,5389.5501080839
381,P5,5389.5501080839,5701.372559758269
382,P2,4528.089961116498,5074.954919058242
382,P3,5074.954919058242,5339.216619311457
382,P4,5339.216619311457,5652.247309954145
382,P6,5652.247309954145,5903.083221302988
383,P1,4549.378346363419,4693.9576210159485
383,P2,4693.9576210159485,4784.522946762682
383,P3,4784.522946762682,5042.206776093075
383,P4,5042.206776093075,5257.756962280942
383,P5,5257.756962280942,5491.19276135943
383,P6,5491.19276135943,5803.597022541775
384,P3,4553.483786266221,4688.675540055318
384,P5,4688.675540055318,4800.1692478439445
385,P1,4565.389122968226,4606.5464616708405
385,P2,4606.5464616708405,4689.532374255719
385,P3,4689.532374255719,4776.8818881868965
385,P4,4776.8818881868965,4920.702028903259
385,P6,4920.702028903259,4976.277997235849
386,P2,4566.800056647101,5141.141847423717
386,P3,5141.141847423717,5547.157406906183
386,P4,5547.157406906183,5858.428835508061
386,P5,5858.428835508061,6031.033083453435
386,P6,6031.033083453435,6152.57995453912
387,P2,4567.0056642716945,4956.683308223309
387,P3,4956.683308223309,5634.440991617034
387,P4,5634.440991617034,6165.07875890736
387,P6,6165.07875890736,6445.070007666844
388,P1,4573.953134835288,4694.671799245202
388,P2,4694.671799245202,4833.762596005364
388,P3,4833.762596005364,4978.974041939984
388,P4,4978.974041939984,5368.224887283009
388,P7,5368.224887283009,5544.753925271831
389,P2,4579.0717961095115,4709.316760390801
389,P3,4709.316760390801,4974.312035460571
389,P4,4974.312035460571,5352.989988484807
389,P6,5352.989988484807,5650.867818594939
389,P7,5650.867818594939,5815.314862528523
390,P3,4583.899981857892,4760.960953812544
390,P4,4760.960953812544,5224.83364589963
390,P7,5224.83364589963,5505.030446948212
391,P2,4584.947296729819,4683.9101488549495
391,P3,4683.9101488549495,4952.523650072219
391,P4,4952.523650072219,5135.776823380291
391,P7,5135.776823380291,5230.164979950503
392,P2,4595.507835835191,4652.394895077621
392,P3,4652.394895077621,4717.47279454093
392,P4,4717.47279454093,4861.998655736665
392,P7,4861.998655736665,4910.947869981609
393,P2,4595.8535223562085,4981.603212035553
393,P3,4981.603212035553,5433.020893437642
393,P4,5433.020893437642,6122.860809439872
393,P6,6122.860809439872,6463.859127179129
394,P1,4615.072728163433,4751.897267903019
394,P2,4751.897267903019,4945.854161914657
394,P3,4945.854161914657,5198.950993868692
394,P4,5198.950993868692,5549.013922729983
394,P6,5549.013922729983,5834.767540809646
395,P3,4630.075077345577,4775.963443452689
395,P5,4775.963443452689,4938.3712307793685
396,P1,4630.257824268953,4723.014756142736
396,P2,4723.014756142736,4873.250913522884
396,P3,4873.250913522884,5083.03571440557
396,P4,5083.03571440557,5270.0557417658765
396,P6,5270.0557417658765,5540.088412481971
397,P3,4639.905703050311,4836.97841932286
397,P4,4836.97841932286,5141.117732179359
397,P6,5141.117732179359,5295.415064504737
398,P3,4643.86234993531,4864.529904380317
398,P5,4864.529904380317,5024.443844875424
398,P6,5024.443844875424,5174.79892377947
398,P7,5174.79892377947,5321.722699583892
399,P2,4643.889799228779,4843.641247236364
399,P3,4843.641247236364,5039.6771557792335
399,P4,5039.6771557792335,5367.166924982581
399,P7,5367.166924982581,5632.445905136797
400,P1,4684.935319440149,4791.299282205768
400,P2,4791.299282205768,4877.1476701743095
400,P3,4877.1476701743095,5086.786502776372
400,P4,5086.786502776372,5212.18322072336
400,P7,5212.18322072336,5306.712051235862
401,P1,4691.885157189388,4758.459783917101
401,P2,4758.459783917101,4973.025605559411
401,P3,4973.025605559411,5104.070072354977
401,P4,5104.070072354977,5249.124564321302
401,P7,5249.124564321302,5327.153307632464
402,P2,4702.27453447363,4993.767210266733
402,P3,4993.767210266733,5199.716040838696
402,P4,5199.716040838696,5564.8770689977455
402,P5,5564.8770689977455,5707.507544483389
402,P6,5707.507544483389,5825.849429614982
403,P1,4715.9361275406545,5180.000576057147
403,P2,5180.000576057147,5396.66120272409
403,P3,5396.66120272409,5604.436496164159
403,P5,5604.436496164159,5755.019681412699
404,P1,4728.401352067519,4838.002633303969
404,P2,4838.002633303969,4948.2112570192185
404,P3,4948.2112570192185,5214.472186513328
404,P4,5214.472186513328,5526.79396407437
404,P5,5526.79396407437,5708.006701524806
404,P6,5708.006701524806,5850.147853506878
404,P7,5850.147853506878,5981.33173667385
405,P1,4750.001457592109,4820.431107197738
405,P2,4820.431107197738,5017.56336509987
405,P3,5017.56336509987,5210.128485560629
405,P4,5210.128485560629,5473.711601029759
405,P5,5473.711601029759,5545.032303872446
405,P6,5545.032303872446,5604.242149964595
406,P3,4762.59468559008,5031.653119430349
406,P4,5031.653119430349,5465.921617280575
406,P7,5465.921617280575,5625.4247066358585
407,P1,4774.593561732751,4932.9214238107315
407,P2,4932.9214238107315,5216.4408918364925
407,P3,5216.4408918364925,5343.527087133862
407,P4,5343.527087133862,5639.016703550614
407,P6,5639.016703550614,5739.0293599281085
408,P1,4796.555918553185,5025.500201454741
408,P2,5025.500201454741,5344.936201827844
408,P3,5344.936201827844,5518.956510645224
408,P5,5518.956510645224,5716.818056272151
409,P3,4804.38371992663,4880.105031794731
409,P5,4880.105031794731,4973.998940195347
409,P6,4973.998940195347,5038.625976465946
410,P1,4811.202244206081,5018.711231489562
410,P2,5018.711231489562,5214.646970215024
410,P3,5214.646970215024,5422.9703831235065
410,P4,5422.9703831235065,5745.133130338891
410,P7,5745.133130338891,5875.3652640107675
411,P1,4811.47258322226,4892.772191129733
411,P2,4892.772191129733,4985.046482598946
411,P3,4985.046482598946,5147.889033262703
411,P5,5147.889033262703,5517.691962147257
411,P6,5517.691962147257,5634.903900322688
412,P2,4840.271546822982,4982.236315858311
412,P3,4982.236315858311,5190.506615482146
412,P4,5190.506615482146,5392.8809993441
412,P7,5392.8809993441,5528.233458007847
413,P3,4873.7733594814945,5032.623563375137
413,P4,5032.623563375137,5392.793583129681
413,P5,5392.793583129681,5523.098277649718
413,P6,5523.098277649718,5746.752476868456
414,P1,4879.521152778311,5061.757859215954
414,P2,5061.757859215954,5128.808629378154
414,P3,5128.808629378154,5360.539677036089
414,P5,5360.539677036089,5510.055347147414
415,P1,4886.238898606478,4936.569627611286
415,P2,4936.569627611286,4980.532301667928
415,P3,4980.532301667928,5122.861470884668
415,P4,5122.861470884668,5299.042199543196
415,P7,5299.042199543196,5386.721855152344
416,P1,4888.479660608199,5051.018686655578
416,P2,5051.018686655578,5270.112831603101
416,P3,5270.112831603101,5533.757060133584
416,P4,5533.757060133584,5917.3247342835575
416,P7,5917.3247342835575,6055.912225385079
417,P1,4904.507456517949,5018.248651506705
417,P2,5018.248651506705,5148.006458647834
417,P3,5148.006458647834,5661.058451328394
417,P5,5661.058451328394,5812.631456971587
417,P6,5812.631456971587,5967.299859929531
418,P1,4915.973770296878,4985.163962698798
418,P2,4985.163962698798,5060.003637353778
418,P3,5060.003637353778,5137.679370549999
418,P5,5137.679370549999,5210.636738415154
418,P6,5210.636738415154,5296.321487023887
419,P1,4923.747915057509,5028.770127717627
419,P2,5028.770127717627,5282.6262772098735
419,P3,5282.6262772098735,5570.495082043247
419,P4,5570.495082043247,5886.85244459186
419,P7,5886.85244459186,6026.651924785652
420,P3,4930.019039520779,5039.918259800783
420,P4,5039.918259800783,5199.645549349819
420,P6,5199.645549349819,5285.419915808543
421,P3,4930.612946073053,5149.291337240316
421,P4,5149.291337240316,5402.517855155084
421,P6,5402.517855155084,5496.436075415356
422,P3,4935.076455671365,5044.872177472136
422,P5,5044.872177472136,5204.738997991578
422,P6,5204.738997991578,5311.121717857874
423,P1,4943.4114582562715,5106.95720549061
423,P2,5106.95720549061,5230.150480452311
423,P3,5230.150480452311,5641.298991492815
423,P4,5641.298991492815,5909.980753131356
423,P6,5909.980753131356,6093.819906045448
424,P3,4989.292637863406,5056.200063583315
424,P4,5056.200063583315,5196.64399488316
424,P6,5196.64399488316,5276.984985734972
425,P3,4989.497202907903,5326.1930560045175
425,P4,5326.1930560045175,5542.456060477772
425,P7,5542.456060477772,5730.713344419473
426,P1,4994.925185301654,5065.316897001746
426,P2,5065.316897001746,5164.4650703966
426,P3,5164.4650703966,5253.387744849682
426,P5,5253.387744849682,5358.528893167536
426,P6,5358.528893167536,5526.486947366478
427,P1,5011.652497097006,5164.4549036908975
427,P2,5164.4549036908975,5277.53005021532
427,P3,5277.53005021532,5457.028679427941
427,P5,5457.028679427941,5557.382118538184
427,P6,5557.382118538184,5674.525338427666
428,P1,5088.0628089859365,5399.558755082546
428,P2,5399.558755082546,5593.813249816126
428,P3,5593.813249816126,6077.271423883936
428,P4,6077.271423883936,6451.150533692974
428,P6,6451.150533692974,6927.281319131643
429,P1,5105.173941070105,5293.805380621313
429,P2,5293.805380621313,5362.799054606842
429,P3,5362.799054606842,5443.917512974825
429,P5,5443.917512974825,5529.98185083192
430,P2,5193.465616083661,5478.575371621921
430,P3,5478.575371621921,5729.866037738904
430,P4,5729.866037738904,6048.037891296688
430,P5,6048.037891296688,6434.831746062244
431,P1,5206.11953240447,5316.323368390592
431,P2,5316.323368390592,5528.474918072395
431,P3,5528.474918072395,5721.607002544003
431,P5,5721.607002544003,6001.279064269996
432,P1,5210.1015919688225,5371.854425061272
432,P2,5371.854425061272,5475.6272280179
432,P3,5475.6272280179,5735.103747351397
432,P4,5735.103747351397,6026.884063294778
432,P6,6026.884063294778,6158.466994489558
432,P7,6158.466994489558,6258.76157578026
433,P1,5244.365055917578,5336.796032541187
433,P2,5336.796032541187,5391.410107570386
433,P3,5391.410107570386,5479.304238160195
433,P4,5479.304238160195,5617.182745233913
433,P6,5617.182745233913,5687.465742271439
434,P1,5254.838799526836,5490.394848733902
434,P2,5490.394848733902,5776.170000860248
434,P3,5776.170000860248,6304.715482765246
434,P4,6304.715482765246,6848.356709176285
434,P5,6848.356709176285,7501.560715387638
435,P3,5261.449870067522,5693.7464763198295
435,P5,5693.7464763198295,6214.565859898831
436,P1,5275.231035214123,5378.678287432004
436,P2,5378.678287432004,5540.54280263244
436,P3,5540.54280263244,5804.923587633103
436,P4,5804.923587633103,6409.764145854978
436,P5,6409.764145854978,6602.429481348482
436,P6,6602.429481348482,6791.746946693406
437,P1,5276.0512774979625,5370.244655016011
437,P2,5370.244655016011,5512.953465030759
437,P3,5512.953465030759,5666.283135936173
437,P4,5666.283135936173,5886.203258534622
437,P5,5886.203258534622,6082.449839589023
437,P6,6082.449839589023,6245.335699876429
438,P1,5279.160743029618,5407.795977496978
438,P2,5407.795977496978,5609.400167357132
438,P3,5609.400167357132,5995.22682845328
438,P4,5995.22682845328,6344.379708192761
438,P6,6344.379708192761,6609.7835248629235
439,P1,5292.170065657843,5375.9822426645205
439,P2,5375.9822426645205,5664.555812509382
439,P3,5664.555812509382,5886.51084714263
439,P4,5886.51084714263,6087.166344967421
439,P7,6087.166344967421,6191.941928171096
440,P1,5297.822499194173,5559.22626258751
440,P2,5559.22626258751,5832.328719502151
440,P3,5832.328719502151,6197.036904317271
440,P5,6197.036904317271,6530.017224999887
440,P6,6530.017224999887,6933.411869882543
441,P1,5334.619766902112,5436.453332977811
441,P2,5436.453332977811,5612.558559631717
441,P3,5612.558559631717,5758.116156311886
441,P4,5758.116156311886,6145.731815806014
441,P6,6145.731815806014,6236.976881066647
442,P1,5339.49154894917,5521.479395422798
442,P2,5521.479395422798,5622.121430427014
442,P3,5622.121430427014,5897.097600467058
442,P4,5897.097600467058,6230.261141906296
442,P7,6230.261141906296,6394.706904820517
443,P3,5341.280887619118,5803.991883118844
443,P4,5803.991883118844,6400.274017136636
443,P6,6400.274017136636,6662.124587862612
444,P1,5346.0379740711915,5418.492290515272
444,P2,5418.492290515272,5686.861459044996
444,P3,5686.861459044996,5830.394659987185
444,P5,5830.394659987185,6034.030593227509
445,P3,5360.5666539582935,5555.351225936925
445,P5,5555.351225936925,5642.762263187518
445,P6,5642.762263187518,5772.415189684787
446,P1,5366.913714816972,5721.448609770987
446,P2,5721.448609770987,5881.081177635233
446,P3,5881.081177635233,6116.542369605302
446,P4,6116.542369605302,6577.15110351073
446,P7,6577.15110351073,6792.4761316249915
447,P1,5380.043593817831,5441.509695644674
447,P2,5441.509695644674,5517.441414563611
447,P3,5517.441414563611,5560.453689373186
447,P4,5560.453689373186,5635.738748968831
447,P6,5635.738748968831,5659.528412946608
448,P3,5380.671295781425,5523.005107800174
448,P4,5523.005107800174,5870.294284837274
448,P7,5870.294284837274,6285.326494959561
449,P1,5388.250225063431,5651.904920207961
449,P2,5651.904920207961,5764.378769140816
449,P3,5764.378769140816,5973.0669906358435
449,P4,5973.0669906358435,6208.33913596413
449,P7,6208.33913596413,6357.188012617496
450,P1,5419.576418123897,5522.346052794431
450,P2,5522.346052794431,5923.181699406498
450,P3,5923.181699406498,6053.553885950826
450,P5,6053.553885950826,6292.891547804703
450,P6,6292.891547804703,6411.570876221597
450,P7,6411.570876221597,6538.153288816606
451,P1,5430.883397121803,5513.067021893578
451,P2,5513.067021893578,5612.1146436602785
451,P3,5612.1146436602785,5789.258284273021
451,P5,5789.258284273021,6032.881965717256
452,P3,5431.766153515256,5765.039411972779
452,P4,5765.039411972779,6603.604620433217
452,P5,6603.604620433217,6948.288910820533
453,P1,5458.358808537195,5624.474300979676
453,P2,5624.474300979676,5755.07957390923
453,P3,5755.07957390923,5902.025666429063
453,P4,5902.025666429063,6350.145441331859
453,P6,6350.145441331859,6483.600174215074
454,P1,5464.282748067777,5595.458782036807
454,P2,5595.458782036807,5678.268775035456
454,P3,5678.268775035456,6059.981719243342
454,P5,6059.981719243342,6194.169195057166
455,P2,5486.7056557893475,5649.466479509323
455,P3,5649.466479509323,5998.426466438287
455,P5,5998.426466438287,6190.469367132259
455,P6,6190.469367132259,6367.574697309137
456,P3,5519.805447994701,5663.54376064965
456,P4,5663.54376064965,5846.374251541087
456,P6,5846.374251541087,6134.308987641372
456,P7,6134.308987641372,6357.33901860584
457,P3,5536.863043054965,5681.9873223605455
457,P5,5681.9873223605455,6078.521413589019
458,P1,5545.28874384509,5680.745220520281
458,P2,5680.745220520281,5865.82702830771
458,P3,5865.82702830771,6258.199444430366
458,P4,6258.199444430366,6635.322336552954
458,P5,6635.322336552954,6860.713701011655
459,P2,5579.688658034513,5801.012596928089
459,P3,5801.012596928089,5868.542373997306
459,P4,5868.542373997306,5996.841622403923
459,P7,5996.841622403923,6059.7339291484195
460,P1,5584.920410356556,5822.567013907446
460,P2,5822.567013907446,5974.245454520838
460,P3,5974.245454520838,6174.289782544963
460,P5,6174.289782544963,6510.753070404439
460,P6,6510.753070404439,6632.43083281612
461,P3,5616.901298254021,5745.038618675948
461,P4,5745.038618675948,6064.978394926391
461,P5,6064.978394926391,6258.991941433673
461,P6,6258.991941433673,6384.527785891476
462,P1,5650.114938073833,5767.275030141321
462,P2,5767.275030141321,5859.275551427152
462,P3,5859.275551427152,6117.361377252418
462,P5,6117.361377252418,6296.404551242392
462,P6,6296.404551242392,6420.0367854957085
462,P7,6420.0367854957085,6543.159521905086
463,P1,5653.0471081236465,5733.306307609428
463,P2,5733.306307609428,5875.620400376316
463,P3,5875.620400376316,6058.293547281549
463,P4,6058.293547281549,6492.2201876764975
463,P6,6492.2201876764975,6617.285034232669
464,P3,5658.021744437865,5809.440307708125
464,P4,5809.440307708125,6168.108369242769
464,P7,6168.108369242769,6297.244112846215
465,P1,5658.154438611359,5792.782373302546
465,P2,5792.782373302546,6209.248128860824
465,P3,6209.248128860824,6507.569288540119
465,P5,6507.569288540119,6702.002308771987
465,P6,6702.002308771987,6928.952285868978
465,P7,6928.952285868978,7074.695370738384
466,P1,5668.278578381207,5719.473864377593
466,P2,5719.473864377593,5896.959806802653
466,P3,5896.959806802653,6010.525846699536
466,P5,6010.525846699536,6089.748960353531
466,P6,6089.748960353531,6141.7521096102255
466,P7,6141.7521096102255,6199.397387414387
467,P1,5675.1405493409075,5858.3900729636625
467,P2,5858.3900729636625,6054.867013667183
467,P3,6054.867013667183,6317.469824593991
467,P4,6317.469824593991,6655.012356659487
467,P5,6655.012356659487,6986.658423994287
467,P6,6986.658423994287,7238.017258806246
467,P7,7238.017258806246,7476.491196303068
468,P1,5675.411191364604,5806.954499837943
468,P2,5806.954499837943,5990.337346036023
468,P3,5990.337346036023,6344.915980858378
468,P4,6344.915980858378,6649.545873733368
468,P5,6649.545873733368,7034.499851587937
469,P1,5680.533858318064,5823.360767797977
469,P2,5823.360767797977,5998.887536043157
469,P3,5998.887536043157,6419.023556361039
469,P4,6419.023556361039,6810.116062157239
469,P7,6810.116062157239,7017.461979640032
470,P1,5682.670389361185,5923.138544462391
470,P2,5923.138544462391,6036.976318007899
470,P3,6036.976318007899,6305.958130341764
470,P4,6305.958130341764,6548.762698627789
470,P5,6548.762698627789,6657.2573838457465
471,P1,5688.104256584013,5785.8794086555035
471,P2,5785.8794086555035,5925.665541114659
471,P3,5925.665541114659,6141.282877703225
471,P4,6141.282877703225,6300.84984600696
471,P7,6300.84984600696,6390.393149660607
472,P1,5704.797600853184,5860.40280511798
472,P2,5860.40280511798,5985.274573738985
472,P3,5985.274573738985,6458.1515376797015
472,P4,6458.1515376797015,6792.463002598994
472,P6,6792.463002598994,7106.441544243894
473,P3,5715.93697556881,5792.715969120754
473,P5,5792.715969120754,5883.525536053511
473,P6,5883.525536053511,6000.261053384668
474,P3,5725.125991079145,5868.140462564299
474,P5,5868.140462564299,5974.50700609726
475,P3,5738.495378028659,6013.813988762366
475,P4,6013.813988762366,6492.762182441637
475,P6,6492.762182441637,6722.6549153162905
476,P1,5739.156096502185,5827.476689962932
476,P2,5827.476689962932,5943.927044847098
476,P3,5943.927044847098,6128.070309547439
476,P4,6128.070309547439,6304.710816409525
476,P6,6304.710816409525,6424.653151412987
477,P1,5755.336346356371,5817.214624889401
477,P2,5817.214624889401,5914.740099689466
477,P3,5914.740099689466,6099.7516340659095
477,P4,6099.7516340659095,6225.579332608743
477,P6,6225.579332608743,6381.558130884112
478,P1,5760.884824340477,5950.440283048063
478,P2,5950.440283048063,6216.221971391053
478,P3,6216.221971391053,6509.641416405381
478,P4,6509.641416405381,6856.13412207713
478,P7,6856.13412207713,6950.307227322111
479,P1,5766.497931532008,5950.837852969338
479,P2,5950.837852969338,6100.956970978022
479,P3,6100.956970978022,6244.495612122901
479,P5,6244.495612122901,6516.080168266116
480,P3,5779.520028768786,5956.304141174228
480,P4,5956.304141174228,6191.993646635613
480,P5,6191.993646635613,6314.444472149618
480,P6,6314.444472149618,6405.958068374208
481,P1,5805.218939314779,5936.723015410859
481,P2,5936.723015410859,6013.2841422278325
481,P3,6013.2841422278325,6106.027041121135
481,P4,6106.027041121135,6381.550383172678
481,P7,6381.550383172678,6459.809574434016
482,P1,5818.09522666703,5917.6975064125345
482,P2,5917.6975064125345,6122.294628833572
482,P3,6122.294628833572,6311.662507964022
482,P4,6311.662507964022,6467.681873952729
482,P7,6467.681873952729,6538.919747916805
483,P3,5829.911487742087,6080.816717192962
483,P5,6080.816717192962,6211.079150484584
484,P2,5851.970804737016,6081.795126912698
484,P3,6081.795126912698,6494.1566217913505
484,P4,6494.1566217913505,7029.206897933682
484,P7,7029.206897933682,7371.98436986371
485,P1,5874.364096290464,5971.157087705703
485,P2,5971.157087705703,6039.665790557691
485,P3,6039.665790557691,6163.778595669253
485,P5,6163.778595669253,6252.2036506497025
486,P1,5874.6445971921385,5958.133216162403
486,P2,5958.133216162403,6072.566590726578
486,P3,6072.566590726578,6247.971214018397
486,P4,6247.971214018397,6585.950753189481
486,P7,6585.950753189481,6767.4063984185905
487,P1,5877.456022526588,6037.291883036949
487,P2,6037.291883036949,6233.8618108472865
487,P3,6233.8618108472865,6488.665532389605
487,P4,6488.665532389605,6978.414352001367
487,P5,6978.414352001367,7170.436824237756
488,P2,5882.81246963476,6010.585175209387
488,P3,6010.585175209387,6249.040675548425
488,P4,6249.040675548425,6421.97653009297
488,P6,6421.97653009297,6523.089775913054
489,P1,5886.476775773239,5989.587706555403
489,P2,5989.587706555403,6121.599315508819
489,P3,6121.599315508819,6247.303748562803
489,P5,6247.303748562803,6457.488998606442
489,P6,6457.488998606442,6612.646890884474
490,P3,5891.615677797079,6339.656268590876
490,P4,6339.656268590876,7355.619312257783
490,P7,7355.619312257783,7669.7231432785775
491,P3,5903.746390440622,6281.813349620095
491,P4,6281.813349620095,6848.311781869987
491,P7,6848.311781869987,7030.090443680761
492,P2,5926.694431594462,6218.704153637712
492,P3,6218.704153637712,6331.916165027255
492,P4,6331.916165027255,6517.100428917236
492,P6,6517.100428917236,6764.062825575795
493,P3,5930.076910832211,6222.987632692448
493,P5,6222.987632692448,6403.633772881532
494,P2,5941.0305975409965,6230.66797019439
494,P3,6230.66797019439,6647.72794558981
494,P4,6647.72794558981,7087.669149311111
494,P5,7087.669149311111,7309.646361333522
494,P6,7309.646361333522,7590.095184740285
495,P2,5955.378210863565,6274.584598722118
495,P3,6274.584598722118,6485.254164749094
495,P5,6485.254164749094,6661.85846393317
495,P6,6661.85846393317,6800.860954982001
496,P2,5961.975750565004,6087.806993013087
496,P3,6087.806993013087,6239.143017514255
496,P5,6239.143017514255,6400.69884006798
496,P6,6400.69884006798,6660.438948525455
497,P1,5987.626591256779,6162.613251980935
497,P2,6162.613251980935,6353.435317870683
497,P3,6353.435317870683,6629.96455897966
497,P4,6629.96455897966,7051.6112285027475
497,P6,7051.6112285027475,7195.3207587326215
498,P1,5994.178930125969,6121.9033398095125
498,P2,6121.9033398095125,6278.430381000761
498,P3,6278.430381000761,6527.878426061443
498,P5,6527.878426061443,6727.350320614255
499,P1,5999.17871619573,6149.101251425691
499,P2,6149.101251425691,6359.525628356027
499,P3,6359.525628356027,6570.78851711881
499,P5,6570.78851711881,6787.947526374253
500,P1,5999.990371774274,6224.894596535617
500,P2,6224.894596535617,6309.737343882372
500,P3,6309.737343882372,6469.0222883901
500,P4,6469.0222883901,6787.2927800316165
500,P7,6787.2927800316165,7050.931384398941
501,P3,6003.206907766345,6152.287269284587
501,P5,6152.287269284587,6294.056989895723
501,P6,6294.056989895723,6415.212817717458
502,P3,6024.96063585879,6178.965712688637
502,P4,6178.965712688637,6421.413370507217
502,P5,6421.413370507217,6812.285478711192
502,P6,6812.285478711192,6917.296377797264
502,P7,6917.296377797264,7022.570545773878
503,P1,6027.959531381464,6302.722505642836
503,P2,6302.722505642836,6398.299114772337
503,P3,6398.299114772337,6590.9214566013125
503,P5,6590.9214566013125,6772.395609330512
504,P2,6035.246198154775,6198.022590963422
504,P3,6198.022590963422,6407.107765997659
504,P4,6407.107765997659,6686.871298627123
504,P6,6686.871298627123,6892.807423191296
505,P1,6037.522385771594,6252.141614290676
505,P2,6252.141614290676,6460.163770403905
505,P3,6460.163770403905,6818.267880047336
505,P5,6818.267880047336,7002.820067865783
505,P6,7002.820067865783,7470.353198954315
506,P1,6037.934226160467,6268.246595947642
506,P2,6268.246595947642,6321.311752091618
506,P3,6321.311752091618,6394.598448770417
506,P4,6394.598448770417,6506.5528434419675
506,P6,6506.5528434419675,6746.241620620066
507,P2,6053.497509675991,6214.9794513207125
507,P3,6214.9794513207125,6441.623842939263
507,P4,6441.623842939263,6783.604882856365
507,P5,6783.604882856365,6869.345878538794
507,P6,6869.345878538794,7019.348495443054
507,P7,7019.348495443054,7100.484373684627
508,P1,6088.324788673826,6207.503017035965
508,P2,6207.503017035965,6486.219473194851
508,P3,6486.219473194851,6582.6620602442745
508,P5,6582.6620602442745,6884.226057421646
509,P1,6098.333683387014,6280.533824976644
509,P2,6280.533824976644,6774.762936889405
509,P3,6774.762936889405,7127.694476968532
509,P5,7127.694476968532,7342.686812661317
509,P6,7342.686812661317,7598.0883045611145
510,P2,6116.787717342565,6248.978620110409
510,P3,6248.978620110409,6464.28571854308
510,P4,6464.28571854308,6922.786984369595
510,P5,6922.786984369595,7220.683254340008
511,P3,6132.702043778542,6354.757025585544
511,P5,6354.757025585544,6485.5313967312595
511,P6,6485.5313967312595,6587.79994595772
511,P7,6587.79994595772,6642.005088724244
512,P1,6161.806277011439,6253.996504252123
512,P2,6253.996504252123,6590.076294794759
512,P3,6590.076294794759,6812.031769591251
512,P5,6812.031769591251,6945.629484803639
513,P2,6211.109090108875,6428.360007954857
513,P3,6428.360007954857,6497.1412548482485
513,P5,6497.1412548482485,6566.578265794357
513,P6,6566.578265794357,6622.62410197728
514,P2,6212.422010590418,6408.901302991719
514,P3,6408.901302991719,6636.661725765242
514,P4,6636.661725765242,7092.636099869603
514,P6,7092.636099869603,7213.0059950770365
515,P1,6222.139772761493,6322.4912853725145
515,P2,6322.4912853725145,6531.873263115904
515,P3,6531.873263115904,6704.781228491642
515,P4,6704.781228491642,6930.328719486954
515,P7,6930.328719486954,7115.957741000097
516,P1,6234.8038972958475,6490.118151408029
516,P2,6490.118151408029,6589.601211811061
516,P3,6589.601211811061,6711.571584639192
516,P4,6711.571584639192,6866.824477754635
516,P6,6866.824477754635,6973.911650684958
517,P3,6246.417993445339,6449.560832794809
517,P4,6449.560832794809,6588.105166091913
517,P5,6588.105166091913,6837.693139844502
517,P6,6837.693139844502,6928.755683351717
518,P3,6257.708419646741,6491.534053283405
518,P5,6491.534053283405,6583.9444057305955
519,P1,6265.397664043747,6363.693466990101
519,P2,6363.693466990101,6534.19156340523
519,P3,6534.19156340523,6793.666552618866
519,P4,6793.666552618866,7208.67720012997
519,P6,7208.67720012997,7383.47511906759
520,P1,6282.959899597389,6351.631124657754
520,P2,6351.631124657754,6408.741085233738
520,P3,6408.741085233738,6501.5157758712485
520,P4,6501.5157758712485,6717.753953637418
520,P5,6717.753953637418,6970.639201545928
520,P6,6970.639201545928,7043.75411966625
521,P1,6288.730404946018,6418.509570380407
521,P2,6418.509570380407,6549.185326852872
521,P3,6549.185326852872,6745.756245506008
521,P5,6745.756245506008,6961.786632846197
522,P3,6294.987631761563,6372.019251074113
522,P5,6372.019251074113,6423.724264617508
523,P3,6305.818135662047,6550.478827574016
523,P4,6550.478827574016,6862.325290073472
523,P5,6862.325290073472,7009.342045864792
523,P6,7009.342045864792,7220.028111826038
524,P2,6307.050282053366,6438.67902756621
524,P3,6438.67902756621,6600.150739574608
524,P4,6600.150739574608,6944.869570894649
524,P5,6944.869570894649,7096.700225156365
524,P6,7096.700225156365,7522.2245486072225
525,P3,6312.762123612378,6403.952097816907
525,P4,6403.952097816907,6497.601187901856
525,P6,6497.601187901856,6601.728328383319
526,P2,6319.849532429554,6434.950884340423
526,P3,6434.950884340423,6554.062170982562
526,P4,6554.062170982562,6805.311336193525
526,P5,6805.311336193525,6952.968285213456
527,P1,6320.325028392673,6366.563710537556
527,P2,6366.563710537556,6549.323255880409
527,P3,6549.323255880409,6649.23542607571
527,P4,6649.23542607571,6825.408017349844
527,P5,6825.408017349844,6939.422713611217
528,P1,6336.721558563155,6424.530937411058
528,P2,6424.530937411058,6553.404139921187
528,P3,6553.404139921187,6954.9349387307575
528,P5,6954.9349387307575,7081.8081415009665
529,P2,6337.277273194108,6482.307295874741
529,P3,6482.307295874741,6734.881638889202
529,P5,6734.881638889202,6932.936151225859
529,P6,6932.936151225859,7098.082300176323
530,P3,6369.323429777662,6609.091925258241
530,P4,6609.091925258241,7018.361239017927
530,P5,7018.361239017927,7176.049838537026
531,P1,6385.164463113569,6502.6536549740695
531,P2,6502.6536549740695,6673.293762530501
531,P3,6673.293762530501,6840.000502012395
531,P4,6840.000502012395,7147.969756049681
531,P5,7147.969756049681,7251.236020754549
531,P6,7251.236020754549,7362.319467083491
532,P1,6392.777564102059,6590.242437002653
532,P2,6590.242437002653,6796.002331842278
532,P3,6796.002331842278,6946.714646757195
532,P4,6946.714646757195,7284.774085265739
532,P7,7284.774085265739,7388.281369240728
533,P3,6424.650368266042,6629.592501601512
533,P5,6629.592501601512,6761.660837414742
533,P6,6761.660837414742,6921.431313126018
534,P3,6454.185526898949,7061.414097572903
534,P5,7061.414097572903,7366.403817351715
535,P2,6454.736830862656,6510.784587233432
535,P3,6510.784587233432,6669.610907584213
535,P4,6669.610907584213,6810.639424238786
535,P6,6810.639424238786,6975.123989738698
535,P7,6975.123989738698,7103.707521584331
536,P2,6461.704903698009,6566.202102061373
536,P3,6566.202102061373,7071.451552122907
536,P4,7071.451552122907,7234.408143670023
536,P6,7234.408143670023,7336.811383231793
537,P2,6470.805630870557,6563.7923499804
537,P3,6563.7923499804,6693.9155076721945
537,P5,6693.9155076721945,6882.28304409342
538,P1,6474.7107132866,6624.685999784163
538,P2,6624.685999784163,6765.220940906277
538,P3,6765.220940906277,6879.644404591831
538,P4,6879.644404591831,7059.373307174732
538,P6,7059.373307174732,7440.640201268912
539,P1,6477.973919195418,6620.492722464746
539,P2,6620.492722464746,6877.33675958541
539,P3,6877.33675958541,7130.250725913853
539,P4,7130.250725913853,7563.378478617394
539,P7,7563.378478617394,7732.584021508448
540,P2,6485.557505696167,6618.988058280602
540,P3,6618.988058280602,6806.807489522613
540,P4,6806.807489522613,6987.826677793722
540,P5,6987.826677793722,7243.1243238038505
540,P6,7243.1243238038505,7443.366134364027
541,P1,6527.230797602353,6671.3385612551765
541,P2,6671.3385612551765,6775.695285428266
541,P3,6775.695285428266,6974.232287443079
541,P5,6974.232287443079,7140.086543298949
542,P2,6536.115101898717,6720.451770210669
542,P3,6720.451770210669,6879.801203087871
542,P5,6879.801203087871,7389.655392504541
542,P6,7389.655392504541,7582.895339657879
543,P2,6542.17865052115,6739.658571777956
543,P3,6739.658571777956,6912.239922918016
543,P5,6912.239922918016,7101.319291087571
544,P1,6544.186996300673,6739.645540263958
544,P2,6739.645540263958,6940.722261511371
544,P3,6940.722261511371,7115.30036030707
544,P5,7115.30036030707,7293.598193880553
545,P3,6553.6969307293775,6748.702997264829
545,P5,6748.702997264829,6848.5049716730055
545,P6,6848.5049716730055,6968.487465495249
546,P1,6563.178573603999,6661.549702013656
546,P2,6661.549702013656,6840.4236577278525
546,P3,6840.4236577278525,7065.809933488984
546,P5,7065.809933488984,7345.850007687462
546,P6,7345.850007687462,7574.995263663995
547,P1,6572.911601005512,6653.962168649665
547,P2,6653.962168649665,6796.422181327348
547,P3,6796.422181327348,7020.059412881162
547,P4,7020.059412881162,7381.795147393511
547,P7,7381.795147393511,7608.50691917788
548,P3,6598.9733981258005,6814.785503572875
548,P5,6814.785503572875,7212.303536639927
549,P1,6603.092377899136,6859.934829395684
549,P2,6859.934829395684,6995.444535054808
549,P3,6995.444535054808,7080.019372400576
549,P4,7080.019372400576,7191.937443819909
549,P7,7191.937443819909,7389.689080232259
550,P1,6603.273251402254,6740.188197017222
550,P2,6740.188197017222,6902.892592712942
550,P3,6902.892592712942,7050.16439443495
550,P4,7050.16439443495,7525.642153379949
550,P6,7525.642153379949,7674.409709066055
551,P1,6608.387167752096,6834.441161784068
551,P2,6834.441161784068,6941.756515782612
551,P3,6941.756515782612,7038.845484601298
551,P4,7038.845484601298,7212.985551218649
551,P7,7212.985551218649,7360.20389570815
552,P3,6635.082315449754,6970.145132505616
552,P5,6970.145132505616,7144.577221752137
552,P6,7144.577221752137,7335.913982841429
553,P2,6639.831794230669,6792.318571796646
553,P3,6792.318571796646,7064.988955807456
553,P5,7064.988955807456,7186.329765612729
553,P6,7186.329765612729,7369.660547961855
554,P3,6641.407956061063,6741.999450775804
554,P5,6741.999450775804,6954.646053994581
555,P1,6651.032115619978,6850.539697573453
555,P2,6850.539697573453,7053.680486452738
555,P3,7053.680486452738,7222.492344487897
555,P4,7222.492344487897,7558.477802753204
555,P5,7558.477802753204,7796.1847524491395
555,P6,7796.1847524491395,7902.621478369077
556,P3,6664.310864546628,6838.580282387326
556,P5,6838.580282387326,6985.219599059325
557,P1,6691.386785145546,6804.473195272418
557,P2,6804.473195272418,6921.607988040581
557,P3,6921.607988040581,7053.063641607876
557,P4,7053.063641607876,7313.021287549793
557,P6,7313.021287549793,7398.60762945301
558,P1,6695.617769188604,6792.860489496949
558,P2,6792.860489496949,6871.008566089106
558,P3,6871.008566089106,7096.150184843527
558,P4,7096.150184843527,7225.916336189287
558,P7,7225.916336189287,7318.933374674399
559,P1,6696.203500645531,6770.911763827903
559,P2,6770.911763827903,6866.199387088814
559,P3,6866.199387088814,7015.320926005699
559,P4,7015.320926005699,7176.977317345429
559,P6,7176.977317345429,7329.046702190333
560,P1,6710.1862029296735,6800.534477561358
560,P2,6800.534477561358,6891.417704468394
560,P3,6891.417704468394,6988.067448653915
560,P4,6988.067448653915,7201.132709960786
560,P5,7201.132709960786,7250.564554623193
561,P3,6720.782453669292,6842.194958045276
561,P4,6842.194958045276,7075.443136870351
561,P6,7075.443136870351,7151.965582207837
562,P3,6730.295062396198,6988.583147905453
562,P5,6988.583147905453,7173.233612557054
562,P6,7173.233612557054,7233.432394476991
563,P1,6734.01969542299,7077.16176599405
563,P2,7077.16176599405,7327.321983927102
563,P3,7327.321983927102,7635.3390046928
563,P5,7635.3390046928,8076.711112935898
564,P1,6745.199633953502,6923.215044485854
564,P2,6923.215044485854,7120.3254101103685
564,P3,7120.3254101103685,7222.587429721802
564,P4,7222.587429721802,7398.257503369087
564,P6,7398.257503369087,7501.393240811052
565,P1,6750.133877000915,6966.834802939045
565,P2,6966.834802939045,7185.752857385195
565,P3,7185.752857385195,7397.210919250104
565,P4,7397.210919250104,7736.346842162372
565,P5,7736.346842162372,8083.167789125575
565,P6,8083.167789125575,8317.266221133248
566,P2,6758.307852341778,6869.652414516728
566,P3,6869.652414516728,6960.777257395795
566,P4,6960.777257395795,7205.414634378417
566,P7,7205.414634378417,7559.136366347184
567,P1,6761.603682371634,6827.292571989714
567,P2,6827.292571989714,7069.2138391800845
567,P3,7069.2138391800845,7173.954234129356
567,P4,7173.954234129356,7313.066107230144
567,P6,7313.066107230144,7401.051537970363
568,P3,6765.1327897175215,7169.465389346834
568,P4,7169.465389346834,7708.634174014891
568,P6,7708.634174014891,7907.148810839674
569,P2,6783.785368461108,6875.435837724852
569,P3,6875.435837724852,6995.212316350226
569,P4,6995.212316350226,7261.702317131935
569,P7,7261.702317131935,7346.97825828527
570,P3,6808.089207729574,7241.168324135542
570,P5,7241.168324135542,7409.300430743528
571,P1,6818.247375220135,6922.656015035644
571,P2,6922.656015035644,7097.335828012101
571,P3,7097.335828012101,7307.501892061052
571,P5,7307.501892061052,7576.435400000558
572,P1,6827.510521298453,6989.518801436165
572,P2,6989.518801436165,7122.807679263238
572,P3,7122.807679263238,7351.642995329085
572,P4,7351.642995329085,7697.726529583362
572,P5,7697.726529583362,7889.481462985335
573,P3,6828.029704549701,7116.963049776288
573,P4,7116.963049776288,7469.002060772073
573,P6,7469.002060772073,8206.120286485579
573,P7,8206.120286485579,8698.83342000669
574,P3,6850.150937653446,7010.91490085096
574,P5,7010.91490085096,7123.559701454723
574,P6,7123.559701454723,7209.41622322955
574,P7,7209.41622322955,7282.198253457719
575,P2,6858.10524364885,7062.397264184649
575,P3,7062.397264184649,7177.322375769312
575,P4,7177.322375769312,7355.247321100623
575,P7,7355.247321100623,7437.060852706733
576,P3,6876.084580239352,7325.4296549574565
576,P4,7325.4296549574565,7826.41289524702
576,P7,7826.41289524702,7890.038525889201
577,P1,6881.432745941939,7123.029499631509
577,P2,7123.029499631509,7333.041688452213
577,P3,7333.041688452213,7513.072938832041
577,P4,7513.072938832041,7700.7316326323435
577,P6,7700.7316326323435,7932.054717908006
577,P7,7932.054717908006,8025.650958806204
578,P1,6902.921723393381,6963.221030615902
578,P2,6963.221030615902,7058.473191617596
578,P3,7058.473191617596,7152.496475708872
578,P5,7152.496475708872,7244.73240986005
578,P6,7244.73240986005,7326.944408476352
578,P7,7326.944408476352,7391.6105457639405
579,P3,6910.032967935338,7183.597555356835
579,P5,7183.597555356835,7581.069911352519
579,P6,7581.069911352519,7711.665964256949
579,P7,7711.665964256949,7808.192787221285
580,P1,6920.749885569214,7011.80635544841
580,P2,7011.80635544841,7091.394549710737
580,P3,7091.394549710737,7246.671825706172
580,P5,7246.671825706172,7330.18306508675
580,P6,7330.18306508675,7478.97906152218
581,P1,6925.110167521131,7107.807993649968
581,P2,7107.807993649968,7203.186009937873
581,P3,7203.186009937873,7401.046150206545
581,P4,7401.046150206545,7734.238416118676
581,P5,7734.238416118676,7868.868690488406
582,P1,6933.475300698442,7228.773192566988
582,P2,7228.773192566988,7644.863826848826
582,P3,7644.863826848826,8180.359716498379
582,P5,8180.359716498379,8590.508897176776
583,P1,6941.242938043448,7017.54815558595
583,P2,7017.54815558595,7141.753827934314
583,P3,7141.753827934314,7376.915973110964
583,P5,7376.915973110964,7530.774468786361
583,P6,7530.774468786361,7664.4475039504805
584,P1,6945.169491977764,6994.291956563423
584,P2,6994.291956563423,7109.073391337882
584,P3,7109.073391337882,7384.656033499419
584,P4,7384.656033499419,7573.00832404438
584,P5,7573.00832404438,7666.487311489558
584,P6,7666.487311489558,7855.817206657367
584,P7,7855.817206657367,8025.357237898479
585,P3,6949.044123657033,7097.822847434315
585,P4,7097.822847434315,7463.935678108273
585,P7,7463.935678108273,7621.664397727234
586,P1,7007.879964069509,7227.984900171604
586,P2,7227.984900171604,7335.384352486281
586,P3,7335.384352486281,7532.903872141328
586,P4,7532.903872141328,7872.785182070407
586,P5,7872.785182070407,8094.334362460783
586,P6,8094.334362460783,8243.44701749839
587,P1,7035.61025306208,7448.539453467728
587,P2,7448.539453467728,7931.863160399316
587,P3,7931.863160399316,9226.64762618219
587,P4,9226.64762618219,9900.275227658378
587,P7,9900.275227658378,10273.347328646778
588,P3,7048.828893703797,7253.42926984449
588,P5,7253.42926984449,7483.3961817017735
589,P1,7051.676282163445,7160.414909775186
589,P2,7160.414909775186,7314.543456671582
589,P3,7314.543456671582,7395.990805769763
589,P4,7395.990805769763,7525.352077995469
589,P5,7525.352077995469,7581.362481928903
589,P6,7581.362481928903,7817.920488627588
590,P2,7053.469287731463,7130.022393343031
590,P3,7130.022393343031,7252.9592561493955
590,P5,7252.9592561493955,7558.915462482924
590,P6,7558.915462482924,7657.627070408032
591,P3,7058.844610582844,7210.56528176304
591,P5,7210.56528176304,7468.032939489802
592,P3,7064.753983370955,7554.192359819694
592,P4,7554.192359819694,8161.180055571677
592,P7,8161.180055571677,8420.483541077254
593,P1,7066.180718705101,7166.169073525851
593,P2,7166.169073525851,7276.873018652355
593,P3,7276.873018652355,7402.87977426947
593,P5,7402.87977426947,7519.1522997840075
593,P6,7519.1522997840075,7630.471689625699
594,P3,7074.107228035673,7137.712096669852
594,P5,7137.712096669852,7216.060684705103
594,P6,7216.060684705103,7296.116468083609
595,P3,7087.006304286179,7352.1620991346645
595,P5,7352.1620991346645,7504.0925003592965
596,P2,7103.375652249599,7242.948632670301
596,P3,7242.948632670301,7501.004505853937
596,P5,7501.004505853937,7666.476652234295
597,P1,7113.467797121072,7240.085870059116
597,P2,7240.085870059116,7341.494914325953
597,P3,7341.494914325953,7561.5133524685125
597,P4,7561.5133524685125,7793.403386808168
597,P6,7793.403386808168,7954.7429998026455
598,P3,7115.639709850897,7243.792690975565
598,P4,7243.792690975565,7613.174682852726
598,P7,7613.174682852726,7728.77300032841
599,P1,7135.294415452106,7228.013256700053
599,P2,7228.013256700053,7663.941094198024
599,P3,7663.941094198024,7911.942363716651
599,P5,7911.942363716651,8111.410164127253
599,P6,8111.410164127253,8263.030968624973
600,P2,7155.598984277032,7272.217477613931
600,P3,7272.217477613931,7486.180473106244
600,P4,7486.180473106244,7935.203141873261
600,P5,7935.203141873261,8166.302143537127
601,P1,7182.964202853387,7371.5629217875085
601,P2,7371.5629217875085,7507.950604290274
601,P3,7507.950604290274,7661.265872748489
601,P5,7661.265872748489,7743.193803666372
601,P6,7743.193803666372,7783.859109700182
602,P1,7210.673081313729,7382.378236654974
602,P2,7382.378236654974,7532.093355150146
602,P3,7532.093355150146,7683.737042124905
602,P5,7683.737042124905,7831.977311259988
602,P6,7831.977311259988,7962.535594582226
603,P1,7211.032546756007,7311.077317250972
603,P2,7311.077317250972,7396.792544742283
603,P3,7396.792544742283,7526.923550391164
603,P4,7526.923550391164,7665.871755116043
603,P6,7665.871755116043,7881.558572790721
604,P3,7215.044761488435,7669.108493248097
604,P5,7669.108493248097,7749.820265106697
605,P1,7252.314122636629,7338.542894461706
605,P2,7338.542894461706,7433.322672430037
605,P3,7433.322672430037,7561.995055043458
605,P4,7561.995055043458,7769.585576156517
605,P7,7769.585576156517,7825.651291240603
606,P1,7260.17190322772,7483.833828034431
606,P2,7483.833828034431,7730.00372859898
606,P3,7730.00372859898,7887.761580812263
606,P4,7887.761580812263,8200.464140273221
606,P6,8200.464140273221,8440.875612731756
607,P1,7265.177813120114,7344.527966733072
607,P2,7344.527966733072,7498.065834431046
607,P3,7498.065834431046,7891.727291750618
607,P5,7891.727291750618,8031.257907876807
607,P6,8031.257907876807,8245.434152101807
607,P7,8245.434152101807,8369.354399087115
608,P3,7265.246258779006,7373.771368750813
608,P4,7373.771368750813,7550.033909018454
608,P6,7550.033909018454,7931.8613106027815
609,P1,7268.997353810372,7571.690299177906
609,P2,7571.690299177906,7647.273065135248
609,P3,7647.273065135248,7764.486368101353
609,P4,7764.486368101353,7915.962535559754
609,P7,7915.962535559754,7985.8125682416985
610,P1,7291.1510153371155,7427.793365627574
610,P2,7427.793365627574,7590.2799253222265
610,P3,7590.2799253222265,7787.755582097874
610,P4,7787.755582097874,8122.894977739743
610,P6,8122.894977739743,8296.20402538099
611,P3,7305.014902781424,7853.636762774095
611,P5,7853.636762774095,8308.255963295862
612,P3,7317.609923705401,7523.74925189532
612,P4,7523.74925189532,8075.2362186419905
612,P6,8075.2362186419905,8363.484108950886
612,P7,8363.484108950886,8587.231962930526
613,P2,7320.279433635966,7443.222452345068
613,P3,7443.222452345068,7559.365220896241
613,P4,7559.365220896241,7872.308206347013
613,P6,7872.308206347013,7974.977985977002
613,P7,7974.977985977002,8062.052852771145
614,P3,7328.651785219501,7761.597465412289
614,P4,7761.597465412289,8032.922629700718
614,P7,8032.922629700718,8179.878444745908
615,P1,7383.341725921603,7669.2401107573305
615,P2,7669.2401107573305,8083.798245728773
615,P3,8083.798245728773,8523.84229220787
615,P5,8523.84229220787,8842.181656575041
615,P6,8842.181656575041,9066.937318468244
616,P2,7383.445122337319,7517.42223647785
616,P3,7517.42223647785,8248.320955830275
616,P4,8248.320955830275,8529.340507613344
616,P7,8529.340507613344,8631.687627786352
617,P1,7404.809330741969,7728.837268097558
617,P2,7728.837268097558,7950.488111166531
617,P3,7950.488111166531,8143.037889769077
617,P4,8143.037889769077,8438.220789428733
617,P7,8438.220789428733,8679.584552595734
618,P1,7409.995947151645,7488.9068312848285
618,P2,7488.9068312848285,7642.30103553031
618,P3,7642.30103553031,7849.474399224733
618,P4,7849.474399224733,8211.174914265524
618,P6,8211.174914265524,8354.154520613853
619,P2,7410.6625264754375,7629.168800051174
619,P3,7629.168800051174,7821.14286228532
619,P5,7821.14286228532,7962.333894443697
619,P6,7962.333894443697,8061.895415315849
619,P7,8061.895415315849,8165.751203178598
620,P2,7416.822660936689,7519.27196087084
620,P3,7519.27196087084,7682.5104480120235
620,P4,7682.5104480120235,7982.688122258659
620,P5,7982.688122258659,8248.794435447591
621,P2,7431.664338102419,7955.610844392797
621,P3,7955.610844392797,8457.574018116295
621,P4,8457.574018116295,9007.785596558117
621,P6,9007.785596558117,9337.27137349809
622,P1,7437.01539795323,7606.586549678061
622,P2,7606.586549678061,7787.594680156069
622,P3,7787.594680156069,8065.59046591405
622,P5,8065.59046591405,8236.391704342075
623,P2,7445.0806106317805,7601.791907810828
623,P3,7601.791907810828,7884.718775702938
623,P5,7884.718775702938,8098.839439509588
623,P6,8098.839439509588,8320.602936056006
624,P1,7454.325906543298,7679.210352680507
624,P2,7679.210352680507,7875.126548123571
624,P3,7875.126548123571,8300.231574391677
624,P5,8300.231574391677,8466.70546446977
624,P6,8466.70546446977,8632.664099172234
624,P7,8632.664099172234,8806.950681327706
625,P1,7471.5603895648665,7606.878439066977
625,P2,7606.878439066977,7778.128002208381
625,P3,7778.128002208381,7983.156749161911
625,P4,7983.156749161911,8384.587445115356
625,P5,8384.587445115356,8582.789481310245
626,P1,7491.312965462312,7592.7987415927055
626,P2,7592.7987415927055,7653.272514670961
626,P3,7653.272514670961,7759.905211295308
626,P5,7759.905211295308,7873.913329307638
627,P1,7491.9616522641945,7593.572013450474
627,P2,7593.572013450474,7747.815139455637
627,P3,7747.815139455637,7922.5856030095865
627,P4,7922.5856030095865,8252.229314385275
627,P7,8252.229314385275,8393.447051640247
628,P1,7497.682595590144,7642.710103652221
628,P2,7642.710103652221,7754.330048568686
628,P3,7754.330048568686,7974.219170149699
628,P5,7974.219170149699,8139.591584918852
628,P6,8139.591584918852,8243.786138816733
629,P3,7516.977139677778,7748.752829786323
629,P5,7748.752829786323,7896.555004208254
630,P1,7525.897567388968,7619.972414232092
630,P2,7619.972414232092,7709.722604038769
630,P3,7709.722604038769,8032.775465643484
630,P5,8032.775465643484,8115.133268718397
630,P6,8115.133268718397,8205.461200312951
630,P7,8205.461200312951,8284.784717823972
631,P1,7542.042461533976,7652.964912174424
631,P2,7652.964912174424,7817.472463451121
631,P3,7817.472463451121,8127.9879519121705
631,P4,8127.9879519121705,8435.591134827524
631,P5,8435.591134827524,8758.469485931219
631,P6,8758.469485931219,8929.606969293352
631,P7,8929.606969293352,9061.486234022486
632,P2,7561.271562728561,7860.6877270653895
632,P3,7860.6877270653895,8169.057608071211
632,P4,8169.057608071211,9007.970147125508
632,P7,9007.970147125508,9248.04282295083
633,P1,7625.405596105042,7812.7480846890485
633,P2,7812.7480846890485,7993.833077191613
633,P3,7993.833077191613,8200.534257377636
633,P4,8200.534257377636,8419.381736805462
633,P7,8419.381736805462,8734.92419428879
634,P3,7628.337593027971,7941.38431330518
634,P5,7941.38431330518,8309.615477962228
634,P6,8309.615477962228,8430.409527828313
634,P7,8430.409527828313,8602.544100786137
635,P3,7643.08210462637,7787.486083080651
635,P4,7787.486083080651,8126.569813308155
635,P6,8126.569813308155,8365.861179978368
636,P3,7644.245677744528,7793.042967994056
636,P4,7793.042967994056,8064.940921570923
636,P6,8064.940921570923,8219.235346640497
637,P3,7652.318990465918,7874.2068791581205
637,P4,7874.2068791581205,8144.786190498025
637,P5,8144.786190498025,8356.19158308075
638,P1,7652.3588870003105,7737.2811716250735
638,P2,7737.2811716250735,7823.606661656898
638,P3,7823.606661656898,8044.12496428494
638,P4,8044.12496428494,8435.491242502892
638,P5,8435.491242502892,8524.202049021284
639,P3,7659.159715383381,7812.419788401782
639,P4,7812.419788401782,8032.043471369763
639,P5,8032.043471369763,8381.233347426281
640,P1,7671.200775346659,7790.001854515997
640,P2,7790.001854515997,8080.480287287705
640,P3,8080.480287287705,8260.675470901067
640,P4,8260.675470901067,8455.924218256185
640,P6,8455.924218256185,8619.022795339508
640,P7,8619.022795339508,8709.111864650207
641,P1,7687.296191145029,7771.510991928858
641,P2,7771.510991928858,8067.872316516274
641,P3,8067.872316516274,8215.431641968022
641,P5,8215.431641968022,8423.937707621904
642,P2,7710.2609735520455,7903.850701245672
642,P3,7903.850701245672,8176.469217812056
642,P5,8176.469217812056,8688.503470603295
642,P6,8688.503470603295,8887.621725022318
643,P1,7719.3797176459775,7784.17319305965
643,P2,7784.17319305965,8045.754866868299
643,P3,8045.754866868299,8193.936504843623
643,P5,8193.936504843623,8687.1347440845
643,P6,8687.1347440845,8792.744732895413
644,P2,7721.285948803803,7830.693427275203
644,P3,7830.693427275203,7961.770313051072
644,P4,7961.770313051072,8201.357687356916
644,P7,8201.357687356916,8301.82641947614
645,P1,7726.579395510085,7779.738779716875
645,P2,7779.738779716875,8030.964767656905
645,P3,8030.964767656905,8139.385151367245
645,P4,8139.385151367245,8489.402526960966
645,P5,8489.402526960966,8678.128807680618
645,P6,8678.128807680618,8756.177704071979
646,P1,7760.761434204291,7834.668372939406
646,P2,7834.668372939406,7901.903935089584
646,P3,7901.903935089584,8067.910407345766
646,P4,8067.910407345766,8300.773292968694
646,P5,8300.773292968694,8400.686752947757
647,P1,7769.1950677681725,7896.084951750751
647,P2,7896.084951750751,8038.609464346653
647,P3,8038.609464346653,8283.751627796242
647,P4,8283.751627796242,8835.617083561194
647,P7,8835.617083561194,8926.263109979249
648,P3,7788.335572007298,8068.993477776855
648,P4,8068.993477776855,8639.648311631912
648,P6,8639.648311631912,8799.702922215421
649,P2,7805.938103290357,7885.829628164505
649,P3,7885.829628164505,8103.955482431003
649,P4,8103.955482431003,8340.388120846532
649,P7,8340.388120846532,8400.066532333542
650,P3,7810.047393151752,8009.920583045415
650,P5,8009.920583045415,8215.844625328195
650,P6,8215.844625328195,8444.810489039126
651,P1,7841.49698939529,7888.957418365434
651,P2,7888.957418365434,8048.966052109624
651,P3,8048.966052109624,8154.043860211559
651,P5,8154.043860211559,8280.947588826168
651,P6,8280.947588826168,8344.239969953886
652,P1,7907.6791238353835,8008.5823602165165
652,P2,8008.5823602165165,8182.031675725804
652,P3,8182.031675725804,8295.30361896912
652,P5,8295.30361896912,8446.269984600838
652,P6,8446.269984600838,8577.813589690044
653,P3,7951.462971254352,8030.694999260055
653,P4,8030.694999260055,8177.002020891042
653,P6,8177.002020891042,8233.981292377068
654,P1,7961.734858528245,8039.838401519664
654,P2,8039.838401519664,8161.568164373089
654,P3,8161.568164373089,8351.812756162491
654,P4,8351.812756162491,8664.308869280609
654,P7,8664.308869280609,8774.759288920044
655,P3,7963.100139641759,8062.458199583946
655,P4,8062.458199583946,8293.339586610196
655,P5,8293.339586610196,8390.637569490562
656,P2,7964.694754722363,8043.864411916833
656,P3,8043.864411916833,8113.623466361414
656,P5,8113.623466361414,8357.975805401453
656,P6,8357.975805401453,8786.165711985766
657,P1,7970.988097290405,8029.655462768651
657,P2,8029.655462768651,8163.39203761627
657,P3,8163.39203761627,8260.187410076405
657,P4,8260.187410076405,8428.32865452754
657,P5,8428.32865452754,8505.345906173425
657,P6,8505.345906173425,8644.962153660765
658,P1,7971.54336947514,8060.424392935393
658,P2,8060.424392935393,8475.2275548706
658,P3,8475.2275548706,8625.89081432165
658,P5,8625.89081432165,8807.349327360906
659,P3,7978.120466962311,8210.243456402943
659,P4,8210.243456402943,8703.468107412824
659,P6,8703.468107412824,8940.297480256264
660,P1,7983.598349375044,8188.610189898448
660,P2,8188.610189898448,8261.211608349739
660,P3,8261.211608349739,8365.808556683565
660,P5,8365.808556683565,8667.090982856882
661,P2,7986.020933028021,8212.945342472594
661,P3,8212.945342472594,8597.995642604665
661,P4,8597.995642604665,8893.917848174484
661,P7,8893.917848174484,9217.389937852027
662,P1,7989.87555923736,8056.539648473208
662,P2,8056.539648473208,8164.557890061572
662,P3,8164.557890061572,8766.014694978665
662,P4,8766.014694978665,8984.352639809054
662,P7,8984.352639809054,9209.22988375079
663,P3,7994.8518095062755,8288.041701183369
663,P4,8288.041701183369,8521.346322759493
663,P7,8521.346322759493,8625.83041875652
664,P1,7998.6486259838,8045.872015993365
664,P2,8045.872015993365,8114.748630273604
664,P3,8114.748630273604,8207.996037479305
664,P4,8207.996037479305,8362.28467796897
664,P6,8362.28467796897,8453.463566343662
665,P1,8005.959763609657,8293.21843559596
665,P2,8293.21843559596,8570.239785653406
665,P3,8570.239785653406,8821.05850511699
665,P4,8821.05850511699,9495.066568635748
665,P6,9495.066568635748,9650.003748363773
666,P2,8021.262993714408,8176.398934441306
666,P3,8176.398934441306,8458.216010904453
666,P4,8458.216010904453,8887.874972923257
666,P7,8887.874972923257,9008.25828211597
667,P1,8052.583114733955,8343.396969438543
667,P2,8343.396969438543,8554.131770211783
667,P3,8554.131770211783,8840.621870375577
667,P5,8840.621870375577,9051.250910731134
667,P6,9051.250910731134,9266.714235733163
668,P1,8085.447279567138,8215.362026392524
668,P2,8215.362026392524,8374.411115743898
668,P3,8374.411115743898,8536.575837707443
668,P5,8536.575837707443,8751.080919391881
669,P2,8090.19259290719,8217.246958722842
669,P3,8217.246958722842,8374.95525045821
669,P4,8374.95525045821,8604.976410867988
669,P5,8604.976410867988,8694.674910466505
670,P1,8095.25856582104,8258.133771479019
670,P2,8258.133771479019,8311.438835773928
670,P3,8311.438835773928,8390.342899293499
670,P4,8390.342899293499,8498.75432203433
670,P5,8498.75432203433,8572.628663694457
670,P6,8572.628663694457,8620.913036871052
671,P3,8135.288805203163,8317.182478517367
671,P5,8317.182478517367,8750.858121087374
671,P6,8750.858121087374,8826.444775920263
672,P2,8139.399933329119,8197.655911381173
672,P3,8197.655911381173,8409.887043991766
672,P5,8409.887043991766,8508.64749256887
673,P1,8147.115366219661,8234.117238781093
673,P2,8234.117238781093,8391.779085101043
673,P3,8391.779085101043,8554.17236257772
673,P5,8554.17236257772,8634.000995698303
674,P3,8163.90425259917,8632.156010966697
674,P4,8632.156010966697,8857.456560004011
674,P6,8857.456560004011,8981.61824614491
675,P2,8189.87322172167,8335.650900649181
675,P3,8335.650900649181,8835.032787023296
675,P5,8835.032787023296,8970.758783520541
676,P1,8196.653526201746,8276.479556519167
676,P2,8276.479556519167,8364.310722662347
676,P3,8364.310722662347,8656.427630411876
676,P4,8656.427630411876,8877.265569560597
676,P5,8877.265569560597,9032.906014630364
676,P6,9032.906014630364,9199.487800352907
677,P2,8207.04698843798,8443.399502266771
677,P3,8443.399502266771,8545.037896273188
677,P4,8545.037896273188,8806.753512046935
677,P5,8806.753512046935,8892.605136334778
677,P6,8892.605136334778,9059.632748305066
678,P1,8225.750185095927,8331.297582853578
678,P2,8331.297582853578,8454.70709645483
678,P3,8454.70709645483,8593.634565955386
678,P4,8593.634565955386,8904.49236240151
678,P6,8904.49236240151,9043.271054387966
679,P3,8232.883954215486,8461.762130499215
679,P4,8461.762130499215,8752.920836992478
679,P6,8752.920836992478,8930.299712365248
680,P1,8242.749359404377,8327.45492194733
680,P2,8327.45492194733,8413.199544775991
680,P3,8413.199544775991,8563.817605873259
680,P4,8563.817605873259,8727.747915717671
680,P5,8727.747915717671,8837.05552378609
680,P6,8837.05552378609,8917.379995985062
681,P2,8242.999402087436,8376.346051851344
681,P3,8376.346051851344,8544.047006243285
681,P4,8544.047006243285,8899.206287324718
681,P6,8899.206287324718,9094.469569496834
682,P3,8243.394236958466,8426.669986289848
682,P5,8426.669986289848,8618.4734075237
683,P1,8278.155786571684,8336.629444021792
683,P2,8336.629444021792,8505.110786013165
683,P3,8505.110786013165,8605.668898400343
683,P4,8605.668898400343,8772.237382563757
683,P6,8772.237382563757,8854.402803543393
684,P3,8323.447907628608,8453.943681964618
684,P4,8453.943681964618,8663.835854987583
684,P5,8663.835854987583,8809.265266456276
685,P1,8340.761792763302,8451.459022355426
685,P2,8451.459022355426,8555.43832785587
685,P3,8555.43832785587,8782.7298537686
685,P4,8782.7298537686,9017.159631006443
685,P7,9017.159631006443,9144.591190018025
686,P3,8366.24698197193,8508.843530377135
686,P4,8508.843530377135,8884.931416212863
686,P5,8884.931416212863,9199.125405062634
686,P6,9199.125405062634,9338.856296646913
687,P2,8367.280411685688,8447.93812107989
687,P3,8447.93812107989,8875.367209252014
687,P4,8875.367209252014,9127.872948222452
687,P7,9127.872948222452,9221.466780535171
688,P1,8368.079172780994,8555.530956963252
688,P2,8555.530956963252,8749.953256973808
688,P3,8749.953256973808,8957.852196707381
688,P5,8957.852196707381,9255.129464583973
688,P6,9255.129464583973,9370.264676080906
689,P1,8411.010752343393,8564.59539586305
689,P2,8564.59539586305,8693.47368753263
689,P3,8693.47368753263,9055.38786578784
689,P4,9055.38786578784,9346.644112985916
689,P5,9346.644112985916,9627.90764504694
689,P6,9627.90764504694,9731.116954968726
690,P1,8412.881184881542,8561.676549506918
690,P2,8561.676549506918,8759.987914445002
690,P3,8759.987914445002,9008.773431510599
690,P4,9008.773431510599,9596.365112163772
690,P6,9596.365112163772,9777.039028368197
691,P3,8418.799211531983,8661.673427448184
691,P4,8661.673427448184,9010.543544581262
691,P6,9010.543544581262,9321.472083396338
691,P7,9321.472083396338,9661.016745161947
692,P2,8437.843786983189,8558.985004545902
692,P3,8558.985004545902,8757.228374506874
692,P5,8757.228374506874,8875.074062336114
692,P6,8875.074062336114,9022.00231579971
693,P1,8444.810491413062,8585.325843504283
693,P2,8585.325843504283,8796.260992244494
693,P3,8796.260992244494,9099.029172502196
693,P4,9099.029172502196,9525.712390391242
693,P6,9525.712390391242,9782.751200049315
694,P2,8454.584743732521,8515.85553983177
694,P3,8515.85553983177,8612.781419804454
694,P4,8612.781419804454,8781.608043917215
694,P7,8781.608043917215,8844.439685240577
695,P2,8462.081839359053,8710.45064446404
695,P3,8710.45064446404,8943.574215343579
695,P4,8943.574215343579,9318.993977112419
695,P6,9318.993977112419,9438.508580891232
696,P3,8470.915199556777,8768.43486082093
696,P5,8768.43486082093,8970.26057418074
697,P2,8471.609977089718,8558.74152116016
697,P3,8558.74152116016,8666.353230081018
697,P4,8666.353230081018,8873.950824054105
697,P7,8873.950824054105,9028.274428281571
698,P3,8497.092893159652,8673.925155461522
698,P5,8673.925155461522,8884.018180690544
699,P1,8498.813511832217,8589.632137569679
699,P2,8589.632137569679,8757.298726966985
699,P3,8757.298726966985,8999.175730402461
699,P4,8999.175730402461,9416.13782898132
699,P6,9416.13782898132,9689.046051844332
700,P1,8500.611612717345,8589.734747412953
700,P2,8589.734747412953,8689.021004328233
700,P3,8689.021004328233,8844.013233122008
700,P4,8844.013233122008,9058.545299382327
700,P7,9058.545299382327,9159.371007103435
701,P1,8506.725035958232,8733.656809816312
701,P2,8733.656809816312,9041.648025991874
701,P3,9041.648025991874,9501.020573465845
701,P4,9501.020573465845,10273.28730489119
701,P7,10273.28730489119,10470.430664392317
702,P1,8509.183077332402,8614.291873901282
702,P2,8614.291873901282,8782.91100918449
702,P3,8782.91100918449,8945.80650813762
702,P5,8945.80650813762,9082.333425270512
702,P6,9082.333425270512,9293.751038396615
703,P1,8512.470951997986,8554.745977218709
703,P2,8554.745977218709,8626.110072096611
703,P3,8626.110072096611,8773.22989931513
703,P4,8773.22989931513,8974.63321949479
703,P6,8974.63321949479,9121.7443971637
703,P7,9121.7443971637,9188.39831799525
704,P1,8549.020864315498,8731.052010741758
704,P2,8731.052010741758,8822.560062659908
704,P3,8822.560062659908,9019.99405028087
704,P4,9019.99405028087,9303.994320605254
704,P7,9303.994320605254,9432.592942986865
705,P1,8551.159891609645,8631.463066457258
705,P2,8631.463066457258,8764.404015016466
705,P3,8764.404015016466,9062.31250707724
705,P5,9062.31250707724,9216.037310490718
705,P6,9216.037310490718,9371.239346072178
706,P1,8559.844758092906,8705.543219028847
706,P2,8705.543219028847,8925.479637024619
706,P3,8925.479637024619,9201.604389250193
706,P4,9201.604389250193,9659.176825990491
706,P7,9659.176825990491,9822.502625125597
707,P1,8561.773568028446,8677.72417476576
707,P2,8677.72417476576,8837.774116383047
707,P3,8837.774116383047,9026.833676481532
707,P4,9026.833676481532,9542.526626672296
707,P6,9542.526626672296,9781.21588186534
708,P3,8571.064901952554,8771.282754279362
708,P4,8771.282754279362,9212.741194532044
708,P5,9212.741194532044,9596.264886405277
708,P6,9596.264886405277,10000.338930319851
709,P2,8578.278355474475,8723.722425779704
709,P3,8723.722425779704,8954.091373878782
709,P5,8954.091373878782,9188.644892074162
709,P6,9188.644892074162,9394.436803857036
710,P1,8583.01276657497,8841.9379176315
710,P2,8841.9379176315,9131.54836505587
710,P3,9131.54836505587,9582.616823911882
710,P4,9582.616823911882,10123.07647499112
710,P7,10123.07647499112,10370.26730601714
711,P3,8618.071558431408,8822.09984605254
711,P5,8822.09984605254,9033.010694440027
711,P6,9033.010694440027,9372.09218291987
712,P1,8631.112197900147,8819.697134487627
712,P2,8819.697134487627,9025.642686215062
712,P3,9025.642686215062,9192.739240353201
712,P5,9192.739240353201,9431.923296244906
712,P6,9431.923296244906,9670.305468909666
713,P1,8634.145557925616,8712.430557662317
713,P2,8712.430557662317,8998.337789632262
713,P3,8998.337789632262,9131.900684258702
713,P4,9131.900684258702,9372.30330433519
713,P6,9372.30330433519,9505.338190031485
714,P1,8635.61313671026,8819.799837144215
714,P2,8819.799837144215,9238.93678679555
714,P3,9238.93678679555,9753.739776960703
714,P4,9753.739776960703,10395.01790380128
714,P6,10395.01790380128,10559.83792794066
715,P1,8650.568431622052,8844.002295644565
715,P2,8844.002295644565,9216.3275127631
715,P3,9216.3275127631,9561.310910238377
715,P4,9561.310910238377,9995.346920542419
715,P6,9995.346920542419,10305.198600178333
716,P1,8652.101874409165,8742.689562361957
716,P2,8742.689562361957,8825.80189524713
716,P3,8825.80189524713,9015.325793448095
716,P4,9015.325793448095,9311.05502357995
716,P5,9311.05502357995,9642.204919053356
716,P6,9642.204919053356,9756.211388678254
716,P7,9756.211388678254,9886.296275857327
717,P1,8665.556484495002,8783.463449075856
717,P2,8783.463449075856,8895.936264764301
717,P3,8895.936264764301,9105.615033150149
717,P5,9105.615033150149,9225.359449293752
717,P6,9225.359449293752,9555.64175608603
718,P1,8684.743065677649,8761.735302298459
718,P2,8761.735302298459,8959.971017130081
718,P3,8959.971017130081,9102.71391256825
718,P4,9102.71391256825,9375.62361981541
718,P5,9375.62361981541,9528.412982598513
718,P6,9528.412982598513,9684.957261998037
719,P2,8689.31214239983,8811.155597597697
719,P3,8811.155597597697,9249.023575651168
719,P4,9249.023575651168,9523.78029810971
719,P7,9523.78029810971,9628.452942279662
720,P2,8725.322558127278,8776.929825479167
720,P3,8776.929825479167,8904.141343757756
720,P5,8904.141343757756,8956.569622418612
721,P1,8726.627818080156,8870.249293650792
721,P2,8870.249293650792,9050.648202389286
721,P3,9050.648202389286,9442.601113026278
721,P5,9442.601113026278,9753.206980382587
721,P6,9753.206980382587,9989.270640606464
722,P1,8757.060651570118,8842.3936412742
722,P2,8842.3936412742,9128.904280719693
722,P3,9128.904280719693,9282.919118526937
722,P4,9282.919118526937,9553.705980686547
722,P5,9553.705980686547,9795.107260923749
722,P6,9795.107260923749,9996.612297923855
722,P7,9996.612297923855,10092.273235342083
723,P1,8765.872256134753,8823.81349408116
723,P2,8823.81349408116,9165.006565016565
723,P3,9165.006565016565,9322.317986788781
723,P5,9322.317986788781,9567.75241589193
724,P2,8784.870953575304,8893.243091983075
724,P3,8893.243091983075,9168.914824732661
724,P5,9168.914824732661,9383.015329458907
724,P6,9383.015329458907,9499.010632012796
724,P7,9499.010632012796,9608.068533662277
725,P3,8787.27519983874,8931.224063775182
725,P5,8931.224063775182,9075.708740198099
725,P6,9075.708740198099,9307.729717867165
726,P2,8795.089918590023,8934.014383270312
726,P3,8934.014383270312,9251.848568744183
726,P4,9251.848568744183,9574.790335011401
726,P6,9574.790335011401,9717.103388814941
727,P3,8798.220677327447,8914.098037497248
727,P5,8914.098037497248,9071.765453625738
728,P2,8806.227926069801,8941.612913289275
728,P3,8941.612913289275,9159.756456475929
728,P5,9159.756456475929,9366.375401207708
728,P6,9366.375401207708,9729.537739555646
729,P2,8847.068263803645,8970.41097793435
729,P3,8970.41097793435,9130.780552241831
729,P5,9130.780552241831,9270.628944276104
730,P1,8872.786080347347,8961.822988190132
730,P2,8961.822988190132,9158.662011605891
730,P3,9158.662011605891,9431.345419637755
730,P5,9431.345419637755,9528.301263173225
731,P2,8874.849166956472,8999.088785131798
731,P3,8999.088785131798,9484.64016764741
731,P4,9484.64016764741,9852.618175050198
731,P7,9852.618175050198,10019.40292426318
732,P2,8881.28897871325,9014.263701046775
732,P3,9014.263701046775,9212.080816346785
732,P4,9212.080816346785,10043.538171683791
732,P5,10043.538171683791,10233.977715077626
732,P6,10233.977715077626,10390.465386505497
733,P1,8915.314844548426,9060.857122371946
733,P2,9060.857122371946,9280.308486500759
733,P3,9280.308486500759,9461.209042128976
733,P4,9461.209042128976,9815.432430988203
733,P6,9815.432430988203,10241.22036910605
734,P3,8923.226773966006,9181.354923344827
734,P4,9181.354923344827,9629.31399053926
734,P6,9629.31399053926,9775.090386813254
734,P7,9775.090386813254,9870.021124564413
735,P1,8930.149727447466,9100.204562985358
735,P2,9100.204562985358,9469.502460352429
735,P3,9469.502460352429,9701.816678667392
735,P5,9701.816678667392,9830.636607148139
735,P6,9830.636607148139,10044.248789104324
735,P7,10044.248789104324,10212.606828064338
736,P2,8933.151019075834,8984.228304523951
736,P3,8984.228304523951,9274.410266350458
736,P4,9274.410266350458,9541.256334842414
736,P5,9541.256334842414,9661.360068812659
737,P2,8953.805229994894,9123.375471988773
737,P3,9123.375471988773,9541.409762029854
737,P5,9541.409762029854,9735.267343709704
737,P6,9735.267343709704,9894.523133385466
737,P7,9894.523133385466,10039.746108708294
738,P3,8955.327936603539,9163.884072305531
738,P5,9163.884072305531,9400.138622398264
738,P6,9400.138622398264,10019.016268494344
739,P2,8967.005927830198,9128.477055980544
739,P3,9128.477055980544,9255.17437113043
739,P4,9255.17437113043,9608.260007711671
739,P6,9608.260007711671,9971.12068211918
740,P1,9006.885459560683,9235.089413607719
740,P2,9235.089413607719,9378.116158930889
740,P3,9378.116158930889,9755.74922893968
740,P4,9755.74922893968,10107.443872799666
740,P7,10107.443872799666,10273.356345885277
741,P1,9014.579725551223,9062.204440607042
741,P2,9062.204440607042,9141.470280719088
741,P3,9141.470280719088,9229.797269999823
741,P5,9229.797269999823,9446.29784855829
741,P6,9446.29784855829,9605.186032299038
741,P7,9605.186032299038,9677.463610346034
742,P3,9033.247306115181,9180.075807320558
742,P4,9180.075807320558,9315.030902475242
742,P6,9315.030902475242,9568.259069438698
743,P1,9072.17056190014,9120.08945743116
743,P2,9120.08945743116,9172.81167422523
743,P3,9172.81167422523,9294.955043100403
743,P4,9294.955043100403,9570.830094368976
743,P5,9570.830094368976,9708.894206790474
744,P2,9076.069340911994,9141.329735069367
744,P3,9141.329735069367,9250.31009645806
744,P4,9250.31009645806,9405.635962711425
744,P6,9405.635962711425,9563.91048631761
744,P7,9563.91048631761,9637.312076244387
745,P3,9083.98426125229,9196.023422945289
745,P4,9196.023422945289,9608.189870139604
745,P6,9608.189870139604,9706.683837081266
746,P3,9095.967347357733,9288.436546720022
746,P5,9288.436546720022,9393.820648516172
747,P1,9103.716001654018,9431.991281112485
747,P2,9431.991281112485,9587.963541051136
747,P3,9587.963541051136,9853.97189685148
747,P4,9853.97189685148,10460.979158525191
747,P6,10460.979158525191,10660.319652376647
748,P3,9104.872507635026,9345.248185744185
748,P4,9345.248185744185,9551.599800910823
748,P5,9551.599800910823,9821.900764173173
748,P6,9821.900764173173,9980.604584250459
749,P2,9114.013861453739,9242.326805738016
749,P3,9242.326805738016,9500.010139048803
749,P4,9500.010139048803,9976.841021861783
749,P5,9976.841021861783,10355.857616084828
750,P1,9126.284732197386,9243.085786486507
750,P2,9243.085786486507,9394.98275721203
750,P3,9394.98275721203,9573.20742376589
750,P4,9573.20742376589,9856.183494264662
750,P5,9856.183494264662,9999.692459036602
750,P6,9999.692459036602,10167.367519620486
750,P7,10167.367519620486,10425.316589554574
751,P1,9129.241608207625,9215.225268377953
751,P2,9215.225268377953,9289.955159105186
751,P3,9289.955159105186,9435.651789541502
751,P4,9435.651789541502,9669.944719754363
751,P7,9669.944719754363,9761.509403613465
752,P3,9137.37981530588,9254.840449782969
752,P5,9254.840449782969,9333.624852193136
752,P6,9333.624852193136,9429.755141974665
753,P3,9138.659290822987,9256.898936375454
753,P4,9256.898936375454,9527.264482991071
753,P7,9527.264482991071,9633.209842500666
754,P3,9139.943808008507,9510.102610423111
754,P5,9510.102610423111,9997.205261423156
754,P6,9997.205261423156,10445.799043028688
755,P3,9164.280126351987,9285.445029365981
755,P5,9285.445029365981,9439.87928306727
756,P2,9173.86392947339,9262.61610367097
756,P3,9262.61610367097,9391.6696454153
756,P5,9391.6696454153,9548.589808913926
756,P6,9548.589808913926,9609.249047661364
757,P2,9181.27728688981,9314.443746855977
757,P3,9314.443746855977,9423.330982661182
757,P4,9423.330982661182,9743.20323062625
757,P6,9743.20323062625,9898.975162258743
758,P3,9201.79654940397,9560.99430402339
758,P5,9560.99430402339,9784.887781117608
759,P3,9209.711105814386,9498.040650819401
759,P4,9498.040650819401,10072.892032020545
759,P6,10072.892032020545,10355.652606591873
760,P3,9228.796338040696,9679.187958287539
760,P4,9679.187958287539,10356.894336581769
760,P6,10356.894336581769,11014.91362204587
761,P3,9251.759174335886,9511.233239170206
761,P4,9511.233239170206,9941.032248483114
761,P6,9941.032248483114,10183.302496725848
762,P2,9271.657729161569,9481.31610388
762,P3,9481.31610388,9790.493320857888
762,P4,9790.493320857888,10534.478731653378
762,P6,10534.478731653378,10839.838176941601
763,P1,9285.396398773782,9408.188851982472
763,P2,9408.188851982472,9654.16441745929
763,P3,9654.16441745929,9929.023644608233
763,P4,9929.023644608233,10380.621021324741
763,P5,10380.621021324741,10617.64063011941
763,P6,10617.64063011941,10796.79291178125
763,P7,10796.79291178125,11041.544356828706
764,P2,9317.833893263882,9469.179774736942
764,P3,9469.179774736942,9613.024303748949
764,P4,9613.024303748949,9928.894946648716
764,P7,9928.894946648716,10050.385866555514
765,P3,9330.458143697424,9465.839491588242
765,P5,9465.839491588242,9544.44522088645
766,P1,9347.746321933551,9625.37881361599
766,P2,9625.37881361599,9876.334033744637
766,P3,9876.334033744637,10176.92725736818
766,P4,10176.92725736818,10466.145868071097
766,P7,10466.145868071097,10574.672788760832
767,P1,9348.957435532448,9391.195633682577
767,P2,9391.195633682577,9499.098797451983
767,P3,9499.098797451983,9583.7727595781
767,P4,9583.7727595781,9686.656574178241
767,P5,9686.656574178241,9739.54180324255
767,P6,9739.54180324255,10011.191731219895
768,P1,9357.791062389408,9424.241662100045
768,P2,9424.241662100045,9491.734340070732
768,P3,9491.734340070732,9662.750597262579
768,P4,9662.750597262579,10008.846370035328
768,P7,10008.846370035328,10132.278313973453
769,P3,9361.800224046676,9830.74147030445
769,P5,9830.74147030445,10277.808054186522
770,P1,9387.806768351627,9543.602415597783
770,P2,9543.602415597783,10092.05639301234
770,P3,10092.05639301234,10262.012662127625
770,P4,10262.012662127625,10794.412954944726
770,P5,10794.412954944726,11020.993904800607
770,P6,11020.993904800607,11290.493746637343
771,P1,9392.509533108318,9528.504244333226
771,P2,9528.504244333226,9632.56843140837
771,P3,9632.56843140837,9827.098558534448
771,P4,9827.098558534448,10100.894756731388
771,P7,10100.894756731388,10194.226060167048
772,P2,9395.036013902854,9465.77427338941
772,P3,9465.77427338941,9553.04142523753
772,P4,9553.04142523753,9671.056051179787
772,P6,9671.056051179787,9765.01302759173
773,P3,9396.27649083835,9627.914244258242
773,P4,9627.914244258242,9777.032524477107
773,P5,9777.032524477107,9887.284833707918
773,P6,9887.284833707918,9951.673377068955
773,P7,9951.673377068955,10008.263256643835
774,P1,9397.257704065469,9497.19712746782
774,P2,9497.19712746782,9624.534549031128
774,P3,9624.534549031128,9797.409139208265
774,P4,9797.409139208265,10115.352183043897
774,P6,10115.352183043897,10267.50891833134
775,P1,9398.688982117275,9529.440581672194
775,P2,9529.440581672194,9748.24417034957
775,P3,9748.24417034957,10431.542205347865
775,P4,10431.542205347865,10793.667189239744
775,P5,10793.667189239744,10963.520036957902
775,P6,10963.520036957902,11126.778526805998
776,P1,9402.078622521576,9522.684589271352
776,P2,9522.684589271352,9739.97806027305
776,P3,9739.97806027305,9915.429187371232
776,P4,9915.429187371232,10115.383370568492
776,P7,10115.383370568492,10210.253556532605
777,P1,9409.52460973673,9496.63726654979
777,P2,9496.63726654979,9646.814627357615
777,P3,9646.814627357615,9827.689485907207
777,P4,9827.689485907207,10121.460805409595
777,P6,10121.460805409595,10328.588499815061
778,P1,9410.973489988464,9489.193342790892
778,P2,9489.193342790892,9618.762550944168
778,P3,9618.762550944168,9788.43828337329
778,P5,9788.43828337329,9962.23837793967
779,P1,9419.074696545937,9567.989390305056
779,P2,9567.989390305056,9791.529701385716
779,P3,9791.529701385716,10028.122100319897
779,P4,10028.122100319897,10397.144817780594
779,P5,10397.144817780594,10579.168426594795
779,P6,10579.168426594795,11156.57458693089
780,P3,9439.455432139952,9860.853016814677
780,P4,9860.853016814677,10035.809852578996
780,P6,10035.809852578996,10224.858374245836
781,P3,9447.463858968911,10061.58681331225
781,P5,10061.58681331225,10412.273573111974
781,P6,10412.273573111974,10670.554820165245
782,P3,9450.274166315858,9596.768403360065
782,P4,9596.768403360065,9739.426700199128
782,P5,9739.426700199128,9838.869333498278
782,P6,9838.869333498278,9892.51576548198
783,P3,9473.2313045836,9594.602304575594
783,P5,9594.602304575594,9860.685219345896
783,P6,9860.685219345896,9977.19794961669
784,P1,9495.685939563386,9559.347673860335
784,P2,9559.347673860335,9782.582820141197
784,P3,9782.582820141197,9876.522912029166
784,P4,9876.522912029166,10088.612632079352
784,P6,10088.612632079352,10177.481104211669
785,P2,9503.298736261615,9643.994544137853
785,P3,9643.994544137853,9939.455968182394
785,P4,9939.455968182394,10499.509677507885
785,P6,10499.509677507885,10758.669153687493
786,P3,9503.938350736578,9627.905031909542
786,P5,9627.905031909542,9720.723091057862
786,P6,9720.723091057862,9838.976251121805
787,P2,9527.92218961576,9696.891913457366
787,P3,9696.891913457366,9912.602681473212
787,P5,9912.602681473212,10301.655349134722
787,P6,10301.655349134722,10748.146314833306
788,P3,9531.597812067288,9636.020142485357
788,P5,9636.020142485357,9818.831390616308
788,P6,9818.831390616308,9934.673058274619
788,P7,9934.673058274619,10094.582648542066
789,P1,9545.244663795587,9809.866736131655
789,P2,9809.866736131655,9933.930151958539
789,P3,9933.930151958539,10075.291351556967
789,P5,10075.291351556967,10261.758215284412
790,P1,9545.899884625373,10056.786546979607
790,P2,10056.786546979607,10230.8173230404
790,P3,10230.8173230404,10381.927515762945
790,P5,10381.927515762945,10481.15761272649
791,P2,9553.72690409885,9651.895271110496
791,P3,9651.895271110496,9859.384924113265
791,P5,9859.384924113265,9952.030010398463
791,P6,9952.030010398463,10048.208195326872
792,P3,9556.143071909068,9640.290567958502
792,P4,9640.290567958502,9865.612771752752
792,P7,9865.612771752752,9942.156011955623
793,P1,9566.114980714381,9628.221756242316
793,P2,9628.221756242316,9766.878956506942
793,P3,9766.878956506942,9844.909594600986
793,P5,9844.909594600986,9939.823773836546
793,P6,9939.823773836546,10002.215711129567
794,P2,9573.852334925263,9745.36558020044
794,P3,9745.36558020044,9894.051845429105
794,P4,9894.051845429105,10060.612131360478
794,P6,10060.612131360478,10216.803461382671
795,P2,9585.860199934132,10066.129370811273
795,P3,10066.129370811273,10671.736743394851
795,P4,10671.736743394851,11215.294555972143
795,P5,11215.294555972143,11519.551444812912
796,P1,9611.854893313313,9844.280378917112
796,P2,9844.280378917112,10027.753360945191
796,P3,10027.753360945191,10267.137532596851
796,P4,10267.137532596851,10912.876695188606
796,P6,10912.876695188606,11091.555783004398
797,P3,9617.027887411003,9952.509488302472
797,P4,9952.509488302472,10189.32894064256
797,P6,10189.32894064256,10355.843015951292
797,P7,10355.843015951292,10472.49739806753
798,P2,9625.002649782791,9713.166172507688
798,P3,9713.166172507688,9819.093292551517
798,P4,9819.093292551517,9975.358696589712
798,P7,9975.358696589712,10049.747114291691
799,P3,9645.321523428149,9931.170912020598
799,P5,9931.170912020598,10206.163214839169
800,P1,9650.926877059512,9760.837537209518
800,P2,9760.837537209518,9874.739766846926
800,P3,9874.739766846926,10168.135479492517
800,P5,10168.135479492517,10279.31923122095
800,P6,10279.31923122095,10466.98341079038
801,P3,9665.732351643734,9832.417123645551
801,P4,9832.417123645551,10105.881465589935
801,P6,10105.881465589935,10240.597208141675
801,P7,10240.597208141675,10371.531852357359
802,P1,9671.224447524366,10072.40427698043
802,P2,10072.40427698043,10269.24372208165
802,P3,10269.24372208165,10432.314335260577
802,P4,10432.314335260577,10639.840939679443
802,P6,10639.840939679443,10822.69268191572
803,P1,9680.257339773289,9870.614112431995
803,P2,9870.614112431995,10080.015607265777
803,P3,10080.015607265777,10300.702208443972
803,P5,10300.702208443972,10543.468286016465
804,P1,9680.607809617606,9774.654434166347
804,P2,9774.654434166347,10199.553268848675
804,P3,10199.553268848675,10478.440283825672
804,P5,10478.440283825672,10618.743899000094
804,P6,10618.743899000094,10748.032960886405
805,P2,9714.203668497947,9915.844539995272
805,P3,9915.844539995272,10149.25230941485
805,P4,10149.25230941485,10656.57809033138
805,P5,10656.57809033138,10905.652087957806
806,P1,9716.206281829602,9831.543524952987
806,P2,9831.543524952987,9927.210408638837
806,P3,9927.210408638837,10089.351755601068
806,P4,10089.351755601068,10300.368058113565
806,P6,10300.368058113565,10437.062097688922
807,P1,9724.40105281177,9910.651009536467
807,P2,9910.651009536467,10225.61229581289
807,P3,10225.61229581289,10595.8784659015
807,P4,10595.8784659015,10790.124835845205
807,P5,10790.124835845205,10971.451303146936
807,P6,10971.451303146936,11166.35270715498
808,P1,9752.938550847319,9934.540452161227
808,P2,9934.540452161227,10142.54632376806
808,P3,10142.54632376806,10436.943841692053
808,P4,10436.943841692053,10774.284736012605
808,P5,10774.284736012605,11004.97103189563
808,P6,11004.97103189563,11314.241115728148
809,P2,9757.738995837035,10304.652245154124
809,P3,10304.652245154124,10883.289175218895
809,P5,10883.289175218895,11149.674292430653
809,P6,11149.674292430653,11420.795567629839
810,P1,9758.284900025148,9914.192072150468
810,P2,9914.192072150468,10307.893410298686
810,P3,10307.893410298686,10374.163696067375
810,P4,10374.163696067375,10531.757852293056
810,P7,10531.757852293056,10577.634581808517
811,P3,9764.554476669528,9851.33775166582
811,P5,9851.33775166582,10215.412876787988
812,P1,9802.289185912892,9979.667480547
812,P2,9979.667480547,10115.458380276605
812,P3,10115.458380276605,10332.298768433795
812,P5,10332.298768433795,10538.17343332657
812,P6,10538.17343332657,10636.617558966935
813,P3,9827.935257239647,10009.541343049457
813,P5,10009.541343049457,10153.099849709008
813,P6,10153.099849709008,10648.839519394234
814,P2,9829.175014212773,9893.175484145497
814,P3,9893.175484145497,10026.828751294714
814,P4,10026.828751294714,10174.347370469175
814,P5,10174.347370469175,10230.112550188596
815,P1,9835.904926691346,10264.611509886943
815,P2,10264.611509886943,10576.122906617602
815,P3,10576.122906617602,11040.663983437309
815,P4,11040.663983437309,11593.361561581938
815,P6,11593.361561581938,11895.64472991457
816,P1,9838.920350286906,9886.400083940567
816,P2,9886.400083940567,10044.138555978046
816,P3,10044.138555978046,10178.28520230542
816,P4,10178.28520230542,10343.359991678075
816,P7,10343.359991678075,10438.667621870858
817,P1,9857.693856868953,9942.219017848738
817,P2,9942.219017848738,10069.98861074602
817,P3,10069.98861074602,10306.51608349635
817,P5,10306.51608349635,10492.999042943371
817,P6,10492.999042943371,10802.985946235713
817,P7,10802.985946235713,10954.968595053535
818,P3,9870.159178958605,10032.122029129214
818,P4,10032.122029129214,10375.541058593279
818,P6,10375.541058593279,10618.583853120677
818,P7,10618.583853120677,10794.277263162268
819,P1,9874.704174565613,9928.56936877706
819,P2,9928.56936877706,10004.53219073822
819,P3,10004.53219073822,10127.041806555506
819,P4,10127.041806555506,10294.608938593585
819,P6,10294.608938593585,10380.863466243762
820,P3,9879.787657518462,10053.274230691777
820,P5,10053.274230691777,10473.669642662306
820,P6,10473.669642662306,10617.640295657602
820,P7,10617.640295657602,10729.930126069205
821,P1,9880.745984858166,10064.659173130432
821,P2,10064.659173130432,10280.695261482811
821,P3,10280.695261482811,10576.988388592996
821,P4,10576.988388592996,11222.380236470863
821,P7,11222.380236470863,11445.808870086636
822,P3,9902.376707991732,10343.961787856137
822,P4,10343.961787856137,10606.422299193513
822,P5,10606.422299193513,10734.023273649987
822,P6,10734.023273649987,10999.84240702865
822,P7,10999.84240702865,11192.46622368045
823,P3,9980.574147787702,10361.430082649862
823,P5,10361.430082649862,10841.956560635854
823,P6,10841.956560635854,11070.021662431098
824,P1,9997.379073257565,10078.322237734661
824,P2,10078.322237734661,10136.791327274444
824,P3,10136.791327274444,10516.806810970627
824,P4,10516.806810970627,10645.300786815067
824,P7,10645.300786815067,10807.159117529944
825,P1,10005.093054986375,10395.35603804146
825,P2,10395.35603804146,10659.057394354184
825,P3,10659.057394354184,10931.074125968798
825,P5,10931.074125968798,11354.44208697578
825,P6,11354.44208697578,11550.5736430929
825,P7,11550.5736430929,11901.933780641553
826,P1,10027.013401119399,10120.702749106218
826,P2,10120.702749106218,10266.56261630478
826,P3,10266.56261630478,10481.762833543497
826,P4,10481.762833543497,10783.331958959856
826,P5,10783.331958959856,11064.18505002427
827,P2,10042.09961845484,10166.696006322405
827,P3,10166.696006322405,10501.408307647604
827,P4,10501.408307647604,10922.75588116568
827,P6,10922.75588116568,11179.520035811527
828,P2,10052.939289292375,10190.670465954636
828,P3,10190.670465954636,10372.664387902116
828,P4,10372.664387902116,10630.580285647375
828,P7,10630.580285647375,10800.281009969298
829,P2,10053.932048782754,10270.928743152544
829,P3,10270.928743152544,10513.96267933132
829,P4,10513.96267933132,10885.560500375246
829,P7,10885.560500375246,11051.23225325283
830,P1,10075.782726874793,10209.723713220284
830,P2,10209.723713220284,10486.480734163193
830,P3,10486.480734163193,10768.119980422867
830,P4,10768.119980422867,11304.836674175895
830,P7,11304.836674175895,11454.752631499001
831,P2,10076.773602082552,10149.939655673406
831,P3,10149.939655673406,10257.736739308564
831,P5,10257.736739308564,10430.763141225207
831,P6,10430.763141225207,10518.62376853768
832,P1,10083.817468832387,10199.353525441966
832,P2,10199.353525441966,10344.101349597498
832,P3,10344.101349597498,10514.482185360406
832,P5,10514.482185360406,10647.27375661706
832,P6,10647.27375661706,10772.559379321025
832,P7,10772.559379321025,10855.02430564961
833,P3,10092.686545737482,10210.14556059916
833,P4,10210.14556059916,10345.020231039603
833,P6,10345.020231039603,10406.359901051406
834,P2,10100.031857905426,10343.308669081722
834,P3,10343.308669081722,10792.617482437849
834,P5,10792.617482437849,11041.331712821497
835,P1,10108.831407989348,10211.520028664043
835,P2,10211.520028664043,10420.356795488617
835,P3,10420.356795488617,10518.166169093709
835,P4,10518.166169093709,10721.437947305772
835,P6,10721.437947305772,10807.400730449088
836,P3,10123.681906064054,10318.514158063412
836,P4,10318.514158063412,10615.037607965149
836,P6,10615.037607965149,10778.98690187414
837,P1,10154.381452219226,10285.258848408399
837,P2,10285.258848408399,10471.9300901056
837,P3,10471.9300901056,10689.661666675725
837,P5,10689.661666675725,10833.663554383656
838,P2,10157.851662969782,10325.987554722184
838,P3,10325.987554722184,10766.169285662001
838,P5,10766.169285662001,11071.795713838414
838,P6,11071.795713838414,11277.864140569658
839,P1,10196.513793843666,10325.240075205296
839,P2,10325.240075205296,10468.63350240465
839,P3,10468.63350240465,10655.152255467148
839,P5,10655.152255467148,10830.484071516124
840,P2,10217.927305448939,10408.560263799905
840,P3,10408.560263799905,10638.345193847937
840,P4,10638.345193847937,10986.026598651217
840,P6,10986.026598651217,11174.483622038302
840,P7,11174.483622038302,11510.184637112778
841,P1,10222.627640850777,10321.188966294738
841,P2,10321.188966294738,10534.064632971314
841,P3,10534.064632971314,10856.479775237913
841,P5,10856.479775237913,11294.376169023597
842,P1,10227.530899238207,10321.442387069981
842,P2,10321.442387069981,10434.388757743925
842,P3,10434.388757743925,10596.679756866297
842,P5,10596.679756866297,10741.53366986933
842,P6,10741.53366986933,10820.073785443714
842,P7,10820.073785443714,10907.232465966843
843,P1,10246.435798993602,10543.94007572128
843,P2,10543.94007572128,10642.170194409457
843,P3,10642.170194409457,10798.703569658332
843,P4,10798.703569658332,11072.24415357025
843,P7,11072.24415357025,11254.652575920074
844,P1,10270.918026888454,10417.705930318765
844,P2,10417.705930318765,10668.230091071246
844,P3,10668.230091071246,10937.515281125667
844,P5,10937.515281125667,11218.141954664903
844,P6,11218.141954664903,11401.789580697996
845,P3,10301.862666467545,10421.327870046227
845,P5,10421.327870046227,10568.013466258097
846,P3,10323.218723889537,10626.480975081966
846,P5,10626.480975081966,10857.671752839802
846,P6,10857.671752839802,11061.309809057737
847,P3,10334.003726038572,10527.547278280672
847,P4,10527.547278280672,10877.340405037332
847,P7,10877.340405037332,11044.621960154276
848,P3,10335.747398452466,10511.120457597433
848,P4,10511.120457597433,10876.433985686506
848,P7,10876.433985686506,11147.661524683532
849,P1,10358.10048514786,10494.43396351289
849,P2,10494.43396351289,10626.956147662155
849,P3,10626.956147662155,10890.690960573125
849,P4,10890.690960573125,11450.879094940441
849,P6,11450.879094940441,11729.904119435138
850,P1,10360.26656569349,10455.258923050675
850,P2,10455.258923050675,10546.194812364736
850,P3,10546.194812364736,10708.926979252437
850,P5,10708.926979252437,10817.368160980768
850,P6,10817.368160980768,10907.734280453276
851,P1,10364.868504310265,10561.763788047338
851,P2,10561.763788047338,10671.084416126407
851,P3,10671.084416126407,10830.131951659794
851,P4,10830.131951659794,11019.222057598463
851,P6,11019.222057598463,11143.631634522424
852,P3,10378.021632744263,10673.371229250783
852,P5,10673.371229250783,10900.860904312562
852,P6,10900.860904312562,11214.787696717625
853,P2,10401.974648588885,10490.514532743106
853,P3,10490.514532743106,10670.851664485544
853,P5,10670.851664485544,10910.96977381398
853,P6,10910.96977381398,11087.89012552081
854,P1,10442.63982025251,10552.709700945763
854,P2,10552.709700945763,10977.122453944232
854,P3,10977.122453944232,11216.447827698428
854,P4,11216.447827698428,11525.10150902153
854,P5,11525.10150902153,11684.775533378184
855,P2,10450.305047108546,10565.179067207586
855,P3,10565.179067207586,10740.052968809132
855,P4,10740.052968809132,11140.41410058693
855,P7,11140.41410058693,11281.40817456206
856,P3,10451.082739902247,10648.585661723213
856,P5,10648.585661723213,10832.215987387806
857,P1,10456.993848728176,10608.810113039763
857,P2,10608.810113039763,10858.260249543042
857,P3,10858.260249543042,11007.613856778098
857,P5,11007.613856778098,11188.285066488506
857,P6,11188.285066488506,11324.978228117852
858,P1,10468.72244573111,10558.648216095646
858,P2,10558.648216095646,10645.227144349055
858,P3,10645.227144349055,10738.443686694707
858,P4,10738.443686694707,11029.642566674425
858,P5,11029.642566674425,11141.045335392731
858,P6,11141.045335392731,11237.662003776531
859,P3,10480.943505149544,10773.949854890187
859,P5,10773.949854890187,11441.382755183136
859,P6,11441.382755183136,11745.002212490257
860,P2,10507.474204954242,10702.590885740357
860,P3,10702.590885740357,10958.705120599492
860,P4,10958.705120599492,11278.41662286556
860,P7,11278.41662286556,11498.866208329298
861,P3,10528.358063800253,10681.109540399671
861,P5,10681.109540399671,10904.904104855003
861,P6,10904.904104855003,11112.714110581806
862,P1,10546.754443110543,10688.442845883686
862,P2,10688.442845883686,10867.26184525733
862,P3,10867.26184525733,11204.515822344818
862,P4,11204.515822344818,11756.630526697496
862,P5,11756.630526697496,11957.077467363419
863,P2,10562.326625704749,10628.977745955932
863,P3,10628.977745955932,10799.257022498827
863,P5,10799.257022498827,10909.18990983797
864,P1,10566.050363105993,10750.97505725492
864,P2,10750.97505725492,11058.770803883068
864,P3,11058.770803883068,11382.987914697542
864,P4,11382.987914697542,11975.404790641778
864,P5,11975.404790641778,12458.280741674347
865,P1,10578.543723866327,10838.798747622475
865,P2,10838.798747622475,11246.350080513545
865,P3,11246.350080513545,11787.554438663821
865,P5,11787.554438663821,12219.655136254918
866,P3,10580.04188324035,10705.027849341366
866,P5,10705.027849341366,10795.27088892318
867,P3,10582.461537268187,10908.423791862559
867,P4,10908.423791862559,11270.5889082496
867,P6,11270.5889082496,11468.427509002433
868,P3,10585.86375628272,10946.021854900444
868,P5,10946.021854900444,11324.359689345038
869,P1,10608.561914143973,11001.963879127723
869,P2,11001.963879127723,11254.800286604188
869,P3,11254.800286604188,11591.639647441885
869,P4,11591.639647441885,11903.614179780838
869,P5,11903.614179780838,12220.273425162313
869,P6,12220.273425162313,12516.894041941307
870,P2,10624.28480793177,10929.837179393959
870,P3,10929.837179393959,11070.271664402515
870,P5,11070.271664402515,11177.313606130709
871,P1,10634.554262687452,10801.605821525098
871,P2,10801.605821525098,10975.97925590414
871,P3,10975.97925590414,11345.318653600923
871,P4,11345.318653600923,11816.0277545745
871,P6,11816.0277545745,12053.7382631923
872,P3,10635.557564986311,10756.42718026814
872,P4,10756.42718026814,10986.747992998497
872,P5,10986.747992998497,11069.48172632069
872,P6,11069.48172632069,11310.245356587813
872,P7,11310.245356587813,11525.04498171492
873,P1,10641.369656383802,11095.869908565637
873,P2,11095.869908565637,11374.884916277508
873,P3,11374.884916277508,11653.289269841222
873,P5,11653.289269841222,12024.273913649153
874,P2,10647.813146061742,10801.370574841494
874,P3,10801.370574841494,11051.583395827307
874,P5,11051.583395827307,11353.893226504177
874,P6,11353.893226504177,11525.716524842062
875,P3,10679.25071133382,10893.042943093518
875,P5,10893.042943093518,10972.715341715213
876,P3,10680.716311484182,11049.375975506011
876,P4,11049.375975506011,11578.807633084058
876,P7,11578.807633084058,11926.05662700936
877,P1,10689.378471618864,10836.710090339904
877,P2,10836.710090339904,11003.412528747505
877,P3,11003.412528747505,11207.46160738016
877,P4,11207.46160738016,11467.960374071028
877,P5,11467.960374071028,11616.089663000332
877,P6,11616.089663000332,11790.95640280599
877,P7,11790.95640280599,11951.668124293818
878,P3,10694.772960841234,10758.845140752184
878,P4,10758.845140752184,10855.850750509526
878,P5,10855.850750509526,11122.982807578444
878,P6,11122.982807578444,11166.172642708714
879,P1,10707.845257550187,10781.170421800496
879,P2,10781.170421800496,10873.84114871428
879,P3,10873.84114871428,11387.289753296725
879,P4,11387.289753296725,11489.664318748188
879,P7,11489.664318748188,11537.365353967538
880,P1,10724.575045072566,10951.212588643115
880,P2,10951.212588643115,11261.56890422529
880,P3,11261.56890422529,11599.541730692603
880,P4,11599.541730692603,11935.446737702036
880,P6,11935.446737702036,12172.260245871448
881,P1,10727.877971227515,11200.217982860006
881,P2,11200.217982860006,11445.608463001292
881,P3,11445.608463001292,11819.722411334578
881,P4,11819.722411334578,12591.593511449068
881,P6,12591.593511449068,13197.183667207597
881,P7,13197.183667207597,13540.469877191837
882,P1,10730.709047935361,11058.111055618128
882,P2,11058.111055618128,11272.290849839537
882,P3,11272.290849839537,11675.839778098087
882,P4,11675.839778098087,12317.699303210899
882,P5,12317.699303210899,12605.060746889118
882,P6,12605.060746889118,12807.078650028478
882,P7,12807.078650028478,13044.556249137522
883,P3,10742.605635505628,10891.86294549862
883,P4,10891.86294549862,11165.490644951065
883,P6,11165.490644951065,11311.573843686072
883,P7,11311.573843686072,11474.153733461806
884,P1,10753.770403425975,10873.584303175414
884,P2,10873.584303175414,11240.613816171408
884,P3,11240.613816171408,11469.757001565418
884,P4,11469.757001565418,11756.574301154433
884,P5,11756.574301154433,11855.35600697901
884,P6,11855.35600697901,11987.173940820523
885,P2,10779.95548018007,11106.36325577726
885,P3,11106.36325577726,11350.472232594979
885,P4,11350.472232594979,11655.7631627636
885,P5,11655.7631627636,11880.233927351255
886,P1,10783.01922720559,10898.478135118328
886,P2,10898.478135118328,11052.232906757017
886,P3,11052.232906757017,11210.009379556748
886,P4,11210.009379556748,11527.07896870006
886,P6,11527.07896870006,11808.973584374944
887,P1,10794.508112489293,11323.971173708842
887,P2,11323.971173708842,11621.67578874417
887,P3,11621.67578874417,11979.68141508473
887,P5,11979.68141508473,12441.560781989609
888,P1,10799.762946267869,10894.87399312053
888,P2,10894.87399312053,11173.743872820825
888,P3,11173.743872820825,11404.512130121559
888,P4,11404.512130121559,11708.123218186884
888,P5,11708.123218186884,12204.133240888346
888,P6,12204.133240888346,12440.668317108555
889,P1,10803.830226454556,10913.323184078796
889,P2,10913.323184078796,11067.810749426772
889,P3,11067.810749426772,11209.380502529213
889,P4,11209.380502529213,11520.066267239466
889,P6,11520.066267239466,11948.364537998921
889,P7,11948.364537998921,12165.468534593614
890,P1,10812.075620325979,10998.609802186056
890,P2,10998.609802186056,11166.354308970347
890,P3,11166.354308970347,11368.311345603774
890,P4,11368.311345603774,11689.151461981877
890,P5,11689.151461981877,11873.172426945943
890,P6,11873.172426945943,12109.82905194624
891,P1,10821.467672228102,11023.597569444377
891,P2,11023.597569444377,11273.509142808118
891,P3,11273.509142808118,11534.667144867952
891,P4,11534.667144867952,12130.054318214086
891,P6,12130.054318214086,12487.011345149149
892,P3,10828.268950678783,10928.639163272974
892,P5,10928.639163272974,11160.984903772613
893,P3,10833.53636784316,11053.881816645531
893,P4,11053.881816645531,11420.7481296696
893,P5,11420.7481296696,11536.245976428536
893,P6,11536.245976428536,11620.302276992586
894,P1,10850.465707203713,10933.721358140263
894,P2,10933.721358140263,10989.740807068278
894,P3,10989.740807068278,11056.908077882841
894,P4,11056.908077882841,11142.34478637417
894,P6,11142.34478637417,11203.92342243559
895,P2,10876.75448824432,11117.049454446671
895,P3,11117.049454446671,11325.92379491924
895,P5,11325.92379491924,11395.329288068673
896,P2,10916.463457229383,11083.389616593366
896,P3,11083.389616593366,11273.304154374526
896,P5,11273.304154374526,11421.68316059817
896,P6,11421.68316059817,11581.059963447657
897,P1,10921.28021546046,11101.227665344679
897,P2,11101.227665344679,11190.94809682315
897,P3,11190.94809682315,11361.168568795609
897,P5,11361.168568795609,11457.401793762041
897,P6,11457.401793762041,11550.899677268751
898,P1,10922.681229627025,10975.715107874372
898,P2,10975.715107874372,11073.076899008078
898,P3,11073.076899008078,11282.35777587736
898,P4,11282.35777587736,11489.062586739628
898,P7,11489.062586739628,11617.3782041907
899,P3,10944.215593114102,11091.29627810239
899,P5,11091.29627810239,11243.203026216657
899,P6,11243.203026216657,11423.610541471246
900,P1,10960.411708661082,11165.470063117815
900,P2,11165.470063117815,11602.676336372047
900,P3,11602.676336372047,11892.841035702166
900,P5,11892.841035702166,12081.120892407596
900,P6,12081.120892407596,12306.208806143071
901,P3,10964.62890984971,11153.735789757782
901,P5,11153.735789757782,11289.652448415778
901,P6,11289.652448415778,11474.57282030518
902,P1,10980.462917817393,11053.0711245555
902,P2,11053.0711245555,11379.857599530422
902,P3,11379.857599530422,11475.352668417685
902,P4,11475.352668417685,11777.796435995155
902,P7,11777.796435995155,12036.597046680137
903,P3,10981.297324262026,11069.54389781073
903,P4,11069.54389781073,11289.695971480878
903,P7,11289.695971480878,11396.913967474202
904,P2,10985.803474169219,11272.240419888089
904,P3,11272.240419888089,11415.07121081218
904,P4,11415.07121081218,11641.626531509466
904,P6,11641.626531509466,11763.59565269087
905,P1,11000.496816094867,11096.760556957086
905,P2,11096.760556957086,11262.64806710835
905,P3,11262.64806710835,11392.28774475905
905,P5,11392.28774475905,11715.578639202888
906,P2,11011.208091292794,11323.728239563914
906,P3,11323.728239563914,11602.442590340763
906,P4,11602.442590340763,12068.814664523888
906,P5,12068.814664523888,12417.868778860739
907,P1,11013.171157544175,11128.839694645902
907,P2,11128.839694645902,11590.274017424867
907,P3,11590.274017424867,11814.43749773848
907,P4,11814.43749773848,12210.689248554403
907,P6,12210.689248554403,12494.7796698196
908,P1,11015.983546790769,11083.132289555519
908,P2,11083.132289555519,11168.464446659116
908,P3,11168.464446659116,11363.397007374846
908,P4,11363.397007374846,11579.151012875185
908,P6,11579.151012875185,11681.543898602727
909,P1,11068.23728821506,11251.760668478655
909,P2,11251.760668478655,11568.049478030585
909,P3,11568.049478030585,11839.21464799707
909,P4,11839.21464799707,12413.426843634425
909,P7,12413.426843634425,12624.715083670992
910,P1,11068.523883614262,11194.380276630776
910,P2,11194.380276630776,11275.090431377756
910,P3,11275.090431377756,11420.39282668162
910,P4,11420.39282668162,11579.937622158583
910,P5,11579.937622158583,11704.852914263614
911,P3,11116.979022398227,11276.421452368313
911,P5,11276.421452368313,11379.518399496705
912,P2,11118.310435506033,11378.46375490159
912,P3,11378.46375490159,11801.68700203341
912,P5,11801.68700203341,12066.248466306
913,P1,11118.36094710308,11294.997822816284
913,P2,11294.997822816284,11498.580577131293
913,P3,11498.580577131293,11828.103411864031
913,P4,11828.103411864031,12165.358227639454
913,P6,12165.358227639454,12349.394623683675
913,P7,12349.394623683675,12555.15405906226
914,P1,11121.88302251378,11365.56853571242
914,P2,11365.56853571242,11737.604273426263
914,P3,11737.604273426263,12032.354849699117
914,P5,12032.354849699117,12249.120457256384
915,P1,11130.298389148089,11216.61622287154
915,P2,11216.61622287154,11400.359315366462
915,P3,11400.359315366462,11572.971006789689
915,P4,11572.971006789689,11748.960023736436
915,P6,11748.960023736436,12046.833349088716
916,P3,11141.57783162342,11264.20755331162
916,P4,11264.20755331162,11465.799153058997
916,P5,11465.799153058997,11617.558522614885
916,P6,11617.558522614885,11697.931286856161
917,P3,11144.967099205873,11508.343445181363
917,P5,11508.343445181363,11597.304695950863
917,P6,11597.304695950863,11687.950502776583
918,P1,11150.228392442543,11285.704814335224
918,P2,11285.704814335224,11546.285355028536
918,P3,11546.285355028536,11654.96867781176
918,P4,11654.96867781176,11950.368642918145
918,P7,11950.368642918145,12058.455934461354
919,P2,11150.436977035937,11437.435037689596
919,P3,11437.435037689596,11739.06785262091
919,P5,11739.06785262091,11928.857435006274
919,P6,11928.857435006274,12127.453163594513
920,P2,11154.58389060811,11249.042901263527
920,P3,11249.042901263527,11366.343605508888
920,P5,11366.343605508888,11621.109874709015
920,P6,11621.109874709015,11823.947790913635
921,P1,11185.458345967947,11227.178096546064
921,P2,11227.178096546064,11270.633432014289
921,P3,11270.633432014289,11313.400677533069
921,P5,11313.400677533069,11377.864819185852
921,P6,11377.864819185852,11417.524193136132
921,P7,11417.524193136132,11482.4507252217
922,P1,11193.741036420171,11482.376563791988
922,P2,11482.376563791988,11616.543658250572
922,P3,11616.543658250572,11899.036043248801
922,P4,11899.036043248801,12175.715615862257
922,P6,12175.715615862257,12313.475972281261
922,P7,12313.475972281261,12446.690248989571
923,P1,11193.965471918767,11296.464869936777
923,P2,11296.464869936777,11446.074307334704
923,P3,11446.074307334704,11556.565898832947
923,P4,11556.565898832947,11731.869746807033
923,P7,11731.869746807033,11809.02054060947
924,P1,11194.629670672957,11410.87001302139
924,P2,11410.87001302139,11490.925857484608
924,P3,11490.925857484608,11593.643555056076
924,P4,11593.643555056076,11834.287704869685
924,P6,11834.287704869685,12026.967064210856
925,P1,11205.380484633779,11269.83529270956
925,P2,11269.83529270956,11359.313205512355
925,P3,11359.313205512355,11534.098910315732
925,P4,11534.098910315732,11716.58471821563
925,P7,11716.58471821563,11847.73574945372
926,P1,11208.72235786217,11404.569791751812
926,P2,11404.569791751812,11631.715454439662
926,P3,11631.715454439662,11731.359928086162
926,P4,11731.359928086162,11997.653265068555
926,P7,11997.653265068555,12073.48733504809
927,P2,11214.013017107442,11386.286085997246
927,P3,11386.286085997246,11604.942890537437
927,P4,11604.942890537437,11962.586976056484
927,P5,11962.586976056484,12142.265961208172
928,P2,11217.547505925057,11406.688238486653
928,P3,11406.688238486653,11583.53915962722
928,P5,11583.53915962722,11696.041685286604
929,P3,11224.476587107136,11382.244566890853
929,P5,11382.244566890853,11513.476577542304
929,P6,11513.476577542304,11650.653332808655
930,P3,11236.341512295248,11517.98973609246
930,P4,11517.98973609246,12253.169306516218
930,P6,12253.169306516218,12478.910578216763
931,P3,11240.368380382813,11541.163204406002
931,P4,11541.163204406002,11893.249349327078
931,P5,11893.249349327078,12630.513957621743
932,P3,11242.498046716337,11363.267215239943
932,P5,11363.267215239943,11508.620608064744
932,P6,11508.620608064744,11759.90146596424
933,P1,11250.634110213829,11327.857237191072
933,P2,11327.857237191072,11460.489362538561
933,P3,11460.489362538561,11592.214728672398
933,P5,11592.214728672398,11906.482088972629
933,P6,11906.482088972629,12039.543626284865
934,P3,11260.874458629753,11617.15521534049
934,P4,11617.15521534049,11904.7771910015
934,P5,11904.7771910015,12056.923799032982
935,P3,11269.787106665475,11548.925660301957
935,P4,11548.925660301957,12006.811165592688
935,P6,12006.811165592688,12297.650926903167
936,P1,11271.387272404121,11329.611617102513
936,P2,11329.611617102513,11453.727039807463
936,P3,11453.727039807463,11576.283136806836
936,P4,11576.283136806836,11747.456352713692
936,P5,11747.456352713692,11919.799799832579
937,P1,11274.625872375622,11381.50162926988
937,P2,11381.50162926988,11791.832210934926
937,P3,11791.832210934926,12096.355351666165
937,P4,12096.355351666165,12387.091929123637
937,P7,12387.091929123637,12495.986807383137
938,P2,11287.067175010276,11477.149579964735
938,P3,11477.149579964735,11559.600581989147
938,P4,11559.600581989147,11799.41634927016
938,P5,11799.41634927016,11867.059444081639
938,P6,11867.059444081639,11939.703189260325
939,P3,11288.134211132354,11462.484820270916
939,P4,11462.484820270916,11787.465007529934
939,P5,11787.465007529934,11933.511053105867
940,P2,11290.765656116275,11558.404475722999
940,P3,11558.404475722999,11838.392998555264
940,P5,11838.392998555264,12098.10894436249
941,P2,11300.593669231499,11504.635308531724
941,P3,11504.635308531724,11687.143047559272
941,P4,11687.143047559272,11954.99655669267
941,P6,11954.99655669267,12058.016507358574
941,P7,12058.016507358574,12153.52718868553
942,P1,11319.325995988134,11458.609967558592
942,P2,11458.609967558592,11873.108212212705
942,P3,11873.108212212705,12340.955863163443
942,P5,12340.955863163443,12471.51583123602
943,P3,11331.711036030792,11615.370771497272
943,P4,11615.370771497272,11858.701574609535
943,P5,11858.701574609535,12069.642204174233
944,P1,11339.023996597736,11402.48015455087
944,P2,11402.48015455087,11689.100446441702
944,P3,11689.100446441702,11757.076573711243
944,P5,11757.076573711243,11879.69780865252
944,P6,11879.69780865252,11966.2590388847
945,P3,11339.479794693632,11429.203493200397
945,P4,11429.203493200397,11607.372750022856
945,P6,11607.372750022856,11687.782034804828
946,P3,11341.293641702485,11703.449742759885
946,P4,11703.449742759885,12324.088219999992
946,P6,12324.088219999992,12561.479332503843
947,P1,11386.626824102312,11497.237995330343
947,P2,11497.237995330343,11598.613634661477
947,P3,11598.613634661477,11728.337673139018
947,P5,11728.337673139018,11868.164093274545
947,P6,11868.164093274545,12136.12301338251
948,P1,11404.431722035786,11448.50779984203
948,P2,11448.50779984203,11589.92372073853
948,P3,11589.92372073853,11684.99925607903
948,P4,11684.99925607903,11825.093983861076
948,P6,11825.093983861076,11877.445704155612
949,P1,11428.349527618235,11493.349185472944
949,P2,11493.349185472944,11668.114294877056
949,P3,11668.114294877056,11771.942307718282
949,P5,11771.942307718282,12092.305506054312
949,P6,12092.305506054312,12163.627790101456
950,P3,11429.022968063606,11702.533813225016
950,P4,11702.533813225016,12301.68889897034
950,P7,12301.68889897034,12617.73606757383
951,P1,11440.181239140735,11524.881303975813
951,P2,11524.881303975813,11611.260101373578
951,P3,11611.260101373578,11841.690906924905
951,P4,11841.690906924905,11989.42823065764
951,P5,11989.42823065764,12072.249171987985
951,P6,12072.249171987985,12143.30146791642
952,P1,11449.653681356436,11599.146077078081
952,P2,11599.146077078081,11793.980663023376
952,P3,11793.980663023376,12057.103226692536
952,P4,12057.103226692536,12535.320227170778
952,P5,12535.320227170778,12719.482891607446
953,P2,11462.81121086945,11540.478725302168
953,P3,11540.478725302168,11618.440880520213
953,P4,11618.440880520213,11764.907766710448
953,P7,11764.907766710448,11954.803991595863
954,P3,11474.16607188233,11694.167263210356
954,P4,11694.167263210356,11938.771779150837
954,P7,11938.771779150837,12017.523007279204
955,P3,11484.156033802836,11616.902705210528
955,P4,11616.902705210528,11723.661701954527
955,P5,11723.661701954527,11930.200545000967
956,P2,11492.603075783996,11678.711976653454
956,P3,11678.711976653454,11812.575324561549
956,P4,11812.575324561549,12050.656815929002
956,P6,12050.656815929002,12428.633126530414
957,P2,11508.674720277471,11707.416656340856
957,P3,11707.416656340856,11819.834002328616
957,P5,11819.834002328616,11993.639578248196
957,P6,11993.639578248196,12094.840693204855
958,P1,11509.123917773759,11577.580818030114
958,P2,11577.580818030114,11704.903289779431
958,P3,11704.903289779431,12083.313852430945
958,P5,12083.313852430945,12354.235824046333
959,P1,11518.133914999245,11599.897325094957
959,P2,11599.897325094957,11656.259374768715
959,P3,11656.259374768715,11718.092394362202
959,P5,11718.092394362202,11776.411353642567
960,P1,11532.550926335502,11595.591901999223
960,P2,11595.591901999223,11796.275572814193
960,P3,11796.275572814193,11905.369793083571
960,P5,11905.369793083571,12006.999524698313
961,P1,11532.732135625392,11668.505316972496
961,P2,11668.505316972496,11801.469657594345
961,P3,11801.469657594345,11932.519782715734
961,P4,11932.519782715734,12343.24145573283
961,P5,12343.24145573283,12438.580214400266
962,P1,11533.879492440137,11650.026956537438
962,P2,11650.026956537438,11768.154805159806
962,P3,11768.154805159806,12027.477633369434
962,P5,12027.477633369434,12295.596049006384
962,P6,12295.596049006384,12416.49976946571
963,P1,11540.007847335211,11709.110382649813
963,P2,11709.110382649813,11804.08138235116
963,P3,11804.08138235116,12114.606260832712
963,P5,12114.606260832712,12326.387368493868
964,P1,11541.33807637558,11614.735039756566
964,P2,11614.735039756566,11766.377517515873
964,P3,11766.377517515873,11964.419702416793
964,P4,11964.419702416793,12229.196472494543
964,P7,12229.196472494543,12341.02700140559
965,P1,11549.172675939748,12079.905913570396
965,P2,12079.905913570396,12193.33476421296
965,P3,12193.33476421296,12382.297926864643
965,P4,12382.297926864643,12657.080585249041
965,P5,12657.080585249041,12800.673381401657
965,P6,12800.673381401657,12929.9957026941
966,P3,11549.660932594428,11790.59606209168
966,P5,11790.59606209168,12119.49661809546
967,P1,11579.393177024584,11766.617158158215
967,P2,11766.617158158215,12020.377606416469
967,P3,12020.377606416469,12311.630066073225
967,P5,12311.630066073225,12724.200707953
967,P6,12724.200707953,13065.71914360185
968,P1,11582.797184826779,11642.94627901758
968,P2,11642.94627901758,11691.01512141409
968,P3,11691.01512141409,11758.774324667082
968,P4,11758.774324667082,11882.387631079258
968,P5,11882.387631079258,12136.980205887914
968,P6,12136.980205887914,12447.254666345658
969,P1,11583.242322437914,11752.099113095175
969,P2,11752.099113095175,11837.344116588352
969,P3,11837.344116588352,11988.178627032872
969,P5,11988.178627032872,12145.936302749129
969,P6,12145.936302749129,12303.64321414909
970,P1,11588.606747953947,11783.286283088415
970,P2,11783.286283088415,11948.6614058361
970,P3,11948.6614058361,12358.068228688428
970,P4,12358.068228688428,12820.616504374748
970,P7,12820.616504374748,13007.939794947
971,P1,11627.015126058457,11720.270327478864
971,P2,11720.270327478864,11821.676949244862
971,P3,11821.676949244862,11970.998863647123
971,P4,11970.998863647123,12454.32847712654
971,P5,12454.32847712654,12584.444341950271
971,P6,12584.444341950271,12697.310626785862
972,P1,11638.821197725945,11686.72489591021
972,P2,11686.72489591021,12066.407600786386
972,P3,12066.407600786386,12142.933029545948
972,P4,12142.933029545948,12330.09108813823
972,P7,12330.09108813823,12390.194337138366
973,P2,11709.494579809625,11800.805786700843
973,P3,11800.805786700843,11908.552229193097
973,P4,11908.552229193097,12185.661033942728
973,P6,12185.661033942728,12290.398578712655
974,P3,11721.8935391909,11831.395904614556
974,P4,11831.395904614556,12074.49808130531
974,P7,12074.49808130531,12169.489682464771
975,P1,11730.79358089751,11999.139543962967
975,P2,11999.139543962967,12205.4619100441
975,P3,12205.4619100441,12521.476687528302
975,P4,12521.476687528302,12935.31010651744
975,P5,12935.31010651744,13195.74465051308
975,P6,13195.74465051308,13356.902569151665
976,P2,11751.206641240768,11838.129216010784
976,P3,11838.129216010784,12027.7480371233
976,P5,12027.7480371233,12242.62204841312
976,P6,12242.62204841312,12385.708730835771
977,P1,11758.59019330431,11999.294620880946
977,P2,11999.294620880946,12090.646896563017
977,P3,12090.646896563017,12223.285437325398
977,P5,12223.285437325398,12401.856691880943
978,P3,11783.633309335626,11836.809932444017
978,P4,11836.809932444017,12137.018191808354
978,P7,12137.018191808354,12228.156829622454
979,P3,11796.478261833316,11910.859202109576
979,P4,11910.859202109576,12069.847083823666
979,P7,12069.847083823666,12169.07099816843
980,P1,11825.723327008975,11967.602838030925
980,P2,11967.602838030925,12034.647440449195
980,P3,12034.647440449195,12248.117660206832
980,P4,12248.117660206832,12433.248679652863
980,P5,12433.248679652863,12534.004499637596
981,P3,11845.196504891015,12168.594271652712
981,P5,12168.594271652712,12326.974418020987
982,P1,11847.767231099951,12143.673401198968
982,P2,12143.673401198968,12230.465168471277
982,P3,12230.465168471277,12346.194956475101
982,P5,12346.194956475101,12596.205000911234
983,P3,11852.749768419357,11935.329638780966
983,P5,11935.329638780966,12160.901554195128
984,P1,11852.994383281364,12030.405297752844
984,P2,12030.405297752844,12296.907069011202
984,P3,12296.907069011202,12533.190872493422
984,P5,12533.190872493422,12701.464045742285
985,P2,11853.033370793086,11907.769620624136
985,P3,11907.769620624136,11956.827353915382
985,P5,11956.827353915382,12203.599964412278
986,P1,11875.164342571316,11969.415812525222
986,P2,11969.415812525222,12313.605933574696
986,P3,12313.605933574696,12440.147357233809
986,P5,12440.147357233809,12609.112035189712
986,P6,12609.112035189712,12725.694946371294
987,P1,11885.752961227025,12013.962250748587
987,P2,12013.962250748587,12353.67557254704
987,P3,12353.67557254704,12638.608674900286
987,P5,12638.608674900286,12778.373421374943
987,P6,12778.373421374943,13046.958133591548
987,P7,13046.958133591548,13302.546178239963
988,P3,11898.603708398752,12212.070534128932
988,P5,12212.070534128932,12454.772757713634
988,P6,12454.772757713634,12703.12435275255
988,P7,12703.12435275255,12889.834084541295
989,P3,11911.297313097884,12038.06442576917
989,P5,12038.06442576917,12148.802023889697
990,P1,11917.888876693181,12035.541477385606
990,P2,12035.541477385606,12204.707837159594
990,P3,12204.707837159594,12499.295029147175
990,P4,12499.295029147175,12836.921115289322
990,P7,12836.921115289322,12963.137886225455
991,P3,11943.772054311403,12160.123497175746
991,P4,12160.123497175746,12548.891160090798
991,P6,12548.891160090798,12738.407279167113
992,P3,11948.972301106749,12054.548661655233
992,P4,12054.548661655233,12272.727658346159
992,P6,12272.727658346159,12365.669467600903
993,P2,11968.022478598648,12241.10636827597
993,P3,12241.10636827597,12541.613983562138
993,P4,12541.613983562138,12979.962348800143
993,P7,12979.962348800143,13224.718573842583
994,P1,11982.5290840606,12072.139254512549
994,P2,12072.139254512549,12208.67112218022
994,P3,12208.67112218022,12414.977813014086
994,P5,12414.977813014086,12474.648065424239
995,P1,11984.541140090896,12167.38302259737
995,P2,12167.38302259737,12238.971338778758
995,P3,12238.971338778758,12391.744041515012
995,P5,12391.744041515012,12490.2201618321
995,P6,12490.2201618321,12614.481945756164
995,P7,12614.481945756164,12687.04396239404
996,P2,11988.421702905704,12168.765021527555
996,P3,12168.765021527555,12316.615399070473
996,P5,12316.615399070473,12425.258871877486
996,P6,12425.258871877486,12498.80290403717
997,P2,11990.56602323286,12212.227093176465
997,P3,12212.227093176465,12682.66004026763
997,P4,12682.66004026763,13204.825933982713
997,P5,13204.825933982713,13467.73946379986
997,P6,13467.73946379986,13718.313046532065
998,P1,12001.80317455526,12196.003385717559
998,P2,12196.003385717559,12323.578316258112
998,P3,12323.578316258112,12602.466346263735
998,P4,12602.466346263735,12901.870199146166
998,P6,12901.870199146166,13125.003418986918
998,P7,13125.003418986918,13348.548379752356
999,P3,12041.930546533458,12196.592256517026
999,P4,12196.592256517026,12387.756181627323
999,P6,12387.756181627323,12593.475572405794
1000,P1,12042.781783923427,12202.64729555493
1000,P2,12202.64729555493,12374.901826140265
1000,P3,12374.901826140265,12616.923424253704
1000,P5,12616.923424253704,12808.189061858486
1001,P2,12051.31074711751,12195.203350796952
1001,P3,12195.203350796952,12313.105391759098
1001,P4,12313.105391759098,12679.056706851454
1001,P6,12679.056706851454,12832.685596135312
1001,P7,12832.685596135312,12970.365540871275
1002,P1,12058.306017768988,12155.998487784062
1002,P2,12155.998487784062,12304.067953347541
1002,P3,12304.067953347541,12561.604059100655
1002,P5,12561.604059100655,12659.937176103049
1003,P1,12066.915148637516,12190.526709048738
1003,P2,12190.526709048738,12346.632492361687
1003,P3,12346.632492361687,12563.424424174673
1003,P5,12563.424424174673,12821.02576168752
1003,P6,12821.02576168752,13193.434571329894
1004,P1,12082.604124696674,12218.36931223213
1004,P2,12218.36931223213,12271.606597362812
1004,P3,12271.606597362812,12333.463551786137
1004,P4,12333.463551786137,12417.71180734233
1004,P5,12417.71180734233,12473.983176349606
1004,P6,12473.983176349606,12723.02199914634
1004,P7,12723.02199914634,12961.68102834365
1005,P1,12084.103673774272,12216.76361308867
1005,P2,12216.76361308867,12390.54499944432
1005,P3,12390.54499944432,12598.377110747128
1005,P5,12598.377110747128,12790.049198182549
1005,P6,12790.049198182549,12984.055529717618
1006,P3,12113.333369495373,12232.67818089727
1006,P4,12232.67818089727,12383.14329068189
1006,P6,12383.14329068189,12577.088867292581
1007,P1,12124.70223896827,12218.435473513111
1007,P2,12218.435473513111,12430.031669203247
1007,P3,12430.031669203247,12605.15436894086
1007,P4,12605.15436894086,12846.746133035762
1007,P7,12846.746133035762,12976.756931105543
1008,P1,12143.849554972498,12378.948512718518
1008,P2,12378.948512718518,12560.848457709935
1008,P3,12560.848457709935,12855.63418998069
1008,P4,12855.63418998069,13405.478161944271
1008,P7,13405.478161944271,13590.26004068791
1009,P2,12147.47930300764,12352.146753282012
1009,P3,12352.146753282012,12596.096747701426
1009,P4,12596.096747701426,12982.555600546251
1009,P7,12982.555600546251,13157.361439366357
1010,P1,12147.672740580592,12524.937253599492
1010,P2,12524.937253599492,12728.718040300588
1010,P3,12728.718040300588,12964.087596356183
1010,P4,12964.087596356183,13593.932855080478
1010,P6,13593.932855080478,13746.830307638158
1010,P7,13746.830307638158,13955.03991226536
1011,P1,12160.495775335487,12296.926523369217
1011,P2,12296.926523369217,12497.505231325644
1011,P3,12497.505231325644,12680.757430429989
1011,P4,12680.757430429989,12987.446426402767
1011,P6,12987.446426402767,13115.158828181651
1012,P3,12179.476192350852,12750.99548967449
1012,P4,12750.99548967449,13030.101814126903
1012,P7,13030.101814126903,13132.32579805538
1013,P3,12182.508882833887,12505.520775203286
1013,P4,12505.520775203286,12674.402220518426
1013,P7,12674.402220518426,12794.904777846663
1014,P3,12189.29091937858,12619.992346655981
1014,P5,12619.992346655981,12729.53327973569
1014,P6,12729.53327973569,12890.025252049263
1015,P1,12219.271038340194,12313.06678008386
1015,P2,12313.06678008386,12409.397750456526
1015,P3,12409.397750456526,12508.739680241591
1015,P4,12508.739680241591,12667.275798745433
1015,P5,12667.275798745433,12769.71225175791
1016,P3,12231.48733809225,12284.053794852192
1016,P5,12284.053794852192,12523.828823437014
1016,P6,12523.828823437014,12857.948563418871
1017,P1,12231.868796492818,12314.892741411202
1017,P2,12314.892741411202,12456.16377679735
1017,P3,12456.16377679735,12611.757208527863
1017,P4,12611.757208527863,12967.787503452595
1017,P5,12967.787503452595,13117.208436014394
1018,P2,12243.949903205594,12383.360335644526
1018,P3,12383.360335644526,12592.448236745735
1018,P4,12592.448236745735,13191.056707078204
1018,P5,13191.056707078204,13408.799491923837
1018,P6,13408.799491923837,13597.917003964354
1019,P1,12247.684980347269,12460.90571536427
1019,P2,12460.90571536427,12631.325505699444
1019,P3,12631.325505699444,12825.400578480987
1019,P4,12825.400578480987,13214.083281269975
1019,P5,13214.083281269975,13503.629109319354
1020,P1,12256.287836571864,12353.683624298803
1020,P2,12353.683624298803,12407.083269474277
1020,P3,12407.083269474277,12560.129095206006
1020,P4,12560.129095206006,12649.088701819557
1020,P7,12649.088701819557,12706.133996823462
1021,P3,12256.295426239767,12403.116512312015
1021,P5,12403.116512312015,12517.942651990657
1021,P6,12517.942651990657,12627.289843726476
1022,P1,12259.218951391735,12344.349396444797
1022,P2,12344.349396444797,12443.31499808491
1022,P3,12443.31499808491,12664.347838398113
1022,P5,12664.347838398113,12824.564656187862
1022,P6,12824.564656187862,12932.734434222073
1023,P1,12267.8374722451,12345.544263566011
1023,P2,12345.544263566011,12416.114729299545
1023,P3,12416.114729299545,12506.741980001765
1023,P5,12506.741980001765,12580.451974966403
1023,P6,12580.451974966403,12814.680047995686
1024,P1,12269.023443088834,12422.728343870664
1024,P2,12422.728343870664,12514.020379466358
1024,P3,12514.020379466358,12664.004009000198
1024,P4,12664.004009000198,12873.443573727473
1024,P5,12873.443573727473,12971.136181620672
1024,P6,12971.136181620672,13202.353941983836
1025,P3,12280.048266699543,12675.476014576201
1025,P4,12675.476014576201,12897.544934403955
1025,P6,12897.544934403955,13046.196573364696
1026,P1,12288.163264474455,12506.534788933996
1026,P2,12506.534788933996,12663.74777909324
1026,P3,12663.74777909324,12998.827074608107
1026,P5,12998.827074608107,13232.387153447668
1026,P6,13232.387153447668,13364.065769653156
1027,P1,12288.520214530081,12511.034706882881
1027,P2,12511.034706882881,12714.819415224705
1027,P3,12714.819415224705,13164.34756154114
1027,P4,13164.34756154114,13553.39075084928
1027,P7,13553.39075084928,13794.522686249007
1028,P2,12289.004255061593,12403.56891997334
1028,P3,12403.56891997334,12480.147377346682
1028,P4,12480.147377346682,12646.416122615969
1028,P6,12646.416122615969,12711.23066483298
1029,P2,12297.3750165201,12473.579495411499
1029,P3,12473.579495411499,12839.212367942693
1029,P5,12839.212367942693,13005.402255412493
1030,P3,12319.078201784434,12674.831930982813
1030,P4,12674.831930982813,13096.23665995456
1030,P7,13096.23665995456,13334.686257362815
1031,P1,12334.291539473637,12406.509805509771
1031,P2,12406.509805509771,12681.588175957382
1031,P3,12681.588175957382,12891.210920233363
1031,P5,12891.210920233363,13014.999576360702
1032,P1,12335.245690930207,12638.598824821158
1032,P2,12638.598824821158,12829.422676447246
1032,P3,12829.422676447246,13053.112755082488
1032,P4,13053.112755082488,13674.292546033175
1032,P6,13674.292546033175,14193.214306808766
1033,P1,12349.03887536483,12535.865501464763
1033,P2,12535.865501464763,12919.237099473223
1033,P3,12919.237099473223,13289.24735912601
1033,P4,13289.24735912601,13954.33623152415
1033,P6,13954.33623152415,14279.979578300265
1034,P3,12357.004386597453,12601.07504347693
1034,P4,12601.07504347693,12883.983485018487
1034,P7,12883.983485018487,13001.788875285685
1035,P1,12363.810046723907,12465.522174437141
1035,P2,12465.522174437141,12667.678551639137
1035,P3,12667.678551639137,12790.671450018534
1035,P4,12790.671450018534,13020.329654877301
1035,P6,13020.329654877301,13125.342218347367
1036,P2,12369.353192031078,12618.269335036859
1036,P3,12618.269335036859,12861.58395261286
1036,P4,12861.58395261286,13243.703879952503
1036,P7,13243.703879952503,13431.049932149837
1037,P1,12392.206837839014,12633.26466950234
1037,P2,12633.26466950234,12777.58810837062
1037,P3,12777.58810837062,12952.71797000115
1037,P4,12952.71797000115,13085.213764278016
1037,P7,13085.213764278016,13482.771565891871
1038,P3,12393.077780104273,12489.751657953011
1038,P4,12489.751657953011,12762.19059521364
1038,P7,12762.19059521364,12826.710759172112
1039,P2,12394.354583892875,12487.7050550299
1039,P3,12487.7050550299,12609.150802602391
1039,P5,12609.150802602391,12726.52352179278
1039,P6,12726.52352179278,12978.877348018012
1040,P1,12395.53402013572,12546.939238567928
1040,P2,12546.939238567928,12629.335892856348
1040,P3,12629.335892856348,12762.420068201236
1040,P4,12762.420068201236,13085.62372121813
1040,P6,13085.62372121813,13222.849094219056
1041,P2,12423.809717868644,12480.293569673373
1041,P3,12480.293569673373,12667.42747542599
1041,P4,12667.42747542599,12863.223468909231
1041,P7,12863.223468909231,12913.59861952745
1042,P3,12462.574292001545,12709.183037988352
1042,P4,12709.183037988352,12870.990747204003
1042,P5,12870.990747204003,12947.276972490634
1042,P6,12947.276972490634,13069.456621982397
1043,P1,12464.244566222806,12684.592737587493
1043,P2,12684.592737587493,12854.713703777043
1043,P3,12854.713703777043,13079.651836719788
1043,P4,13079.651836719788,13352.388982121174
1043,P6,13352.388982121174,13453.539772461492
1044,P1,12481.940710971741,12587.597202582003
1044,P2,12587.597202582003,12802.641642310946
1044,P3,12802.641642310946,12938.69761807422
1044,P4,12938.69761807422,13145.395328356266
1044,P6,13145.395328356266,13235.389070704268
1045,P1,12491.865097233478,12784.217654561036
1045,P2,12784.217654561036,12986.149443859213
1045,P3,12986.149443859213,13436.439764487854
1045,P5,13436.439764487854,13660.562795898473
1045,P6,13660.562795898473,13889.381858480376
1046,P3,12495.440934374561,12704.255608971285
1046,P4,12704.255608971285,12927.282585671343
1046,P5,12927.282585671343,13051.806932304204
1046,P6,13051.806932304204,13168.306977132628
1047,P1,12569.169006348175,12652.676652335736
1047,P2,12652.676652335736,12789.364770640172
1047,P3,12789.364770640172,13037.354499614936
1047,P4,13037.354499614936,13409.265502682061
1047,P5,13409.265502682061,13687.440424771106
1047,P6,13687.440424771106,14075.544428254369
1048,P2,12583.99436981474,12932.245756617292
1048,P3,12932.245756617292,13182.145492714953
1048,P4,13182.145492714953,13801.634900316056
1048,P7,13801.634900316056,14265.071576990771
1049,P3,12590.126860187627,12716.298477802293
1049,P5,12716.298477802293,12804.419377687502
1049,P6,12804.419377687502,12992.34844994554
1050,P1,12593.693388059488,12751.628533663727
1050,P2,12751.628533663727,12894.192270955828
1050,P3,12894.192270955828,13080.203598607211
1050,P4,13080.203598607211,13445.847484341553
1050,P5,13445.847484341553,13735.906791724086
1050,P6,13735.906791724086,14082.557381872477
1050,P7,14082.557381872477,14326.642324018456
1051,P3,12593.882013920234,12895.082371768698
1051,P5,12895.082371768698,13084.826521913701
1052,P3,12600.071168178363,12758.399341573064
1052,P5,12758.399341573064,12870.503511490517
1052,P6,12870.503511490517,12986.264647446438
1053,P2,12601.212466378785,12745.969408383286
1053,P3,12745.969408383286,12991.463638911508
1053,P5,12991.463638911508,13192.712342961906
1053,P6,13192.712342961906,13414.130058274448
1054,P1,12601.549631844167,12651.645478313316
1054,P2,12651.645478313316,12756.37529359523
1054,P3,12756.37529359523,12878.565339279841
1054,P4,12878.565339279841,13013.085142167994
1054,P6,13013.085142167994,13076.534513626373
1055,P3,12624.635480610517,12709.46336976287
1055,P4,12709.46336976287,12888.191543394048
1055,P7,12888.191543394048,12942.138786104379
1056,P1,12648.466566875544,12941.131259153553
1056,P2,12941.131259153553,13050.358390261683
1056,P3,13050.358390261683,13168.039582423075
1056,P4,13168.039582423075,13340.162250661378
1056,P6,13340.162250661378,13431.145866178187
1057,P1,12658.590427089026,12825.00937462803
1057,P2,12825.00937462803,12979.337788011602
1057,P3,12979.337788011602,13271.84951990413
1057,P5,13271.84951990413,13571.675834248419
1057,P6,13571.675834248419,13788.875545770474
1057,P7,13788.875545770474,13950.562251877069
1058,P3,12660.480350031532,13161.144149186519
1058,P5,13161.144149186519,13729.568576846938
1058,P6,13729.568576846938,14156.01049791656
1059,P3,12677.476321838767,12884.742825167961
1059,P4,12884.742825167961,13224.866248705102
1059,P7,13224.866248705102,13308.410127145418
1060,P1,12686.91914761733,12755.389457794072
1060,P2,12755.389457794072,12846.702576411953
1060,P3,12846.702576411953,13025.463401749657
1060,P4,13025.463401749657,13253.632273338417
1060,P5,13253.632273338417,13492.05801463076
1061,P2,12731.698243682167,12839.851505605835
1061,P3,12839.851505605835,13006.290668722939
1061,P4,13006.290668722939,13392.065286363711
1061,P5,13392.065286363711,13609.948188116587
1061,P6,13609.948188116587,14003.775637815817
1062,P1,12741.826456891593,12926.859472641598
1062,P2,12926.859472641598,13148.236355752375
1062,P3,13148.236355752375,13451.613066594326
1062,P4,13451.613066594326,13902.638583380965
1062,P5,13902.638583380965,14144.99805998138
1062,P6,14144.99805998138,14490.714838208773
1063,P1,12764.20156882139,12942.208342204443
1063,P2,12942.208342204443,13135.90057624235
1063,P3,13135.90057624235,13352.543540240962
1063,P5,13352.543540240962,13605.37965875307
1064,P1,12766.428895274916,12975.170358265228
1064,P2,12975.170358265228,13101.82310786549
1064,P3,13101.82310786549,13379.21286549638
1064,P5,13379.21286549638,13655.709535777689
1064,P6,13655.709535777689,13884.29460308541
1065,P2,12781.023674227825,13038.082115222383
1065,P3,13038.082115222383,13153.425997655615
1065,P4,13153.425997655615,13550.819689892061
1065,P7,13550.819689892061,13657.589523634093
1066,P1,12787.039131920352,12932.337750723633
1066,P2,12932.337750723633,13028.727723191492
1066,P3,13028.727723191492,13105.855714950194
1066,P4,13105.855714950194,13251.464883079043
1066,P6,13251.464883079043,13331.405597694635
1067,P1,12811.05247212572,12928.97245811918
1067,P2,12928.97245811918,13080.78708205701
1067,P3,13080.78708205701,13534.838306311607
1067,P5,13534.838306311607,13821.215294104517
1068,P3,12816.280182494815,12994.894442298335
1068,P5,12994.894442298335,13158.325165665718
1069,P1,12827.411868650757,13188.349790734785
1069,P2,13188.349790734785,13648.316216406405
1069,P3,13648.316216406405,13998.373614876398
1069,P5,13998.373614876398,14235.089549367083
1069,P6,14235.089549367083,14564.57218053839
1070,P1,12840.15263407076,13015.912578313604
1070,P2,13015.912578313604,13099.504577492296
1070,P3,13099.504577492296,13205.827345796844
1070,P5,13205.827345796844,13313.862029484375
1070,P6,13313.862029484375,13414.07053568146
1071,P3,12851.8227314975,12987.478847716562
1071,P5,12987.478847716562,13210.03993981361
1072,P3,12859.646681322763,13220.154319154028
1072,P5,13220.154319154028,13404.72914695182
1072,P6,13404.72914695182,13834.875088173714
1073,P2,12860.944147039647,13128.674842573317
1073,P3,13128.674842573317,13491.279332386906
1073,P4,13491.279332386906,14260.517788035995
1073,P6,14260.517788035995,14448.781025697484
1074,P3,12865.63161164923,13080.602065560795
1074,P4,13080.602065560795,13388.488074172868
1074,P6,13388.488074172868,13526.141481428727
1075,P3,12897.142291925235,13042.230598452961
1075,P5,13042.230598452961,13172.190322258508
1075,P6,13172.190322258508,13425.606134052392
1075,P7,13425.606134052392,13525.641055158294
1076,P2,12904.157986900276,13000.810178278396
1076,P3,13000.810178278396,13102.207807735562
1076,P5,13102.207807735562,13214.712566994433
1077,P3,12904.715114492641,13081.281184345333
1077,P5,13081.281184345333,13163.66496407243
1077,P6,13163.66496407243,13232.765657843003
1078,P1,12916.753902331131,13016.568776736165
1078,P2,13016.568776736165,13713.95852788454
1078,P3,13713.95852788454,13949.155111227485
1078,P5,13949.155111227485,14250.988618515368
1078,P6,14250.988618515368,14347.731645105143
1079,P2,12917.280944111404,13154.469010291348
1079,P3,13154.469010291348,13853.38980409131
1079,P4,13853.38980409131,14298.092522670857
1079,P6,14298.092522670857,14585.742227384333
1080,P3,12921.151676458949,13152.616584882322
1080,P5,13152.616584882322,13362.961878208198
1080,P6,13362.961878208198,13477.679150456781
1080,P7,13477.679150456781,13603.598642740963
1081,P1,12936.478282006115,13055.205900590385
1081,P2,13055.205900590385,13170.059621190663
1081,P3,13170.059621190663,13342.777528384746
1081,P4,13342.777528384746,13576.311346024955
1081,P7,13576.311346024955,13666.592049619167
1082,P3,12983.642691356714,13509.604225733061
1082,P5,13509.604225733061,13777.178751786565
1083,P1,12996.77715675694,13138.87894046319
1083,P2,13138.87894046319,13301.487659054772
1083,P3,13301.487659054772,13501.76253798684
1083,P4,13501.76253798684,13798.179464679832
1083,P7,13798.179464679832,14066.843188124596
1084,P3,12997.47451023132,13510.78471500167
1084,P5,13510.78471500167,13714.854701933413
1084,P6,13714.854701933413,13837.369408526485
1084,P7,13837.369408526485,13952.083159142809
1085,P1,12998.205272557687,13327.268908420716
1085,P2,13327.268908420716,13609.560723080296
1085,P3,13609.560723080296,13913.63781073515
1085,P5,13913.63781073515,14157.250776726776
1085,P6,14157.250776726776,14349.398110142489
1086,P2,13007.921356282364,13260.746126053251
1086,P3,13260.746126053251,13383.05936070809
1086,P5,13383.05936070809,13533.991979803339
1087,P1,13017.215388643775,13064.314269734781
1087,P2,13064.314269734781,13131.021966036593
1087,P3,13131.021966036593,13209.604853657385
1087,P5,13209.604853657385,13283.714310520267
1087,P6,13283.714310520267,13428.940432360085
1088,P2,13062.043107496922,13350.976946165485
1088,P3,13350.976946165485,13784.03227585862
1088,P4,13784.03227585862,14468.753584984708
1088,P6,14468.753584984708,14769.059939331999
1089,P3,13062.292159049495,13220.629257160332
1089,P5,13220.629257160332,13351.803309811152
1089,P6,13351.803309811152,13455.555216150497
1090,P3,13083.561946189542,13253.098899458173
1090,P4,13253.098899458173,13450.023596744337
1090,P6,13450.023596744337,13545.487966986178
1091,P3,13090.533327690458,13201.2647353033
1091,P4,13201.2647353033,13341.17141341918
1091,P6,13341.17141341918,13424.076066553738
1092,P1,13097.552311747439,13326.674097615807
1092,P2,13326.674097615807,13453.346350156742
1092,P3,13453.346350156742,13691.025396820194
1092,P4,13691.025396820194,13946.992752782086
1092,P5,13946.992752782086,14083.364819279726
1092,P6,14083.364819279726,14200.842924804707
1092,P7,14200.842924804707,14365.147825981665
1093,P1,13108.707506667635,13188.11676400785
1093,P2,13188.11676400785,13280.987762291521
1093,P3,13280.987762291521,13391.7571334923
1093,P4,13391.7571334923,13555.240371632273
1093,P6,13555.240371632273,13777.70326653068
1094,P1,13113.190470684747,13190.714583315683
1094,P2,13190.714583315683,13375.042447832004
1094,P3,13375.042447832004,13666.412983208778
1094,P4,13666.412983208778,14037.212262244057
1094,P6,14037.212262244057,14247.683238088093
1094,P7,14247.683238088093,14432.431491211231
1095,P1,13141.19151564381,13221.757085946496
1095,P2,13221.757085946496,13296.857896899332
1095,P3,13296.857896899332,13417.71701746128
1095,P4,13417.71701746128,13724.460989755058
1095,P6,13724.460989755058,13819.995882837498
1096,P1,13142.47442767972,13230.31141461074
1096,P2,13230.31141461074,13343.418709230706
1096,P3,13343.418709230706,13457.530873089097
1096,P5,13457.530873089097,13554.599586608114
1097,P1,13180.302148111989,13266.886054930173
1097,P2,13266.886054930173,13380.495492929875
1097,P3,13380.495492929875,14196.384373402594
1097,P4,14196.384373402594,14427.074805583328
1097,P5,14427.074805583328,14607.467179120766
1097,P6,14607.467179120766,14834.292726581376
1097,P7,14834.292726581376,14985.248031109893
1098,P2,13190.570569981553,13301.4597904128
1098,P3,13301.4597904128,13498.923169259315
1098,P4,13498.923169259315,13743.5492732771
1098,P5,13743.5492732771,13914.998132572584
1098,P6,13914.998132572584,14038.464300859147
1099,P1,13195.411481349762,13428.309120235635
1099,P2,13428.309120235635,13652.86631280173
1099,P3,13652.86631280173,13868.176984315576
1099,P4,13868.176984315576,14153.323102209692
1099,P6,14153.323102209692,14349.10405337652
1100,P1,13202.617069860418,13335.400701163955
1100,P2,13335.400701163955,13471.40281920696
1100,P3,13471.40281920696,13561.92163601632
1100,P4,13561.92163601632,13723.334219189537
1100,P5,13723.334219189537,14139.853215868257
1101,P1,13209.662484744136,13277.05703423916
1101,P2,13277.05703423916,13379.241679976505
1101,P3,13379.241679976505,13641.722272306008
1101,P4,13641.722272306008,13918.450691669792
1101,P7,13918.450691669792,14124.296590726784
1102,P1,13225.56329542398,13344.647237579024
1102,P2,13344.647237579024,13424.003329233674
1102,P3,13424.003329233674,13704.495011504152
1102,P4,13704.495011504152,14003.52353767148
1102,P5,14003.52353767148,14246.219251769116
1103,P1,13230.629004998606,13306.35830905699
1103,P2,13306.35830905699,13512.534843214953
1103,P3,13512.534843214953,13957.632793726654
1103,P4,13957.632793726654,14150.021831815062
1103,P7,14150.021831815062,14211.571171327176
1104,P1,13231.053986841833,13309.497805809711
1104,P2,13309.497805809711,13483.741540804882
1104,P3,13483.741540804882,13681.877468208955
1104,P5,13681.877468208955,13860.80198267769
1104,P6,13860.80198267769,14007.897591663595
1105,P1,13257.588359139378,13450.861112133978
1105,P2,13450.861112133978,13681.761552553771
1105,P3,13681.761552553771,13958.621269839941
1105,P4,13958.621269839941,14352.947519734762
1105,P5,14352.947519734762,14620.286229614743
1106,P2,13261.974803819283,13344.047865412202
1106,P3,13344.047865412202,13506.65149620118
1106,P5,13506.65149620118,13757.127641427152
1106,P6,13757.127641427152,13874.316098252426
1107,P3,13263.22364105076,13496.652891758633
1107,P4,13496.652891758633,14055.32343203901
1107,P7,14055.32343203901,14222.576650107238
1108,P1,13274.675282231929,13423.754443091955
1108,P2,13423.754443091955,13907.676136607723
1108,P3,13907.676136607723,14158.623192728825
1108,P4,14158.623192728825,14452.60754113916
1108,P6,14452.60754113916,14605.307035966234
1109,P3,13302.479751741796,13404.966760860425
1109,P5,13404.966760860425,13509.302194772281
1109,P6,13509.302194772281,13635.173120167046
1110,P1,13303.792792778491,13386.907891114892
1110,P2,13386.907891114892,13433.66772721999
1110,P3,13433.66772721999,13627.128000735076
1110,P4,13627.128000735076,13757.696423471221
1110,P5,13757.696423471221,13831.77001039246
1110,P6,13831.77001039246,13931.533727355862
1110,P7,13931.533727355862,14012.601983297454
1111,P1,13315.704007966397,13379.677166932286
1111,P2,13379.677166932286,13549.181153331809
1111,P3,13549.181153331809,13702.453665598347
1111,P4,13702.453665598347,13918.473304229496
1111,P6,13918.473304229496,14076.975839239154
1111,P7,14076.975839239154,14243.057394071462
1112,P3,13317.24138209319,13487.710115280277
1112,P4,13487.710115280277,13669.320605370867
1112,P5,13669.320605370867,13798.941881766516
1112,P6,13798.941881766516,13947.304582835173
1113,P1,13317.722913860094,13430.340904545823
1113,P2,13430.340904545823,13546.747076112239
1113,P3,13546.747076112239,13674.250722018789
1113,P5,13674.250722018789,13779.29268325896
1113,P6,13779.29268325896,13924.31010621797
1114,P1,13321.72970462588,13386.436248376998
1114,P2,13386.436248376998,13486.80441092831
1114,P3,13486.80441092831,13654.583120406453
1114,P5,13654.583120406453,13754.66512929658
1114,P6,13754.66512929658,13901.695865632739
1115,P1,13345.415839419866,13475.64425271298
1115,P2,13475.64425271298,13566.017963625556
1115,P3,13566.017963625556,13724.233575479562
1115,P4,13724.233575479562,13960.632898694912
1115,P6,13960.632898694912,14096.991382773187
1115,P7,14096.991382773187,14198.264236837113
1116,P3,13355.430602457984,13782.444230865842
1116,P5,13782.444230865842,13957.543675224193
1116,P6,13957.543675224193,14052.395140886818
1117,P1,13356.90073449371,13470.98242613559
1117,P2,13470.98242613559,13580.352993177734
1117,P3,13580.352993177734,13719.426279174715
1117,P4,13719.426279174715,14101.127903143086
1117,P6,14101.127903143086,14435.715720886114
1118,P2,13360.254194480838,13546.575898615683
1118,P3,13546.575898615683,13699.857375659476
1118,P4,13699.857375659476,14013.710652453716
1118,P5,14013.710652453716,14187.54942589385
1119,P3,13397.538493283766,13537.318903794574
1119,P4,13537.318903794574,13729.724125050285
1119,P6,13729.724125050285,13826.461433759318
1120,P3,13409.801793937466,13628.888885649243
1120,P4,13628.888885649243,13857.316720084485
1120,P5,13857.316720084485,14015.058759128362
1121,P3,13433.771266750848,13548.673671389597
1121,P4,13548.673671389597,13857.192705167532
1121,P5,13857.192705167532,14063.001478449816
1121,P6,14063.001478449816,14172.960553539031
1122,P1,13435.534391043042,13780.546922073554
1122,P2,13780.546922073554,13945.083931419342
1122,P3,13945.083931419342,14114.471147559037
1122,P4,14114.471147559037,14519.756179484066
1122,P6,14519.756179484066,14649.657909402202
1123,P1,13469.491721757524,13823.462182496012
1123,P2,13823.462182496012,14246.72890793312
1123,P3,14246.72890793312,14683.42043427894
1123,P4,14683.42043427894,15183.267747058626
1123,P7,15183.267747058626,15409.644582269286
1124,P1,13477.499991874452,13612.336878924112
1124,P2,13612.336878924112,13762.531717397616
1124,P3,13762.531717397616,13814.955345164508
1124,P4,13814.955345164508,13936.276120217895
1124,P5,13936.276120217895,14092.672235723836
1124,P6,14092.672235723836,14385.65232741581
1125,P2,13477.533446889014,13783.072387410284
1125,P3,13783.072387410284,14034.492559719076
1125,P4,14034.492559719076,14281.393349284961
1125,P5,14281.393349284961,14459.159737501468
1126,P3,13479.027408705071,13744.84440728412
1126,P4,13744.84440728412,14267.723074757714
1126,P6,14267.723074757714,14564.840967349119
1127,P1,13480.235472610715,13617.650361899985
1127,P2,13617.650361899985,13807.683194750849
1127,P3,13807.683194750849,13964.901291732163
1127,P5,13964.901291732163,14123.047155050837
1127,P6,14123.047155050837,14235.140386603118
1128,P2,13480.415810473856,13556.278652797666
1128,P3,13556.278652797666,13675.156796813155
1128,P5,13675.156796813155,13783.465453752846
1129,P3,13490.10936768642,13621.442074071918
1129,P4,13621.442074071918,13838.383653745126
1129,P7,13838.383653745126,13992.00135069094
1130,P3,13504.700951639754,13704.179952839993
1130,P5,13704.179952839993,13782.471786047148
1130,P6,13782.471786047148,13972.733543469243
1131,P3,13536.273755628212,13731.508477666091
1131,P4,13731.508477666091,14169.534291489725
1131,P5,14169.534291489725,14326.182362824096
1132,P1,13544.559499615465,13711.381474358803
1132,P2,13711.381474358803,13908.895933650274
1132,P3,13908.895933650274,14217.08459489789
1132,P4,14217.08459489789,14512.90854059035
1132,P6,14512.90854059035,14698.541280956126
1132,P7,14698.541280956126,14861.295481663426
1133,P3,13558.159537028625,14218.446484294242
1133,P4,14218.446484294242,14555.628705372359
1133,P6,14555.628705372359,14841.190713205242
1133,P7,14841.190713205242,14967.942491511012
1134,P1,13622.752131236568,13688.588246615376
1134,P2,13688.588246615376,13782.152912964475
1134,P3,13782.152912964475,13935.545794114856
1134,P4,13935.545794114856,14226.239220414116
1134,P5,14226.239220414116,14419.92521116995
1134,P6,14419.92521116995,14508.476761667202
1135,P3,13622.789704569555,13702.48025009396
1135,P5,13702.48025009396,13972.653790130937
1135,P6,13972.653790130937,14061.417258972384
1136,P2,13644.512635190289,13723.96777596596
1136,P3,13723.96777596596,13807.671615239333
1136,P4,13807.671615239333,13971.189218406404
1136,P6,13971.189218406404,14064.403086101778
1137,P3,13663.554144700902,13939.71469043117
1137,P4,13939.71469043117,14234.85894897981
1137,P5,14234.85894897981,14419.092375813709
1138,P3,13680.879762591894,13824.369100862039
1138,P4,13824.369100862039,14038.7559644183
1138,P6,14038.7559644183,14222.525529638398
1139,P2,13697.203104055312,13960.428795537555
1139,P3,13960.428795537555,14061.277283937428
1139,P5,14061.277283937428,14280.958840561085
1140,P1,13712.39590817784,13865.004320517504
1140,P2,13865.004320517504,14026.615743465734
1140,P3,14026.615743465734,14319.457663916688
1140,P5,14319.457663916688,14533.653727494868
1141,P1,13721.751289004327,13870.53001696984
1141,P2,13870.53001696984,14048.6701408859
1141,P3,14048.6701408859,14480.369276452697
1141,P4,14480.369276452697,14769.122830313085
1141,P5,14769.122830313085,14978.47931818065
1141,P6,14978.47931818065,15349.403994970868
1142,P1,13722.083546192147,13907.82965086021
1142,P2,13907.82965086021,14068.269878576659
1142,P3,14068.269878576659,14340.522941770845
1142,P4,14340.522941770845,14946.93059188743
1142,P7,14946.93059188743,15128.860924152928
1143,P3,13723.187511858932,14077.272776848637
1143,P4,14077.272776848637,14346.152534427094
1143,P6,14346.152534427094,14491.682057226077
1143,P7,14491.682057226077,14585.272206087828
1144,P3,13726.159558634721,13796.55413756728
1144,P4,13796.55413756728,14149.582695509696
1144,P6,14149.582695509696,14241.298175418486
1144,P7,14241.298175418486,14306.99146816087
1145,P1,13750.53684272363,14128.437019683137
1145,P2,14128.437019683137,14415.606933125338
1145,P3,14415.606933125338,14664.84917007101
1145,P4,14664.84917007101,15056.705450124413
1145,P7,15056.705450124413,15337.597417811614
1146,P3,13757.031765904478,13996.17384857204
1146,P5,13996.17384857204,14194.111729871614
1146,P6,14194.111729871614,14354.909673948056
1147,P2,13760.974901476367,13872.338866612095
1147,P3,13872.338866612095,14025.436607360407
1147,P4,14025.436607360407,14321.716581838951
1147,P6,14321.716581838951,14492.711902152812
1148,P1,13801.380204974002,13860.917576209691
1148,P2,13860.917576209691,13942.98024399872
1148,P3,13942.98024399872,14056.225737335897
1148,P5,14056.225737335897,14130.127436532306
1149,P1,13803.252670676813,13894.757528544576
1149,P2,13894.757528544576,14016.914424462468
1149,P3,14016.914424462468,14217.98695024992
1149,P4,14217.98695024992,14592.075130790505
1149,P7,14592.075130790505,14675.609664797625
1150,P3,13807.875541090758,13899.878173995565
1150,P4,13899.878173995565,14068.793318562099
1150,P6,14068.793318562099,14259.90762838449
1151,P3,13812.613528961892,13900.698068942293
1151,P5,13900.698068942293,13932.976725210254
1151,P6,13932.976725210254,13977.75945162385
1151,P7,13977.75945162385,14037.607206033816
1152,P3,13814.385805952761,14180.806916215695
1152,P4,14180.806916215695,14477.89576869346
1152,P7,14477.89576869346,14581.133432500741
1153,P1,13820.753121540773,13929.393230291003
1153,P2,13929.393230291003,14061.980730999765
1153,P3,14061.980730999765,14285.945246306619
1153,P4,14285.945246306619,14662.961123458881
1153,P7,14662.961123458881,14846.950236430233
1154,P1,13846.314665390868,14061.926788121827
1154,P2,14061.926788121827,14146.777344105745
1154,P3,14146.777344105745,14521.090252611084
1154,P5,14521.090252611084,14580.285189397622
1154,P6,14580.285189397622,14849.633089672816
1155,P2,13851.32636951301,13952.616414247464
1155,P3,13952.616414247464,14108.351201368192
1155,P4,14108.351201368192,14347.848656696411
1155,P7,14347.848656696411,14620.47294211985
1156,P2,13870.241619111066,14149.244289416612
1156,P3,14149.244289416612,14497.51007820381
1156,P5,14497.51007820381,14656.69421596185
1156,P6,14656.69421596185,14729.61565975617
1157,P3,13913.739534861817,13987.777616287149
1157,P4,13987.777616287149,14166.783990521373
1157,P5,14166.783990521373,14234.264031950263
1157,P6,14234.264031950263,14297.727115081305
1157,P7,14297.727115081305,14344.302851980076
1158,P1,13932.140147052623,14389.348332903723
1158,P2,14389.348332903723,14516.531913412968
1158,P3,14516.531913412968,14703.977268923913
1158,P4,14703.977268923913,15024.856101302383
1158,P6,15024.856101302383,15166.990691774536
1159,P2,13956.139833807223,14298.065800295508
1159,P3,14298.065800295508,14655.88478827988
1159,P4,14655.88478827988,15246.063270295439
1159,P5,15246.063270295439,15520.111465693528
1159,P6,15520.111465693528,15772.331889350495
1160,P3,13965.3376805602,14305.30971620227
1160,P4,14305.30971620227,14676.130515051667
1160,P7,14676.130515051667,14902.414481614042
1161,P1,13978.051551286608,14044.88783729468
1161,P2,14044.88783729468,14117.374928958976
1161,P3,14117.374928958976,14202.36755593505
1161,P4,14202.36755593505,14333.833777626105
1161,P6,14333.833777626105,14402.78348485562
1162,P1,13994.30053527793,14409.559976582177
1162,P2,14409.559976582177,14558.964718834339
1162,P3,14558.964718834339,14729.769730738222
1162,P5,14729.769730738222,14874.779069566699
1162,P6,14874.779069566699,15060.72158646735
1163,P1,14048.577299928955,14138.630585693923
1163,P2,14138.630585693923,14494.908187748013
1163,P3,14494.908187748013,14652.310162964732
1163,P5,14652.310162964732,15280.601130333538
1163,P6,15280.601130333538,15504.411604181905
1163,P7,15504.411604181905,15699.296745892589
1164,P2,14048.961863569286,14393.359359188169
1164,P3,14393.359359188169,14631.155020415905
1164,P5,14631.155020415905,14859.598497149533
1164,P6,14859.598497149533,15191.57143098402
1164,P7,15191.57143098402,15345.462586204403
1165,P1,14056.248825960593,14128.69373142223
1165,P2,14128.69373142223,14199.805446899405
1165,P3,14199.805446899405,14382.157499906618
1165,P5,14382.157499906618,14493.010972816395
1165,P6,14493.010972816395,14722.81384632897
1166,P1,14063.962726318885,14220.497068407874
1166,P2,14220.497068407874,14619.080429470605
1166,P3,14619.080429470605,14922.12783001989
1166,P4,14922.12783001989,15286.441465991174
1166,P5,15286.441465991174,15432.037081348684
1166,P6,15432.037081348684,15602.147805587214
1167,P1,14082.0044986633,14251.898351243908
1167,P2,14251.898351243908,14351.697228083944
1167,P3,14351.697228083944,14531.576663525391
1167,P4,14531.576663525391,14885.417052584608
1167,P7,14885.417052584608,14997.301325032777
1168,P3,14086.143803009683,14197.110029686111
1168,P5,14197.110029686111,14306.397759783646
1169,P1,14100.834725384826,14155.617727005454
1169,P2,14155.617727005454,14224.035744244278
1169,P3,14224.035744244278,14519.348706399387
1169,P5,14519.348706399387,14617.690586183164
1170,P2,14105.817800446936,14167.864020742452
1170,P3,14167.864020742452,14335.030225925897
1170,P4,14335.030225925897,14534.614546653518
1170,P6,14534.614546653518,14621.976792595928
1171,P1,14112.391385580371,14211.12710364677
1171,P2,14211.12710364677,14307.465464401283
1171,P3,14307.465464401283,14441.508633476345
1171,P5,14441.508633476345,14646.253795369768
1172,P1,14114.948902541018,14212.793807953427
1172,P2,14212.793807953427,14431.330003876868
1172,P3,14431.330003876868,14586.256578929198
1172,P4,14586.256578929198,14825.505374999375
1172,P6,14825.505374999375,14973.976724877512
1173,P1,14123.824495675693,14319.94619075714
1173,P2,14319.94619075714,14510.422651364348
1173,P3,14510.422651364348,14695.804911077388
1173,P4,14695.804911077388,15246.11055364971
1173,P6,15246.11055364971,15375.600253793675
1174,P1,14138.00564461251,14229.825188956895
1174,P2,14229.825188956895,14276.252816846725
1174,P3,14276.252816846725,14349.669724844638
1174,P4,14349.669724844638,14465.529124797205
1174,P6,14465.529124797205,14607.285687799584
1175,P1,14146.080236705267,14173.891812373857
1175,P2,14173.891812373857,14397.823413119244
1175,P3,14397.823413119244,14457.98520972452
1175,P4,14457.98520972452,14574.204305469248
1175,P5,14574.204305469248,14675.543372649749
1176,P1,14161.205894298302,14197.43153222848
1176,P2,14197.43153222848,14246.770559832856
1176,P3,14246.770559832856,14335.038968842702
1176,P4,14335.038968842702,14447.182254568404
1176,P6,14447.182254568404,14514.37129777514
1177,P1,14177.787958810859,14309.725955239963
1177,P2,14309.725955239963,14470.648755932438
1177,P3,14470.648755932438,14628.954174018078
1177,P5,14628.954174018078,14804.303596148691
1178,P2,14177.924372615395,14432.455415744811
1178,P3,14432.455415744811,14924.690867626694
1178,P4,14924.690867626694,15753.330001110353
1178,P5,15753.330001110353,16314.95441966945
1178,P6,16314.95441966945,16611.890511952857
1179,P2,14178.953284094068,14260.349923712525
1179,P3,14260.349923712525,14377.689390164032
1179,P5,14377.689390164032,14478.58710401778
1179,P6,14478.58710401778,14746.850737531693
1179,P7,14746.850737531693,14966.347311051495
1180,P1,14191.778440726937,14365.144396300388
1180,P2,14365.144396300388,14507.084776668766
1180,P3,14507.084776668766,14742.653218087906
1180,P4,14742.653218087906,15388.2038086676
1180,P7,15388.2038086676,15595.058445057983
1181,P1,14207.494246910237,14490.440592800596
1181,P2,14490.440592800596,14865.156480806518
1181,P3,14865.156480806518,15046.757422595785
1181,P4,15046.757422595785,15331.788125886998
1181,P5,15331.788125886998,15462.608663009045
1182,P3,14235.896138681903,14360.838859254389
1182,P5,14360.838859254389,14473.537780131932
1183,P1,14243.515238643919,14422.024967029834
1183,P2,14422.024967029834,14515.409055447315
1183,P3,14515.409055447315,14683.172258732655
1183,P4,14683.172258732655,15029.062481366462
1183,P6,15029.062481366462,15186.594718845558
1184,P3,14260.631966298324,14541.234694475024
1184,P5,14541.234694475024,14621.261452680508
1184,P6,14621.261452680508,14741.764110548409
1185,P3,14261.593785990946,14399.820510975736
1185,P4,14399.820510975736,14615.62877285267
1185,P5,14615.62877285267,14739.77629395206
1185,P6,14739.77629395206,14844.984117028407
1186,P3,14281.552453373433,14517.861507546046
1186,P5,14517.861507546046,14645.317490945647
1187,P1,14282.031117565846,14651.502877276762
1187,P2,14651.502877276762,14766.273772225466
1187,P3,14766.273772225466,14968.890994243684
1187,P5,14968.890994243684,15379.347818641983
1187,P6,15379.347818641983,15527.3186006187
1188,P2,14285.40487960399,14459.876589795702
1188,P3,14459.876589795702,14768.183919813218
1188,P4,14768.183919813218,15112.214274913245
1188,P7,15112.214274913245,15244.613610494787
1189,P2,14290.208122404054,14424.530824684964
1189,P3,14424.530824684964,14629.263082284207
1189,P5,14629.263082284207,14856.796775330777
1190,P2,14300.417979799295,14386.399533102818
1190,P3,14386.399533102818,14487.898081967855
1190,P5,14487.898081967855,14619.351382394689
1191,P1,14304.506377120964,14412.047645613495
1191,P2,14412.047645613495,14616.241918232601
1191,P3,14616.241918232601,14825.67242112911
1191,P4,14825.67242112911,15174.585172334797
1191,P6,15174.585172334797,15373.794159928697
1192,P1,14323.705184664357,14524.405516800669
1192,P2,14524.405516800669,14625.483293362899
1192,P3,14625.483293362899,14834.097615787383
1192,P4,14834.097615787383,15079.645130128614
1192,P6,15079.645130128614,15183.660172636215
1193,P3,14334.688405204375,14545.535149295478
1193,P4,14545.535149295478,15283.616993791333
1193,P7,15283.616993791333,15464.967427976982
1194,P1,14357.299072861051,14534.013017435504
1194,P2,14534.013017435504,14709.583095749767
1194,P3,14709.583095749767,15026.756043604002
1194,P5,15026.756043604002,15378.098261065239
1194,P6,15378.098261065239,15620.153285571574
1195,P1,14365.152536586007,14441.674211339012
1195,P2,14441.674211339012,14578.196177923697
1195,P3,14578.196177923697,14792.8431762319
1195,P5,14792.8431762319,14925.556031329957
1196,P3,14379.977016171588,14505.335292913831
1196,P5,14505.335292913831,14682.507925274214
1197,P1,14381.904528961413,14461.848504980464
1197,P2,14461.848504980464,14536.609268647951
1197,P3,14536.609268647951,14894.769555873798
1197,P5,14894.769555873798,15074.871512009771
1198,P2,14387.108118829037,14666.796213771631
1198,P3,14666.796213771631,14815.483265844276
1198,P5,14815.483265844276,14955.431459454896
1198,P6,14955.431459454896,15098.437553610785
1199,P2,14391.675492828304,14512.872701582373
1199,P3,14512.872701582373,14800.213820033774
1199,P4,14800.213820033774,14985.266842994286
1199,P6,14985.266842994286,15110.08631810954
