person_id,path_id,enter,exit
0,P2,7.469915986159492,130.31784299397185
0,P3,130.31784299397185,259.96304173130596
0,P4,259.96304173130596,438.29875545234154
0,P5,438.29875545234154,551.8808176350584
1,P3,8.181061328800077,229.8056690690582
1,P4,229.8056690690582,499.96348013603756
1,P6,499.96348013603756,674.8522872489258
2,P2,14.255912539959859,126.44112297224822
2,P3,126.44112297224822,291.5288040918622
2,P5,291.5288040918622,421.22427935464697
3,P1,15.37149632756023,170.6724022210368
3,P2,170.6724022210368,332.0585352644981
3,P3,332.0585352644981,543.2965363494919
3,P5,543.2965363494919,748.5135150150311
3,P6,748.5135150150311,942.1388745256787
4,P1,17.75610017147713,124.47739840676074
4,P2,124.47739840676074,239.5681678021363
4,P3,239.5681678021363,403.05387226922767
4,P4,403.05387226922767,628.3551727998482
4,P7,628.3551727998482,745.3904306262631
5,P1,23.914190517127665,99.96617447968717
5,P2,99.96617447968717,193.8644444661289
5,P3,193.8644444661289,328.4521468492383
5,P4,328.4521468492383,503.0895421506822
5,P6,503.0895421506822,607.5192139069231
6,P1,33.24632524908484,121.38464442008058
6,P2,121.38464442008058,226.44206439243465
6,P3,226.44206439243465,358.6878378522182
6,P4,358.6878378522182,601.5067079742122
6,P6,601.5067079742122,703.1746746123332
7,P3,38.98474093133508,175.60285990897432
7,P4,175.60285990897432,446.8025018178319
7,P5,446.8025018178319,620.7899992916336
7,P6,620.7899992916336,727.258364508735
8,P1,56.07570788830962,143.83497832504247
8,P2,143.83497832504247,229.04438287489475
8,P3,229.04438287489475,362.4777315707525
8,P4,362.4777315707525,557.246428122784
8,P7,557.246428122784,726.6795923990512
9,P1,57.709508160088774,131.9673736355761
9,P2,131.9673736355761,240.94420222537508
9,P3,240.94420222537508,426.1241089224135
9,P4,426.1241089224135,640.3148143608857
9,P5,640.3148143608857,810.8409286313976
9,P6,810.8409286313976,925.4633388198266
9,P7,925.4633388198266,1018.7138628184892
10,P1,62.003169614572506,151.6006595805446
10,P2,151.6006595805446,273.94310223774283
10,P3,273.94310223774283,410.2221840809744
10,P5,410.2221840809744,559.7193538650811
11,P3,64.80179913109137,270.3052884249703
11,P5,270.3052884249703,425.58608098139916
11,P6,425.58608098139916,572.2280732685983
12,P3,66.51070334391758,273.96012862199086
12,P4,273.96012862199086,612.1387626479222
12,P5,612.1387626479222,813.8162757702665
12,P6,813.8162757702665,976.0731142622599
12,P7,976.0731142622599,1108.7940247994884
13,P3,68.27605793098445,290.02453976913927
13,P4,290.02453976913927,653.1222979005706
13,P5,653.1222979005706,909.4100883002593
13,P6,909.4100883002593,1069.4447748043417
14,P3,69.94566399281811,267.76466457256936
14,P4,267.76466457256936,621.9375836962502
14,P6,621.9375836962502,810.4017586679311
15,P1,78.18961145328664,182.71437340784763
15,P2,182.71437340784763,320.7505142879538
15,P3,320.7505142879538,494.37562189865224
15,P4,494.37562189865224,747.8612141893395
15,P6,747.8612141893395,898.689166283628
16,P3,78.81276721863574,165.37083361166788
16,P4,165.37083361166788,326.7067842194522
16,P7,326.7067842194522,388.19256768031687
17,P1,105.32817061942517,189.12792426945333
17,P2,189.12792426945333,281.56237802223495
17,P3,281.56237802223495,400.0838361109568
17,P4,400.0838361109568,584.9253327251747
17,P6,584.9253327251747,681.1736665002443
18,P1,106.01668441447939,170.83325532077052
18,P2,170.83325532077052,273.99909333139556
18,P3,273.99909333139556,403.3920413603248
18,P4,403.3920413603248,590.3464304518711
18,P7,590.3464304518711,687.9100094191973
19,P1,107.75514393743926,216.46573154316496
19,P2,216.46573154316496,340.72868859511345
19,P3,340.72868859511345,480.28334560578793
19,P5,480.28334560578793,661.3392889690253
19,P6,661.3392889690253,790.4243292958209
19,P7,790.4243292958209,901.4429307700939
20,P1,108.10127231999812,250.5693881189494
20,P2,250.5693881189494,422.2497136498963
20,P3,422.2497136498963,695.6178519852928
20,P4,695.6178519852928,1146.2060407881165
20,P7,1146.2060407881165,1288.292208879858
21,P1,124.08850272602959,244.28800925916875
21,P2,244.28800925916875,412.1832868853717
21,P3,412.1832868853717,604.3280324061707
21,P4,604.3280324061707,869.6879048849605
21,P5,869.6879048849605,1029.9364761458187
21,P6,1029.9364761458187,1174.524547188717
21,P7,1174.524547188717,1288.227165492119
22,P2,133.34085822417717,244.5460584739842
22,P3,244.5460584739842,399.6943412925565
22,P4,399.6943412925565,591.6653884409687
22,P5,591.6653884409687,701.1733308185288
22,P6,701.1733308185288,818.0894654255762
23,P2,154.4780876497379,351.899020648063
23,P3,351.899020648063,620.4354432163948
23,P4,620.4354432163948,988.3665337329637
23,P6,988.3665337329637,1220.493202861448
24,P3,157.4599839935578,253.0311274572858
24,P5,253.0311274572858,363.72431096981654
24,P6,363.72431096981654,458.4779259735972
25,P1,158.64001033288986,262.9030002639265
25,P2,262.9030002639265,511.7073033768398
25,P3,511.7073033768398,685.0067612421049
25,P4,685.0067612421049,951.1078385030823
25,P6,951.1078385030823,1097.4493265180051
26,P2,161.08924445102718,275.22913821953625
26,P3,275.22913821953625,425.2456289105661
26,P4,425.2456289105661,664.1148994109856
26,P5,664.1148994109856,801.8405393247903
26,P6,801.8405393247903,934.8611704782606
27,P3,170.0508697776664,373.48857701937607
27,P5,373.48857701937607,515.191482126181
27,P6,515.191482126181,668.0417389341292
28,P3,173.5468274293229,251.14298371265733
28,P4,251.14298371265733,412.14827722214994
28,P7,412.14827722214994,487.0357461567732
29,P3,174.8289732774273,344.06900871428195
29,P4,344.06900871428195,589.6407650409411
29,P7,589.6407650409411,719.0499395092347
30,P1,177.15867679588087,241.81435178852678
30,P2,241.81435178852678,324.9455240809253
30,P3,324.9455240809253,434.1924768101661
30,P5,434.1924768101661,531.6557356413501
31,P3,178.5198803874618,422.10330611472693
31,P5,422.10330611472693,650.5250481439119
32,P3,179.5662423534706,315.500880327165
32,P4,315.500880327165,533.8384843596846
32,P7,533.8384843596846,624.6559368745873
33,P2,198.39391623432476,364.2563794911953
33,P3,364.2563794911953,542.9729466487516
33,P4,542.9729466487516,953.7964183886293
33,P6,953.7964183886293,1131.0298397540807
34,P2,200.68254299810224,410.96551204918285
34,P3,410.96551204918285,597.6436357809757
34,P4,597.6436357809757,930.0652697876099
34,P5,930.0652697876099,1080.0706064192325
35,P2,203.39616206626516,335.90938358695587
35,P3,335.90938358695587,526.4458627876525
35,P5,526.4458627876525,681.7948175143273
36,P1,211.43294726501907,339.59464961429126
36,P2,339.59464961429126,466.3002098813041
36,P3,466.3002098813041,629.6066631665072
36,P4,629.6066631665072,907.5390595157899
36,P7,907.5390595157899,1012.0575339424502
37,P3,227.56664395146498,383.14451603462635
37,P5,383.14451603462635,534.7653521200235
38,P1,227.59999833792736,280.72796434656794
38,P2,280.72796434656794,430.472902412253
38,P3,430.472902412253,564.3004280844598
38,P5,564.3004280844598,720.634779926298
38,P6,720.634779926298,795.8115930135534
39,P1,233.7185713315888,337.80906281098606
39,P2,337.80906281098606,447.4271267190338
39,P3,447.4271267190338,600.2034812527398
39,P4,600.2034812527398,843.7187491675597
39,P5,843.7187491675597,1021.8653325154646
40,P2,237.343688584661,358.57480283001104
40,P3,358.57480283001104,525.9049217449332
40,P4,525.9049217449332,784.8091178568898
40,P7,784.8091178568898,888.0572081981541
41,P3,238.7491473248197,376.899388013209
41,P5,376.899388013209,508.8425197138474
42,P1,254.43044639873574,355.5758216524748
42,P2,355.5758216524748,466.58597958071056
42,P3,466.58597958071056,628.4238994821183
42,P4,628.4238994821183,931.7433559475679
42,P5,931.7433559475679,1090.091704695625
42,P6,1090.091704695625,1253.5706913574018
43,P2,256.84968926862337,407.5565890735345
43,P3,407.5565890735345,583.0900692348996
43,P4,583.0900692348996,882.784903610177
43,P6,882.784903610177,1024.6423540118383
44,P3,257.19781212260386,436.99133077807073
44,P4,436.99133077807073,738.1558334597171
44,P6,738.1558334597171,877.3298798892693
44,P7,877.3298798892693,1014.3776190232254
45,P1,261.51183236684244,384.5827653743593
45,P2,384.5827653743593,564.6654900077734
45,P3,564.6654900077734,748.7850331196696
45,P4,748.7850331196696,1078.8326423221754
45,P6,1078.8326423221754,1238.9001169969122
45,P7,1238.9001169969122,1361.9401266833195
46,P1,265.50436140279083,335.17100198445337
46,P2,335.17100198445337,437.7340957172217
46,P3,437.7340957172217,585.7430281543811
46,P4,585.7430281543811,881.1969329388478
46,P7,881.1969329388478,962.5346267681134
47,P3,274.09172857180675,429.5720251733486
47,P4,429.5720251733486,692.0658136983286
47,P6,692.0658136983286,801.393144046467
48,P2,284.6368129347601,379.6079231910486
48,P3,379.6079231910486,507.85347947472917
48,P4,507.85347947472917,729.8534895278101
48,P7,729.8534895278101,878.9524989763161
49,P3,291.760246139604,473.9251920647564
49,P4,473.9251920647564,781.8491310634147
49,P7,781.8491310634147,935.4934697304845
50,P3,304.5314352447365,426.6429288318375
50,P5,426.6429288318375,538.8263813802101
51,P1,304.6465644954262,369.6754169145007
51,P2,369.6754169145007,445.1715335235006
51,P3,445.1715335235006,563.4222275826012
51,P4,563.4222275826012,756.3072533893179
51,P6,756.3072533893179,861.1988258188313
52,P3,311.2139502767581,466.4064736430263
52,P4,466.4064736430263,669.3738330916517
52,P5,669.3738330916517,804.1196678935466
52,P6,804.1196678935466,986.1011936960927
53,P1,312.81776213889054,425.15024397539213
53,P2,425.15024397539213,532.5964016242973
53,P3,532.5964016242973,743.1099143985572
53,P5,743.1099143985572,874.6071031325291
53,P6,874.6071031325291,1013.6752846386514
53,P7,1013.6752846386514,1110.9012402925418
54,P1,314.3720396996871,425.5703272545575
54,P2,425.5703272545575,552.2358360684227
54,P3,552.2358360684227,778.9805403967873
54,P5,778.9805403967873,922.4366824839699
54,P6,922.4366824839699,1051.8233605206922
55,P3,320.6710170662401,510.45049249951416
55,P4,510.45049249951416,740.2523250927688
55,P6,740.2523250927688,867.3006733166269
56,P1,327.05385312759086,414.0870944662042
56,P2,414.0870944662042,542.503904121713
56,P3,542.503904121713,763.0522783828862
56,P4,763.0522783828862,1024.1020997252497
56,P5,1024.1020997252497,1182.5421868567364
56,P6,1182.5421868567364,1362.8113928833845
57,P1,328.375742827644,417.67216217884425
57,P2,417.67216217884425,525.3084198627231
57,P3,525.3084198627231,661.7467009803746
57,P4,661.7467009803746,868.782655011044
57,P6,868.782655011044,975.0785506255482
58,P3,333.21736198002867,479.6261437048248
58,P5,479.6261437048248,581.5198216334192
58,P6,581.5198216334192,678.8967482149811
59,P2,334.4771857933221,426.2016382242225
59,P3,426.2016382242225,535.2696159293343
59,P4,535.2696159293343,764.5316505502155
59,P5,764.5316505502155,866.1821529392247
60,P1,342.0936929834859,463.00199362482454
60,P2,463.00199362482454,589.6053310806179
60,P3,589.6053310806179,761.9802070347341
60,P4,761.9802070347341,1027.6040254288664
60,P5,1027.6040254288664,1191.0279731145035
60,P6,1191.0279731145035,1351.6713831324669
61,P1,345.1731196025586,434.06991853483004
61,P2,434.06991853483004,608.1250410941113
61,P3,608.1250410941113,746.7692437832352
61,P4,746.7692437832352,971.186671420737
61,P5,971.186671420737,1099.8231122836019
61,P6,1099.8231122836019,1215.354415040207
62,P3,348.90269886122206,554.0762101881528
62,P5,554.0762101881528,684.9122857658799
63,P3,352.09210870101424,512.6802757108367
63,P5,512.6802757108367,642.4911576855552
63,P6,642.4911576855552,755.580138461626
64,P3,357.4530978994446,501.11275815930594
64,P4,501.11275815930594,684.0561199428099
64,P6,684.0561199428099,790.4956876513997
65,P1,357.97667596209095,467.4164506502322
65,P2,467.4164506502322,580.5716227620222
65,P3,580.5716227620222,718.1939794668156
65,P5,718.1939794668156,848.6071925099615
65,P6,848.6071925099615,982.9746445716673
66,P3,360.57892327464407,517.4793159044059
66,P4,517.4793159044059,704.5583571797514
66,P5,704.5583571797514,824.0948887675879
66,P6,824.0948887675879,918.9401525982643
67,P3,362.9512386167352,541.8288273410697
67,P5,541.8288273410697,670.9210448959973
67,P6,670.9210448959973,828.5496299775886
68,P3,374.6506111426081,511.156888396671
68,P4,511.156888396671,836.3426595063669
68,P5,836.3426595063669,951.5565049928585
68,P6,951.5565049928585,1077.9696918811899
69,P1,382.06709576747056,465.4516501644715
69,P2,465.4516501644715,601.3562733408164
69,P3,601.3562733408164,742.113012954648
69,P5,742.113012954648,891.274013566164
69,P6,891.274013566164,1007.5212559591134
70,P3,382.71981596100045,525.3941545994935
70,P4,525.3941545994935,736.7614644726624
70,P6,736.7614644726624,856.2186087868221
71,P1,391.4227223652244,491.4172297665625
71,P2,491.4172297665625,625.9720473749603
71,P3,625.9720473749603,791.096395462121
71,P4,791.096395462121,1084.999538635006
71,P6,1084.999538635006,1234.144511744859
72,P1,407.4092011888499,494.7959323025225
72,P2,494.7959323025225,633.908349540746
72,P3,633.908349540746,796.995370424709
72,P4,796.995370424709,1066.0723292821274
72,P7,1066.0723292821274,1219.7456520328433
73,P3,417.59284614435967,554.2072053892156
73,P4,554.2072053892156,785.522745087376
73,P5,785.522745087376,883.9155454795235
73,P6,883.9155454795235,1001.6068869589581
74,P1,426.34496345203024,545.1250346043876
74,P2,545.1250346043876,673.8358020566802
74,P3,673.8358020566802,859.0653635903702
74,P4,859.0653635903702,1156.451982111166
74,P7,1156.451982111166,1310.2613372183837
75,P1,429.6206894356437,547.3085744642087
75,P2,547.3085744642087,706.019788590356
75,P3,706.019788590356,904.7321484440199
75,P5,904.7321484440199,1075.2145134676703
75,P6,1075.2145134676703,1234.2544330485612
76,P1,432.78593416097453,509.2771284398091
76,P2,509.2771284398091,618.7423300572885
76,P3,618.7423300572885,764.8055381155325
76,P4,764.8055381155325,965.9882552231945
76,P5,965.9882552231945,1102.5238255707316
76,P6,1102.5238255707316,1233.9468185964165
77,P1,443.7768177783274,561.7124131687513
77,P2,561.7124131687513,799.1272548776998
77,P3,799.1272548776998,993.8874253862728
77,P4,993.8874253862728,1297.2676660444185
77,P5,1297.2676660444185,1465.2876528355828
77,P6,1465.2876528355828,1616.2857579142346
78,P1,444.85685331886344,528.5970017925385
78,P2,528.5970017925385,666.3468879274743
78,P3,666.3468879274743,817.060348245637
78,P4,817.060348245637,1081.345896768677
78,P7,1081.345896768677,1202.1202597826575
79,P1,446.32495412833623,564.5692397237489
79,P2,564.5692397237489,703.2020431600429
79,P3,703.2020431600429,878.2049899780002
79,P4,878.2049899780002,1102.3225802589463
79,P6,1102.3225802589463,1256.3724685094342
80,P3,447.40224100569515,556.9034566048206
80,P4,556.9034566048206,733.3962467577446
80,P5,733.3962467577446,839.2937347562121
80,P6,839.2937347562121,934.0359192908472
81,P2,450.48258578368154,555.1509965048741
81,P3,555.1509965048741,713.0301468439482
81,P5,713.0301468439482,847.2631056940334
82,P1,454.77116197917854,529.9600201135287
82,P2,529.9600201135287,668.4622049435213
82,P3,668.4622049435213,793.4456610990426
82,P4,793.4456610990426,1006.0976723283692
82,P7,1006.0976723283692,1090.036482098645
83,P3,461.4276870457516,596.9588192077415
83,P5,596.9588192077415,716.299561771205
84,P2,462.9468643610428,562.6273390258945
84,P3,562.6273390258945,692.5838619169747
84,P4,692.5838619169747,917.7813824157824
84,P6,917.7813824157824,1011.9444502379118
84,P7,1011.9444502379118,1095.8769659308675
85,P1,462.95128944808204,568.2362335350516
85,P2,568.2362335350516,725.9938034478946
85,P3,725.9938034478946,910.6449457008605
85,P4,910.6449457008605,1211.413040575626
85,P5,1211.413040575626,1404.6124987171854
85,P6,1404.6124987171854,1568.4887736882959
86,P1,469.33118275700866,554.58296958176
86,P2,554.58296958176,669.4891155814528
86,P3,669.4891155814528,811.1788921723036
86,P5,811.1788921723036,947.4298675911833
86,P6,947.4298675911833,1056.2737545029834
87,P3,472.46399276729284,613.2795355927703
87,P4,613.2795355927703,824.0731666863385
87,P6,824.0731666863385,931.0344399668787
87,P7,931.0344399668787,1089.273257551592
88,P2,474.2786116563911,571.9794623086896
88,P3,571.9794623086896,713.4498398688218
88,P4,713.4498398688218,902.5639032407706
88,P6,902.5639032407706,995.0749457703824
89,P1,487.84025005281376,601.3727918193429
89,P2,601.3727918193429,688.5408845163091
89,P3,688.5408845163091,816.0542651931379
89,P4,816.0542651931379,1016.5983058048982
89,P5,1016.5983058048982,1136.543839564725
89,P6,1136.543839564725,1226.1360781429405
90,P1,492.18351736694626,615.8546554458989
90,P2,615.8546554458989,770.3141390937418
90,P3,770.3141390937418,954.1492972651022
90,P4,954.1492972651022,1314.2361561120508
90,P5,1314.2361561120508,1501.5699245941807
91,P2,496.38229679178403,657.3116189352592
91,P3,657.3116189352592,843.1876401231982
91,P4,843.1876401231982,1149.408288550738
91,P6,1149.408288550738,1318.89447782707
91,P7,1318.89447782707,1467.8949200070642
92,P2,501.6722440307856,656.3538054470826
92,P3,656.3538054470826,857.2446755292226
92,P4,857.2446755292226,1160.9738040289885
92,P7,1160.9738040289885,1334.431318395902
93,P1,505.68207997919876,604.8534367953239
93,P2,604.8534367953239,766.5894415636043
93,P3,766.5894415636043,945.6777211819136
93,P4,945.6777211819136,1170.5990414759583
93,P6,1170.5990414759583,1289.163823133734
94,P1,506.5341434556444,615.0704891558174
94,P2,615.0704891558174,731.2148051638434
94,P3,731.2148051638434,863.2377960595705
94,P5,863.2377960595705,992.704788500818
95,P1,516.1356204215498,575.8829210287531
95,P2,575.8829210287531,655.0698159499347
95,P3,655.0698159499347,781.999218743736
95,P5,781.999218743736,890.3325442014234
95,P6,890.3325442014234,983.1051418147135
96,P2,516.9439585059683,676.0448520555143
96,P3,676.0448520555143,846.0788978678904
96,P5,846.0788978678904,965.788116345841
96,P6,965.788116345841,1088.0871919443919
97,P3,519.2616135940373,643.3551042823922
97,P5,643.3551042823922,751.1851881631806
97,P6,751.1851881631806,830.6866472830673
97,P7,830.6866472830673,914.0775583003042
98,P1,520.7430311236255,612.7666620158192
98,P2,612.7666620158192,726.9191816657403
98,P3,726.9191816657403,859.2405110502032
98,P4,859.2405110502032,1063.3237150724942
98,P7,1063.3237150724942,1151.0287191500138
99,P3,521.6015670523717,635.394374705022
99,P4,635.394374705022,879.1468407021193
99,P6,879.1468407021193,986.3921279572838
100,P3,524.5948178335195,666.8185345188184
100,P4,666.8185345188184,837.5805598743358
100,P7,837.5805598743358,931.9042582294267
101,P2,532.3784716969088,677.7294816456042
101,P3,677.7294816456042,853.2736910459454
101,P4,853.2736910459454,1161.2134393767128
101,P6,1161.2134393767128,1291.413949443469
102,P3,538.7408089369889,681.3708805069841
102,P4,681.3708805069841,927.5864855965948
102,P7,927.5864855965948,1015.547807781066
103,P1,555.0047902574743,659.6688707910424
103,P2,659.6688707910424,812.1695552267254
103,P3,812.1695552267254,987.4611233263977
103,P4,987.4611233263977,1265.6278282178887
103,P7,1265.6278282178887,1490.7237664439492
104,P3,556.4780615071382,746.8350402910743
104,P4,746.8350402910743,1123.647820297934
104,P6,1123.647820297934,1327.5381776430113
104,P7,1327.5381776430113,1455.417920178513
105,P3,558.0191740093843,725.0722233609758
105,P5,725.0722233609758,920.5775882674328
105,P6,920.5775882674328,1068.2892281298894
106,P1,561.3030365374136,652.8721330933996
106,P2,652.8721330933996,751.6087216278194
106,P3,751.6087216278194,933.2820495128601
106,P4,933.2820495128601,1206.2043150923714
106,P5,1206.2043150923714,1360.76364988884
107,P1,569.1401091393187,657.9647689378899
107,P2,657.9647689378899,781.9629163706193
107,P3,781.9629163706193,924.1206010132008
107,P5,924.1206010132008,1043.5161437857485
107,P6,1043.5161437857485,1161.9400756079747
108,P1,569.6670008187621,674.62519365872
108,P2,674.62519365872,784.5288886556425
108,P3,784.5288886556425,933.686872572959
108,P4,933.686872572959,1191.4918690227153
108,P5,1191.4918690227153,1360.0287179678985
109,P3,575.2291048938215,804.9870505548861
109,P4,804.9870505548861,1160.4266499427856
109,P6,1160.4266499427856,1320.3575782057303
110,P1,577.3681421679732,726.9583578602421
110,P2,726.9583578602421,879.7766943505421
110,P3,879.7766943505421,1067.881251375145
110,P4,1067.881251375145,1415.9259042422916
110,P5,1415.9259042422916,1614.398876622461
111,P2,578.1787134777564,701.9354598310438
111,P3,701.9354598310438,873.7812934388122
111,P4,873.7812934388122,1074.5836272323813
111,P5,1074.5836272323813,1201.8222688192052
112,P1,579.6538551349022,738.4337389661525
112,P2,738.4337389661525,855.9906135477997
112,P3,855.9906135477997,997.6566138208115
112,P4,997.6566138208115,1235.925233276931
112,P6,1235.925233276931,1361.1341743542077
112,P7,1361.1341743542077,1444.4706199802197
113,P1,581.7488953271499,641.0733575695784
113,P2,641.0733575695784,720.5147375398255
113,P3,720.5147375398255,817.1116398147601
113,P4,817.1116398147601,1000.343889621858
113,P5,1000.343889621858,1095.2735708501416
114,P2,589.6362281143645,741.2586768796132
114,P3,741.2586768796132,942.2749631763116
114,P4,942.2749631763116,1250.112804374968
114,P6,1250.112804374968,1406.0024023913513
115,P1,591.5389435897958,657.8869245483672
115,P2,657.8869245483672,761.4706237465847
115,P3,761.4706237465847,906.5076528712693
115,P4,906.5076528712693,1099.0952572337771
115,P7,1099.0952572337771,1175.6495906847078
116,P3,594.0436680945005,755.9531789317053
116,P5,755.9531789317053,881.793329254769
116,P6,881.793329254769,993.1480316656956
116,P7,993.1480316656956,1120.8914441701631
117,P2,599.2441036112517,702.5101051827787
117,P3,702.5101051827787,847.6555181796525
117,P5,847.6555181796525,963.2197881044577
118,P3,609.7840415813491,706.7774826031804
118,P5,706.7774826031804,799.9878012742699
118,P6,799.9878012742699,891.7582191607573
119,P3,609.8479427544062,832.0546625192144
119,P5,832.0546625192144,1049.1357580038923
119,P6,1049.1357580038923,1228.7081929002072
120,P1,611.3945207246152,690.5604544105512
120,P2,690.5604544105512,783.6942377927859
120,P3,783.6942377927859,932.9958788587355
120,P4,932.9958788587355,1152.5126510026798
120,P5,1152.5126510026798,1259.7000234961224
121,P2,612.7461741135818,744.7040446194987
121,P3,744.7040446194987,860.4757557186069
121,P5,860.4757557186069,972.9129437257781
122,P3,621.7232408191373,747.9935768649458
122,P5,747.9935768649458,876.4567140398536
122,P6,876.4567140398536,1009.2613924220664
122,P7,1009.2613924220664,1388.6065242041168
123,P2,626.040892984204,741.4123430602737
123,P3,741.4123430602737,881.4203983669806
123,P4,881.4203983669806,1104.332911366523
123,P7,1104.332911366523,1209.421151056894
124,P1,630.7742273360943,731.648495421766
124,P2,731.648495421766,867.1937856893812
124,P3,867.1937856893812,1051.853006954783
124,P5,1051.853006954783,1201.7368506031444
124,P6,1201.7368506031444,1353.6623329848765
125,P1,636.1214823959223,729.1688682154258
125,P2,729.1688682154258,832.6628472049539
125,P3,832.6628472049539,985.111426644713
125,P4,985.111426644713,1226.6551178322418
125,P5,1226.6551178322418,1358.5784920242718
125,P6,1358.5784920242718,1466.886959226983
126,P3,642.9468812296159,817.7986555786298
126,P4,817.7986555786298,1090.261893482089
126,P5,1090.261893482089,1241.6197433542056
127,P2,646.276643658383,779.6891162935881
127,P3,779.6891162935881,932.0209713873807
127,P5,932.0209713873807,1205.3898433176348
127,P6,1205.3898433176348,1334.0104698068888
128,P1,646.7129192495374,742.5279898085911
128,P2,742.5279898085911,851.617998447759
128,P3,851.617998447759,1040.68533996361
128,P5,1040.68533996361,1165.4371800364997
129,P1,647.4850919831156,762.5014988795257
129,P2,762.5014988795257,912.067698357178
129,P3,912.067698357178,1126.260189838156
129,P4,1126.260189838156,1440.551085490577
129,P7,1440.551085490577,1562.0330372668177
130,P3,649.652338213611,769.3921755534909
130,P5,769.3921755534909,866.8204069973552
131,P1,650.49288464774,748.8846621025782
131,P2,748.8846621025782,870.4042737505044
131,P3,870.4042737505044,1076.7123161023853
131,P4,1076.7123161023853,1331.2979897418234
131,P6,1331.2979897418234,1445.5568500953939
132,P3,657.5369102885684,807.8310652682324
132,P5,807.8310652682324,978.6311947994952
132,P6,978.6311947994952,1104.3514271053455
133,P1,661.870790498017,810.4041904504753
133,P2,810.4041904504753,979.3982205658757
133,P3,979.3982205658757,1239.861354851965
133,P4,1239.861354851965,1673.3010216931548
133,P5,1673.3010216931548,1917.105886468115
134,P1,680.4048795333856,765.057062885281
134,P2,765.057062885281,858.3080863614746
134,P3,858.3080863614746,991.1540141587468
134,P4,991.1540141587468,1238.7315340640828
134,P6,1238.7315340640828,1351.2243773230507
135,P3,682.1640969046529,855.2610308087387
135,P4,855.2610308087387,1162.6237329808048
135,P7,1162.6237329808048,1290.3907685010754
136,P2,682.1858880789387,758.9834701646269
136,P3,758.9834701646269,857.8541905765264
136,P4,857.8541905765264,1033.9888995686053
136,P5,1033.9888995686053,1123.9099834441454
136,P6,1123.9099834441454,1211.8043778272286
137,P1,699.3977737961962,881.6453180701093
137,P2,881.6453180701093,1018.8326277674716
137,P3,1018.8326277674716,1281.3094370896672
137,P5,1281.3094370896672,1532.4882037555362
137,P6,1532.4882037555362,1714.7356350627867
138,P3,701.2580013194583,870.9527263210571
138,P4,870.9527263210571,1146.9866738507749
138,P5,1146.9866738507749,1299.0630466110863
139,P1,703.805426652609,771.663543774124
139,P2,771.663543774124,856.057612146887
139,P3,856.057612146887,960.161012424199
139,P5,960.161012424199,1048.4689618029042
139,P6,1048.4689618029042,1173.4028432587256
140,P3,705.0774214552212,884.8812355626231
140,P5,884.8812355626231,1033.5279438062814
141,P3,706.6662872295318,827.4445738625218
141,P4,827.4445738625218,1072.1774312272153
141,P5,1072.1774312272153,1200.8079443555268
141,P6,1200.8079443555268,1323.8270795977385
142,P2,707.2940700005779,823.3748243388446
142,P3,823.3748243388446,987.9986529138333
142,P4,987.9986529138333,1212.4522047057299
142,P6,1212.4522047057299,1322.2040119793471
142,P7,1322.2040119793471,1428.6957750668312
143,P2,709.2593269573534,810.3303071799294
143,P3,810.3303071799294,920.9198714393531
143,P5,920.9198714393531,1057.142965121788
143,P6,1057.142965121788,1165.538752642043
144,P1,712.2115749026259,811.699087358005
144,P2,811.699087358005,975.9452383740891
144,P3,975.9452383740891,1200.7865790612414
144,P4,1200.7865790612414,1501.6485615627573
144,P5,1501.6485615627573,1752.2760036246125
144,P6,1752.2760036246125,1922.6176818458846
145,P2,721.5363316358463,868.0159634325453
145,P3,868.0159634325453,1043.421007162834
145,P5,1043.421007162834,1203.5715869911282
145,P6,1203.5715869911282,1336.8716492649432
146,P1,725.4682313551828,795.2009598014336
146,P2,795.2009598014336,872.2365548340881
146,P3,872.2365548340881,982.7500530949345
146,P4,982.7500530949345,1129.8140760040358
146,P7,1129.8140760040358,1203.5498957482923
147,P2,727.4836277568742,808.4174360750172
147,P3,808.4174360750172,910.514116648569
147,P4,910.514116648569,1088.0813609936736
147,P5,1088.0813609936736,1164.1743343280655
147,P6,1164.1743343280655,1255.8649306435418
148,P1,727.718236560831,819.6223631973944
148,P2,819.6223631973944,928.0408891883345
148,P3,928.0408891883345,1067.3314656810203
148,P5,1067.3314656810203,1342.985240634581
149,P1,732.001852058071,804.5511518282159
149,P2,804.5511518282159,902.3211097695927
149,P3,902.3211097695927,1022.7704295574183
149,P5,1022.7704295574183,1128.3732219725885
150,P2,732.6825774482106,900.9719951897265
150,P3,900.9719951897265,1202.5048518681094
150,P4,1202.5048518681094,1591.276851287536
150,P6,1591.276851287536,1775.578443144258
151,P1,733.5948816435208,862.5354925172956
151,P2,862.5354925172956,1016.6106190895628
151,P3,1016.6106190895628,1183.1689630993972
151,P4,1183.1689630993972,1455.5368787794612
151,P5,1455.5368787794612,1643.900308633643
152,P1,733.8309490783593,798.6949087625736
152,P2,798.6949087625736,888.7956644918053
152,P3,888.7956644918053,991.0778305140773
152,P5,991.0778305140773,1078.758362651939
152,P6,1078.758362651939,1167.509413841538
153,P1,740.4358256197828,818.2353447211938
153,P2,818.2353447211938,929.355484615491
153,P3,929.355484615491,1053.9087263061192
153,P4,1053.9087263061192,1331.4617266760283
153,P7,1331.4617266760283,1442.2292790668773
154,P1,743.8740050073445,823.0754552051089
154,P2,823.0754552051089,922.3994486637938
154,P3,922.3994486637938,1058.4305268658786
154,P4,1058.4305268658786,1272.533250824437
154,P5,1272.533250824437,1387.9743963562805
155,P1,744.7894799960313,854.1780718842305
155,P2,854.1780718842305,979.9655211011948
155,P3,979.9655211011948,1143.3840525591618
155,P4,1143.3840525591618,1362.1228778723253
155,P5,1362.1228778723253,1489.9013422771848
156,P3,745.196336695941,899.2599732837288
156,P4,899.2599732837288,1123.1170094060326
156,P5,1123.1170094060326,1261.516218607428
156,P6,1261.516218607428,1406.976347547923
157,P1,748.2508770975013,837.5086662597333
157,P2,837.5086662597333,959.1161233031443
157,P3,959.1161233031443,1111.4452874077242
157,P5,1111.4452874077242,1256.8938147466436
157,P6,1256.8938147466436,1360.2074070072003
157,P7,1360.2074070072003,1471.4743193425265
158,P3,757.0942606519974,956.9344850728329
158,P4,956.9344850728329,1334.5477599201831
158,P7,1334.5477599201831,1508.5432167563033
159,P1,760.4222601615892,864.9166169815398
159,P2,864.9166169815398,992.6325212306542
159,P3,992.6325212306542,1141.558753423033
159,P4,1141.558753423033,1430.0403563923915
159,P6,1430.0403563923915,1554.91762298757
159,P7,1554.91762298757,1660.5578840096193
160,P3,767.8812230401054,965.2919395993205
160,P4,965.2919395993205,1294.0891500772757
160,P7,1294.0891500772757,1415.0928554343745
161,P1,768.6998298313256,856.73379718411
161,P2,856.73379718411,968.3059185384707
161,P3,968.3059185384707,1115.0572761135463
161,P5,1115.0572761135463,1259.6005810604684
161,P6,1259.6005810604684,1392.9633134548103
162,P1,778.3820873078284,858.9057395394352
162,P2,858.9057395394352,980.6729692325372
162,P3,980.6729692325372,1120.075784899717
162,P5,1120.075784899717,1224.1716634923328
163,P1,784.8045358746566,868.5797687145182
163,P2,868.5797687145182,984.252336122444
163,P3,984.252336122444,1138.3836396909273
163,P5,1138.3836396909273,1264.20257647751
163,P6,1264.20257647751,1401.497699985981
164,P3,791.0638444464373,996.5218483206522
164,P5,996.5218483206522,1147.7145486903103
165,P1,795.0233765949185,909.3726393360022
165,P2,909.3726393360022,1053.1488593439335
165,P3,1053.1488593439335,1255.6800710612147
165,P4,1255.6800710612147,1578.8230677721206
165,P6,1578.8230677721206,1722.4647136474282
166,P1,795.893896817678,877.9514253934705
166,P2,877.9514253934705,979.1970411691568
166,P3,979.1970411691568,1102.0476801669042
166,P4,1102.0476801669042,1299.269842963723
166,P6,1299.269842963723,1399.634954656245
167,P3,797.6938919653456,935.4293773738789
167,P4,935.4293773738789,1152.353991461769
167,P7,1152.353991461769,1272.0370810454763
168,P3,800.1780034590417,955.3701505375352
168,P4,955.3701505375352,1192.3598015949296
168,P5,1192.3598015949296,1327.0020800996315
168,P6,1327.0020800996315,1450.9847532509334
169,P2,810.558906940673,897.6742459138629
169,P3,897.6742459138629,1053.1669456578543
169,P4,1053.1669456578543,1235.4024866703965
169,P6,1235.4024866703965,1342.5316401869868
170,P3,824.1399382069495,1152.8023307806295
170,P4,1152.8023307806295,1505.509576770323
170,P6,1505.509576770323,1691.1379686761982
171,P1,829.4551254572368,947.0565089750387
171,P2,947.0565089750387,1074.8535618427536
171,P3,1074.8535618427536,1308.4642858774826
171,P4,1308.4642858774826,1617.3518227564
171,P7,1617.3518227564,1758.8082325918017
172,P1,834.4129613490711,933.153263126742
172,P2,933.153263126742,1031.373441774911
172,P3,1031.373441774911,1176.1400979894454
172,P4,1176.1400979894454,1397.5763516398067
172,P7,1397.5763516398067,1479.640087627985
173,P3,836.7621367888416,975.7925515818906
173,P5,975.7925515818906,1072.6748982519734
173,P6,1072.6748982519734,1188.9430622736095
174,P1,839.5594803225506,1004.2861016134253
174,P2,1004.2861016134253,1149.3926313221696
174,P3,1149.3926313221696,1354.835663350284
174,P5,1354.835663350284,1533.1144304378313
174,P6,1533.1144304378313,1695.9540789743567
175,P1,845.5490157621558,943.4801222933601
175,P2,943.4801222933601,1055.7335702548205
175,P3,1055.7335702548205,1266.8064138064715
175,P4,1266.8064138064715,1543.3186417118202
175,P6,1543.3186417118202,1661.8661051298666
176,P1,847.4189375870177,954.5989769701807
176,P2,954.5989769701807,1075.9266549982515
176,P3,1075.9266549982515,1255.6639933169304
176,P4,1255.6639933169304,1549.2947539222566
176,P6,1549.2947539222566,1725.1079767878932
177,P3,856.6083674400962,1040.1786636803824
177,P5,1040.1786636803824,1169.6193898321358
177,P6,1169.6193898321358,1291.3030538168202
178,P3,861.4704573691083,1052.8709891571145
178,P4,1052.8709891571145,1286.4803404184963
178,P5,1286.4803404184963,1474.514148908907
179,P3,863.8680180290149,1039.223874552504
179,P5,1039.223874552504,1180.8297623650067
180,P1,868.763787468793,931.9014783479793
180,P2,931.9014783479793,1009.3312958961408
180,P3,1009.3312958961408,1109.9211852076387
180,P4,1109.9211852076387,1265.756328488539
180,P6,1265.756328488539,1343.354785400445
181,P1,871.6096919021203,977.7936738765945
181,P2,977.7936738765945,1160.7541833903751
181,P3,1160.7541833903751,1363.6450439018904
181,P5,1363.6450439018904,1584.0836324080249
182,P1,873.0826875274337,945.8497848323508
182,P2,945.8497848323508,1073.3676062263023
182,P3,1073.3676062263023,1191.6625734435345
182,P5,1191.6625734435345,1295.2577096550442
182,P6,1295.2577096550442,1388.9887134853718
183,P3,874.1834582675286,984.5782957575842
183,P4,984.5782957575842,1168.162251450334
183,P6,1168.162251450334,1266.945642842939
184,P1,882.7785471375687,964.8615146203986
184,P2,964.8615146203986,1073.61327164195
184,P3,1073.61327164195,1234.5361497278209
184,P5,1234.5361497278209,1392.0210563364142
185,P1,893.7087341782353,1006.9011447287639
185,P2,1006.9011447287639,1139.5929154326645
185,P3,1139.5929154326645,1347.9976739777414
185,P5,1347.9976739777414,1531.7678776664538
185,P6,1531.7678776664538,1706.1108356119714
186,P1,908.8872581357426,1003.1919598819347
186,P2,1003.1919598819347,1135.1413513212149
186,P3,1135.1413513212149,1302.9808252429923
186,P4,1302.9808252429923,1581.2979110124238
186,P7,1581.2979110124238,1689.4957029617428
187,P2,911.9300933168365,1031.2640771579893
187,P3,1031.2640771579893,1179.6906724756334
187,P4,1179.6906724756334,1565.040022610042
187,P7,1565.040022610042,1659.1265897538294
188,P1,918.9684879001246,1011.155513196122
188,P2,1011.155513196122,1125.596474168109
188,P3,1125.596474168109,1280.4945565836513
188,P4,1280.4945565836513,1549.7075942505712
188,P5,1549.7075942505712,1672.4383085097943
188,P6,1672.4383085097943,1789.5896898322624
188,P7,1789.5896898322624,1878.9025534182779
189,P3,924.6074625426875,1101.251264028302
189,P4,1101.251264028302,1373.495402788283
189,P7,1373.495402788283,1516.055600388066
190,P3,935.2336206231882,1108.2847305118805
190,P4,1108.2847305118805,1317.387703457811
190,P6,1317.387703457811,1467.0914784002648
190,P7,1467.0914784002648,1674.3795776148154
191,P2,943.638248424707,1090.7226492560376
191,P3,1090.7226492560376,1320.003237720797
191,P4,1320.003237720797,1620.6469416310138
191,P5,1620.6469416310138,1818.9409009492874
191,P6,1818.9409009492874,1962.1823627026558
192,P3,951.5406372392856,1133.8994965657082
192,P5,1133.8994965657082,1258.7333551660267
192,P6,1258.7333551660267,1378.8894669997646
193,P3,955.4803742963672,1146.4575771300606
193,P4,1146.4575771300606,1414.6560681294368
193,P6,1414.6560681294368,1545.317237149005
194,P2,956.1352182231536,1077.1982122408472
194,P3,1077.1982122408472,1242.4029751357666
194,P4,1242.4029751357666,1500.2177822692356
194,P7,1500.2177822692356,1613.0813384149105
195,P2,958.4475401545654,1076.7880395832346
195,P3,1076.7880395832346,1270.9783897052732
195,P5,1270.9783897052732,1408.6147640185116
196,P1,962.2908677010658,1132.3463724669336
196,P2,1132.3463724669336,1266.3131453641154
196,P3,1266.3131453641154,1443.8575474991803
196,P5,1443.8575474991803,1610.899735501784
196,P6,1610.899735501784,1744.8517871930524
197,P3,964.4833891006549,1074.7007045137925
197,P4,1074.7007045137925,1287.114833541933
197,P6,1287.114833541933,1425.9462376766392
197,P7,1425.9462376766392,1517.5172904941292
198,P1,967.0417593836096,1101.9082284176563
198,P2,1101.9082284176563,1245.9628212420923
198,P3,1245.9628212420923,1485.1603244278485
198,P5,1485.1603244278485,1687.3324383575439
198,P6,1687.3324383575439,1857.8582971823262
199,P2,967.2000314078433,1044.8172038863117
199,P3,1044.8172038863117,1148.9697506811299
199,P4,1148.9697506811299,1356.6165824556088
199,P6,1356.6165824556088,1452.589492597684
200,P3,970.1899939152898,1159.750156030703
200,P4,1159.750156030703,1496.0809134167862
200,P5,1496.0809134167862,1649.7309608782555
201,P3,972.2661146987763,1186.8574712486782
201,P5,1186.8574712486782,1322.4662615146115
202,P1,972.3933276199685,1053.200785592322
202,P2,1053.200785592322,1218.1891364234884
202,P3,1218.1891364234884,1358.4825583447246
202,P5,1358.4825583447246,1479.8577338784414
202,P6,1479.8577338784414,1571.6956604422896
203,P2,988.1403423675682,1186.5828426598641
203,P3,1186.5828426598641,1456.8672647798871
203,P4,1456.8672647798871,1825.683676357228
203,P5,1825.683676357228,2065.9694571940104
204,P2,995.5895395120485,1094.5612589022246
204,P3,1094.5612589022246,1233.3500735539558
204,P4,1233.3500735539558,1485.1931378072566
204,P5,1485.1931378072566,1624.3456286667426
205,P1,995.6152081045657,1084.0200549159056
205,P2,1084.0200549159056,1214.1090266099604
205,P3,1214.1090266099604,1354.447580892424
205,P4,1354.447580892424,1596.064972938474
205,P5,1596.064972938474,1713.6508518137603
205,P6,1713.6508518137603,1877.763585216776
206,P1,1002.8251669160827,1090.6315057571185
206,P2,1090.6315057571185,1200.5895244787578
206,P3,1200.5895244787578,1358.8833689168523
206,P5,1358.8833689168523,1502.4512555756178
206,P6,1502.4512555756178,1649.7975410901427
207,P2,1007.0154932668014,1104.10899833185
207,P3,1104.10899833185,1209.3796737996431
207,P4,1209.3796737996431,1409.8392025892415
207,P5,1409.8392025892415,1558.280852843957
208,P2,1009.6478214362479,1167.2774308295966
208,P3,1167.2774308295966,1391.6845804194622
208,P4,1391.6845804194622,1756.097604966902
208,P7,1756.097604966902,1920.0778179204392
209,P1,1025.920474078912,1114.0245135320963
209,P2,1114.0245135320963,1240.417448523005
209,P3,1240.417448523005,1410.3505472246452
209,P5,1410.3505472246452,1557.591346794172
209,P6,1557.591346794172,1671.3280360435656
210,P3,1026.7852922617737,1179.9915781231944
210,P4,1179.9915781231944,1507.4360929031616
210,P6,1507.4360929031616,1686.5346943438617
211,P3,1033.8788499846605,1162.833070278337
211,P4,1162.833070278337,1389.5123810708753
211,P5,1389.5123810708753,1513.8151190051476
212,P3,1034.238823241535,1159.7676898914299
212,P4,1159.7676898914299,1397.362115724214
212,P5,1397.362115724214,1512.7461235342507
213,P2,1034.6448310017743,1132.848726812977
213,P3,1132.848726812977,1252.5872724658439
213,P4,1252.5872724658439,1449.2617938291385
213,P7,1449.2617938291385,1535.6909434181928
214,P1,1034.815188109825,1129.8456689260784
214,P2,1129.8456689260784,1247.4396613558492
214,P3,1247.4396613558492,1390.4383858919502
214,P5,1390.4383858919502,1522.6747193709268
214,P6,1522.6747193709268,1643.4980740534406
215,P1,1037.6517178503893,1175.4931496151798
215,P2,1175.4931496151798,1283.80599144485
215,P3,1283.80599144485,1430.7029991864688
215,P4,1430.7029991864688,1644.900296098386
215,P7,1644.900296098386,1751.8078418774726
216,P1,1043.3516197805543,1117.3511281527008
216,P2,1117.3511281527008,1195.7055922810096
216,P3,1195.7055922810096,1331.743243072504
216,P5,1331.743243072504,1478.7590701721263
217,P1,1066.4306405146597,1175.9958629593762
217,P2,1175.9958629593762,1301.1920622978591
217,P3,1301.1920622978591,1441.7311462837465
217,P5,1441.7311462837465,1577.7619920340062
218,P3,1066.6159594373712,1333.0502153374448
218,P4,1333.0502153374448,1736.778924483681
218,P5,1736.778924483681,1950.2792970262951
218,P6,1950.2792970262951,2138.1631830602178
219,P1,1080.2492258622096,1163.3389699450966
219,P2,1163.3389699450966,1257.1156782557412
219,P3,1257.1156782557412,1402.381313082652
219,P4,1402.381313082652,1638.5920553180686
219,P5,1638.5920553180686,1774.6549229259613
219,P6,1774.6549229259613,1871.673790633674
219,P7,1871.673790633674,1959.604841410724
220,P1,1082.0074742236268,1176.1868848868562
220,P2,1176.1868848868562,1296.2407375114947
220,P3,1296.2407375114947,1511.043391917271
220,P5,1511.043391917271,1639.056374865491
221,P1,1105.0621424596407,1185.1328242539807
221,P2,1185.1328242539807,1305.9705505422617
221,P3,1305.9705505422617,1421.223290516152
221,P5,1421.223290516152,1531.4411713632396
221,P6,1531.4411713632396,1616.1411308276752
222,P3,1115.0796277503102,1254.0142112699566
222,P4,1254.0142112699566,1519.6528566248783
222,P6,1519.6528566248783,1616.6112533003657
223,P2,1119.5232037206065,1243.8122393405715
223,P3,1243.8122393405715,1373.8834613801268
223,P5,1373.8834613801268,1498.8960292533875
223,P6,1498.8960292533875,1624.452380214036
224,P1,1124.7608603572398,1225.855648929147
224,P2,1225.855648929147,1349.7266958050684
224,P3,1349.7266958050684,1584.6359329620516
224,P5,1584.6359329620516,1754.696079190556
225,P1,1125.448414349591,1187.5020380151539
225,P2,1187.5020380151539,1249.2071108562282
225,P3,1249.2071108562282,1350.2512942623532
225,P5,1350.2512942623532,1439.5065672946776
226,P3,1133.9033743140067,1312.5171708946782
226,P5,1312.5171708946782,1448.5608944213732
226,P6,1448.5608944213732,1584.8120140520698
226,P7,1584.8120140520698,1700.4904620818033
227,P3,1152.7096845050644,1287.7762523987656
227,P4,1287.7762523987656,1513.9899579228747
227,P6,1513.9899579228747,1624.0019032662472
227,P7,1624.0019032662472,1716.2004013714295
228,P1,1155.9934138181345,1227.4874286951263
228,P2,1227.4874286951263,1320.764006862233
228,P3,1320.764006862233,1454.7016334030554
228,P4,1454.7016334030554,1718.2897655705137
228,P5,1718.2897655705137,1828.1728491348556
228,P6,1828.1728491348556,1930.4344952865968
229,P3,1162.588032039443,1372.058652507997
229,P5,1372.058652507997,1476.270545684158
229,P6,1476.270545684158,1598.5782257643455
230,P1,1163.3092407044703,1253.9937498358715
230,P2,1253.9937498358715,1420.4044801890336
230,P3,1420.4044801890336,1551.2759915725571
230,P4,1551.2759915725571,1759.0789210175872
230,P7,1759.0789210175872,1866.0914511737326
231,P1,1168.6176061041501,1267.5025540947086
231,P2,1267.5025540947086,1366.118300193512
231,P3,1366.118300193512,1493.105799464105
231,P4,1493.105799464105,1714.0714100023984
231,P5,1714.0714100023984,1827.697684161218
231,P6,1827.697684161218,1931.5951653423406
232,P3,1186.9630481826262,1303.3971618328958
232,P5,1303.3971618328958,1420.2668187765964
232,P6,1420.2668187765964,1515.785809871098
233,P1,1191.3119988831154,1264.1537228189673
233,P2,1264.1537228189673,1349.0994344328276
233,P3,1349.0994344328276,1483.8924320975177
233,P5,1483.8924320975177,1598.1306252011777
233,P6,1598.1306252011777,1724.1116602758332
233,P7,1724.1116602758332,1825.473864296421
234,P3,1211.260817619101,1376.7960465411943
234,P4,1376.7960465411943,1605.6208934715582
234,P6,1605.6208934715582,1717.4287771381323
235,P1,1215.9982244144028,1289.4663697565163
235,P2,1289.4663697565163,1394.6719773269758
235,P3,1394.6719773269758,1519.6738823097694
235,P4,1519.6738823097694,1687.8244882524477
235,P7,1687.8244882524477,1773.0012381678334
236,P3,1216.7023510586914,1373.3648077267862
236,P4,1373.3648077267862,1617.9369746345317
236,P7,1617.9369746345317,1772.670487880688
237,P1,1221.2869137949885,1306.7958291333448
237,P2,1306.7958291333448,1407.0349022501125
237,P3,1407.0349022501125,1538.6193319938293
237,P4,1538.6193319938293,1798.2319735873944
237,P7,1798.2319735873944,1905.9498211812215
238,P1,1221.3975212903817,1390.25913973813
238,P2,1390.25913973813,1505.0028816338938
238,P3,1505.0028816338938,1676.5219588871555
238,P5,1676.5219588871555,1897.1127564199687
238,P6,1897.1127564199687,2008.5696241405217
239,P1,1236.761415901049,1354.62456941745
239,P2,1354.62456941745,1536.0927017987074
239,P3,1536.0927017987074,1714.5397640007332
239,P5,1714.5397640007332,1891.638269873857
240,P3,1238.14584159761,1347.0190306151937
240,P5,1347.0190306151937,1443.6657663549204
240,P6,1443.6657663549204,1524.237712989272
241,P1,1248.6453644620676,1364.6944168761088
241,P2,1364.6944168761088,1506.6990238739477
241,P3,1506.6990238739477,1737.4064008477342
241,P4,1737.4064008477342,2087.7270336114307
241,P6,2087.7270336114307,2246.2347773594283
242,P3,1262.1588381518543,1407.2502053930361
242,P5,1407.2502053930361,1549.1981976758689
243,P1,1263.009771515065,1365.9212068978716
243,P2,1365.9212068978716,1449.3671122500955
243,P3,1449.3671122500955,1554.5511744710593
243,P5,1554.5511744710593,1669.8781703489587
243,P6,1669.8781703489587,1782.1544437215985
244,P2,1263.7351119103287,1404.3076153094771
244,P3,1404.3076153094771,1582.5210895784219
244,P5,1582.5210895784219,1740.6578456732332
245,P1,1272.9929860897114,1365.8782133767238
245,P2,1365.8782133767238,1474.0611049808927
245,P3,1474.0611049808927,1639.8894698594481
245,P4,1639.8894698594481,1849.5448203545834
245,P5,1849.5448203545834,1973.1393795020213
245,P6,1973.1393795020213,2097.625809738155
246,P1,1273.5182775550288,1386.592403822344
246,P2,1386.592403822344,1543.8939142186255
246,P3,1543.8939142186255,1769.944511225222
246,P4,1769.944511225222,2119.333769491504
246,P6,2119.333769491504,2289.279149545659
247,P3,1277.7766993136038,1434.8934463463263
247,P4,1434.8934463463263,1642.2739511517898
247,P5,1642.2739511517898,1758.2584455678757
247,P6,1758.2584455678757,1861.1007212287705
248,P2,1280.57389992407,1365.836855907726
248,P3,1365.836855907726,1519.239906050108
248,P4,1519.239906050108,1750.7057658616864
248,P5,1750.7057658616864,1884.4822093892649
248,P6,1884.4822093892649,1990.3648140632322
249,P1,1282.2048730807664,1345.6260924676872
249,P2,1345.6260924676872,1424.2571528417975
249,P3,1424.2571528417975,1545.975869335454
249,P4,1545.975869335454,1703.1386673941831
249,P6,1703.1386673941831,1793.9892010154524
249,P7,1793.9892010154524,1878.322291419566
250,P1,1292.1303994740176,1380.8739095486037
250,P2,1380.8739095486037,1524.9103385045773
250,P3,1524.9103385045773,1746.2238121457922
250,P4,1746.2238121457922,2089.1879858014604
250,P6,2089.1879858014604,2221.299897162247
251,P2,1292.446587617212,1422.5241485114714
251,P3,1422.5241485114714,1597.3465799807861
251,P4,1597.3465799807861,1871.438111127441
251,P7,1871.438111127441,1998.131643201347
252,P3,1296.020031049294,1646.2159973144599
252,P5,1646.2159973144599,1933.1743136716775
252,P6,1933.1743136716775,2178.9465586560523
253,P3,1296.6891951692412,1424.8273215435904
253,P4,1424.8273215435904,1672.3492580416707
253,P7,1672.3492580416707,1788.7182912216733
254,P3,1301.8763299953252,1413.865001859079
254,P4,1413.865001859079,1554.2580489952975
254,P5,1554.2580489952975,1668.8876468055068
255,P1,1302.3464685715117,1380.3390315687661
255,P2,1380.3390315687661,1450.837959551821
255,P3,1450.837959551821,1586.3092471472366
255,P4,1586.3092471472366,1777.21470746814
255,P6,1777.21470746814,1860.2462934736575
256,P1,1304.3384429103266,1437.5463553459924
256,P2,1437.5463553459924,1569.9306163605165
256,P3,1569.9306163605165,1772.4129301961782
256,P4,1772.4129301961782,2086.053621134256
256,P7,2086.053621134256,2221.0179850239665
257,P3,1306.1054316955478,1430.2253920832718
257,P4,1430.2253920832718,1639.1429993254721
257,P7,1639.1429993254721,1756.4567945153942
258,P1,1320.7824838684521,1396.647893508538
258,P2,1396.647893508538,1499.777333126785
258,P3,1499.777333126785,1604.8030463315565
258,P5,1604.8030463315565,1710.9548257187935
258,P6,1710.9548257187935,1817.420097196822
259,P3,1320.8209784496964,1436.3498078000703
259,P5,1436.3498078000703,1559.5812260586704
259,P6,1559.5812260586704,1653.0884448206975
260,P2,1335.6875149127245,1423.165902574346
260,P3,1423.165902574346,1528.832667085369
260,P4,1528.832667085369,1730.2451791924948
260,P6,1730.2451791924948,1815.9220946188375
261,P3,1336.110539425048,1481.726256606644
261,P4,1481.726256606644,1667.467472341918
261,P7,1667.467472341918,1767.9696945013025
262,P3,1340.774364362845,1576.121484647468
262,P4,1576.121484647468,1849.8013495281139
262,P7,1849.8013495281139,2087.3995818542494
263,P2,1343.1010366703124,1469.6710045982463
263,P3,1469.6710045982463,1618.7307546679172
263,P4,1618.7307546679172,1959.9751910376744
263,P5,1959.9751910376744,2116.1164953301636
264,P3,1347.35595276673,1512.276690874361
264,P4,1512.276690874361,1805.788346464398
264,P6,1805.788346464398,1939.9335382498734
265,P3,1347.5944128725675,1548.3379648256273
265,P4,1548.3379648256273,1904.2410548642001
265,P7,1904.2410548642001,2052.845117564126
266,P1,1350.8326657112389,1468.3730632558404
266,P2,1468.3730632558404,1602.4235911819862
266,P3,1602.4235911819862,1809.87358480933
266,P5,1809.87358480933,1982.6657846643573
266,P6,1982.6657846643573,2144.0742628006346
267,P2,1353.9053112311572,1449.4914875906627
267,P3,1449.4914875906627,1580.6458557748476
267,P4,1580.6458557748476,1831.329476305497
267,P6,1831.329476305497,1972.6871182700315
268,P1,1354.6362684872995,1440.6323855881813
268,P2,1440.6323855881813,1555.1433035742587
268,P3,1555.1433035742587,1738.7339494826083
268,P4,1738.7339494826083,2029.2405984318832
268,P6,2029.2405984318832,2188.26714880031
269,P3,1356.1538095821534,1525.7660434660436
269,P4,1525.7660434660436,1801.9699273954036
269,P6,1801.9699273954036,1919.802641938277
269,P7,1919.802641938277,2043.4513566349547
270,P3,1357.7191702273008,1531.147142360715
270,P4,1531.147142360715,1863.5000444515488
270,P6,1863.5000444515488,1998.6131128087204
271,P2,1358.5176380110386,1490.147649268537
271,P3,1490.147649268537,1646.1131527310936
271,P4,1646.1131527310936,1912.0472240792938
271,P5,1912.0472240792938,2086.6103810204295
271,P6,2086.6103810204295,2236.7442949570436
271,P7,2236.7442949570436,2342.1117886689362
272,P3,1360.3200200858198,1499.5372952175717
272,P5,1499.5372952175717,1623.219885021955
273,P1,1362.8126627911972,1429.87035785136
273,P2,1429.87035785136,1513.2383566306983
273,P3,1513.2383566306983,1617.8072609206783
273,P5,1617.8072609206783,1719.565154733548
273,P6,1719.565154733548,1833.056448689735
274,P1,1368.7084449273775,1453.304934423183
274,P2,1453.304934423183,1573.6058125448646
274,P3,1573.6058125448646,1730.1036303491999
274,P5,1730.1036303491999,1902.604776534288
274,P6,1902.604776534288,2005.98969405752
274,P7,2005.98969405752,2104.4795404176016
275,P1,1369.3787745110583,1467.4458722503946
275,P2,1467.4458722503946,1584.2556326303636
275,P3,1584.2556326303636,1737.9892863452549
275,P5,1737.9892863452549,1855.142804097866
275,P6,1855.142804097866,1964.7587291455081
275,P7,1964.7587291455081,2052.313721417894
276,P2,1370.7005520524274,1499.6350745790203
276,P3,1499.6350745790203,1654.8671982612432
276,P4,1654.8671982612432,1890.7923839462846
276,P6,1890.7923839462846,2022.4108068645985
277,P3,1370.8668522364414,1502.7875084761788
277,P5,1502.7875084761788,1600.0281403019596
278,P3,1383.7713547950902,1640.044512891971
278,P4,1640.044512891971,1968.182215021172
278,P5,1968.182215021172,2190.8923180460883
279,P2,1388.0298550103898,1514.1209781901741
279,P3,1514.1209781901741,1672.4824320458304
279,P5,1672.4824320458304,1852.2978767444379
280,P3,1393.2417363997827,1554.8965282441845
280,P5,1554.8965282441845,1698.757342533783
280,P6,1698.757342533783,1817.978666383979
280,P7,1817.978666383979,1951.3126923970144
281,P1,1394.0661499915889,1529.5749112513945
281,P2,1529.5749112513945,1672.7316970042527
281,P3,1672.7316970042527,1880.0136602024456
281,P4,1880.0136602024456,2179.5404145096786
281,P7,2179.5404145096786,2302.5899122712017
282,P1,1395.8574017661174,1525.3303812984357
282,P2,1525.3303812984357,1679.0154930186977
282,P3,1679.0154930186977,1923.016300634521
282,P4,1923.016300634521,2319.09932528672
282,P6,2319.09932528672,2477.203369106214
283,P3,1396.4815973589018,1581.1910265831802
283,P5,1581.1910265831802,1744.311133605373
283,P6,1744.311133605373,1899.4057430051503
284,P2,1408.1471632143805,1524.1881109682283
284,P3,1524.1881109682283,1677.6705201604482
284,P4,1677.6705201604482,1962.374160255596
284,P6,1962.374160255596,2060.1305107190915
285,P1,1409.5192350939797,1567.2809001744024
285,P2,1567.2809001744024,1753.315011704843
285,P3,1753.315011704843,1922.4062567227506
285,P4,1922.4062567227506,2205.1673348412446
285,P7,2205.1673348412446,2326.9324817314555
286,P1,1412.349510109427,1553.7175122965855
286,P2,1553.7175122965855,1689.626176956585
286,P3,1689.626176956585,1891.434617030169
286,P5,1891.434617030169,2076.754495805301
286,P6,2076.754495805301,2248.175125828184
286,P7,2248.175125828184,2371.8173336837654
287,P3,1424.5128735094413,1566.1482280153173
287,P5,1566.1482280153173,1721.7407134213715
288,P1,1427.229238750207,1499.3614239279025
288,P2,1499.3614239279025,1610.1991703127062
288,P3,1610.1991703127062,1791.7332713108053
288,P5,1791.7332713108053,1923.9500896587315
288,P6,1923.9500896587315,2046.3738628406318
289,P2,1427.8603766229264,1550.197796400348
289,P3,1550.197796400348,1704.830151459447
289,P5,1704.830151459447,1812.8074328853036
289,P6,1812.8074328853036,1917.0354980534294
289,P7,1917.0354980534294,2012.9340122011738
290,P1,1432.938857262583,1536.7387054590536
290,P2,1536.7387054590536,1680.912260577665
290,P3,1680.912260577665,1819.6533936983983
290,P5,1819.6533936983983,1954.8963395114833
291,P2,1437.5672233457788,1581.6165477208492
291,P3,1581.6165477208492,1715.4297359760144
291,P4,1715.4297359760144,1899.0382714685695
291,P5,1899.0382714685695,1998.1259480725869
292,P1,1438.0196711145047,1526.5366707138833
292,P2,1526.5366707138833,1655.729180022461
292,P3,1655.729180022461,1816.9487339742307
292,P4,1816.9487339742307,2106.532013283052
292,P6,2106.532013283052,2231.088326335276
293,P1,1439.3067231529878,1522.110148101056
293,P2,1522.110148101056,1625.2156756179747
293,P3,1625.2156756179747,1774.3853398949132
293,P4,1774.3853398949132,2087.850292103569
293,P7,2087.850292103569,2206.393869991941
294,P3,1444.1385383316037,1631.5241773734708
294,P5,1631.5241773734708,1772.6114876371853
294,P6,1772.6114876371853,1911.1523319204534
295,P3,1445.6972973572538,1581.8321434561728
295,P4,1581.8321434561728,1819.0995630771783
295,P5,1819.0995630771783,1939.6027807319783
295,P6,1939.6027807319783,2059.355366963791
296,P3,1447.5168204006013,1667.5631187306265
296,P4,1667.5631187306265,2036.63650955001
296,P5,2036.63650955001,2213.2271476306205
296,P6,2213.2271476306205,2369.904734455995
297,P1,1450.9659041477719,1557.1790365459983
297,P2,1557.1790365459983,1688.5219495918732
297,P3,1688.5219495918732,1874.0076340235887
297,P5,1874.0076340235887,2039.108850875208
297,P6,2039.108850875208,2180.537552225279
298,P1,1455.9287894724234,1522.6601287700566
298,P2,1522.6601287700566,1612.6031543493966
298,P3,1612.6031543493966,1723.8725024164407
298,P5,1723.8725024164407,1831.6902122029574
298,P6,1831.6902122029574,1911.633102827204
299,P1,1457.1844812479858,1573.10851964944
299,P2,1573.10851964944,1688.9615212751876
299,P3,1688.9615212751876,1851.279307198875
299,P4,1851.279307198875,2170.331134879379
299,P7,2170.331134879379,2297.9931642523566
300,P1,1464.07540181351,1563.7966905659066
300,P2,1563.7966905659066,1702.9898406689092
300,P3,1702.9898406689092,1849.2894614349734
300,P5,1849.2894614349734,1992.1736840202252
300,P6,1992.1736840202252,2122.9369838024995
300,P7,2122.9369838024995,2218.4374478194713
301,P1,1467.275865329446,1577.5121600174664
301,P2,1577.5121600174664,1682.3887210192215
301,P3,1682.3887210192215,1849.2297289492851
301,P5,1849.2297289492851,2042.6504409879465
301,P6,2042.6504409879465,2200.5106126775727
302,P1,1480.2868244843917,1568.535288744258
302,P2,1568.535288744258,1670.9232793830163
302,P3,1670.9232793830163,1779.409154730904
302,P5,1779.409154730904,1886.1961174227804
302,P6,1886.1961174227804,1979.7475600317528
303,P2,1483.2386514742866,1602.157609812421
303,P3,1602.157609812421,1761.7441706553564
303,P4,1761.7441706553564,2001.176353201207
303,P7,2001.176353201207,2111.923817849298
304,P1,1487.2820991415142,1580.4821424109532
304,P2,1580.4821424109532,1688.6240884831209
304,P3,1688.6240884831209,1821.7038361226155
304,P5,1821.7038361226155,1926.9103031978348
304,P6,1926.9103031978348,2037.890313965639
305,P2,1487.8491510022805,1582.5342704097188
305,P3,1582.5342704097188,1708.0129839611525
305,P4,1708.0129839611525,1911.4210715591234
305,P5,1911.4210715591234,2007.2616698504435
305,P6,2007.2616698504435,2100.5019274097863
306,P2,1489.0027352047437,1583.2316944875245
306,P3,1583.2316944875245,1739.7933746734207
306,P4,1739.7933746734207,1936.5402442990312
306,P7,1936.5402442990312,2047.7793006395664
307,P2,1499.7815107613508,1655.564689479794
307,P3,1655.564689479794,1856.7513937903318
307,P4,1856.7513937903318,2129.7344079913796
307,P6,2129.7344079913796,2260.866877719456
308,P1,1501.2031144320172,1577.8266351795014
308,P2,1577.8266351795014,1673.4223415434153
308,P3,1673.4223415434153,1789.7137081202955
308,P4,1789.7137081202955,1991.2707326607976
308,P6,1991.2707326607976,2101.535003031852
309,P2,1506.457393988763,1645.78811061027
309,P3,1645.78811061027,1817.3042124150834
309,P4,1817.3042124150834,2179.5451813473546
309,P6,2179.5451813473546,2324.7914879404343
310,P3,1511.7079089034164,1713.6086708661194
310,P5,1713.6086708661194,1886.5193554039165
310,P6,1886.5193554039165,2044.061523249204
311,P1,1516.0043498993994,1628.555246391606
311,P2,1628.555246391606,1760.2385077864894
311,P3,1760.2385077864894,1964.2797629682707
311,P5,1964.2797629682707,2137.125036222688
311,P6,2137.125036222688,2277.4715733450876
312,P1,1522.8019794458025,1656.4815295433189
312,P2,1656.4815295433189,1769.9511659561292
312,P3,1769.9511659561292,1900.332910393268
312,P5,1900.332910393268,2034.6089482792488
312,P6,2034.6089482792488,2169.371091044543
313,P1,1524.9226140108474,1581.0773499072857
313,P2,1581.0773499072857,1655.4252442094767
313,P3,1655.4252442094767,1777.103119840988
313,P4,1777.103119840988,1932.4940900273657
313,P6,1932.4940900273657,2011.3681532344456
314,P1,1525.5699406698463,1647.7733210574047
314,P2,1647.7733210574047,1784.436871384748
314,P3,1784.436871384748,1947.952599351801
314,P4,1947.952599351801,2244.9263471002637
314,P5,2244.9263471002637,2385.959610387788
314,P6,2385.959610387788,2512.9398260260273
315,P2,1532.4412589479132,1675.793055304067
315,P3,1675.793055304067,1876.972560800985
315,P4,1876.972560800985,2175.861156908758
315,P6,2175.861156908758,2329.341417538286
316,P1,1544.9336283416676,1718.304571588964
316,P2,1718.304571588964,1792.478339177531
316,P3,1792.478339177531,1904.8949280259094
316,P4,1904.8949280259094,2065.665047978421
316,P6,2065.665047978421,2203.122109363472
317,P3,1545.2980247882942,1661.8158171230702
317,P4,1661.8158171230702,1887.4719054069926
317,P7,1887.4719054069926,1994.926795545439
318,P1,1546.6025705555119,1630.5313370995013
318,P2,1630.5313370995013,1752.0854713508797
318,P3,1752.0854713508797,1897.6798239941586
318,P4,1897.6798239941586,2100.63030240139
318,P7,2100.63030240139,2196.6032525372684
319,P1,1551.4696217649105,1626.1181713962842
319,P2,1626.1181713962842,1718.9472293474441
319,P3,1718.9472293474441,1858.595404033487
319,P4,1858.595404033487,2046.7799376485711
319,P6,2046.7799376485711,2147.5013417379196
320,P3,1558.7919572379415,1912.1110971328706
320,P5,1912.1110971328706,2141.7264976952665
320,P6,2141.7264976952665,2375.440541612508
321,P3,1559.636945121514,1737.8870953961928
321,P4,1737.8870953961928,2098.3532564873008
321,P5,2098.3532564873008,2261.0602902210026
322,P3,1563.490672350387,1694.9730007758237
322,P4,1694.9730007758237,1957.944849605341
322,P5,1957.944849605341,2100.8795019800523
323,P3,1564.6622869765788,1694.2039331997205
323,P4,1694.2039331997205,1862.5160206269525
323,P7,1862.5160206269525,1946.863534818048
324,P3,1564.8043795814658,1707.5842149872233
324,P5,1707.5842149872233,1842.9568978375526
325,P1,1571.673553426583,1705.332469953266
325,P2,1705.332469953266,1986.4692561123395
325,P3,1986.4692561123395,2261.728435994594
325,P5,2261.728435994594,2468.4711347300486
325,P6,2468.4711347300486,2645.2259444338497
325,P7,2645.2259444338497,2835.795998604817
326,P1,1573.6649920496352,1683.0084823752038
326,P2,1683.0084823752038,1792.6697876564258
326,P3,1792.6697876564258,1957.099664931116
326,P5,1957.099664931116,2109.5310985195233
326,P6,2109.5310985195233,2265.5280510340826
327,P3,1592.4731183439912,1772.207212506404
327,P5,1772.207212506404,1911.8163844038963
328,P3,1593.064332895727,1782.4999511959022
328,P4,1782.4999511959022,2122.9519083897044
328,P6,2122.9519083897044,2271.2609271803863
329,P1,1593.965866026472,1653.1613702667
329,P2,1653.1613702667,1732.8087075649412
329,P3,1732.8087075649412,1846.2232322071497
329,P4,1846.2232322071497,2027.849690983215
329,P7,2027.849690983215,2102.6943520689106
330,P2,1594.4293238479827,1694.86170224339
330,P3,1694.86170224339,1779.2396836946398
330,P4,1779.2396836946398,1946.341704497956
330,P5,1946.341704497956,2036.134970608186
331,P2,1595.8190836613396,1702.0245101527926
331,P3,1702.0245101527926,1833.258279502883
331,P4,1833.258279502883,2063.457606629132
331,P5,2063.457606629132,2178.306645284602
331,P6,2178.306645284602,2274.7356718391297
332,P3,1607.0453027888645,1745.9791648827202
332,P5,1745.9791648827202,1862.2592006361144
333,P1,1610.5651542817513,1722.2926505687528
333,P2,1722.2926505687528,1835.0357068898243
333,P3,1835.0357068898243,2012.3186883356643
333,P5,2012.3186883356643,2140.414163435122
334,P1,1613.8133423812446,1716.6345854743008
334,P2,1716.6345854743008,1829.8511396957088
334,P3,1829.8511396957088,1970.20617946925
334,P4,1970.20617946925,2188.4206952732825
334,P6,2188.4206952732825,2304.6748164924134
335,P3,1641.876355217534,1794.719840105083
335,P5,1794.719840105083,1957.1482364333297
335,P6,1957.1482364333297,2120.565572917316
336,P1,1643.0986250443755,1731.6403363278741
336,P2,1731.6403363278741,1866.8370186584746
336,P3,1866.8370186584746,2038.8315981964245
336,P4,2038.8315981964245,2301.6173247338293
336,P5,2301.6173247338293,2473.015418626198
337,P3,1649.2330589180176,1796.2113233154275
337,P5,1796.2113233154275,1917.2802871629015
338,P1,1658.6791677253539,1779.0784585501458
338,P2,1779.0784585501458,1911.7978076305283
338,P3,1911.7978076305283,2100.2817826788846
338,P4,2100.2817826788846,2380.60917602328
338,P5,2380.60917602328,2598.3682671282822
338,P6,2598.3682671282822,2767.5538047911064
339,P1,1660.7007087982267,1759.6379535070143
339,P2,1759.6379535070143,1890.6493253913593
339,P3,1890.6493253913593,2084.695506257868
339,P5,2084.695506257868,2225.2725785102293
340,P2,1663.0569167811116,1769.7299753775023
340,P3,1769.7299753775023,1897.1342648334544
340,P4,1897.1342648334544,2086.949360112663
340,P7,2086.949360112663,2175.0199692001747
341,P1,1666.1400092557842,1754.420506995192
341,P2,1754.420506995192,1854.3287398316452
341,P3,1854.3287398316452,2039.7346943398816
341,P4,2039.7346943398816,2271.411140714323
341,P5,2271.411140714323,2370.034932788109
341,P6,2370.034932788109,2472.7901840724803
342,P2,1668.336830427865,1776.5300436421362
342,P3,1776.5300436421362,1904.1725033877456
342,P4,1904.1725033877456,2143.5725619199206
342,P7,2143.5725619199206,2250.8833195342586
343,P2,1668.9436605971916,1801.0616925450686
343,P3,1801.0616925450686,1978.0966579572312
343,P4,1978.0966579572312,2285.8907949800173
343,P5,2285.8907949800173,2477.6961936235984
344,P3,1684.0401564845995,1810.0523889547835
344,P4,1810.0523889547835,1981.1814338337379
344,P7,1981.1814338337379,2080.3363880119605
345,P2,1686.2913489615912,1827.9097803133805
345,P3,1827.9097803133805,1926.6114519482683
345,P5,1926.6114519482683,2019.2262077895898
345,P6,2019.2262077895898,2111.4591805790105
346,P1,1692.0631044374618,1794.2269808440496
346,P2,1794.2269808440496,1902.2836519436837
346,P3,1902.2836519436837,2059.4114310432333
346,P4,2059.4114310432333,2345.7585798018613
346,P6,2345.7585798018613,2486.9184776504912
346,P7,2486.9184776504912,2611.400550797873
347,P1,1696.9521730439676,1820.9514506084683
347,P2,1820.9514506084683,1950.7469530852434
347,P3,1950.7469530852434,2162.7272719102875
347,P4,2162.7272719102875,2517.1000517164775
347,P7,2517.1000517164775,2663.7381591223393
348,P2,1699.2849905354205,1841.9007009630213
348,P3,1841.9007009630213,2069.1115108105473
348,P5,2069.1115108105473,2234.372372825512
349,P3,1704.9467977728302,1828.104696713495
349,P5,1828.104696713495,1947.9186175543848
350,P3,1706.0915119253955,1834.4356558922361
350,P4,1834.4356558922361,2011.399007800347
350,P5,2011.399007800347,2132.149214400987
350,P6,2132.149214400987,2286.559348571655
350,P7,2286.559348571655,2489.206348583145
351,P2,1706.1876339091425,1926.2750766630338
351,P3,1926.2750766630338,2058.815878716815
351,P4,2058.815878716815,2263.209284419172
351,P7,2263.209284419172,2364.2519711609725
352,P3,1708.9540859353667,1936.056413215005
352,P4,1936.056413215005,2345.8184131647595
352,P6,2345.8184131647595,2529.082727111676
353,P2,1712.3090116890312,1831.1551456819784
353,P3,1831.1551456819784,1971.7229364024215
353,P5,1971.7229364024215,2145.813890922318
353,P6,2145.813890922318,2263.7475592589876
354,P2,1712.9276746590429,1838.0869149090147
354,P3,1838.0869149090147,2001.9613559734307
354,P4,2001.9613559734307,2294.187158202507
354,P7,2294.187158202507,2405.947236660282
355,P1,1713.9477597432278,1834.2672792229741
355,P2,1834.2672792229741,1958.8506142312144
355,P3,1958.8506142312144,2178.717190337976
355,P5,2178.717190337976,2356.7429376449873
355,P6,2356.7429376449873,2507.8792085411496
355,P7,2507.8792085411496,2674.5149718047387
356,P1,1716.7323772475224,1864.8783489813743
356,P2,1864.8783489813743,1983.534884749911
356,P3,1983.534884749911,2133.281715816244
356,P4,2133.281715816244,2377.380753262373
356,P5,2377.380753262373,2538.8687952815385
356,P6,2538.8687952815385,2677.1914845787696
357,P2,1720.057477373285,1883.7006991249657
357,P3,1883.7006991249657,2071.556127883119
357,P4,2071.556127883119,2392.212743288964
357,P5,2392.212743288964,2565.4170204852044
357,P6,2565.4170204852044,2736.4120796144225
357,P7,2736.4120796144225,2877.116807501846
358,P3,1723.2848044544785,1889.5870647095076
358,P4,1889.5870647095076,2140.116957168878
358,P6,2140.116957168878,2250.1283410986475
358,P7,2250.1283410986475,2368.977774132839
359,P1,1724.1636744161685,1818.2457200913823
359,P2,1818.2457200913823,1976.1383878415504
359,P3,1976.1383878415504,2137.927841450954
359,P4,2137.927841450954,2428.9047017524235
359,P6,2428.9047017524235,2575.7012609411117
360,P1,1729.5930734599344,1806.4914328421692
360,P2,1806.4914328421692,1910.9715662187612
360,P3,1910.9715662187612,2122.44941732553
360,P4,2122.44941732553,2323.713735537662
360,P6,2323.713735537662,2443.761731040251
361,P1,1737.436859189084,1844.7004765526851
361,P2,1844.7004765526851,1962.5849063527755
361,P3,1962.5849063527755,2138.7396970905825
361,P4,2138.7396970905825,2401.9028811734643
361,P6,2401.9028811734643,2550.82325897715
362,P1,1754.3880666508483,1868.9626724031077
362,P2,1868.9626724031077,2052.2923688358005
362,P3,2052.2923688358005,2249.874575766838
362,P5,2249.874575766838,2426.296891971238
362,P6,2426.296891971238,2571.9041463274257
362,P7,2571.9041463274257,2711.7574741670182
363,P1,1755.6721680256212,1856.4636724023894
363,P2,1856.4636724023894,1979.1345953496248
363,P3,1979.1345953496248,2111.8539309864336
363,P4,2111.8539309864336,2363.033402624349
363,P6,2363.033402624349,2498.28811596024
364,P1,1756.3530846185695,1864.1167919463558
364,P2,1864.1167919463558,2051.8982243405435
364,P3,2051.8982243405435,2229.3147248534588
364,P5,2229.3147248534588,2575.9813349394753
365,P1,1760.9693357205886,1843.2462072346134
365,P2,1843.2462072346134,1950.7027868953503
365,P3,1950.7027868953503,2082.119077552477
365,P5,2082.119077552477,2197.82952231927
366,P2,1767.7142267253987,1873.5585711286385
366,P3,1873.5585711286385,1999.8057274175553
366,P5,1999.8057274175553,2100.0157142955622
367,P3,1782.0547725649624,1985.0508698004646
367,P4,1985.0508698004646,2293.582941120763
367,P5,2293.582941120763,2446.4371173247714
367,P6,2446.4371173247714,2577.8545046898585
367,P7,2577.8545046898585,2681.204825367595
368,P1,1783.3490199845396,1882.7075333873831
368,P2,1882.7075333873831,2020.8778730971424
368,P3,2020.8778730971424,2152.1857229330326
368,P4,2152.1857229330326,2470.2905523606996
368,P5,2470.2905523606996,2598.696928134865
368,P6,2598.696928134865,2729.938891964101
369,P1,1783.5390882619479,1893.9529408355559
369,P2,1893.9529408355559,2006.9903242460243
369,P3,2006.9903242460243,2198.898633698563
369,P4,2198.898633698563,2543.653639822263
369,P6,2543.653639822263,2673.454526584197
369,P7,2673.454526584197,2801.1177939793206
370,P1,1783.7247580447827,1864.2713857977562
370,P2,1864.2713857977562,1999.0817544367046
370,P3,1999.0817544367046,2132.7235485148863
370,P4,2132.7235485148863,2378.978085950492
370,P7,2378.978085950492,2473.9923901069337
371,P3,1784.5328556506154,1937.7439434443997
371,P4,1937.7439434443997,2235.792786636458
371,P7,2235.792786636458,2387.75746152544
372,P2,1784.7079839486403,1887.9319652976558
372,P3,1887.9319652976558,2046.442673166053
372,P4,2046.442673166053,2242.5258275927695
372,P6,2242.5258275927695,2370.735123267061
373,P1,1791.5095976619439,1895.2278113719976
373,P2,1895.2278113719976,2059.475880518089
373,P3,2059.475880518089,2254.565651855332
373,P4,2254.565651855332,2533.8606542798175
373,P6,2533.8606542798175,2677.2289395425587
374,P3,1798.9009820012602,1934.7467838235752
374,P4,1934.7467838235752,2129.465219062805
374,P6,2129.465219062805,2227.3791215624437
374,P7,2227.3791215624437,2329.5212259672016
375,P2,1809.559481306918,1909.8860251671658
375,P3,1909.8860251671658,2063.6852437857615
375,P4,2063.6852437857615,2351.4412021203275
375,P7,2351.4412021203275,2464.9008763252905
376,P1,1811.6210636969076,1939.2647913359851
376,P2,1939.2647913359851,2110.586130783462
376,P3,2110.586130783462,2273.9384850078477
376,P5,2273.9384850078477,2459.2766035817776
376,P6,2459.2766035817776,2585.4311629850376
377,P2,1814.779321151422,1933.4785480360997
377,P3,1933.4785480360997,2093.235971311991
377,P4,2093.235971311991,2300.2802020032295
377,P5,2300.2802020032295,2493.111187775109
377,P6,2493.111187775109,2640.217956059191
377,P7,2640.217956059191,2735.585603134165
378,P1,1822.5186065850282,1881.4970151409427
378,P2,1881.4970151409427,1953.4097497492455
378,P3,1953.4097497492455,2061.2182778344472
378,P5,2061.2182778344472,2155.163545251838
378,P6,2155.163545251838,2241.994129983577
379,P2,1826.765970648722,1919.4464398081584
379,P3,1919.4464398081584,2033.17331792159
379,P5,2033.17331792159,2137.599635684198
379,P6,2137.599635684198,2250.170789720037
380,P3,1827.503647466589,2035.9904077511455
380,P4,2035.9904077511455,2420.0536801749486
380,P6,2420.0536801749486,2573.966029961568
381,P3,1827.8676977892446,2006.0605367492926
381,P4,2006.0605367492926,2235.1522226912703
381,P5,2235.1522226912703,2366.681634288846
381,P6,2366.681634288846,2497.4452025847254
382,P3,1832.0538512423232,1995.6323949053956
382,P5,1995.6323949053956,2149.8731210042924
382,P6,2149.8731210042924,2271.6560211306305
383,P2,1832.7772559381651,1969.6810080128669
383,P3,1969.6810080128669,2159.527786588698
383,P4,2159.527786588698,2514.714179767263
383,P6,2514.714179767263,2658.051099461466
383,P7,2658.051099461466,2811.5061680328954
384,P1,1843.957591888132,1922.6443993125854
384,P2,1922.6443993125854,2030.5819213081222
384,P3,2030.5819213081222,2170.776094947308
384,P4,2170.776094947308,2402.444822951865
384,P6,2402.444822951865,2509.673615874359
385,P3,1844.8363105278606,1971.6965181595178
385,P4,1971.6965181595178,2162.4809861890953
385,P5,2162.4809861890953,2274.8918338442636
386,P1,1845.8218538323783,1946.6073696316419
386,P2,1946.6073696316419,2055.9887867618777
386,P3,2055.9887867618777,2204.8638346739126
386,P5,2204.8638346739126,2331.8510957085955
386,P6,2331.8510957085955,2484.429516235925
386,P7,2484.429516235925,2590.1115445023734
387,P1,1847.4229225601305,1941.4793585033872
387,P2,1941.4793585033872,2042.8937562844244
387,P3,2042.8937562844244,2208.733084989505
387,P4,2208.733084989505,2446.9149857438056
387,P7,2446.9149857438056,2580.926968276842
388,P2,1858.0328234214012,2012.154803201145
388,P3,2012.154803201145,2192.4592619247123
388,P5,2192.4592619247123,2356.351742299969
388,P6,2356.351742299969,2514.409979550959
389,P3,1862.824369799152,2019.752948236744
389,P4,2019.752948236744,2255.001220242847
389,P7,2255.001220242847,2366.177470817776
390,P1,1870.8696768307916,1951.8466169032504
390,P2,1951.8466169032504,2085.159953209117
390,P3,2085.159953209117,2226.938733716103
390,P5,2226.938733716103,2354.2230838254263
391,P1,1882.8261126189875,2009.1370802903587
391,P2,2009.1370802903587,2176.7086947496864
391,P3,2176.7086947496864,2377.5963822640856
391,P5,2377.5963822640856,2596.2398467573876
392,P2,1884.8207642471289,2004.395797777991
392,P3,2004.395797777991,2146.3150370168028
392,P4,2146.3150370168028,2338.5286635031953
392,P7,2338.5286635031953,2476.804002074229
393,P2,1885.2668949095862,2029.933312046558
393,P3,2029.933312046558,2201.3262305221187
393,P4,2201.3262305221187,2559.298137683566
393,P5,2559.298137683566,2698.7994483613634
393,P6,2698.7994483613634,2827.1594577323835
394,P1,1887.231622425311,1972.3385085283498
394,P2,1972.3385085283498,2092.4451514456555
394,P3,2092.4451514456555,2248.166337186216
394,P4,2248.166337186216,2500.557182789462
394,P5,2500.557182789462,2630.347969115973
394,P6,2630.347969115973,2766.746406357512
395,P2,1887.965179577566,2019.7325660345025
395,P3,2019.7325660345025,2194.9642271286343
395,P4,2194.9642271286343,2479.98583477661
395,P6,2479.98583477661,2590.2175048788267
396,P2,1888.634436259823,1984.799613240131
396,P3,1984.799613240131,2110.506459714281
396,P4,2110.506459714281,2308.8642005919123
396,P5,2308.8642005919123,2423.437632783088
397,P3,1897.2695936457715,2037.8889897092206
397,P4,2037.8889897092206,2254.9052084720956
397,P7,2254.9052084720956,2342.7585954422334
398,P3,1898.239936125903,2004.4749333183443
398,P4,2004.4749333183443,2186.93412858712
398,P6,2186.93412858712,2281.972039880266
399,P3,1902.2808571422327,2059.466246823085
399,P5,2059.466246823085,2196.902670862698
399,P6,2196.902670862698,2340.970579151662
400,P1,1908.6059657003561,2004.3091413271686
400,P2,2004.3091413271686,2128.052974266581
400,P3,2128.052974266581,2282.4862538460898
400,P4,2282.4862538460898,2561.7949229672963
400,P7,2561.7949229672963,2678.7439297403284
401,P1,1926.5245285515184,2035.8349748821504
401,P2,2035.8349748821504,2185.4176694726116
401,P3,2185.4176694726116,2394.2104875534887
401,P4,2394.2104875534887,2713.3408177438446
401,P5,2713.3408177438446,2863.5565333797126
401,P6,2863.5565333797126,3047.3410872847985
402,P1,1930.9623821678208,1995.3411915478086
402,P2,1995.3411915478086,2094.348707451998
402,P3,2094.348707451998,2259.152825765942
402,P4,2259.152825765942,2475.166433265983
402,P5,2475.166433265983,2595.2713685609733
402,P6,2595.2713685609733,2709.9813309768533
403,P1,1934.8835517080856,2008.3371092759685
403,P2,2008.3371092759685,2102.59747292759
403,P3,2102.59747292759,2238.994168193485
403,P4,2238.994168193485,2458.0522647384046
403,P7,2458.0522647384046,2557.7624325634483
404,P1,1937.551801149318,2018.9339288396409
404,P2,2018.9339288396409,2109.2638816207827
404,P3,2109.2638816207827,2290.302941852419
404,P4,2290.302941852419,2521.7750820147157
404,P5,2521.7750820147157,2648.2353245121844
404,P6,2648.2353245121844,2751.6292600476513
405,P1,1939.5651588962012,2032.1967020637428
405,P2,2032.1967020637428,2160.9216770045623
405,P3,2160.9216770045623,2334.363267765298
405,P5,2334.363267765298,2475.8443557297696
406,P2,1944.5485832097993,2078.6136237406126
406,P3,2078.6136237406126,2263.101676033519
406,P4,2263.101676033519,2533.3093950282805
406,P7,2533.3093950282805,2642.2428796305053
407,P1,1945.1490079323469,2072.224339674701
407,P2,2072.224339674701,2246.1178087693806
407,P3,2246.1178087693806,2460.1212995841133
407,P4,2460.1212995841133,2883.07371824638
407,P7,2883.07371824638,3039.306922053081
408,P1,1947.187612857399,2030.490181115617
408,P2,2030.490181115617,2147.1013861906254
408,P3,2147.1013861906254,2317.4053381728845
408,P4,2317.4053381728845,2594.5250635398284
408,P7,2594.5250635398284,2741.3283876433898
409,P1,1965.1759782409572,2068.429427416037
409,P2,2068.429427416037,2149.8551493339587
409,P3,2149.8551493339587,2259.0740195994244
409,P4,2259.0740195994244,2486.8273539327106
409,P6,2486.8273539327106,2564.062870558946
409,P7,2564.062870558946,2654.489569260175
410,P3,1967.9518192151556,2096.0205855814
410,P4,2096.0205855814,2269.9215782146125
410,P6,2269.9215782146125,2376.213008979956
411,P3,1970.2264036266185,2090.7048840433713
411,P4,2090.7048840433713,2299.225511165244
411,P5,2299.225511165244,2398.763375771514
411,P6,2398.763375771514,2511.568872736038
412,P2,1975.8421121848182,2086.81449345915
412,P3,2086.81449345915,2213.0727130784876
412,P4,2213.0727130784876,2420.6295061537176
412,P5,2420.6295061537176,2536.0337080822483
412,P6,2536.0337080822483,2664.8082712090254
413,P3,1978.6741925443512,2167.8119353715833
413,P4,2167.8119353715833,2467.0622491061613
413,P5,2467.0622491061613,2683.012007985894
414,P2,1984.2269173603947,2082.174527608004
414,P3,2082.174527608004,2272.531695107306
414,P4,2272.531695107306,2482.4877105186497
414,P5,2482.4877105186497,2591.8730332024766
415,P2,1987.1642498098367,2117.470629676661
415,P3,2117.470629676661,2282.7273277500044
415,P4,2282.7273277500044,2562.9172753451303
415,P7,2562.9172753451303,2664.411199538796
416,P2,1990.1573515948428,2106.873865126823
416,P3,2106.873865126823,2268.0349293333466
416,P4,2268.0349293333466,2496.8019550448594
416,P7,2496.8019550448594,2579.1509690503617
417,P3,1991.938609671109,2138.7180702871315
417,P4,2138.7180702871315,2384.411928258969
417,P7,2384.411928258969,2466.933768425695
418,P3,1995.5599407714649,2116.725145314778
418,P4,2116.725145314778,2311.4139165093816
418,P7,2311.4139165093816,2393.952118100941
419,P3,1996.6247457612412,2214.732979023723
419,P4,2214.732979023723,2547.3360553039256
419,P6,2547.3360553039256,2717.8868843581813
420,P1,2008.783410655535,2112.188101863556
420,P2,2112.188101863556,2257.723713365417
420,P3,2257.723713365417,2425.6294857471053
420,P5,2425.6294857471053,2564.700522176746
420,P6,2564.700522176746,2689.561180738471
421,P1,2010.5806201793382,2106.133551235168
421,P2,2106.133551235168,2261.9990816356512
421,P3,2261.9990816356512,2407.3639419470765
421,P4,2407.3639419470765,2661.6124346193455
421,P6,2661.6124346193455,2795.27640355128
422,P2,2012.4357639740613,2152.4302486965985
422,P3,2152.4302486965985,2332.6949973874152
422,P4,2332.6949973874152,2614.4425905978696
422,P6,2614.4425905978696,2765.861418277113
423,P1,2012.6651177369788,2115.767132156241
423,P2,2115.767132156241,2232.135608157541
423,P3,2232.135608157541,2370.0496293615683
423,P4,2370.0496293615683,2605.138912662713
423,P7,2605.138912662713,2704.0320756638475
424,P3,2012.9413027661008,2143.87563967536
424,P5,2143.87563967536,2318.209858006748
425,P1,2013.0767730382672,2119.694745018959
425,P2,2119.694745018959,2241.029208368662
425,P3,2241.029208368662,2408.067875565913
425,P4,2408.067875565913,2740.9578418779024
425,P5,2740.9578418779024,2912.664416824785
426,P1,2016.797827528665,2122.8388253900134
426,P2,2122.8388253900134,2257.835755467577
426,P3,2257.835755467577,2398.7598180282757
426,P4,2398.7598180282757,2666.0840022942293
426,P6,2666.0840022942293,2801.173892047422
427,P3,2019.5868815799952,2129.3063923569503
427,P4,2129.3063923569503,2330.294304093725
427,P5,2330.294304093725,2432.980700470216
427,P6,2432.980700470216,2524.82343185075
427,P7,2524.82343185075,2608.5839575217024
428,P3,2020.890197720342,2207.716569531355
428,P4,2207.716569531355,2471.0965965125015
428,P5,2471.0965965125015,2651.790948717725
429,P3,2030.7931192802105,2178.0401162743988
429,P5,2178.0401162743988,2318.735013999858
430,P1,2038.9807953903555,2117.185237626182
430,P2,2117.185237626182,2215.4726841638867
430,P3,2215.4726841638867,2353.0062125394797
430,P4,2353.0062125394797,2554.605396151148
430,P6,2554.605396151148,2672.5681894395934
431,P1,2039.6011388098318,2168.9836339606204
431,P2,2168.9836339606204,2373.755899859199
431,P3,2373.755899859199,2626.2413906286306
431,P5,2626.2413906286306,2840.8633546617366
432,P1,2046.2965322636544,2120.374749051505
432,P2,2120.374749051505,2210.050583854557
432,P3,2210.050583854557,2356.272661482529
432,P5,2356.272661482529,2502.800169098791
432,P6,2502.800169098791,2608.8127810937417
433,P3,2059.306579099946,2246.966843694615
433,P4,2246.966843694615,2601.425169055962
433,P6,2601.425169055962,2734.6594219784174
434,P1,2059.515002399544,2139.7797310112205
434,P2,2139.7797310112205,2297.831837182218
434,P3,2297.831837182218,2447.3387416503124
434,P4,2447.3387416503124,2754.2183164170083
434,P7,2754.2183164170083,2855.279553242542
435,P3,2069.5487249596918,2229.113904291272
435,P5,2229.113904291272,2368.9116247349707
436,P1,2071.7558347844542,2177.8615021424657
436,P2,2177.8615021424657,2322.135662607117
436,P3,2322.135662607117,2510.1102080697956
436,P4,2510.1102080697956,2815.6505054172567
436,P6,2815.6505054172567,2970.1518466782204
437,P1,2072.124036738011,2182.221670756709
437,P2,2182.221670756709,2291.0745057408417
437,P3,2291.0745057408417,2440.8769226676313
437,P5,2440.8769226676313,2592.276627915327
437,P6,2592.276627915327,2725.4781260363593
438,P1,2072.2852235312394,2159.897865728786
438,P2,2159.897865728786,2293.61299713256
438,P3,2293.61299713256,2439.0887785549335
438,P5,2439.0887785549335,2563.420315354234
438,P6,2563.420315354234,2677.292232450446
439,P3,2075.8629444675616,2194.8961647049114
439,P4,2194.8961647049114,2413.270889239398
439,P5,2413.270889239398,2534.486079977829
439,P6,2534.486079977829,2624.4285662351094
440,P3,2081.148319671075,2230.198103619663
440,P4,2230.198103619663,2473.7520566883923
440,P7,2473.7520566883923,2646.853214316479
441,P3,2089.8756671767155,2216.575056467339
441,P4,2216.575056467339,2502.732296808291
441,P5,2502.732296808291,2589.5135541441346
441,P6,2589.5135541441346,2691.493715940745
441,P7,2691.493715940745,2786.858907537461
442,P1,2099.985130593792,2203.3257894125313
442,P2,2203.3257894125313,2351.8631736417933
442,P3,2351.8631736417933,2503.5323919034217
442,P4,2503.5323919034217,2766.76261445844
442,P7,2766.76261445844,2887.2577040798037
443,P1,2104.8947163748553,2229.167793332185
443,P2,2229.167793332185,2368.7386480815626
443,P3,2368.7386480815626,2529.3292871072294
443,P4,2529.3292871072294,2802.715290348028
443,P7,2802.715290348028,2898.3459503580584
444,P1,2110.2743017460234,2187.909366478669
444,P2,2187.909366478669,2290.0952201680425
444,P3,2290.0952201680425,2478.095560995727
444,P4,2478.095560995727,2668.5594094051003
444,P5,2668.5594094051003,2784.3154914919114
444,P6,2784.3154914919114,2887.90842443619
445,P3,2113.102558190196,2211.019636253702
445,P5,2211.019636253702,2316.886685422447
445,P6,2316.886685422447,2397.6176225408017
446,P1,2114.837781428221,2197.510453131167
446,P2,2197.510453131167,2299.2268604690516
446,P3,2299.2268604690516,2443.3780195887102
446,P4,2443.3780195887102,2639.0238525197365
446,P6,2639.0238525197365,2734.421024103197
446,P7,2734.421024103197,2826.7330353546076
447,P1,2122.933730192436,2221.4487797199654
447,P2,2221.4487797199654,2424.297091322997
447,P3,2424.297091322997,2564.2186170073655
447,P5,2564.2186170073655,2696.750085040875
447,P6,2696.750085040875,2823.8284881508
447,P7,2823.8284881508,2933.040865622462
448,P1,2128.0805646075596,2215.0619376288737
448,P2,2215.0619376288737,2320.9620666164897
448,P3,2320.9620666164897,2457.3002422260497
448,P5,2457.3002422260497,2581.762564053537
448,P6,2581.762564053537,2687.5746659922174
449,P3,2130.4355515878447,2292.5943643123837
449,P4,2292.5943643123837,2553.651181885808
449,P6,2553.651181885808,2663.910104199354
449,P7,2663.910104199354,2783.7637429358633
450,P3,2137.521454848835,2292.3745331998803
450,P5,2292.3745331998803,2380.1741493829522
450,P6,2380.1741493829522,2465.6848632656715
451,P1,2148.2522479634163,2233.4719809284356
451,P2,2233.4719809284356,2311.13246379726
451,P3,2311.13246379726,2404.0008032839255
451,P4,2404.0008032839255,2531.045145695597
451,P5,2531.045145695597,2619.0845086792733
451,P6,2619.0845086792733,2686.4856032828243
452,P1,2148.8792895396928,2263.272848460124
452,P2,2263.272848460124,2420.4391300555258
452,P3,2420.4391300555258,2586.8609264
452,P4,2586.8609264,2849.5993687709215
452,P7,2849.5993687709215,2976.747545716582
453,P3,2150.9878517013713,2264.798354167108
453,P4,2264.798354167108,2442.0216439901174
453,P6,2442.0216439901174,2542.5471196161425
453,P7,2542.5471196161425,2613.3434797904633
454,P1,2159.1572822504736,2242.2089812893987
454,P2,2242.2089812893987,2326.506644984485
454,P3,2326.506644984485,2460.2095122826113
454,P4,2460.2095122826113,2615.239661305753
454,P6,2615.239661305753,2708.7838241854424
455,P1,2160.5699267742257,2255.1984604050735
455,P2,2255.1984604050735,2371.7481866333937
455,P3,2371.7481866333937,2521.5591756515296
455,P4,2521.5591756515296,2817.778814179327
455,P5,2817.778814179327,2973.7607573166233
455,P6,2973.7607573166233,3105.699303160171
455,P7,3105.699303160171,3246.8766075436884
456,P3,2161.865617189302,2287.8554317848657
456,P4,2287.8554317848657,2473.9355705733683
456,P7,2473.9355705733683,2554.1365408733213
457,P1,2166.5377664276266,2269.304730819684
457,P2,2269.304730819684,2381.931737264619
457,P3,2381.931737264619,2635.632772071176
457,P4,2635.632772071176,2862.2043023717765
457,P7,2862.2043023717765,2981.942334959771
458,P3,2168.6153362992504,2364.482081991
458,P5,2364.482081991,2542.897833155098
458,P6,2542.897833155098,2676.5685720528386
459,P2,2168.6485584566003,2274.1186682370276
459,P3,2274.1186682370276,2423.6710617994704
459,P4,2423.6710617994704,2651.5030529637093
459,P7,2651.5030529637093,2736.5212955296383
460,P2,2169.690822910659,2251.3570215962673
460,P3,2251.3570215962673,2389.168602263007
460,P5,2389.168602263007,2497.3767353461167
461,P2,2174.301092664974,2338.273723081324
461,P3,2338.273723081324,2533.873942268807
461,P4,2533.873942268807,2823.0710983569356
461,P5,2823.0710983569356,2979.3613830450513
461,P6,2979.3613830450513,3121.341075357179
462,P1,2185.9449563351704,2253.7295991443784
462,P2,2253.7295991443784,2345.745270850641
462,P3,2345.745270850641,2480.401228242025
462,P4,2480.401228242025,2696.620397597899
462,P6,2696.620397597899,2795.904614688759
462,P7,2795.904614688759,2900.998586159989
463,P1,2193.294279069625,2297.612421540988
463,P2,2297.612421540988,2444.3093864477873
463,P3,2444.3093864477873,2607.6378118924317
463,P4,2607.6378118924317,2850.509217985956
463,P5,2850.509217985956,2992.028364173805
464,P1,2193.5046262690903,2278.10218916793
464,P2,2278.10218916793,2389.8347868055125
464,P3,2389.8347868055125,2549.2498021165297
464,P5,2549.2498021165297,2688.361099956508
464,P6,2688.361099956508,2798.690713532305
465,P2,2198.7379273164584,2328.8729094603705
465,P3,2328.8729094603705,2485.5062620581652
465,P5,2485.5062620581652,2630.754986014132
465,P6,2630.754986014132,2775.383335028157
465,P7,2775.383335028157,2902.8569538503525
466,P1,2201.430558619238,2270.7992714362795
466,P2,2270.7992714362795,2357.1912006370762
466,P3,2357.1912006370762,2461.569447953131
466,P5,2461.569447953131,2556.485166086635
466,P6,2556.485166086635,2650.343854508663
467,P3,2207.2941593927144,2366.0416939151237
467,P5,2366.0416939151237,2521.089790472603
467,P6,2521.089790472603,2652.7437662630928
468,P1,2210.2877573883434,2331.852055970911
468,P2,2331.852055970911,2474.5204513737267
468,P3,2474.5204513737267,2679.490353879948
468,P4,2679.490353879948,2963.491274973788
468,P7,2963.491274973788,3098.3440038598865
469,P1,2210.76751758644,2312.2376787500643
469,P2,2312.2376787500643,2417.138288607198
469,P3,2417.138288607198,2573.0167874057106
469,P5,2573.0167874057106,2708.65760844456
469,P6,2708.65760844456,2857.7116244873255
470,P1,2210.8542672534836,2333.3559953163713
470,P2,2333.3559953163713,2485.5597075508867
470,P3,2485.5597075508867,2704.2379254084008
470,P4,2704.2379254084008,3054.221698489907
470,P6,3054.221698489907,3235.8953139857017
471,P1,2211.5212840476943,2320.80074189815
471,P2,2320.80074189815,2462.917122283786
471,P3,2462.917122283786,2630.737613260615
471,P4,2630.737613260615,2987.445087189889
471,P6,2987.445087189889,3144.978491279796
472,P1,2211.548818840049,2323.741600210399
472,P2,2323.741600210399,2448.315826344574
472,P3,2448.315826344574,2612.266615765498
472,P4,2612.266615765498,2923.154857052591
472,P7,2923.154857052591,3033.268346963975
473,P1,2211.866388543722,2293.8508143999197
473,P2,2293.8508143999197,2387.4206606763455
473,P3,2387.4206606763455,2536.3958303343206
473,P5,2536.3958303343206,2655.776240839497
473,P6,2655.776240839497,2775.0372079995022
473,P7,2775.0372079995022,2929.8598183766044
474,P1,2212.025746473141,2303.485184477109
474,P2,2303.485184477109,2445.1342582874668
474,P3,2445.1342582874668,2626.322256036042
474,P4,2626.322256036042,2915.6187123098657
474,P6,2915.6187123098657,3079.629678123561
475,P2,2212.0328907656444,2311.3783267704234
475,P3,2311.3783267704234,2422.012338944585
475,P5,2422.012338944585,2513.7337833762367
475,P6,2513.7337833762367,2618.5932409464585
476,P3,2217.0755891178205,2327.7871113828414
476,P5,2327.7871113828414,2478.755231346283
477,P2,2221.6770059540545,2343.1330308823844
477,P3,2343.1330308823844,2554.630679456149
477,P5,2554.630679456149,2699.231149792171
477,P6,2699.231149792171,2834.7374972536013
478,P1,2221.7686857726885,2316.4103271703193
478,P2,2316.4103271703193,2435.4317546356947
478,P3,2435.4317546356947,2625.5649580376553
478,P5,2625.5649580376553,2759.430243686069
479,P1,2223.692467518851,2355.3193451392654
479,P2,2355.3193451392654,2554.6649895002306
479,P3,2554.6649895002306,2789.5717457806077
479,P4,2789.5717457806077,3083.6071649955047
479,P5,3083.6071649955047,3256.851519753324
479,P6,3256.851519753324,3415.7115832105515
480,P2,2231.786564727217,2362.0356883700347
480,P3,2362.0356883700347,2527.4524244218023
480,P5,2527.4524244218023,2692.7629917753497
480,P6,2692.7629917753497,2826.113094357322
481,P3,2235.0670911517086,2405.163550856921
481,P4,2405.163550856921,2692.635773200797
481,P6,2692.635773200797,2822.5447439880436
482,P2,2237.7185173047687,2351.8812519998833
482,P3,2351.8812519998833,2512.7200934032912
482,P4,2512.7200934032912,2843.2762319364115
482,P7,2843.2762319364115,2966.063788270131
483,P2,2238.3585228012835,2383.0350727748214
483,P3,2383.0350727748214,2586.6894222660158
483,P5,2586.6894222660158,2789.986274744333
483,P6,2789.986274744333,3001.1994107090395
484,P2,2242.910462033943,2336.2996714244387
484,P3,2336.2996714244387,2484.5388311358893
484,P5,2484.5388311358893,2627.198524306199
484,P6,2627.198524306199,2743.771529810718
485,P1,2250.595036238041,2323.6142662121897
485,P2,2323.6142662121897,2418.7463141689204
485,P3,2418.7463141689204,2541.8877123114135
485,P4,2541.8877123114135,2735.1575208043523
485,P6,2735.1575208043523,2845.7076375508614
486,P1,2261.1671616123763,2346.2704302540246
486,P2,2346.2704302540246,2472.273700893453
486,P3,2472.273700893453,2612.412784329181
486,P4,2612.412784329181,2889.3970528320287
486,P7,2889.3970528320287,3131.2291755804617
487,P1,2268.3361149717043,2380.030385707123
487,P2,2380.030385707123,2516.621004690739
487,P3,2516.621004690739,2702.401681533722
487,P4,2702.401681533722,3100.972192511626
487,P7,3100.972192511626,3257.3968293539647
488,P1,2269.607740199995,2352.0250793811365
488,P2,2352.0250793811365,2480.829972339893
488,P3,2480.829972339893,2636.0051368359736
488,P5,2636.0051368359736,2790.2293925938416
489,P1,2308.493159744516,2404.24645685766
489,P2,2404.24645685766,2514.4795896305786
489,P3,2514.4795896305786,2685.338658094347
489,P4,2685.338658094347,2971.979550776493
489,P7,2971.979550776493,3058.8823792779826
490,P1,2308.8689991773,2388.000485040302
490,P2,2388.000485040302,2484.6614313006867
490,P3,2484.6614313006867,2626.9226999964817
490,P5,2626.9226999964817,2752.4674851432555
491,P3,2309.6062665754,2442.5414978986873
491,P4,2442.5414978986873,2688.724903404477
491,P5,2688.724903404477,2799.127810171991
492,P1,2312.471701222829,2413.854180469934
492,P2,2413.854180469934,2561.101574080432
492,P3,2561.101574080432,2724.0540722740434
492,P4,2724.0540722740434,3006.268316400075
492,P7,3006.268316400075,3142.262321208709
493,P1,2319.057832607135,2385.7614044509833
493,P2,2385.7614044509833,2480.851942601464
493,P3,2480.851942601464,2601.1053151750034
493,P5,2601.1053151750034,2705.873425121229
494,P1,2322.0585050677073,2413.6057317592768
494,P2,2413.6057317592768,2530.2677371326145
494,P3,2530.2677371326145,2680.0647415973085
494,P5,2680.0647415973085,2811.289249970613
494,P6,2811.289249970613,2947.951389160957
495,P1,2322.313618083866,2398.9236986459036
495,P2,2398.9236986459036,2498.6025017313395
495,P3,2498.6025017313395,2641.7216272187125
495,P4,2641.7216272187125,2886.798421355506
495,P7,2886.798421355506,2965.686198751972
496,P2,2329.6673922086266,2482.2974908661186
496,P3,2482.2974908661186,2646.0184078940424
496,P4,2646.0184078940424,2967.696453590084
496,P7,2967.696453590084,3137.3980737955926
497,P1,2330.9187930538674,2471.653620652928
497,P2,2471.653620652928,2611.973040761119
497,P3,2611.973040761119,2799.269489031624
497,P4,2799.269489031624,3091.512641781717
497,P6,3091.512641781717,3207.8898062994326
497,P7,3207.8898062994326,3346.4421676062166
498,P2,2331.958611594689,2455.301823659346
498,P3,2455.301823659346,2679.839731191451
498,P5,2679.839731191451,2830.9734850804934
499,P2,2343.506199911389,2487.451670588823
499,P3,2487.451670588823,2654.0644493298623
499,P4,2654.0644493298623,2882.3828515182963
499,P5,2882.3828515182963,3028.436412305482
499,P6,3028.436412305482,3137.5910943394797
499,P7,3137.5910943394797,3232.5684739021935
500,P3,2345.134337894916,2494.5104187896027
500,P4,2494.5104187896027,2713.31286281964
500,P6,2713.31286281964,2839.3397830541107
501,P1,2345.3496079855904,2428.2650250254455
501,P2,2428.2650250254455,2539.275493076451
501,P3,2539.275493076451,2670.432890813274
501,P5,2670.432890813274,2853.4934478633822
502,P2,2350.176259936134,2454.167489104887
502,P3,2454.167489104887,2592.424707878408
502,P5,2592.424707878408,2709.930762992901
503,P2,2352.8404821521444,2506.5266882652427
503,P3,2506.5266882652427,2698.997198272731
503,P4,2698.997198272731,2968.3079919109787
503,P5,2968.3079919109787,3128.7810506307037
504,P3,2355.5070390255837,2496.6077639513396
504,P4,2496.6077639513396,2701.90859989194
504,P6,2701.90859989194,2823.6527162804773
505,P1,2358.0187813194607,2440.6299900186773
505,P2,2440.6299900186773,2534.232927450162
505,P3,2534.232927450162,2664.9560874297185
505,P4,2664.9560874297185,2862.4579467925428
505,P5,2862.4579467925428,2986.9098168898317
506,P1,2370.3525731810614,2440.4983700862176
506,P2,2440.4983700862176,2515.0853852101322
506,P3,2515.0853852101322,2628.0189896961374
506,P4,2628.0189896961374,2831.1830182252515
506,P7,2831.1830182252515,2899.6164542223314
507,P3,2380.4830564889926,2534.430361729433
507,P5,2534.430361729433,2694.3566732670765
507,P6,2694.3566732670765,2820.4270397875025
508,P1,2383.0237091775602,2443.4145896294876
508,P2,2443.4145896294876,2540.7868741126736
508,P3,2540.7868741126736,2665.1097255567875
508,P4,2665.1097255567875,2859.2280630586806
508,P6,2859.2280630586806,2952.1857130143394
509,P2,2383.6568073880057,2483.9758103426343
509,P3,2483.9758103426343,2625.2490274571874
509,P5,2625.2490274571874,2754.902707270291
510,P3,2386.8424345298763,2606.4599268536667
510,P4,2606.4599268536667,2937.2423740074114
510,P7,2937.2423740074114,3086.33695729767
511,P1,2388.470828016137,2478.8303437974446
511,P2,2478.8303437974446,2578.1127905734043
511,P3,2578.1127905734043,2700.1305277076954
511,P4,2700.1305277076954,2932.4762539887824
511,P7,2932.4762539887824,3036.59908136086
512,P1,2389.0588974220846,2458.9991519646564
512,P2,2458.9991519646564,2539.155977103082
512,P3,2539.155977103082,2699.973040389806
512,P4,2699.973040389806,2896.7512709959487
512,P5,2896.7512709959487,3009.0261946568007
512,P6,3009.0261946568007,3102.039715161357
513,P3,2390.2979254131933,2536.8097194211646
513,P4,2536.8097194211646,2812.708606421445
513,P5,2812.708606421445,2940.9643246496544
514,P1,2391.301906761213,2477.2482652707845
514,P2,2477.2482652707845,2641.943494686953
514,P3,2641.943494686953,2804.302325037135
514,P4,2804.302325037135,3011.520291104545
514,P6,3011.520291104545,3128.5309753534475
515,P3,2404.4100466709365,2550.8760464558713
515,P4,2550.8760464558713,2839.661184916674
515,P7,2839.661184916674,2960.5763530417953
516,P3,2410.0559948761816,2713.2301196612034
516,P4,2713.2301196612034,3083.9893283686874
516,P5,3083.9893283686874,3282.975934784888
517,P3,2414.8730833600457,2524.4554024138474
517,P4,2524.4554024138474,2739.497855047804
517,P6,2739.497855047804,2811.793442276985
518,P1,2418.306920623637,2528.5651750407146
518,P2,2528.5651750407146,2674.283972479927
518,P3,2674.283972479927,2878.231260120261
518,P4,2878.231260120261,3179.8065090778377
518,P5,3179.8065090778377,3379.3840524909388
518,P6,3379.3840524909388,3532.617319625505
519,P1,2419.212219521344,2492.349679898786
519,P2,2492.349679898786,2580.259444693313
519,P3,2580.259444693313,2690.270316062797
519,P5,2690.270316062797,2796.420342755045
519,P6,2796.420342755045,2887.2112503757085
520,P3,2428.486297991692,2549.1210626714774
520,P4,2549.1210626714774,2920.676900890077
520,P7,2920.676900890077,3013.521719083952
521,P2,2431.771799223093,2513.8850846717546
521,P3,2513.8850846717546,2631.884676264326
521,P4,2631.884676264326,2842.170164615876
521,P5,2842.170164615876,2938.743388155206
521,P6,2938.743388155206,3022.6823055527266
522,P3,2435.5397863131225,2594.404045108423
522,P5,2594.404045108423,2741.4608805620055
523,P3,2443.8831134192737,2627.757880447603
523,P4,2627.757880447603,2825.4730728133345
523,P7,2825.4730728133345,2929.651805397747
524,P1,2445.119622326988,2536.1015730147724
524,P2,2536.1015730147724,2661.199657331049
524,P3,2661.199657331049,2797.427400295634
524,P5,2797.427400295634,2941.3701109723943
525,P3,2447.690705219314,2568.8194989827025
525,P5,2568.8194989827025,2667.010378940796
525,P6,2667.010378940796,2776.0113957005515
525,P7,2776.0113957005515,2863.49820810738
526,P3,2452.5948688103367,2640.941319342976
526,P5,2640.941319342976,2804.708210733156
526,P6,2804.708210733156,2922.067223125697
527,P1,2452.9131886826713,2557.5648001674176
527,P2,2557.5648001674176,2676.8030457824725
527,P3,2676.8030457824725,2826.7706595066606
527,P4,2826.7706595066606,3049.7599781021545
527,P7,3049.7599781021545,3142.5608315785016
528,P3,2453.6377318841983,2598.776356281557
528,P5,2598.776356281557,2728.0115483862187
528,P6,2728.0115483862187,2855.551450726249
529,P1,2456.53874693116,2581.947419572832
529,P2,2581.947419572832,2701.318028697943
529,P3,2701.318028697943,2891.1583263081093
529,P5,2891.1583263081093,3077.6283300376504
530,P2,2466.594778936159,2625.4417489369066
530,P3,2625.4417489369066,2844.271939723598
530,P5,2844.271939723598,3016.4998915549786
530,P6,3016.4998915549786,3177.209330636371
531,P3,2476.229067893129,2612.130280435368
531,P4,2612.130280435368,2882.4990733502655
531,P7,2882.4990733502655,3002.6824909220477
532,P2,2490.1532318438126,2642.9902670660963
532,P3,2642.9902670660963,2863.54161676712
532,P5,2863.54161676712,3027.6799995264364
533,P3,2490.392684765924,2702.6873560716563
533,P4,2702.6873560716563,3015.3172110231662
533,P5,3015.3172110231662,3181.78576435144
533,P6,3181.78576435144,3316.312222906776
534,P3,2491.1200107589507,2644.57292968568
534,P4,2644.57292968568,2836.793529799268
534,P6,2836.793529799268,2970.626888919273
535,P2,2493.0409884840465,2598.1836762864014
535,P3,2598.1836762864014,2754.1050783819637
535,P5,2754.1050783819637,2861.7571409161283
535,P6,2861.7571409161283,2970.561842320274
536,P3,2513.3346954257513,2675.465330828699
536,P5,2675.465330828699,2789.801537516363
536,P6,2789.801537516363,2893.9267403127214
536,P7,2893.9267403127214,3003.9812012593334
537,P2,2514.8371814762786,2594.285178776156
537,P3,2594.285178776156,2706.310116691296
537,P4,2706.310116691296,2878.4250918757584
537,P6,2878.4250918757584,2977.8423225731754
538,P3,2517.226361755273,2618.1598787384432
538,P4,2618.1598787384432,2764.632489948886
538,P6,2764.632489948886,2861.1981481238768
539,P1,2519.68085981983,2600.651530998878
539,P2,2600.651530998878,2867.4875958346497
539,P3,2867.4875958346497,2984.393125761609
539,P5,2984.393125761609,3109.687773188402
540,P1,2522.6001771264528,2633.5279193089973
540,P2,2633.5279193089973,2759.1997687584476
540,P3,2759.1997687584476,2920.3048748054252
540,P5,2920.3048748054252,3087.040866872573
540,P6,3087.040866872573,3208.138123942841
541,P3,2524.9897649364752,2702.5440113155505
541,P4,2702.5440113155505,2948.8515577125586
541,P6,2948.8515577125586,3057.0709296226996
542,P1,2526.6563507388646,2641.2762304951125
542,P2,2641.2762304951125,2792.468878703993
542,P3,2792.468878703993,2992.2045182806824
542,P5,2992.2045182806824,3290.991762724429
543,P3,2536.3915080923503,2685.2834046001103
543,P5,2685.2834046001103,2830.081150642679
543,P6,2830.081150642679,2972.4890646537174
544,P2,2538.595656318674,2662.7558274820412
544,P3,2662.7558274820412,2817.0207383442353
544,P5,2817.0207383442353,3014.0469073931217
544,P6,3014.0469073931217,3156.946771795252
544,P7,3156.946771795252,3296.1435295297274
545,P1,2539.5203004163386,2669.005598150314
545,P2,2669.005598150314,2873.706820617544
545,P3,2873.706820617544,3100.2203553657846
545,P4,3100.2203553657846,3421.6959298737665
545,P5,3421.6959298737665,3612.1740884509363
546,P3,2539.531872116292,2735.616140524577
546,P5,2735.616140524577,2920.52705700361
547,P1,2544.0045311111276,2642.2015374349944
547,P2,2642.2015374349944,2758.9651714721576
547,P3,2758.9651714721576,2924.1565565892092
547,P4,2924.1565565892092,3193.524685679536
547,P7,3193.524685679536,3300.79820184236
548,P1,2545.528074324937,2614.737781702155
548,P2,2614.737781702155,2699.6204251354256
548,P3,2699.6204251354256,2863.303489448759
548,P4,2863.303489448759,3057.738566992674
548,P5,3057.738566992674,3176.504994677936
548,P6,3176.504994677936,3284.2867961003367
549,P3,2548.820320147311,2687.5838860066524
549,P5,2687.5838860066524,2826.970981541032
550,P2,2552.191217989525,2625.7803042283617
550,P3,2625.7803042283617,2709.3546049191164
550,P4,2709.3546049191164,2859.8522041590704
550,P7,2859.8522041590704,3043.517335449422
551,P1,2556.094787092332,2673.3105487350126
551,P2,2673.3105487350126,2828.4071548311526
551,P3,2828.4071548311526,3048.662946202299
551,P5,3048.662946202299,3213.9600475636644
552,P1,2561.9398314644804,2634.78556109257
552,P2,2634.78556109257,2735.0179662307396
552,P3,2735.0179662307396,2874.1546048966534
552,P5,2874.1546048966534,3020.8400635907165
553,P1,2569.5613702343653,2670.9329523818437
553,P2,2670.9329523818437,2801.935377456116
553,P3,2801.935377456116,2932.077734198796
553,P4,2932.077734198796,3214.723151024163
553,P6,3214.723151024163,3339.936748216854
554,P1,2571.9001300384953,2667.8921039843103
554,P2,2667.8921039843103,2812.280882906577
554,P3,2812.280882906577,2972.993376567181
554,P4,2972.993376567181,3269.9283370102557
554,P5,3269.9283370102557,3398.834347789923
554,P6,3398.834347789923,3518.4106527422546
555,P3,2581.463637471443,2835.8264385542875
555,P4,2835.8264385542875,3197.6325691741563
555,P5,3197.6325691741563,3383.7809577814933
556,P1,2584.6858417836593,2688.8406986067603
556,P2,2688.8406986067603,2825.0391232192214
556,P3,2825.0391232192214,2975.320583261104
556,P5,2975.320583261104,3136.9118299363913
557,P3,2602.1692190420563,2727.62938859999
557,P4,2727.62938859999,2945.2361719854975
557,P5,2945.2361719854975,3094.000397893434
558,P1,2604.735796638101,2695.7390363530803
558,P2,2695.7390363530803,2817.7998331081976
558,P3,2817.7998331081976,2950.11704668907
558,P5,2950.11704668907,3074.640732313753
559,P1,2605.343792124501,2705.712511575933
559,P2,2705.712511575933,2827.540354517855
559,P3,2827.540354517855,3001.667549762332
559,P5,3001.667549762332,3156.6260851061443
559,P6,3156.6260851061443,3322.014729484146
559,P7,3322.014729484146,3677.1052556427016
560,P1,2611.0290062282743,2726.884255465264
560,P2,2726.884255465264,2989.2637646924804
560,P3,2989.2637646924804,3176.8871930677496
560,P4,3176.8871930677496,3561.147942905838
560,P6,3561.147942905838,3799.538507607132
561,P1,2613.577098189947,2683.960437141886
561,P2,2683.960437141886,2792.870369306054
561,P3,2792.870369306054,2955.3873161662173
561,P4,2955.3873161662173,3182.36424087461
561,P7,3182.36424087461,3333.077135538201
562,P3,2613.93275677959,2811.398933878662
562,P4,2811.398933878662,3083.7173303348063
562,P6,3083.7173303348063,3225.0544708330854
563,P2,2632.4462942060622,2768.358370295025
563,P3,2768.358370295025,2979.286056021763
563,P4,2979.286056021763,3247.4200571797314
563,P6,3247.4200571797314,3385.1090474373464
564,P1,2639.7815309213806,2761.235705969119
564,P2,2761.235705969119,2893.251182121485
564,P3,2893.251182121485,3108.6984826805756
564,P5,3108.6984826805756,3342.9564715866513
565,P3,2642.878495876593,2804.1115443381054
565,P4,2804.1115443381054,3074.3362793221113
565,P7,3074.3362793221113,3173.5795826225262
566,P3,2646.8369838504077,2790.1980326055623
566,P4,2790.1980326055623,2987.5512656872797
566,P7,2987.5512656872797,3077.4724064234183
567,P1,2666.582567331373,2754.6128116401096
567,P2,2754.6128116401096,2864.2213937266665
567,P3,2864.2213937266665,3037.2300590370082
567,P4,3037.2300590370082,3327.4588230968175
567,P7,3327.4588230968175,3431.61638219697
568,P1,2669.4039283557936,2796.937334420477
568,P2,2796.937334420477,2973.5977500216673
568,P3,2973.5977500216673,3165.3146346693547
568,P4,3165.3146346693547,3404.7934134372313
568,P5,3404.7934134372313,3572.1813005885565
568,P6,3572.1813005885565,3735.7023710246986
569,P3,2675.032342143655,2769.5723995687067
569,P5,2769.5723995687067,2857.968787029078
569,P6,2857.968787029078,2941.657582435549
569,P7,2941.657582435549,3013.2104263822816
570,P1,2678.031646210212,2740.585808112165
570,P2,2740.585808112165,2904.1541114965294
570,P3,2904.1541114965294,3044.5210614656494
570,P4,3044.5210614656494,3221.5531318843086
570,P5,3221.5531318843086,3346.909046373712
570,P6,3346.909046373712,3451.6286724371926
570,P7,3451.6286724371926,3552.6169925684826
571,P1,2685.3594444844402,2753.9608868874634
571,P2,2753.9608868874634,2858.337090654387
571,P3,2858.337090654387,2966.6965367385906
571,P4,2966.6965367385906,3184.851584431926
571,P5,3184.851584431926,3286.1236167438105
571,P6,3286.1236167438105,3411.444619397867
572,P1,2687.934293214189,2762.7827335180627
572,P2,2762.7827335180627,2844.89244934448
572,P3,2844.89244934448,2934.418744071492
572,P5,2934.418744071492,3043.4867419386665
573,P2,2696.240802460918,2790.209567613152
573,P3,2790.209567613152,2932.213652976463
573,P4,2932.213652976463,3148.0436644745314
573,P6,3148.0436644745314,3260.163259831294
574,P1,2701.3490199286753,2797.4231953733097
574,P2,2797.4231953733097,2908.458056865925
574,P3,2908.458056865925,3055.7698709658252
574,P5,3055.7698709658252,3178.2873290043763
575,P1,2701.5738158164836,2768.051621529853
575,P2,2768.051621529853,2873.2985103575547
575,P3,2873.2985103575547,3005.2459192757347
575,P5,3005.2459192757347,3121.381051355305
575,P6,3121.381051355305,3193.7568019924756
575,P7,3193.7568019924756,3281.813670842214
576,P2,2705.8115381252646,2787.2767705739643
576,P3,2787.2767705739643,2892.3205063325563
576,P5,2892.3205063325563,3004.919060773076
577,P3,2708.7008849474587,2955.64572701205
577,P5,2955.64572701205,3134.605418380716
578,P3,2711.8364372834662,2842.398292450719
578,P4,2842.398292450719,3033.8882800732513
578,P6,3033.8882800732513,3207.5008018712497
578,P7,3207.5008018712497,3303.8088205017866
579,P1,2714.02996337714,2802.4350497854975
579,P2,2802.4350497854975,2921.398919422819
579,P3,2921.398919422819,3046.054605588007
579,P4,3046.054605588007,3388.541461971921
579,P5,3388.541461971921,3493.1160751451257
580,P3,2714.835367787907,2845.7632288940663
580,P4,2845.7632288940663,3049.535389992873
580,P5,3049.535389992873,3138.032952003835
581,P1,2717.4558244164373,2838.7889737011656
581,P2,2838.7889737011656,3027.0649016600196
581,P3,3027.0649016600196,3218.146149389903
581,P4,3218.146149389903,3532.4454290031726
581,P5,3532.4454290031726,3692.4090538289315
581,P6,3692.4090538289315,3837.879832626266
582,P1,2719.2444548492012,2798.6448923781854
582,P2,2798.6448923781854,2903.6425940393683
582,P3,2903.6425940393683,3043.8696503077763
582,P4,3043.8696503077763,3289.3525818960015
582,P5,3289.3525818960015,3449.9722571580796
582,P6,3449.9722571580796,3576.656318583259
582,P7,3576.656318583259,3732.203774588124
583,P1,2726.834280089095,2795.1920242159213
583,P2,2795.1920242159213,2892.046987300057
583,P3,2892.046987300057,2997.218196375204
583,P4,2997.218196375204,3174.307214353941
583,P6,3174.307214353941,3262.417246549634
583,P7,3262.417246549634,3351.1218209446365
584,P2,2728.387570813714,2804.3377448597876
584,P3,2804.3377448597876,2926.424695466833
584,P4,2926.424695466833,3096.744569685556
584,P6,3096.744569685556,3177.273445136292
585,P2,2728.674391495908,2855.463509337964
585,P3,2855.463509337964,2976.9823637238537
585,P4,2976.9823637238537,3210.5926652073695
585,P6,3210.5926652073695,3311.932055634174
586,P3,2736.6511098181923,2869.1894337321696
586,P4,2869.1894337321696,3143.658606071119
586,P5,3143.658606071119,3258.305852487823
586,P6,3258.305852487823,3353.8557886691706
586,P7,3353.8557886691706,3460.5459203976425
587,P1,2759.083339142878,2882.704962763753
587,P2,2882.704962763753,3012.4487515035075
587,P3,3012.4487515035075,3211.215245646158
587,P4,3211.215245646158,3619.1764543633403
587,P7,3619.1764543633403,3774.4060707684075
588,P1,2763.66472431963,2859.0401062296273
588,P2,2859.0401062296273,2992.204359379278
588,P3,2992.204359379278,3149.488889767793
588,P5,3149.488889767793,3262.7055142368395
589,P1,2769.1297781059156,2861.9013821630538
589,P2,2861.9013821630538,2985.306425698546
589,P3,2985.306425698546,3145.4856037861323
589,P4,3145.4856037861323,3417.7241038595303
589,P6,3417.7241038595303,3555.3943021975374
589,P7,3555.3943021975374,3687.595424281375
590,P1,2773.3078545251014,2883.746679396723
590,P2,2883.746679396723,3019.37324870175
590,P3,3019.37324870175,3165.6337751142964
590,P5,3165.6337751142964,3324.0870295544246
591,P1,2778.3610055061426,2881.3655241767487
591,P2,2881.3655241767487,3013.5750814554763
591,P3,3013.5750814554763,3184.6974060507855
591,P5,3184.6974060507855,3358.079056647197
591,P6,3358.079056647197,3505.8567570185505
592,P1,2779.562729366937,2862.172456336036
592,P2,2862.172456336036,2954.8883242034217
592,P3,2954.8883242034217,3077.157355165002
592,P5,3077.157355165002,3188.703806123835
592,P6,3188.703806123835,3282.187930794956
592,P7,3282.187930794956,3376.0484063742083
593,P2,2779.797468512219,2897.1368500725366
593,P3,2897.1368500725366,3065.3064950687494
593,P5,3065.3064950687494,3205.7971359266876
594,P3,2782.19984320988,2937.824347877259
594,P4,2937.824347877259,3277.9407068311666
594,P6,3277.9407068311666,3448.918793451302
595,P3,2802.6462471108807,2964.9521302268618
595,P5,2964.9521302268618,3113.7939590748906
595,P6,3113.7939590748906,3345.9970933380564
596,P3,2802.797393068333,2967.1597388830533
596,P4,2967.1597388830533,3278.9810900291754
596,P6,3278.9810900291754,3413.0153484299067
597,P1,2809.789071729644,2865.045059296196
597,P2,2865.045059296196,2923.9619492268853
597,P3,2923.9619492268853,3004.3231900587793
597,P4,3004.3231900587793,3128.1264200119485
597,P6,3128.1264200119485,3202.2040668628692
597,P7,3202.2040668628692,3260.673744587348
598,P1,2810.6716293886416,2903.3347506943182
598,P2,2903.3347506943182,3047.7922106967717
598,P3,3047.7922106967717,3203.414693275022
598,P4,3203.414693275022,3454.2696542774415
598,P7,3454.2696542774415,3588.795470219145
599,P3,2815.005737980859,2979.721688585778
599,P5,2979.721688585778,3133.633425216927
599,P6,3133.633425216927,3267.3732424398363
600,P1,2815.1399145108576,2916.5266753981527
600,P2,2916.5266753981527,3029.2423547782487
600,P3,3029.2423547782487,3172.3218374978524
600,P4,3172.3218374978524,3440.866975250029
600,P5,3440.866975250029,3595.2502748900997
600,P6,3595.2502748900997,3705.3899091359217
601,P3,2828.659186289855,2978.8971300089042
601,P4,2978.8971300089042,3230.5397578751217
601,P5,3230.5397578751217,3373.375419636146
602,P2,2833.087402809091,2936.5929487100416
602,P3,2936.5929487100416,3127.0312356384507
602,P4,3127.0312356384507,3425.9272040785895
602,P7,3425.9272040785895,3541.4692228235226
603,P2,2836.217413728378,2983.271160389048
603,P3,2983.271160389048,3167.384702774645
603,P4,3167.384702774645,3476.786177385002
603,P7,3476.786177385002,3685.208025283122
604,P1,2843.7415468312056,2950.7174517935287
604,P2,2950.7174517935287,3064.040800393121
604,P3,3064.040800393121,3215.297263371318
604,P4,3215.297263371318,3487.737162066561
604,P6,3487.737162066561,3610.536006350903
605,P3,2846.404544466809,2993.2596551590814
605,P4,2993.2596551590814,3235.307328391117
605,P7,3235.307328391117,3340.019177535849
606,P1,2848.4618005324355,2947.914443844755
606,P2,2947.914443844755,3095.8402203588817
606,P3,3095.8402203588817,3280.803894513645
606,P4,3280.803894513645,3560.439168556083
606,P5,3560.439168556083,3773.016942697723
607,P2,2850.9227484034623,3045.6715651714044
607,P3,3045.6715651714044,3175.2339853030044
607,P5,3175.2339853030044,3297.385181784548
608,P1,2852.895476334106,2927.7610092847544
608,P2,2927.7610092847544,3044.9840264325235
608,P3,3044.9840264325235,3173.2029358077934
608,P4,3173.2029358077934,3400.055599867674
608,P7,3400.055599867674,3505.2218520482147
609,P3,2854.1408718657294,3007.070484978841
609,P5,3007.070484978841,3158.2867603855693
610,P3,2856.714671254004,3085.0788285386748
610,P5,3085.0788285386748,3195.029929238324
610,P6,3195.029929238324,3359.97508497447
610,P7,3359.97508497447,3458.8284171292153
611,P2,2859.6047548508363,2971.957323950525
611,P3,2971.957323950525,3108.4071458389008
611,P4,3108.4071458389008,3343.6540302386265
611,P6,3343.6540302386265,3460.8347374001096
612,P2,2873.4046977526614,2995.266727143331
612,P3,2995.266727143331,3139.076668672847
612,P4,3139.076668672847,3370.5229605056365
612,P6,3370.5229605056365,3486.4518154686557
613,P3,2876.7693839048297,3017.7750231011732
613,P5,3017.7750231011732,3187.1125467369493
614,P1,2877.047001477109,2940.2180792951913
614,P2,2940.2180792951913,3015.512091956444
614,P3,3015.512091956444,3149.840947843433
614,P5,3149.840947843433,3244.9428457614986
615,P1,2878.67811564156,2941.56026669586
615,P2,2941.56026669586,3034.778560991179
615,P3,3034.778560991179,3226.614487741362
615,P5,3226.614487741362,3325.9699903245405
615,P6,3325.9699903245405,3420.2638426462704
616,P3,2882.6414004219773,3090.9362886683953
616,P4,3090.9362886683953,3406.7135472266564
616,P6,3406.7135472266564,3548.377175865766
617,P1,2888.099587030378,2999.637236544066
617,P2,2999.637236544066,3148.813615394707
617,P3,3148.813615394707,3353.413625440794
617,P5,3353.413625440794,3505.761339423624
618,P3,2899.415794359099,3091.827232581627
618,P4,3091.827232581627,3432.924991819304
618,P6,3432.924991819304,3594.1844882911937
619,P1,2902.103645650318,3021.992552803232
619,P2,3021.992552803232,3182.5519201289458
619,P3,3182.5519201289458,3377.0202632873256
619,P5,3377.0202632873256,3561.156910423381
620,P3,2905.6623943543977,3095.792738198679
620,P4,3095.792738198679,3434.8077294485197
620,P6,3434.8077294485197,3586.960946120016
621,P1,2906.888423177392,2985.9734500802574
621,P2,2985.9734500802574,3101.549985337481
621,P3,3101.549985337481,3239.8143455218765
621,P4,3239.8143455218765,3445.9269226295323
621,P5,3445.9269226295323,3580.842680553261
621,P6,3580.842680553261,3704.2515912128765
622,P1,2908.4981427184543,3018.288232772271
622,P2,3018.288232772271,3158.2331431128323
622,P3,3158.2331431128323,3371.8012263557525
622,P5,3371.8012263557525,3574.7462660924743
623,P1,2910.0686636948826,2991.3631108084664
623,P2,2991.3631108084664,3117.889143306387
623,P3,3117.889143306387,3278.765947363213
623,P4,3278.765947363213,3543.8948143021116
623,P5,3543.8948143021116,3687.6201803542785
624,P1,2910.4459222531186,3027.0130505745615
624,P2,3027.0130505745615,3136.2425709274075
624,P3,3136.2425709274075,3339.2447916194815
624,P4,3339.2447916194815,3629.2848908676337
624,P5,3629.2848908676337,3769.5033293068336
625,P3,2914.0324530513167,3085.6374374092848
625,P5,3085.6374374092848,3238.222638934562
625,P6,3238.222638934562,3399.8111090785596
626,P3,2914.6261410103443,3054.683601484843
626,P5,3054.683601484843,3167.5955419743023
626,P6,3167.5955419743023,3303.2868058306544
627,P3,2914.6360248541773,3059.9190085723767
627,P5,3059.9190085723767,3182.699555892573
628,P1,2916.322674108278,3023.5353789766555
628,P2,3023.5353789766555,3153.8053650693705
628,P3,3153.8053650693705,3322.179256623981
628,P4,3322.179256623981,3650.7960921260665
628,P6,3650.7960921260665,3803.0133926693006
629,P1,2920.1825175718873,3018.244082477335
629,P2,3018.244082477335,3134.569444796796
629,P3,3134.569444796796,3321.3165501842664
629,P5,3321.3165501842664,3451.9228231696434
629,P6,3451.9228231696434,3586.941190131262
630,P1,2935.5930335454323,3032.5316880726996
630,P2,3032.5316880726996,3120.8664476212575
630,P3,3120.8664476212575,3283.0417646594665
630,P4,3283.0417646594665,3558.2207030161317
630,P6,3558.2207030161317,3683.181041461598
631,P2,2937.789310378189,3074.7988127005124
631,P3,3074.7988127005124,3256.763447080217
631,P5,3256.763447080217,3409.338849007702
631,P6,3409.338849007702,3553.8026401311754
632,P1,2942.777451047599,3044.668312515887
632,P2,3044.668312515887,3159.433445062857
632,P3,3159.433445062857,3280.8701945324106
632,P4,3280.8701945324106,3511.2545647374995
632,P6,3511.2545647374995,3604.9312480198473
633,P1,2943.32208597258,3040.3401131664327
633,P2,3040.3401131664327,3147.7367257111223
633,P3,3147.7367257111223,3278.4353166411906
633,P5,3278.4353166411906,3412.1785348982403
633,P6,3412.1785348982403,3512.9283299233393
634,P1,2957.6202864826564,3099.8411367271665
634,P2,3099.8411367271665,3253.035457988605
634,P3,3253.035457988605,3508.0829010951975
634,P5,3508.0829010951975,3702.798077315557
634,P6,3702.798077315557,3914.1861365980826
635,P1,2963.805019387309,3054.7004978831596
635,P2,3054.7004978831596,3159.1610455911073
635,P3,3159.1610455911073,3297.5333623265938
635,P5,3297.5333623265938,3406.66636981018
636,P1,2970.329809036979,3075.9327742596297
636,P2,3075.9327742596297,3232.3012006239546
636,P3,3232.3012006239546,3400.101971610692
636,P4,3400.101971610692,3683.8905376844027
636,P6,3683.8905376844027,3803.5767238628364
637,P2,2978.1147962020564,3060.961611951875
637,P3,3060.961611951875,3237.5041981582426
637,P4,3237.5041981582426,3430.0385655560835
637,P7,3430.0385655560835,3524.6271417238236
638,P3,2980.5862988280924,3163.2237998245
638,P5,3163.2237998245,3315.9560806787454
639,P1,2981.0957979572922,3080.0993574004287
639,P2,3080.0993574004287,3206.022586934017
639,P3,3206.022586934017,3369.6045459249112
639,P4,3369.6045459249112,3616.893239276877
639,P7,3616.893239276877,3727.8523980215923
640,P2,2989.9752781524444,3074.776883902181
640,P3,3074.776883902181,3211.7546372081965
640,P4,3211.7546372081965,3423.8575226906523
640,P5,3423.8575226906523,3555.9336306876694
640,P6,3555.9336306876694,3674.2227903822495
641,P3,2991.128448262165,3206.2809787172796
641,P4,3206.2809787172796,3533.7581808180767
641,P5,3533.7581808180767,3703.721068189465
642,P2,2995.172261401832,3133.6978265883326
642,P3,3133.6978265883326,3349.3394686913243
642,P5,3349.3394686913243,3532.4292544153623
643,P1,3000.662516664216,3106.822694048961
643,P2,3106.822694048961,3208.2035579433136
643,P3,3208.2035579433136,3342.6006867580118
643,P5,3342.6006867580118,3459.7983855748835
643,P6,3459.7983855748835,3556.0961630611773
644,P1,3009.0183477784426,3115.9231076070737
644,P2,3115.9231076070737,3256.9031473117107
644,P3,3256.9031473117107,3464.315768041264
644,P4,3464.315768041264,3722.3546596287506
644,P5,3722.3546596287506,3860.599590828283
644,P6,3860.599590828283,3997.9808875297267
644,P7,3997.9808875297267,4115.472032658728
645,P1,3010.430283872277,3152.4574637087367
645,P2,3152.4574637087367,3293.629817130046
645,P3,3293.629817130046,3493.55280742387
645,P4,3493.55280742387,3828.1456227193194
645,P5,3828.1456227193194,4015.6472211297532
645,P6,4015.6472211297532,4169.756399615174
645,P7,4169.756399615174,4304.355231791837
646,P3,3013.5938050360933,3225.4555511329286
646,P4,3225.4555511329286,3467.882200916615
646,P5,3467.882200916615,3619.01602836534
647,P2,3015.752853015776,3153.4420694910204
647,P3,3153.4420694910204,3353.2758499589495
647,P5,3353.2758499589495,3525.733137318734
647,P6,3525.733137318734,3780.241974386978
648,P3,3025.2545830588833,3184.774298913522
648,P4,3184.774298913522,3439.500749794168
648,P7,3439.500749794168,3536.1626481068347
649,P3,3037.455194237466,3208.3599767131436
649,P4,3208.3599767131436,3518.0739489110724
649,P5,3518.0739489110724,3700.6104124110634
650,P1,3049.0718799761985,3176.993553632414
650,P2,3176.993553632414,3326.8168554521635
650,P3,3326.8168554521635,3541.0890133430157
650,P5,3541.0890133430157,3736.0061804763322
650,P6,3736.0061804763322,3893.013690470527
650,P7,3893.013690470527,4034.9237271713664
651,P1,3049.5191539148686,3163.9517695548066
651,P2,3163.9517695548066,3332.492958756787
651,P3,3332.492958756787,3534.9627094238735
651,P4,3534.9627094238735,3872.30299822019
651,P5,3872.30299822019,4092.606349113116
651,P6,4092.606349113116,4245.22082234854
652,P1,3052.1463995598133,3160.8356472574233
652,P2,3160.8356472574233,3274.95956009832
652,P3,3274.95956009832,3440.9226320108305
652,P4,3440.9226320108305,3767.147328493509
652,P6,3767.147328493509,3878.470368213558
653,P1,3054.9226683355405,3164.609536208741
653,P2,3164.609536208741,3276.3830601241043
653,P3,3276.3830601241043,3431.2081491441572
653,P4,3431.2081491441572,3637.666363333433
653,P5,3637.666363333433,3827.9805770410744
653,P6,3827.9805770410744,3948.223952761054
654,P2,3056.7907993066983,3185.910511082966
654,P3,3185.910511082966,3334.693518484374
654,P4,3334.693518484374,3647.5479007257395
654,P5,3647.5479007257395,3829.4361715804193
654,P6,3829.4361715804193,3972.8470247493133
655,P1,3068.2790553456343,3175.473011382066
655,P2,3175.473011382066,3327.20272884341
655,P3,3327.20272884341,3510.186567517773
655,P5,3510.186567517773,3700.2961735287117
656,P1,3079.163826403168,3220.7364367543178
656,P2,3220.7364367543178,3347.3017340546608
656,P3,3347.3017340546608,3495.8925712573828
656,P4,3495.8925712573828,3750.509446527271
656,P5,3750.509446527271,3893.663801143533
657,P3,3082.928966448771,3278.591587915616
657,P4,3278.591587915616,3646.9932574907943
657,P5,3646.9932574907943,3803.343194860104
657,P6,3803.343194860104,3954.422475188002
658,P1,3086.3002011118074,3167.948243062115
658,P2,3167.948243062115,3266.2104746576415
658,P3,3266.2104746576415,3410.6926005862524
658,P4,3410.6926005862524,3630.5841876034315
658,P5,3630.5841876034315,3765.26091530207
659,P2,3089.3612048660684,3221.0512214009955
659,P3,3221.0512214009955,3370.8149484339187
659,P5,3370.8149484339187,3519.848849669006
659,P6,3519.848849669006,3645.017454966925
660,P1,3090.0192886012205,3140.5473010713868
660,P2,3140.5473010713868,3235.814494541375
660,P3,3235.814494541375,3339.9192293653646
660,P4,3339.9192293653646,3513.8626854854906
660,P5,3513.8626854854906,3601.382482373321
660,P6,3601.382482373321,3680.9489680880642
661,P1,3097.8895403271513,3182.5609575786966
661,P2,3182.5609575786966,3298.572090080064
661,P3,3298.572090080064,3505.497255006888
661,P4,3505.497255006888,3735.655331594339
661,P5,3735.655331594339,3856.8406401897123
661,P6,3856.8406401897123,3972.22073050635
662,P1,3098.567154653547,3209.1134784234114
662,P2,3209.1134784234114,3303.5000383529614
662,P3,3303.5000383529614,3431.4608380835257
662,P5,3431.4608380835257,3543.503243212171
662,P6,3543.503243212171,3645.291632436759
663,P1,3099.5099737797573,3201.2163990157637
663,P2,3201.2163990157637,3314.2639882346825
663,P3,3314.2639882346825,3469.882306875413
663,P5,3469.882306875413,3600.535643376553
664,P2,3103.130042102887,3215.1947780666283
664,P3,3215.1947780666283,3360.4725087637116
664,P4,3360.4725087637116,3613.774437335885
664,P7,3613.774437335885,3705.886937324225
665,P3,3109.3169822102304,3264.3066306864134
665,P4,3264.3066306864134,3538.229810208038
665,P5,3538.229810208038,3665.080774642395
666,P3,3114.278061084741,3285.7709035781363
666,P4,3285.7709035781363,3575.498318710922
666,P7,3575.498318710922,3697.251072872832
667,P1,3115.5220112457805,3208.4347416510295
667,P2,3208.4347416510295,3333.455724080338
667,P3,3333.455724080338,3478.3715598282574
667,P5,3478.3715598282574,3606.9202377556985
667,P6,3606.9202377556985,3710.6023006844807
668,P1,3119.3620442502147,3190.2805962553593
668,P2,3190.2805962553593,3277.3391302093914
668,P3,3277.3391302093914,3408.939146307068
668,P4,3408.939146307068,3638.9030203799966
668,P6,3638.9030203799966,3742.727289940432
669,P1,3119.521510164563,3189.880692023277
669,P2,3189.880692023277,3276.3356961448276
669,P3,3276.3356961448276,3390.145224453014
669,P5,3390.145224453014,3512.5505645350368
669,P6,3512.5505645350368,3718.1565777483943
670,P1,3121.835698532804,3213.8579958165674
670,P2,3213.8579958165674,3349.4231347789905
670,P3,3349.4231347789905,3499.27089437984
670,P4,3499.27089437984,3787.4545413942797
670,P7,3787.4545413942797,3927.6877590547574
671,P1,3123.592168403352,3211.7975880052736
671,P2,3211.7975880052736,3336.0082726532837
671,P3,3336.0082726532837,3474.4518655179118
671,P4,3474.4518655179118,3686.652870346296
671,P7,3686.652870346296,3797.690138335581
672,P3,3133.8507844362525,3262.629644191231
672,P4,3262.629644191231,3452.331308192859
672,P7,3452.331308192859,3544.233438846435
673,P1,3149.340856583542,3238.051284439869
673,P2,3238.051284439869,3368.0902526247223
673,P3,3368.0902526247223,3540.4596348960026
673,P5,3540.4596348960026,3664.2942377718573
674,P2,3151.5351666427036,3284.5053033232316
674,P3,3284.5053033232316,3472.0944710514113
674,P4,3472.0944710514113,3755.4047809287695
674,P5,3755.4047809287695,3887.17921856327
674,P6,3887.17921856327,4029.6401307938336
675,P3,3156.324717292305,3285.449579664302
675,P4,3285.449579664302,3514.126579530552
675,P7,3514.126579530552,3602.8891634199185
676,P2,3161.9461277101154,3308.876870688372
676,P3,3308.876870688372,3452.925958559232
676,P5,3452.925958559232,3615.70335188893
676,P6,3615.70335188893,3717.2658915646607
677,P3,3167.9055263125633,3297.79527179183
677,P5,3297.79527179183,3408.1137102550115
677,P6,3408.1137102550115,3512.453415392922
678,P1,3170.273632593115,3339.1937233620833
678,P2,3339.1937233620833,3605.077045234996
678,P3,3605.077045234996,3884.7982068618226
678,P4,3884.7982068618226,4278.504704241578
678,P5,4278.504704241578,4599.646859830948
679,P3,3179.49006540865,3337.886893311538
679,P4,3337.886893311538,3606.737330474433
679,P6,3606.737330474433,3739.5050681943594
680,P1,3193.027021974225,3347.0620005742903
680,P2,3347.0620005742903,3479.9299498743385
680,P3,3479.9299498743385,3649.864574732499
680,P4,3649.864574732499,3957.198283340707
680,P7,3957.198283340707,4108.405393460463
681,P2,3194.2555513153607,3297.9718656506034
681,P3,3297.9718656506034,3441.4804811937943
681,P4,3441.4804811937943,3635.234524579887
681,P6,3635.234524579887,3843.2455587364716
681,P7,3843.2455587364716,3939.6192449484192
682,P3,3196.1381696776666,3350.649978805502
682,P4,3350.649978805502,3620.8849120621044
682,P5,3620.8849120621044,3757.7750410652466
683,P1,3202.098161714074,3258.5212034163715
683,P2,3258.5212034163715,3318.8180604996824
683,P3,3318.8180604996824,3421.707395969758
683,P4,3421.707395969758,3630.1095535815784
683,P5,3630.1095535815784,3723.8820072817457
683,P6,3723.8820072817457,3814.160731417232
684,P2,3203.7444306538555,3349.0022808239833
684,P3,3349.0022808239833,3554.8124130588108
684,P4,3554.8124130588108,3852.9993797793804
684,P6,3852.9993797793804,3985.064423812619
685,P3,3219.7006206150754,3349.581426754208
685,P5,3349.581426754208,3453.826617213414
685,P6,3453.826617213414,3561.4287815348307
686,P1,3224.8175845529986,3319.8544375444103
686,P2,3319.8544375444103,3451.883774851625
686,P3,3451.883774851625,3586.8483590218493
686,P5,3586.8483590218493,3739.2330998742073
686,P6,3739.2330998742073,3874.019594279472
687,P3,3231.588854515483,3400.914766644506
687,P5,3400.914766644506,3546.1226046720167
688,P1,3235.5284334605817,3357.652050855781
688,P2,3357.652050855781,3520.3234790686865
688,P3,3520.3234790686865,3699.2674486542096
688,P4,3699.2674486542096,3986.9721233756227
688,P5,3986.9721233756227,4140.525349717962
688,P6,4140.525349717962,4259.606034575043
689,P1,3242.558391919855,3314.6907350566676
689,P2,3314.6907350566676,3412.778616130344
689,P3,3412.778616130344,3543.440074225178
689,P5,3543.440074225178,3652.2243665116835
690,P1,3244.2816784656006,3375.365306961951
690,P2,3375.365306961951,3486.328779639384
690,P3,3486.328779639384,3606.4456887265655
690,P5,3606.4456887265655,3752.0527342476735
690,P6,3752.0527342476735,3844.3970991800506
690,P7,3844.3970991800506,3935.7890123095467
691,P1,3248.537302140638,3386.085959678826
691,P2,3386.085959678826,3538.1717253342367
691,P3,3538.1717253342367,3785.051087143036
691,P4,3785.051087143036,4120.988225498785
691,P6,4120.988225498785,4301.193485307171
692,P2,3251.1627945542336,3453.063028931763
692,P3,3453.063028931763,3699.935552697757
692,P4,3699.935552697757,4076.6669421040733
692,P6,4076.6669421040733,4286.297918850879
693,P1,3253.3769940016678,3366.9002413385415
693,P2,3366.9002413385415,3495.3738923294586
693,P3,3495.3738923294586,3649.7596430511485
693,P4,3649.7596430511485,3907.1264640101576
693,P6,3907.1264640101576,4058.3857375755006
694,P1,3260.124581923211,3376.7190961227593
694,P2,3376.7190961227593,3567.82764889791
694,P3,3567.82764889791,3803.278802849252
694,P5,3803.278802849252,4014.7074427811935
695,P2,3264.4605875718344,3416.4764216408744
695,P3,3416.4764216408744,3707.0838690384594
695,P5,3707.0838690384594,3906.332172682952
696,P3,3267.494626332731,3440.7331167408797
696,P4,3440.7331167408797,3711.4306874770405
696,P6,3711.4306874770405,3850.2412086780246
697,P2,3272.2375937007873,3405.4460608802756
697,P3,3405.4460608802756,3604.349703834417
697,P4,3604.349703834417,3977.188837681809
697,P5,3977.188837681809,4153.806253740708
697,P6,4153.806253740708,4305.600846597089
698,P2,3278.3205139086836,3359.0691712856656
698,P3,3359.0691712856656,3501.9075623697945
698,P4,3501.9075623697945,3747.593773081656
698,P6,3747.593773081656,3838.7737584114348
699,P2,3281.2961263608067,3390.8971983266483
699,P3,3390.8971983266483,3548.6370350984716
699,P5,3548.6370350984716,3681.522961880249
700,P1,3282.735920013827,3509.9963420182225
700,P2,3509.9963420182225,3646.5009915624087
700,P3,3646.5009915624087,3796.3572268808352
700,P4,3796.3572268808352,4021.794339370649
700,P6,4021.794339370649,4145.665568093039
701,P1,3286.8414066732557,3333.1983466353527
701,P2,3333.1983466353527,3393.1303674869623
701,P3,3393.1303674869623,3474.0033623920567
701,P4,3474.0033623920567,3625.3935898643467
701,P5,3625.3935898643467,3711.9583805394213
701,P6,3711.9583805394213,3776.13348512565
702,P1,3288.041735499734,3397.5450789627716
702,P2,3397.5450789627716,3510.9420257400748
702,P3,3510.9420257400748,3644.4701865970865
702,P4,3644.4701865970865,3871.95151298326
702,P7,3871.95151298326,4002.2038520661963
703,P2,3292.4966783344507,3420.149027593572
703,P3,3420.149027593572,3586.3122510418552
703,P5,3586.3122510418552,3727.122297479955
704,P2,3307.046831983516,3377.988968253613
704,P3,3377.988968253613,3512.2226516511328
704,P4,3512.2226516511328,3703.4052399220272
704,P7,3703.4052399220272,3792.7412105739304
705,P2,3311.2514565883066,3396.657006615309
705,P3,3396.657006615309,3534.359223673586
705,P4,3534.359223673586,3739.913298666105
705,P5,3739.913298666105,3859.143115459341
705,P6,3859.143115459341,3989.392612422023
706,P1,3315.081468886284,3381.512342176331
706,P2,3381.512342176331,3474.377103033873
706,P3,3474.377103033873,3586.5522931096043
706,P5,3586.5522931096043,3685.285913549385
707,P3,3321.779404721153,3454.1952533188623
707,P4,3454.1952533188623,3711.4554701558
707,P7,3711.4554701558,3842.594712998669
708,P1,3322.746795847924,3419.284534026362
708,P2,3419.284534026362,3552.07879889034
708,P3,3552.07879889034,3729.295029268534
708,P4,3729.295029268534,3947.4668551386594
708,P6,3947.4668551386594,4068.114170784549
709,P3,3330.4397714906722,3465.0117929309845
709,P5,3465.0117929309845,3606.6523579398963
710,P3,3348.752579180116,3499.547939964941
710,P4,3499.547939964941,3699.3764851425135
710,P6,3699.3764851425135,3812.1300952793704
711,P3,3348.763418932931,3549.128748667872
711,P4,3549.128748667872,3896.4770809414467
711,P7,3896.4770809414467,4022.7318760739995
712,P3,3349.0071436157814,3567.7394921164287
712,P4,3567.7394921164287,3924.72245956918
712,P7,3924.72245956918,4074.6718682789424
713,P1,3350.026684316645,3440.353387640435
713,P2,3440.353387640435,3554.274720827278
713,P3,3554.274720827278,3701.470388209732
713,P4,3701.470388209732,3915.273570463954
713,P6,3915.273570463954,4035.3375935171734
713,P7,4035.3375935171734,4136.397676084869
714,P3,3351.3429121370996,3579.1737432371265
714,P4,3579.1737432371265,3848.0199418517545
714,P7,3848.0199418517545,3983.565945973932
715,P1,3353.0729031893698,3464.9051237492063
715,P2,3464.9051237492063,3591.1805732297225
715,P3,3591.1805732297225,3807.996499252492
715,P4,3807.996499252492,4138.016026828185
715,P5,4138.016026828185,4315.372316459322
716,P3,3368.728596460907,3526.4377317208
716,P4,3526.4377317208,3731.1646482492256
716,P7,3731.1646482492256,3835.7118885406358
717,P2,3377.3061663546996,3495.30514607468
717,P3,3495.30514607468,3638.935912926527
717,P4,3638.935912926527,3843.883303506908
717,P5,3843.883303506908,3986.520132836951
718,P1,3379.730242347299,3527.7126673174475
718,P2,3527.7126673174475,3692.521911618288
718,P3,3692.521911618288,3931.3298552500496
718,P4,3931.3298552500496,4269.947818738001
718,P5,4269.947818738001,4479.450202369537
719,P3,3381.6983509329275,3533.6749239872825
719,P4,3533.6749239872825,3770.521155749831
719,P7,3770.521155749831,3878.768663964187
720,P1,3385.3984830814966,3517.8839307132926
720,P2,3517.8839307132926,3605.9846167684295
720,P3,3605.9846167684295,3765.1155628489123
720,P4,3765.1155628489123,3967.300888534393
720,P6,3967.300888534393,4066.280800683636
721,P1,3387.691993185288,3434.1596346780602
721,P2,3434.1596346780602,3507.993798018131
721,P3,3507.993798018131,3635.534838629785
721,P4,3635.534838629785,3778.0420017058304
721,P6,3778.0420017058304,3873.9419091930263
722,P3,3398.360581735958,3567.639259229666
722,P4,3567.639259229666,3846.000477697302
722,P6,3846.000477697302,4017.9683212969853
723,P1,3403.5902695230416,3492.3937565570413
723,P2,3492.3937565570413,3625.2003418395207
723,P3,3625.2003418395207,3800.3431767752422
723,P4,3800.3431767752422,4019.729982535368
723,P7,4019.729982535368,4130.963776463293
724,P1,3407.9380271651685,3501.6608941705736
724,P2,3501.6608941705736,3614.879038747541
724,P3,3614.879038747541,3751.5943650646363
724,P5,3751.5943650646363,3891.034367663808
724,P6,3891.034367663808,4018.9321079219403
724,P7,4018.9321079219403,4135.115644098884
725,P2,3408.5087211830883,3527.4709090052884
725,P3,3527.4709090052884,3680.084682612639
725,P4,3680.084682612639,3986.103983589748
725,P7,3986.103983589748,4118.376574194066
726,P1,3409.126143903303,3508.4849323888225
726,P2,3508.4849323888225,3604.6587501452245
726,P3,3604.6587501452245,3772.6460846339705
726,P4,3772.6460846339705,4113.421864398243
726,P5,4113.421864398243,4325.752435491829
727,P1,3413.69390857915,3475.5910454573072
727,P2,3475.5910454573072,3563.4115426966305
727,P3,3563.4115426966305,3679.044413167458
727,P4,3679.044413167458,3877.6494627461493
727,P7,3877.6494627461493,3966.513087262228
728,P2,3420.513677552528,3525.408599695135
728,P3,3525.408599695135,3667.6177438214163
728,P4,3667.6177438214163,3895.054215339874
728,P6,3895.054215339874,4008.387900087079
729,P1,3422.280432392601,3494.5795275743994
729,P2,3494.5795275743994,3596.687993556394
729,P3,3596.687993556394,3709.55799134638
729,P5,3709.55799134638,3801.2164978965866
729,P6,3801.2164978965866,3894.2083864637657
729,P7,3894.2083864637657,4037.31011734296
730,P2,3432.074822813666,3550.1328051968676
730,P3,3550.1328051968676,3710.543879043633
730,P4,3710.543879043633,3966.5163361162477
730,P5,3966.5163361162477,4110.822378526714
731,P3,3433.9167895066926,3617.613168514463
731,P5,3617.613168514463,3786.7477698221624
731,P6,3786.7477698221624,3920.823271152086
732,P1,3435.160617034394,3570.8010560327907
732,P2,3570.8010560327907,3768.3812206867756
732,P3,3768.3812206867756,4044.9017066340957
732,P5,4044.9017066340957,4252.578164894156
733,P2,3438.5087427650387,3542.7970289126556
733,P3,3542.7970289126556,3678.7820632416133
733,P5,3678.7820632416133,3808.414893124609
733,P6,3808.414893124609,3925.7404249791525
734,P3,3459.2583765456457,3594.8722929255887
734,P5,3594.8722929255887,3708.811764504546
735,P3,3459.584855226841,3643.9006856082838
735,P4,3643.9006856082838,3878.7319746143353
735,P6,3878.7319746143353,4005.6541182062347
735,P7,4005.6541182062347,4088.578759605951
736,P1,3466.8442254854804,3534.489161789598
736,P2,3534.489161789598,3723.026717164565
736,P3,3723.026717164565,3839.5251547433168
736,P5,3839.5251547433168,3959.8865034839764
736,P6,3959.8865034839764,4082.8734044663993
737,P1,3467.9240357925173,3599.7098057556623
737,P2,3599.7098057556623,3717.621175624568
737,P3,3717.621175624568,4015.0469282378826
737,P4,4015.0469282378826,4338.82134809271
737,P7,4338.82134809271,4478.878374199211
738,P2,3469.350476366096,3603.597383358601
738,P3,3603.597383358601,3876.358555022487
738,P4,3876.358555022487,4175.107707340315
738,P5,4175.107707340315,4344.521196846044
738,P6,4344.521196846044,4497.828958285343
738,P7,4497.828958285343,4656.690212645293
739,P1,3469.9762800818603,3566.4636221624082
739,P2,3566.4636221624082,3673.883086725876
739,P3,3673.883086725876,3834.0182756744357
739,P5,3834.0182756744357,4015.0917250670464
739,P6,4015.0917250670464,4133.197519597773
740,P1,3474.625704329235,3555.892154616786
740,P2,3555.892154616786,3718.266519120351
740,P3,3718.266519120351,3846.688962008664
740,P5,3846.688962008664,3978.06142826254
740,P6,3978.06142826254,4113.63311502708
741,P1,3474.9264668764145,3544.3213226402668
741,P2,3544.3213226402668,3652.64628473029
741,P3,3652.64628473029,3795.00091440309
741,P4,3795.00091440309,3978.219252992366
741,P5,3978.219252992366,4098.09105195561
742,P1,3475.7576874239458,3558.7061384688864
742,P2,3558.7061384688864,3673.3722470387906
742,P3,3673.3722470387906,3840.0939389919054
742,P4,3840.0939389919054,4105.743161102314
742,P7,4105.743161102314,4207.24217125239
743,P1,3479.600285842835,3613.039547759513
743,P2,3613.039547759513,3767.809887817392
743,P3,3767.809887817392,4021.1300437357877
743,P4,4021.1300437357877,4385.078535583701
743,P5,4385.078535583701,4551.627776773509
744,P1,3480.4742109282856,3583.6262827054147
744,P2,3583.6262827054147,3727.840097294098
744,P3,3727.840097294098,3885.9929331162093
744,P4,3885.9929331162093,4143.33492595105
744,P7,4143.33492595105,4276.756739127854
745,P1,3491.7530836079914,3642.301541407131
745,P2,3642.301541407131,3824.0614082736447
745,P3,3824.0614082736447,4060.1274793264133
745,P5,4060.1274793264133,4281.454208177114
746,P1,3507.793133163947,3597.7493298677655
746,P2,3597.7493298677655,3727.756998314743
746,P3,3727.756998314743,3857.9991823181335
746,P4,3857.9991823181335,4090.8508577502125
746,P5,4090.8508577502125,4214.739078118867
746,P6,4214.739078118867,4333.9548402160035
747,P2,3508.811338402275,3658.7178620443246
747,P3,3658.7178620443246,3843.5776262534496
747,P4,3843.5776262534496,4129.304362325397
747,P7,4129.304362325397,4255.111672376097
748,P1,3515.3146812323034,3600.803548189189
748,P2,3600.803548189189,3719.227938024418
748,P3,3719.227938024418,3885.0316903025214
748,P5,3885.0316903025214,4025.8000254553867
748,P6,4025.8000254553867,4144.512646590645
749,P3,3516.5520110287907,3716.73249736072
749,P4,3716.73249736072,4198.146555874595
749,P5,4198.146555874595,4386.594715270257
750,P1,3522.6307117300134,3618.7842020633693
750,P2,3618.7842020633693,3753.86150960474
750,P3,3753.86150960474,3956.2887301858214
750,P4,3956.2887301858214,4227.862611060636
750,P6,4227.862611060636,4345.844348936325
750,P7,4345.844348936325,4475.748457387846
751,P1,3524.616627207985,3641.3727854213444
751,P2,3641.3727854213444,3878.8028643373896
751,P3,3878.8028643373896,4114.742215061425
751,P4,4114.742215061425,4422.593606193626
751,P5,4422.593606193626,4646.573628490074
752,P3,3525.0696223220943,3645.6278718868916
752,P4,3645.6278718868916,3854.111155282502
752,P6,3854.111155282502,3964.8941057168195
753,P3,3531.729211534219,3647.9205581306073
753,P4,3647.9205581306073,3826.880716457869
753,P7,3826.880716457869,3900.5818196371674
754,P3,3533.1302150442248,3697.6002967277254
754,P5,3697.6002967277254,3841.53804064915
755,P1,3536.150958856103,3669.2646891151035
755,P2,3669.2646891151035,3837.051288004971
755,P3,3837.051288004971,4115.286579000838
755,P4,4115.286579000838,4490.526125234908
755,P5,4490.526125234908,4719.444552293082
755,P6,4719.444552293082,4861.920564886252
755,P7,4861.920564886252,5041.28232456626
756,P3,3538.076299127726,3696.784527715242
756,P4,3696.784527715242,3927.0019160217507
756,P6,3927.0019160217507,4047.152917514727
757,P1,3540.6084528728443,3672.2613603530945
757,P2,3672.2613603530945,3834.4046458357707
757,P3,3834.4046458357707,4066.806444231638
757,P5,4066.806444231638,4237.969557317968
757,P6,4237.969557317968,4373.412642198366
758,P1,3542.1266619449316,3741.1079373239154
758,P2,3741.1079373239154,3906.1890765881694
758,P3,3906.1890765881694,4142.314208970535
758,P4,4142.314208970535,4396.587822556329
758,P5,4396.587822556329,4557.05000131127
758,P6,4557.05000131127,4686.19522329261
759,P3,3543.359205671114,3774.025393101544
759,P4,3774.025393101544,4198.814853350982
759,P5,4198.814853350982,4405.220254372208
760,P3,3547.4722816784656,3676.604826747469
760,P4,3676.604826747469,3888.714344213881
760,P6,3888.714344213881,3990.8126205354247
761,P1,3552.1974320565214,3663.7234212195262
761,P2,3663.7234212195262,3730.015801321787
761,P3,3730.015801321787,3820.263391860301
761,P4,3820.263391860301,3958.3011818426676
761,P7,3958.3011818426676,4022.2255560016465
762,P1,3552.840770104386,3643.4899326315594
762,P2,3643.4899326315594,3748.388895630473
762,P3,3748.388895630473,3911.485857786121
762,P5,3911.485857786121,4012.8260968955287
762,P6,4012.8260968955287,4114.410992593226
763,P3,3560.4946556174923,3763.643871220568
763,P4,3763.643871220568,4011.5790965804977
763,P7,4011.5790965804977,4123.291041559004
764,P2,3560.645996344,3740.324653878028
764,P3,3740.324653878028,3945.122637222635
764,P5,3945.122637222635,4156.523141542027
765,P2,3568.8897064995567,3713.174451948844
765,P3,3713.174451948844,3911.4624331533732
765,P5,3911.4624331533732,4093.5733588808175
766,P1,3570.43667991674,3648.4074076411134
766,P2,3648.4074076411134,3806.8034562289026
766,P3,3806.8034562289026,3930.479059560399
766,P4,3930.479059560399,4163.762921680661
766,P6,4163.762921680661,4274.480627688427
767,P1,3575.4371695482155,3659.4354029254737
767,P2,3659.4354029254737,3771.6711918301035
767,P3,3771.6711918301035,3891.4268159718754
767,P4,3891.4268159718754,4080.5039841029934
767,P6,4080.5039841029934,4164.3570498366635
768,P1,3577.0522156653815,3703.1630727036936
768,P2,3703.1630727036936,3837.8640929777316
768,P3,3837.8640929777316,4066.3562052939415
768,P4,4066.3562052939415,4353.261238869203
768,P5,4353.261238869203,4526.911762347987
768,P6,4526.911762347987,4668.952701736099
769,P2,3591.1810919838504,3678.455526603926
769,P3,3678.455526603926,3812.573907483931
769,P5,3812.573907483931,3918.1065986448984
769,P6,3918.1065986448984,4011.6323850787953
770,P2,3593.493733517573,3717.817092335596
770,P3,3717.817092335596,3850.1739438627856
770,P4,3850.1739438627856,4082.040284339111
770,P5,4082.040284339111,4226.423048339947
770,P6,4226.423048339947,4329.763526703222
770,P7,4329.763526703222,4421.442081385947
771,P2,3595.2534566471013,3708.022164908602
771,P3,3708.022164908602,3846.296268896123
771,P4,3846.296268896123,4072.254241113503
771,P6,4072.254241113503,4181.698288237752
772,P2,3597.4956644599974,3762.1075725022997
772,P3,3762.1075725022997,3919.8203735639518
772,P4,3919.8203735639518,4122.734871201713
772,P7,4122.734871201713,4230.087883889417
773,P1,3606.2364489391907,3687.7567025480876
773,P2,3687.7567025480876,3793.7983398562883
773,P3,3793.7983398562883,3923.726662300215
773,P5,3923.726662300215,4080.010571104869
774,P1,3612.281639833759,3704.314148234442
774,P2,3704.314148234442,3817.6724444912616
774,P3,3817.6724444912616,3975.277955720001
774,P4,3975.277955720001,4188.803266348035
774,P6,4188.803266348035,4300.616239680955
775,P3,3635.0825839140566,3762.1036764144483
775,P4,3762.1036764144483,4008.829347560206
775,P7,4008.829347560206,4122.907796147114
776,P3,3643.7003989874434,3855.1287009035723
776,P4,3855.1287009035723,4196.583613658806
776,P5,4196.583613658806,4402.123501769782
776,P6,4402.123501769782,4523.604387347467
777,P1,3645.858328223062,3736.6716123710585
777,P2,3736.6716123710585,3842.2171670776233
777,P3,3842.2171670776233,4017.853811065236
777,P4,4017.853811065236,4276.633176101077
777,P5,4276.633176101077,4414.398279170992
778,P1,3646.878831362842,3729.1267270903327
778,P2,3729.1267270903327,3814.2479881692693
778,P3,3814.2479881692693,3957.7518142635145
778,P4,3957.7518142635145,4132.00506513086
778,P5,4132.00506513086,4255.261517307379
778,P6,4255.261517307379,4344.866222748846
779,P2,3647.6294501612697,3814.4203188348997
779,P3,3814.4203188348997,3997.7415954108037
779,P4,3997.7415954108037,4324.122186921919
779,P7,4324.122186921919,4432.792613758254
780,P1,3648.720295284296,3740.7934209557907
780,P2,3740.7934209557907,3850.6284681132975
780,P3,3850.6284681132975,3975.891764430016
780,P5,3975.891764430016,4104.428533638683
780,P6,4104.428533638683,4221.06129394694
781,P1,3652.7688944903302,3734.9951762925007
781,P2,3734.9951762925007,3853.6099882266294
781,P3,3853.6099882266294,3974.255752491606
781,P4,3974.255752491606,4174.7945438302
781,P7,4174.7945438302,4260.504914008615
782,P1,3661.3941660598653,3750.9823865678045
782,P2,3750.9823865678045,3891.1759618804963
782,P3,3891.1759618804963,4138.093640455566
782,P4,4138.093640455566,4341.3712121131
782,P6,4341.3712121131,4463.55866366193
783,P1,3665.510130632863,3728.5905975593914
783,P2,3728.5905975593914,3797.8299372008955
783,P3,3797.8299372008955,3895.0770707028114
783,P4,3895.0770707028114,4063.785184259256
783,P5,4063.785184259256,4156.648525339226
783,P6,4156.648525339226,4236.325323200423
784,P1,3668.0882416915306,3786.9425745158724
784,P2,3786.9425745158724,3900.165633066678
784,P3,3900.165633066678,4093.0221642837478
784,P4,4093.0221642837478,4380.534972137207
784,P5,4380.534972137207,4521.387793797533
784,P6,4521.387793797533,4735.628654839376
784,P7,4735.628654839376,4872.100227053236
785,P1,3673.539806794282,3754.612107772352
785,P2,3754.612107772352,3865.484809355229
785,P3,3865.484809355229,4017.7344769087495
785,P4,4017.7344769087495,4246.426675868832
785,P7,4246.426675868832,4376.344535779568
786,P1,3673.795047229928,3755.761266211514
786,P2,3755.761266211514,3919.5684384727574
786,P3,3919.5684384727574,4079.921711817513
786,P4,4079.921711817513,4381.489564817122
786,P7,4381.489564817122,4556.989014149356
787,P1,3685.8973041734794,3780.600369670241
787,P2,3780.600369670241,3866.9881899320926
787,P3,3866.9881899320926,3973.8697524914414
787,P4,3973.8697524914414,4168.674969299634
787,P6,4168.674969299634,4252.837208811412
788,P3,3696.793366106394,3898.1624026663694
788,P5,3898.1624026663694,4088.4698028489624
788,P6,4088.4698028489624,4226.514951488851
789,P2,3702.9668260431836,3770.033805362859
789,P3,3770.033805362859,3871.1334324802506
789,P4,3871.1334324802506,4070.101280072601
789,P6,4070.101280072601,4148.97410223131
790,P2,3706.1613079941035,3853.488384183405
790,P3,3853.488384183405,4000.6859768928957
790,P4,4000.6859768928957,4271.6530727569725
790,P6,4271.6530727569725,4391.300320760224
791,P1,3706.8820177733483,3790.6253832783063
791,P2,3790.6253832783063,3912.7200792538665
791,P3,3912.7200792538665,4070.626589857205
791,P4,4070.626589857205,4303.593670998898
791,P5,4303.593670998898,4418.738437954572
792,P3,3707.3082142650724,3803.839764275864
792,P5,3803.839764275864,3880.2197748300396
793,P1,3709.621673021325,3804.217882494406
793,P2,3804.217882494406,3926.0363636766583
793,P3,3926.0363636766583,4144.672370159275
793,P4,4144.672370159275,4429.720248298085
793,P5,4429.720248298085,4560.108418544912
793,P6,4560.108418544912,4678.045220753873
794,P3,3709.6908888743387,3917.6238166963276
794,P4,3917.6238166963276,4198.099658141139
794,P5,4198.099658141139,4382.019365956456
795,P1,3712.4410997139034,3792.3224251137444
795,P2,3792.3224251137444,3882.84933024116
795,P3,3882.84933024116,4005.9869302755583
795,P5,4005.9869302755583,4166.569602763408
795,P6,4166.569602763408,4248.6243085926735
796,P2,3713.673731728236,3857.2117314054854
796,P3,3857.2117314054854,4090.257168334216
796,P5,4090.257168334216,4267.643862778432
797,P1,3723.223365341856,3806.4847530629777
797,P2,3806.4847530629777,3918.971995264717
797,P3,3918.971995264717,4083.4615803187344
797,P5,4083.4615803187344,4276.335501419246
797,P6,4276.335501419246,4395.608063073381
797,P7,4395.608063073381,4499.933697004565
798,P3,3727.233176218555,3887.1377024496865
798,P4,3887.1377024496865,4125.448940710028
798,P7,4125.448940710028,4217.019964032091
799,P2,3735.933693905293,3871.6095626381248
799,P3,3871.6095626381248,4057.8036418047022
799,P5,4057.8036418047022,4225.873371816896
799,P6,4225.873371816896,4371.61192285784
800,P3,3740.2884300475716,3864.0386534886966
800,P4,3864.0386534886966,4110.705121754552
800,P5,4110.705121754552,4227.23256053172
800,P6,4227.23256053172,4339.831731269374
801,P1,3746.659036939076,3876.4542394473283
801,P2,3876.4542394473283,4014.3584264702968
801,P3,4014.3584264702968,4187.773464353046
801,P4,4187.773464353046,4512.817642992941
801,P5,4512.817642992941,4689.344394766612
801,P6,4689.344394766612,4858.929495654622
802,P2,3749.0190251796007,3870.618557712097
802,P3,3870.618557712097,4017.6561646094906
802,P5,4017.6561646094906,4149.481395940414
803,P2,3754.1344512376027,3850.299432267534
803,P3,3850.299432267534,3974.778065297298
803,P5,3974.778065297298,4094.9076961331416
804,P1,3771.307793732191,3936.7549260558226
804,P2,3936.7549260558226,4054.305767278821
804,P3,4054.305767278821,4225.992296363102
804,P4,4225.992296363102,4519.595420034714
804,P7,4519.595420034714,4643.198986877176
805,P3,3778.3940073641934,3931.2449940935544
805,P5,3931.2449940935544,4068.559575430496
805,P6,4068.559575430496,4193.638802856438
806,P1,3779.4314292892514,3880.40526390081
806,P2,3880.40526390081,4008.700058800867
806,P3,4008.700058800867,4148.720915546387
806,P5,4148.720915546387,4308.588308237139
807,P1,3783.3061883736027,3924.77005021009
807,P2,3924.77005021009,4081.471707924996
807,P3,4081.471707924996,4264.3377095945225
807,P5,4264.3377095945225,4497.68537013959
807,P6,4497.68537013959,4644.429111943869
808,P3,3785.34718310087,3912.933556315301
808,P4,3912.933556315301,4114.0757959706325
808,P7,4114.0757959706325,4212.332010409245
809,P2,3791.768864493392,3912.548335585532
809,P3,3912.548335585532,4041.4958563692317
809,P4,4041.4958563692317,4218.971634425488
809,P6,4218.971634425488,4322.542428525289
810,P2,3793.6701267394433,3913.039001197767
810,P3,3913.039001197767,4050.482254255643
810,P4,4050.482254255643,4299.2743785760085
810,P5,4299.2743785760085,4423.741844603913
811,P3,3794.0461659261746,4010.781311994986
811,P4,4010.781311994986,4344.971684430008
811,P6,4344.971684430008,4497.390285967464
812,P3,3809.3732805788795,4061.0594761680945
812,P4,4061.0594761680945,4361.619211022896
812,P6,4361.619211022896,4519.834796464885
813,P2,3809.8696006261675,3966.2624468359772
813,P3,3966.2624468359772,4209.702594241033
813,P4,4209.702594241033,4552.711643693407
813,P7,4552.711643693407,4690.264588494563
814,P3,3810.2055169846794,3966.82033026355
814,P4,3966.82033026355,4239.26329913201
814,P6,4239.26329913201,4377.700440682669
815,P3,3811.848632921338,3976.37135704252
815,P4,3976.37135704252,4222.403852495962
815,P6,4222.403852495962,4346.612529368136
816,P1,3813.223353430747,3911.895778015802
816,P2,3911.895778015802,4040.484854084155
816,P3,4040.484854084155,4186.149756534472
816,P4,4186.149756534472,4405.25017459908
816,P5,4405.25017459908,4572.496222304813
816,P6,4572.496222304813,4693.880314360378
817,P1,3819.07376802095,3884.990469989844
817,P2,3884.990469989844,4028.927198394405
817,P3,4028.927198394405,4186.459228540597
817,P4,4186.459228540597,4370.922016970971
817,P6,4370.922016970971,4458.887633625305
818,P3,3827.655551160946,4011.002290333994
818,P4,4011.002290333994,4299.442338323907
818,P5,4299.442338323907,4464.406393052919
818,P6,4464.406393052919,4623.087916943601
818,P7,4623.087916943601,4789.738716868193
819,P1,3828.527445017082,3920.8522049412286
819,P2,3920.8522049412286,4045.22687463844
819,P3,4045.22687463844,4223.730293141145
819,P4,4223.730293141145,4518.329113513126
819,P7,4518.329113513126,4637.766075916954
820,P1,3830.8445657519796,3916.8414624614143
820,P2,3916.8414624614143,4046.489699917214
820,P3,4046.489699917214,4319.967373806838
820,P5,4319.967373806838,4479.126023469927
820,P6,4479.126023469927,4621.583426557559
821,P1,3837.0717720121834,3943.8792596501507
821,P2,3943.8792596501507,4109.979601648279
821,P3,4109.979601648279,4311.725349856588
821,P4,4311.725349856588,4629.846238507049
821,P7,4629.846238507049,4804.743956996409
822,P3,3844.4495485232674,4033.6602700012627
822,P5,4033.6602700012627,4178.874153298242
823,P3,3860.425509415935,3951.6682731500455
823,P4,3951.6682731500455,4137.168518420271
823,P5,4137.168518420271,4232.279711703016
823,P6,4232.279711703016,4330.232402347029
824,P3,3875.4792104084027,4010.3070702520645
824,P5,4010.3070702520645,4140.914699184403
825,P3,3892.9099755980023,4007.448324627039
825,P5,4007.448324627039,4143.6665022747975
825,P6,4143.6665022747975,4237.502851433145
825,P7,4237.502851433145,4315.1379122243925
826,P1,3892.921750070316,3977.469318042476
826,P2,3977.469318042476,4069.8647625250396
826,P3,4069.8647625250396,4191.330332144173
826,P5,4191.330332144173,4311.73084880558
826,P6,4311.73084880558,4396.935330819463
827,P3,3894.7691431076964,4058.7454286589355
827,P4,4058.7454286589355,4365.448895698971
827,P6,4365.448895698971,4512.336611607229
828,P2,3895.7031491065304,4023.624588548279
828,P3,4023.624588548279,4185.6995559178495
828,P4,4185.6995559178495,4480.826037477163
828,P5,4480.826037477163,4651.540779956435
828,P6,4651.540779956435,4825.87341198346
828,P7,4825.87341198346,4957.246721311355
829,P3,3897.1029927003906,4027.2429622281848
829,P5,4027.2429622281848,4137.336503314669
830,P3,3898.0333655295412,4020.3602456920776
830,P4,4020.3602456920776,4231.187956651304
830,P6,4231.187956651304,4353.285939509877
831,P1,3898.9260189763236,4002.3566030990983
831,P2,4002.3566030990983,4079.8885670307027
831,P3,4079.8885670307027,4267.947525951687
831,P4,4267.947525951687,4565.287420694392
831,P5,4565.287420694392,4718.5880338345205
831,P6,4718.5880338345205,4836.285021861961
832,P3,3904.3855617853014,4054.6738379381204
832,P4,4054.6738379381204,4340.552617176871
832,P5,4340.552617176871,4479.794267993595
833,P1,3917.4507241584392,4004.048689815445
833,P2,4004.048689815445,4099.661120866392
833,P3,4099.661120866392,4247.011607510669
833,P4,4247.011607510669,4456.289601211597
833,P6,4456.289601211597,4595.537006146686
834,P1,3920.2784905702897,4005.0416678112074
834,P2,4005.0416678112074,4119.329756051608
834,P3,4119.329756051608,4255.096771225866
834,P4,4255.096771225866,4454.9116413791335
834,P5,4454.9116413791335,4581.308953933938
834,P6,4581.308953933938,4675.340882045641
835,P3,3925.2455627888403,4095.340946136198
835,P4,4095.340946136198,4367.962060677821
835,P5,4367.962060677821,4506.1536582780855
835,P6,4506.1536582780855,4638.699299809812
836,P3,3928.3823541000343,4106.819446855629
836,P4,4106.819446855629,4426.843969725378
836,P6,4426.843969725378,4577.824920270803
837,P1,3933.4541864474877,4007.4862278022556
837,P2,4007.4862278022556,4118.6979500406305
837,P3,4118.6979500406305,4258.234522575684
837,P5,4258.234522575684,4384.013664923998
837,P6,4384.013664923998,4501.574216404697
838,P2,3933.895557612619,4064.8169228524366
838,P3,4064.8169228524366,4215.56948928088
838,P4,4215.56948928088,4465.992606270472
838,P5,4465.992606270472,4635.509339534264
839,P1,3937.387710624084,4036.0716669630306
839,P2,4036.0716669630306,4159.746302109554
839,P3,4159.746302109554,4297.212875149379
839,P4,4297.212875149379,4502.928279686958
839,P7,4502.928279686958,4592.156268101332
840,P2,3944.248827927051,4072.813369918525
840,P3,4072.813369918525,4251.197893748693
840,P5,4251.197893748693,4437.4841260963985
840,P6,4437.4841260963985,4555.931528541486
841,P1,3947.5352691159605,4042.659475562711
841,P2,4042.659475562711,4163.026977923984
841,P3,4163.026977923984,4338.784327980954
841,P4,4338.784327980954,4609.851414768444
841,P5,4609.851414768444,4747.265979337191
841,P6,4747.265979337191,4902.331453992605
842,P1,3953.811505837222,4022.790776428185
842,P2,4022.790776428185,4137.325086197706
842,P3,4137.325086197706,4285.513147806826
842,P5,4285.513147806826,4407.34695406055
842,P6,4407.34695406055,4541.810438475702
843,P3,3957.480730872965,4141.785309342435
843,P4,4141.785309342435,4461.938131545022
843,P6,4461.938131545022,4641.7290420817135
844,P1,3960.446985075641,4035.68736220985
844,P2,4035.68736220985,4125.551006922369
844,P3,4125.551006922369,4235.91124781578
844,P5,4235.91124781578,4332.740379769892
845,P2,3962.196368664672,4105.04213311677
845,P3,4105.04213311677,4286.708660324072
845,P5,4286.708660324072,4443.032208251204
845,P6,4443.032208251204,4583.5731098983815
846,P1,3973.30332538771,4078.37983992338
846,P2,4078.37983992338,4209.067792069335
846,P3,4209.067792069335,4432.200205670789
846,P4,4432.200205670789,4716.143482051468
846,P6,4716.143482051468,4845.887900844284
847,P3,3977.386033774551,4166.470098119203
847,P4,4166.470098119203,4496.893266091738
847,P6,4496.893266091738,4617.16784161587
848,P1,3991.653219031773,4093.0125862762584
848,P2,4093.0125862762584,4234.460057786056
848,P3,4234.460057786056,4389.943039421819
848,P4,4389.943039421819,4675.448779924844
848,P7,4675.448779924844,4825.315566531507
849,P1,4003.518335051719,4079.2746767375766
849,P2,4079.2746767375766,4197.819969634398
849,P3,4197.819969634398,4314.872306667494
849,P4,4314.872306667494,4548.201558999787
849,P6,4548.201558999787,4658.096175502199
849,P7,4658.096175502199,4755.557952149395
850,P1,4004.287859250106,4131.514664156669
850,P2,4131.514664156669,4284.748294594705
850,P3,4284.748294594705,4494.038542427686
850,P5,4494.038542427686,4691.717197033188
851,P3,4004.8323389494253,4139.418257292796
851,P4,4139.418257292796,4416.324030608381
851,P7,4416.324030608381,4501.664520326663
852,P2,4006.3269847880106,4123.622405686173
852,P3,4123.622405686173,4290.664236017497
852,P4,4290.664236017497,4548.597042166134
852,P5,4548.597042166134,4686.680937755176
852,P6,4686.680937755176,4808.876556092567
853,P1,4022.7092955896997,4103.881261131925
853,P2,4103.881261131925,4196.576957571703
853,P3,4196.576957571703,4306.930229250071
853,P5,4306.930229250071,4405.412564234762
853,P6,4405.412564234762,4496.624296903869
854,P1,4024.61817941073,4194.470373818595
854,P2,4194.470373818595,4334.736441086004
854,P3,4334.736441086004,4515.668231030564
854,P5,4515.668231030564,4706.987540843855
854,P6,4706.987540843855,4879.051788516785
855,P3,4026.7631390764354,4189.503538321133
855,P4,4189.503538321133,4470.095507911932
855,P7,4470.095507911932,4601.652766009436
856,P1,4040.8046803246452,4114.991414266721
856,P2,4114.991414266721,4197.189375562333
856,P3,4197.189375562333,4333.655552502283
856,P5,4333.655552502283,4464.9399497013
856,P6,4464.9399497013,4563.999846826861
857,P1,4044.9079578838337,4135.857799995551
857,P2,4135.857799995551,4246.359841058781
857,P3,4246.359841058781,4406.547263151402
857,P4,4406.547263151402,4660.160159588057
857,P5,4660.160159588057,4793.0077487078315
857,P6,4793.0077487078315,4898.099113831833
858,P1,4049.76648728172,4179.383085454772
858,P2,4179.383085454772,4335.41773713261
858,P3,4335.41773713261,4523.108932887681
858,P4,4523.108932887681,4888.171707181715
858,P6,4888.171707181715,5070.983249837521
859,P1,4051.92804511675,4134.158684156559
859,P2,4134.158684156559,4232.26996845348
859,P3,4232.26996845348,4345.945550497634
859,P5,4345.945550497634,4445.108818956968
860,P1,4068.495378528639,4163.4507949289755
860,P2,4163.4507949289755,4288.730214274273
860,P3,4288.730214274273,4450.863798207812
860,P5,4450.863798207812,4587.041337575103
860,P6,4587.041337575103,4698.565389374794
861,P1,4078.7558388016428,4186.840529144714
861,P2,4186.840529144714,4318.7515844180525
861,P3,4318.7515844180525,4482.840021357945
861,P4,4482.840021357945,4799.677349378537
861,P6,4799.677349378537,4925.714308318411
862,P1,4081.9039235043483,4198.133145929146
862,P2,4198.133145929146,4297.313768250172
862,P3,4297.313768250172,4461.8483347961455
862,P5,4461.8483347961455,4617.659887693028
862,P6,4617.659887693028,4755.051470696039
863,P1,4082.6990390289006,4174.285431603349
863,P2,4174.285431603349,4265.053474899656
863,P3,4265.053474899656,4397.984561173889
863,P5,4397.984561173889,4515.298622260763
863,P6,4515.298622260763,4651.459888686549
863,P7,4651.459888686549,4753.4295708786685
864,P1,4083.8565543202644,4180.8304529088955
864,P2,4180.8304529088955,4278.542901838274
864,P3,4278.542901838274,4432.688747820366
864,P5,4432.688747820366,4583.283530692747
864,P6,4583.283530692747,4691.979201177159
865,P1,4088.281505242161,4176.472811058861
865,P2,4176.472811058861,4282.151141985675
865,P3,4282.151141985675,4441.209812114168
865,P4,4441.209812114168,4696.1585384048785
865,P7,4696.1585384048785,4792.667010757135
866,P3,4090.3388715818223,4317.488966209557
866,P4,4317.488966209557,4611.98591586083
866,P7,4611.98591586083,4772.396340313397
867,P1,4095.318737857088,4168.039331696033
867,P2,4168.039331696033,4254.993358044173
867,P3,4254.993358044173,4390.608564429839
867,P4,4390.608564429839,4566.372454063944
867,P6,4566.372454063944,4659.581937767982
868,P2,4097.388601610283,4248.975964754059
868,P3,4248.975964754059,4381.114477941124
868,P5,4381.114477941124,4501.736074134207
868,P6,4501.736074134207,4612.021833057673
869,P1,4099.969185666272,4161.058909368624
869,P2,4161.058909368624,4242.306846739042
869,P3,4242.306846739042,4356.729756072198
869,P5,4356.729756072198,4464.8557282827705
870,P1,4101.229276558408,4208.07730828164
870,P2,4208.07730828164,4315.496108539852
870,P3,4315.496108539852,4447.364926763853
870,P4,4447.364926763853,4757.8243997061745
870,P6,4757.8243997061745,4898.377171291491
871,P2,4105.762565978718,4275.688009161506
871,P3,4275.688009161506,4463.230337006642
871,P5,4463.230337006642,4671.125837934701
872,P2,4107.18363111169,4300.474022005209
872,P3,4300.474022005209,4546.855084430584
872,P4,4546.855084430584,4885.295962198111
872,P6,4885.295962198111,5040.564276375129
873,P3,4108.492707828678,4258.239713448614
873,P4,4258.239713448614,4481.95399596581
873,P5,4481.95399596581,4625.9632505025365
873,P6,4625.9632505025365,4730.491631842925
874,P1,4119.081146501692,4221.961243550309
874,P2,4221.961243550309,4340.376759188059
874,P3,4340.376759188059,4504.3144419562395
874,P4,4504.3144419562395,4813.9361757552915
874,P5,4813.9361757552915,4977.316515608738
874,P6,4977.316515608738,5110.374893353403
875,P1,4124.825667101592,4243.467368017884
875,P2,4243.467368017884,4435.680080647343
875,P3,4435.680080647343,4609.7306262583415
875,P4,4609.7306262583415,4931.119270170195
875,P7,4931.119270170195,5043.381457596962
876,P1,4126.950214758911,4194.705325055467
876,P2,4194.705325055467,4309.770312528493
876,P3,4309.770312528493,4449.935239551849
876,P4,4449.935239551849,4690.492122762097
876,P5,4690.492122762097,4829.534939755468
877,P1,4131.25075531375,4193.613729415086
877,P2,4193.613729415086,4286.913298253278
877,P3,4286.913298253278,4409.213047909459
877,P5,4409.213047909459,4532.11620580275
877,P6,4532.11620580275,4623.577943623761
878,P2,4139.611467097291,4265.862492322266
878,P3,4265.862492322266,4406.845879483497
878,P4,4406.845879483497,4725.57615124867
878,P5,4725.57615124867,4850.27867724587
879,P1,4144.449815443698,4212.133094752407
879,P2,4212.133094752407,4293.882815321921
879,P3,4293.882815321921,4405.487424293121
879,P4,4405.487424293121,4574.80804812818
879,P5,4574.80804812818,4664.328607968233
879,P6,4664.328607968233,4761.671705753229
880,P1,4145.110215093417,4255.601637021528
880,P2,4255.601637021528,4389.920289421241
880,P3,4389.920289421241,4589.177105230042
880,P4,4589.177105230042,4916.567075119902
880,P5,4916.567075119902,5081.570754313608
880,P6,5081.570754313608,5230.5621773449975
880,P7,5230.5621773449975,5380.781740767783
881,P1,4148.063549598825,4226.449466061666
881,P2,4226.449466061666,4343.912071710849
881,P3,4343.912071710849,4482.28095515992
881,P4,4482.28095515992,4834.7761356290985
881,P5,4834.7761356290985,4985.748490156795
881,P6,4985.748490156795,5108.257459979207
881,P7,5108.257459979207,5199.789638153176
882,P1,4149.440844227449,4245.253092685436
882,P2,4245.253092685436,4354.9717639691535
882,P3,4354.9717639691535,4585.8872385278155
882,P4,4585.8872385278155,4841.232320127858
882,P5,4841.232320127858,5000.37745187297
883,P3,4150.4867350258355,4260.279866862925
883,P5,4260.279866862925,4393.601711749593
884,P1,4151.924696595515,4240.788561921142
884,P2,4240.788561921142,4385.79275926285
884,P3,4385.79275926285,4547.981859569185
884,P5,4547.981859569185,4702.9237213099195
885,P1,4155.16330023771,4240.669382702722
885,P2,4240.669382702722,4335.878976764831
885,P3,4335.878976764831,4466.349557763411
885,P4,4466.349557763411,4704.805865199617
885,P6,4704.805865199617,4817.512830015758
886,P1,4162.803575589961,4260.49664989691
886,P2,4260.49664989691,4374.449128040296
886,P3,4374.449128040296,4551.526425993119
886,P4,4551.526425993119,4766.334350673729
886,P6,4766.334350673729,4902.856692182876
886,P7,4902.856692182876,5053.061964091369
887,P1,4166.209959873618,4328.030789205322
887,P2,4328.030789205322,4512.346309026839
887,P3,4512.346309026839,4783.233466812755
887,P4,4783.233466812755,5177.560033465182
887,P6,5177.560033465182,5362.27224491343
887,P7,5362.27224491343,5549.6937401280065
888,P2,4167.787788116136,4307.177854182248
888,P3,4307.177854182248,4515.4157803793805
888,P5,4515.4157803793805,4673.572787429669
889,P1,4173.611239432678,4259.7499932482915
889,P2,4259.7499932482915,4367.063043538578
889,P3,4367.063043538578,4506.317917300624
889,P4,4506.317917300624,4722.983341669271
889,P7,4722.983341669271,4819.791367000748
890,P1,4189.216869217708,4272.070080396742
890,P2,4272.070080396742,4389.892659027365
890,P3,4389.892659027365,4569.433766897437
890,P5,4569.433766897437,4731.36701565947
890,P6,4731.36701565947,4834.942749634939
891,P3,4191.12507528936,4299.419191505951
891,P4,4299.419191505951,4484.186967310267
891,P5,4484.186967310267,4599.2600534986
891,P6,4599.2600534986,4698.984722988242
892,P3,4195.1441312419065,4385.638479249494
892,P5,4385.638479249494,4586.206193418131
893,P1,4205.654356529209,4312.013093502962
893,P2,4312.013093502962,4433.671162523918
893,P3,4433.671162523918,4598.29563481351
893,P4,4598.29563481351,4866.463942952693
893,P6,4866.463942952693,5010.7864031677345
893,P7,5010.7864031677345,5139.7658865589265
894,P1,4209.28622539188,4327.650731242613
894,P2,4327.650731242613,4454.109089698173
894,P3,4454.109089698173,4630.672551782432
894,P4,4630.672551782432,4925.010807730889
894,P6,4925.010807730889,5051.373668461589
895,P2,4227.750111840244,4363.754478943433
895,P3,4363.754478943433,4566.2979823915775
895,P4,4566.2979823915775,4894.76443994346
895,P5,4894.76443994346,5066.461803373509
896,P3,4233.030781313822,4359.9291828886735
896,P4,4359.9291828886735,4556.409942724114
896,P5,4556.409942724114,4783.817914518821
897,P3,4244.474782119787,4373.0019953958545
897,P5,4373.0019953958545,4498.548793741348
897,P6,4498.548793741348,4613.085669094579
897,P7,4613.085669094579,4714.213679417954
898,P2,4244.744873873416,4348.790347758136
898,P3,4348.790347758136,4493.96819782783
898,P4,4493.96819782783,4715.167826951046
898,P7,4715.167826951046,4810.582794697643
899,P2,4248.276605458494,4375.75060044009
899,P3,4375.75060044009,4555.170882926882
899,P4,4555.170882926882,4759.356847331561
899,P7,4759.356847331561,4856.403651169419
900,P1,4253.169964954894,4330.141244586292
900,P2,4330.141244586292,4420.767670164139
900,P3,4420.767670164139,4543.52798882365
900,P5,4543.52798882365,4759.639452762654
901,P1,4253.627443821849,4353.679479982938
901,P2,4353.679479982938,4469.8314808320865
901,P3,4469.8314808320865,4622.661893052962
901,P4,4622.661893052962,4807.716356890901
901,P6,4807.716356890901,4915.233908405953
902,P1,4262.873225904371,4337.524604061951
902,P2,4337.524604061951,4442.995991468407
902,P3,4442.995991468407,4572.101823291662
902,P4,4572.101823291662,4778.68079839542
902,P6,4778.68079839542,4940.837215915873
902,P7,4940.837215915873,5091.2332510963015
903,P1,4266.714678530185,4354.29438883052
903,P2,4354.29438883052,4478.152464632053
903,P3,4478.152464632053,4630.81317057168
903,P4,4630.81317057168,4897.129598869166
903,P7,4897.129598869166,5010.140419671481
904,P3,4267.613620960775,4410.35965598684
904,P4,4410.35965598684,4634.9839094284525
904,P7,4634.9839094284525,4754.5879451048695
905,P1,4274.906191306766,4429.56345737962
905,P2,4429.56345737962,4634.597041592894
905,P3,4634.597041592894,4889.4782119116735
905,P5,4889.4782119116735,5121.025624900979
905,P6,5121.025624900979,5373.0722625974195
906,P1,4275.021233826508,4397.037029494304
906,P2,4397.037029494304,4549.209378810449
906,P3,4549.209378810449,4739.767111032492
906,P4,4739.767111032492,5050.783140067736
906,P5,5050.783140067736,5230.426239633705
907,P1,4282.732210947552,4355.827645509315
907,P2,4355.827645509315,4466.705251333566
907,P3,4466.705251333566,4636.494747161782
907,P4,4636.494747161782,4865.754100160908
907,P7,4865.754100160908,4962.856930063134
908,P1,4302.130616965905,4420.992390357502
908,P2,4420.992390357502,4569.295410162995
908,P3,4569.295410162995,4755.46220395723
908,P5,4755.46220395723,4912.634489689952
908,P6,4912.634489689952,5069.923996828525
909,P3,4304.78857611224,4452.313654675738
909,P4,4452.313654675738,4762.8943518564965
909,P6,4762.8943518564965,4869.655528028755
909,P7,4869.655528028755,4969.61999830925
910,P2,4307.40207599792,4465.369971919858
910,P3,4465.369971919858,4649.979237527077
910,P5,4649.979237527077,4799.063641698609
910,P6,4799.063641698609,4974.392199137265
911,P1,4311.119397813488,4388.783160666992
911,P2,4388.783160666992,4493.793408069819
911,P3,4493.793408069819,4641.651641387708
911,P4,4641.651641387708,4885.371209853217
911,P5,4885.371209853217,5004.343914447359
912,P3,4323.915534852385,4524.646903955316
912,P4,4524.646903955316,4832.115618388453
912,P6,4832.115618388453,4988.065176661529
913,P1,4333.661161645532,4421.318937175907
913,P2,4421.318937175907,4577.923609436245
913,P3,4577.923609436245,4759.635087187528
913,P5,4759.635087187528,4918.776467350584
914,P1,4339.013150341661,4463.125278091997
914,P2,4463.125278091997,4603.009671166507
914,P3,4603.009671166507,4748.707040413238
914,P5,4748.707040413238,4931.058870420208
914,P6,4931.058870420208,5052.271981244722
914,P7,5052.271981244722,5181.0666741467985
915,P2,4339.333908211938,4479.03927232247
915,P3,4479.03927232247,4633.719476261677
915,P4,4633.719476261677,4916.103229201817
915,P7,4916.103229201817,5029.450030835469
916,P1,4340.169168770674,4467.585503995536
916,P2,4467.585503995536,4624.073735536453
916,P3,4624.073735536453,4834.741202595386
916,P4,4834.741202595386,5231.6829831648
916,P7,5231.6829831648,5398.1377184125995
917,P3,4341.774083729422,4571.982657578532
917,P5,4571.982657578532,4781.595773223369
917,P6,4781.595773223369,4991.5709314076985
918,P3,4345.414080435804,4496.785651495489
918,P4,4496.785651495489,4731.763120134266
918,P7,4731.763120134266,4836.2219715134515
919,P2,4347.754436771879,4490.718617449297
919,P3,4490.718617449297,4664.173897891139
919,P4,4664.173897891139,4906.984208129866
919,P6,4906.984208129866,5055.420299397972
920,P1,4349.830590484395,4461.695596750158
920,P2,4461.695596750158,4593.553016795293
920,P3,4593.553016795293,4754.446814752489
920,P4,4754.446814752489,5025.984184796396
920,P5,5025.984184796396,5183.492841710943
920,P6,5183.492841710943,5339.490221558806
921,P3,4355.716048386165,4469.970700163748
921,P5,4469.970700163748,4556.788062859807
921,P6,4556.788062859807,4659.360956545788
922,P1,4362.690655257149,4492.34661829365
922,P2,4492.34661829365,4629.162519231023
922,P3,4629.162519231023,4828.553425800761
922,P4,4828.553425800761,5146.41293370369
922,P7,5146.41293370369,5299.8968857911705
923,P3,4366.109903538119,4544.916272415703
923,P4,4544.916272415703,4868.575019797655
923,P6,4868.575019797655,5047.5534196099725
923,P7,5047.5534196099725,5196.055515682365
924,P2,4374.671305103195,4494.641326144581
924,P3,4494.641326144581,4641.042680422304
924,P4,4641.042680422304,4908.074981400287
924,P7,4908.074981400287,5002.046897991216
925,P2,4376.881412101616,4489.646826838091
925,P3,4489.646826838091,4754.151977049233
925,P4,4754.151977049233,5025.798786724038
925,P5,5025.798786724038,5137.593061411851
925,P6,5137.593061411851,5254.1631375046145
926,P3,4384.317981254873,4607.3786698146105
926,P4,4607.3786698146105,4909.571049738858
926,P7,4909.571049738858,5079.95719980534
927,P1,4387.746294155971,4464.277988344586
927,P2,4464.277988344586,4563.825389863762
927,P3,4563.825389863762,4697.09958211468
927,P4,4697.09958211468,4912.193152284629
927,P7,4912.193152284629,4997.954662522286
928,P1,4398.920818144849,4505.360156839904
928,P2,4505.360156839904,4648.395744706661
928,P3,4648.395744706661,4872.18001600545
928,P4,4872.18001600545,5125.949729206957
928,P5,5125.949729206957,5282.141773394455
929,P3,4403.52329383537,4578.573481219515
929,P5,4578.573481219515,4694.356626489283
929,P6,4694.356626489283,4833.2275813207525
930,P3,4405.775387769396,4528.047887013579
930,P4,4528.047887013579,4785.358812163323
930,P5,4785.358812163323,4894.915573713764
930,P6,4894.915573713764,5010.26099113788
931,P1,4428.50504285932,4512.01828689793
931,P2,4512.01828689793,4594.657365188984
931,P3,4594.657365188984,4732.6152292091
931,P4,4732.6152292091,4933.772783448511
931,P6,4933.772783448511,5058.486778520622
932,P3,4429.850190107477,4573.969080813555
932,P4,4573.969080813555,4814.630138888791
932,P5,4814.630138888791,4952.470044162751
932,P6,4952.470044162751,5064.566794052281
933,P2,4430.3827158580325,4503.559867671118
933,P3,4503.559867671118,4630.134104256202
933,P4,4630.134104256202,4808.212757272993
933,P6,4808.212757272993,4898.027208305384
933,P7,4898.027208305384,4981.167047420928
934,P2,4439.998136920957,4547.897922902073
934,P3,4547.897922902073,4676.532486252372
934,P4,4676.532486252372,4879.3282209244335
934,P5,4879.3282209244335,4987.29719216592
935,P2,4441.818563967602,4577.384291587014
935,P3,4577.384291587014,4732.676429660767
935,P5,4732.676429660767,4954.377350375951
936,P1,4457.426517181835,4545.682887589886
936,P2,4545.682887589886,4649.82466557791
936,P3,4649.82466557791,4793.562837321365
936,P4,4793.562837321365,5063.614971670232
936,P6,5063.614971670232,5174.328558537491
937,P1,4468.660889761365,4545.105109748278
937,P2,4545.105109748278,4644.780620393205
937,P3,4644.780620393205,4759.3978797544305
937,P4,4759.3978797544305,4952.278952796229
937,P6,4952.278952796229,5064.944943425871
937,P7,5064.944943425871,5146.994405155629
938,P3,4468.819304506672,4723.470641886525
938,P5,4723.470641886525,4875.715319135748
938,P6,4875.715319135748,5029.829583243168
939,P2,4473.420265167592,4565.167112320453
939,P3,4565.167112320453,4728.440212597066
939,P4,4728.440212597066,4979.585766735732
939,P5,4979.585766735732,5116.105112387287
939,P6,5116.105112387287,5238.316171468307
940,P2,4477.845742859034,4596.780937865052
940,P3,4596.780937865052,4758.4858767336345
940,P5,4758.4858767336345,4924.205846219976
941,P3,4495.885530077927,4662.032643391369
941,P4,4662.032643391369,4913.858875791881
941,P5,4913.858875791881,5067.401676382234
941,P6,5067.401676382234,5192.946336028844
942,P3,4498.079635901391,4611.7172445949145
942,P4,4611.7172445949145,4799.505200084115
942,P6,4799.505200084115,4898.81762560844
943,P3,4501.007266011608,4698.454111166538
943,P4,4698.454111166538,4974.401034923371
943,P7,4974.401034923371,5118.464526815246
944,P2,4519.393518407711,4626.101343305479
944,P3,4626.101343305479,4756.143633519812
944,P5,4756.143633519812,4876.2218722254065
945,P2,4520.064525148645,4620.968343638414
945,P3,4620.968343638414,4752.364861143934
945,P5,4752.364861143934,4885.433193918636
946,P1,4526.61037387063,4607.798485741383
946,P2,4607.798485741383,4679.785188855863
946,P3,4679.785188855863,4813.64780218074
946,P5,4813.64780218074,4929.356340434067
946,P6,4929.356340434067,5032.484042650865
947,P1,4527.935714941385,4635.535784943541
947,P2,4635.535784943541,4760.158551999363
947,P3,4760.158551999363,4907.175844164913
947,P4,4907.175844164913,5198.647239381403
947,P6,5198.647239381403,5318.044555807296
948,P1,4528.089961116498,4623.23116348613
948,P2,4623.23116348613,4704.895562217627
948,P3,4704.895562217627,4822.981251548117
948,P4,4822.981251548117,5030.034158381249
948,P6,5030.034158381249,5105.83620368138
949,P1,4529.974594116133,4635.1879942264495
949,P2,4635.1879942264495,4748.942031263507
949,P3,4748.942031263507,4886.005339547167
949,P4,4886.005339547167,5187.724514618652
949,P5,5187.724514618652,5354.494201893238
949,P6,5354.494201893238,5449.314196904829
950,P2,4531.9312435012325,4631.469724631772
950,P3,4631.469724631772,4758.206779057685
950,P4,4758.206779057685,4944.823510505117
950,P5,4944.823510505117,5063.411012851863
950,P6,5063.411012851863,5162.701948727848
950,P7,5162.701948727848,5256.601152908337
951,P1,4532.394507327086,4637.914353927493
951,P2,4637.914353927493,4747.223473856839
951,P3,4747.223473856839,4920.346853911358
951,P5,4920.346853911358,5109.72902384062
952,P2,4547.008480983713,4637.256016645837
952,P3,4637.256016645837,4748.7841221423705
952,P4,4748.7841221423705,5026.105966918386
952,P5,5026.105966918386,5132.984752348261
953,P1,4549.378346363419,4712.2423524751875
953,P2,4712.2423524751875,4902.2114588953755
953,P3,4902.2114588953755,5132.11474670617
953,P4,5132.11474670617,5452.009562085894
953,P5,5452.009562085894,5632.387265921487
953,P6,5632.387265921487,5799.962357392588
954,P1,4553.483786266221,4623.784610138759
954,P2,4623.784610138759,4731.261650826667
954,P3,4731.261650826667,4877.689865787481
954,P5,4877.689865787481,4980.801017856173
954,P6,4980.801017856173,5174.673065953371
955,P3,4555.604985648699,4740.079402977112
955,P4,4740.079402977112,5022.594066666015
955,P6,5022.594066666015,5148.436912295745
955,P7,5148.436912295745,5270.9136122090185
956,P2,4565.389122968226,4725.022487411038
956,P3,4725.022487411038,4881.122841664097
956,P4,4881.122841664097,5142.497757834975
956,P5,5142.497757834975,5325.39446766843
957,P2,4566.800056647101,4654.945232597066
957,P3,4654.945232597066,4800.073559334851
957,P5,4800.073559334851,4928.031239602411
957,P6,4928.031239602411,5030.501080535523
958,P1,4567.0056642716945,4689.6122348995905
958,P2,4689.6122348995905,4835.475390819254
958,P3,4835.475390819254,5034.9234577397965
958,P5,5034.9234577397965,5197.033361770379
958,P6,5197.033361770379,5330.61246454322
959,P3,4573.953134835288,4715.209895288724
959,P4,4715.209895288724,4989.730149205052
959,P7,4989.730149205052,5077.027515384626
960,P3,4575.201621253831,4751.123805197096
960,P5,4751.123805197096,4921.949765067913
960,P6,4921.949765067913,5135.16083198284
961,P1,4579.0717961095115,4703.972573797983
961,P2,4703.972573797983,4852.890305938454
961,P3,4852.890305938454,5069.914911144297
961,P4,5069.914911144297,5368.7669666814545
961,P6,5368.7669666814545,5539.300861471658
962,P1,4583.899981857892,4685.541547861478
962,P2,4685.541547861478,4802.892221153749
962,P3,4802.892221153749,4959.954600523884
962,P4,4959.954600523884,5190.903389193176
962,P6,5190.903389193176,5325.146315817227
963,P3,4584.947296729819,4806.934992693892
963,P5,4806.934992693892,5013.177365221399
963,P6,5013.177365221399,5210.50822418306
964,P1,4595.507835835191,4652.259832878098
964,P2,4652.259832878098,4733.351570298381
964,P3,4733.351570298381,4847.042912796278
964,P4,4847.042912796278,5010.651977347128
964,P7,5010.651977347128,5078.768393436529
965,P1,4595.8535223562085,4700.402486916865
965,P2,4700.402486916865,4845.406276148946
965,P3,4845.406276148946,5020.118136967587
965,P5,5020.118136967587,5188.958035813786
965,P6,5188.958035813786,5336.18166972352
966,P2,4603.184173830053,4760.939517851394
966,P3,4760.939517851394,4927.650681523355
966,P4,4927.650681523355,5137.915324689452
966,P5,5137.915324689452,5268.041110356807
967,P3,4610.317952057319,4756.320402757508
967,P4,4756.320402757508,5025.630981114609
967,P6,5025.630981114609,5176.428745884547
967,P7,5176.428745884547,5326.146196013368
968,P3,4613.719731801233,4787.902273305821
968,P4,4787.902273305821,5096.535259201386
968,P6,5096.535259201386,5224.710233413526
969,P3,4614.550352113754,4755.796137101311
969,P4,4755.796137101311,4961.633813805888
969,P6,4961.633813805888,5109.021530613106
970,P3,4615.072728163433,4760.12795669005
970,P4,4760.12795669005,4961.976955280408
970,P5,4961.976955280408,5100.835628268399
970,P6,5100.835628268399,5244.357898206945
970,P7,5244.357898206945,5345.403549020199
971,P1,4618.303872394696,4702.773050706528
971,P2,4702.773050706528,4852.1765587097525
971,P3,4852.1765587097525,5018.845268405324
971,P5,5018.845268405324,5185.469270744299
972,P3,4618.571312929703,4788.663173559815
972,P5,4788.663173559815,4948.295044107306
972,P6,4948.295044107306,5067.698101078371
973,P2,4620.051301533366,4708.072577400899
973,P3,4708.072577400899,4837.286096202579
973,P4,4837.286096202579,5014.892092710325
973,P6,5014.892092710325,5087.393015651545
974,P1,4620.2410665675,4748.696010384846
974,P2,4748.696010384846,4908.334377064877
974,P3,4908.334377064877,5130.625820701788
974,P4,5130.625820701788,5460.201628594048
974,P6,5460.201628594048,5614.135313732262
975,P3,4623.633020330711,4747.483235951434
975,P4,4747.483235951434,5077.760860960097
975,P6,5077.760860960097,5209.427455867145
975,P7,5209.427455867145,5324.672244500114
976,P3,4630.075077345577,4820.928543184021
976,P5,4820.928543184021,4992.340686436838
976,P6,4992.340686436838,5156.787163664704
977,P1,4630.257824268953,4743.213274698595
977,P2,4743.213274698595,4864.08211245202
977,P3,4864.08211245202,5016.139366273001
977,P4,5016.139366273001,5311.558165741686
977,P6,5311.558165741686,5423.081426101106
978,P1,4630.8110813200965,4717.514640831728
978,P2,4717.514640831728,4823.376969547871
978,P3,4823.376969547871,4962.774573499673
978,P5,4962.774573499673,5119.6573332758235
978,P6,5119.6573332758235,5225.168096385904
979,P2,4639.905703050311,4833.613602564719
979,P3,4833.613602564719,5051.915605626518
979,P4,5051.915605626518,5381.268782622449
979,P5,5381.268782622449,5626.748068471054
979,P6,5626.748068471054,5785.37162862888
980,P3,4643.471787577599,4784.4612339183395
980,P4,4784.4612339183395,5041.484950086693
980,P7,5041.484950086693,5145.298349321635
981,P1,4643.86234993531,4764.216572768203
981,P2,4764.216572768203,4915.449039189465
981,P3,4915.449039189465,5117.8318349191195
981,P4,5117.8318349191195,5405.138253140346
981,P5,5405.138253140346,5563.222080564814
982,P1,4643.889799228779,4734.132105293048
982,P2,4734.132105293048,4862.238277393138
982,P3,4862.238277393138,5044.517537307622
982,P5,5044.517537307622,5200.935131181015
982,P6,5200.935131181015,5354.62850479483
983,P1,4655.028734857507,4741.0837697735915
983,P2,4741.0837697735915,4863.304736702781
983,P3,4863.304736702781,5066.433457325539
983,P5,5066.433457325539,5225.876442734111
984,P1,4664.178183157754,4772.695250707685
984,P2,4772.695250707685,4937.266704172949
984,P3,4937.266704172949,5149.254121910735
984,P4,5149.254121910735,5470.912083770302
984,P6,5470.912083770302,5655.325430264574
985,P1,4664.688032701961,4757.174315285039
985,P2,4757.174315285039,4866.518269578876
985,P3,4866.518269578876,5022.185728194366
985,P4,5022.185728194366,5251.058101445298
985,P7,5251.058101445298,5349.893363055921
986,P1,4671.441563639113,4772.647897279105
986,P2,4772.647897279105,4877.341461777272
986,P3,4877.341461777272,5068.9577771868535
986,P5,5068.9577771868535,5217.6461150097575
986,P6,5217.6461150097575,5349.263730862297
987,P2,4674.868806388805,4798.171046701028
987,P3,4798.171046701028,4976.529423361965
987,P4,4976.529423361965,5238.285683614371
987,P5,5238.285683614371,5370.375289974602
988,P3,4684.935319440149,4793.762842143264
988,P5,4793.762842143264,4897.142497433652
989,P1,4691.885157189388,4770.794127532848
989,P2,4770.794127532848,4855.211512492969
989,P3,4855.211512492969,4967.995329846234
989,P4,4967.995329846234,5194.973921962468
989,P5,5194.973921962468,5321.956758233794
989,P6,5321.956758233794,5409.6836215144995
990,P3,4697.832415162417,4851.044311135878
990,P4,4851.044311135878,5107.097083796588
990,P5,5107.097083796588,5249.485797030869
991,P3,4702.27453447363,4852.779870150457
991,P5,4852.779870150457,5018.911941960033
992,P1,4707.336267028647,4842.154823936696
992,P2,4842.154823936696,4983.230994934115
992,P3,4983.230994934115,5207.973289090293
992,P5,5207.973289090293,5406.163623637362
992,P6,5406.163623637362,5567.904927111498
993,P1,4715.9361275406545,4808.44286151503
993,P2,4808.44286151503,4930.457753014337
993,P3,4930.457753014337,5131.80039143674
993,P4,5131.80039143674,5431.537101401246
993,P5,5431.537101401246,5611.999390443295
994,P3,4720.431177993399,4898.695421917812
994,P4,4898.695421917812,5152.8483019331525
994,P5,5152.8483019331525,5320.5803005648
995,P3,4722.103922842138,4859.731416821337
995,P4,4859.731416821337,5100.113891896958
995,P6,5100.113891896958,5245.878119629147
995,P7,5245.878119629147,5379.279245764353
996,P3,4728.401352067519,4850.696844590485
996,P4,4850.696844590485,5046.898840233145
996,P5,5046.898840233145,5144.672754137809
996,P6,5144.672754137809,5254.625907527205
997,P3,4734.430722802616,4896.655547848643
997,P4,4896.655547848643,5174.039876734075
997,P6,5174.039876734075,5334.1812951238535
998,P1,4738.678133778285,4887.977830211268
998,P2,4887.977830211268,5078.625230126901
998,P3,5078.625230126901,5323.140417678708
998,P4,5323.140417678708,5800.7799893549145
998,P5,5800.7799893549145,5994.675311768078
999,P1,4741.379418207882,4842.034095462782
999,P2,4842.034095462782,4979.6534248240905
999,P3,4979.6534248240905,5214.019061894995
999,P4,5214.019061894995,5524.468498991153
999,P7,5524.468498991153,5658.553254792414
1000,P3,4748.909465541636,4863.723945372896
1000,P5,4863.723945372896,4969.128785202324
1000,P6,4969.128785202324,5073.490870119371
1001,P3,4750.001457592109,4953.7266233866985
1001,P5,4953.7266233866985,5101.681578544483
1001,P6,5101.681578544483,5250.2932504658565
1002,P2,4754.898656607332,4858.814573471649
1002,P3,4858.814573471649,4979.703189148642
1002,P5,4979.703189148642,5092.661721736065
1002,P6,5092.661721736065,5197.920365705708
1003,P1,4761.748756027477,4831.235390427191
1003,P2,4831.235390427191,4935.909188813891
1003,P3,4935.909188813891,5057.686322041064
1003,P5,5057.686322041064,5191.130870150779
1003,P6,5191.130870150779,5308.58166923136
1003,P7,5308.58166923136,5380.144669046938
1004,P2,4762.3113611439185,4910.764034779334
1004,P3,4910.764034779334,5101.4670045600515
1004,P4,5101.4670045600515,5392.1882131474695
1004,P5,5392.1882131474695,5580.679237577062
1005,P1,4762.59468559008,4853.574508896797
1005,P2,4853.574508896797,4967.412350298638
1005,P3,4967.412350298638,5150.074401646516
1005,P4,5150.074401646516,5421.246747400728
1005,P5,5421.246747400728,5568.254293758046
1005,P6,5568.254293758046,5698.479382114056
1005,P7,5698.479382114056,5811.723170374656
1006,P1,4774.593561732751,4911.525889115238
1006,P2,4911.525889115238,5053.123505950335
1006,P3,5053.123505950335,5234.659375248754
1006,P4,5234.659375248754,5493.964475805877
1006,P5,5493.964475805877,5652.173390738655
1006,P6,5652.173390738655,5805.255258677425
1007,P1,4783.147886929703,4869.366227456953
1007,P2,4869.366227456953,4990.191543579009
1007,P3,4990.191543579009,5124.343761422505
1007,P5,5124.343761422505,5248.486460955422
1007,P6,5248.486460955422,5397.150092909976
1008,P1,4796.555918553185,4942.782562701508
1008,P2,4942.782562701508,5067.623003700289
1008,P3,5067.623003700289,5264.160496547968
1008,P4,5264.160496547968,5543.915834530232
1008,P6,5543.915834530232,5673.264977260879
1009,P1,4803.118941288317,4897.99237745575
1009,P2,4897.99237745575,4990.045106531615
1009,P3,4990.045106531615,5220.4441223702515
1009,P4,5220.4441223702515,5421.652527196578
1009,P7,5421.652527196578,5508.271938974801
1010,P2,4804.38371992663,4895.674511340598
1010,P3,4895.674511340598,5040.072645050502
1010,P4,5040.072645050502,5287.58718143444
1010,P6,5287.58718143444,5406.242872354238
1011,P3,4810.951579103327,4966.497407492786
1011,P4,4966.497407492786,5200.988992546703
1011,P7,5200.988992546703,5318.713998442988
1012,P2,4811.202244206081,4900.858468010855
1012,P3,4900.858468010855,5016.556620767432
1012,P4,5016.556620767432,5220.431196731989
1012,P5,5220.431196731989,5324.507939579529
1012,P6,5324.507939579529,5423.934258832424
1012,P7,5423.934258832424,5514.403700445475
1013,P3,4811.47258322226,4979.428587762447
1013,P5,4979.428587762447,5101.824668051058
1013,P6,5101.824668051058,5202.783471258263
1014,P2,4814.772864730448,4924.984953850849
1014,P3,4924.984953850849,5073.791823448219
1014,P5,5073.791823448219,5216.12928730074
1014,P6,5216.12928730074,5364.9833440028315
1015,P1,4824.67503607394,4933.389744776421
1015,P2,4933.389744776421,5081.657917712915
1015,P3,5081.657917712915,5240.249150986222
1015,P5,5240.249150986222,5354.963549910472
1015,P6,5354.963549910472,5492.233525076517
1016,P2,4840.271546822982,5004.761056675389
1016,P3,5004.761056675389,5248.88848294413
1016,P4,5248.88848294413,5569.041099628694
1016,P7,5569.041099628694,5698.3088439369085
1017,P3,4842.515958154008,5018.471955006919
1017,P4,5018.471955006919,5221.768446055857
1017,P6,5221.768446055857,5339.437645584723
1018,P2,4843.887668016577,4945.603317137401
1018,P3,4945.603317137401,5064.404089260551
1018,P4,5064.404089260551,5274.658725329857
1018,P7,5274.658725329857,5355.694192718605
1019,P1,4850.734231199069,4946.164198593144
1019,P2,4946.164198593144,5063.256515940707
1019,P3,5063.256515940707,5242.539411891108
1019,P4,5242.539411891108,5528.846255993594
1019,P5,5528.846255993594,5711.450233801718
1019,P6,5711.450233801718,5848.724974539748
1020,P2,4871.599554282682,4964.279491783925
1020,P3,4964.279491783925,5084.335536382161
1020,P4,5084.335536382161,5282.945111461641
1020,P6,5282.945111461641,5359.652547913606
1021,P3,4873.7733594814945,5058.599509191304
1021,P4,5058.599509191304,5331.324904958457
1021,P7,5331.324904958457,5449.801533524083
1022,P1,4875.716782235722,4968.196277904742
1022,P2,4968.196277904742,5093.714947472069
1022,P3,5093.714947472069,5276.975987052763
1022,P4,5276.975987052763,5530.699634477888
1022,P6,5530.699634477888,5660.296128633878
1023,P1,4879.521152778311,4959.729969629235
1023,P2,4959.729969629235,5063.3498332691815
1023,P3,5063.3498332691815,5210.78075626551
1023,P5,5210.78075626551,5325.107558610765
1023,P6,5325.107558610765,5440.760038430091
1023,P7,5440.760038430091,5531.848693167082
1024,P1,4881.711464681459,4936.046556882673
1024,P2,4936.046556882673,5036.167955736162
1024,P3,5036.167955736162,5130.386828040872
1024,P4,5130.386828040872,5297.428621590151
1024,P5,5297.428621590151,5413.925885841798
1025,P1,4881.828349054949,4957.60459456718
1025,P2,4957.60459456718,5068.885138337446
1025,P3,5068.885138337446,5220.963190339046
1025,P4,5220.963190339046,5440.011184464717
1025,P5,5440.011184464717,5717.739079728279
1026,P2,4881.940213245502,4970.131019877766
1026,P3,4970.131019877766,5089.127737844151
1026,P4,5089.127737844151,5303.434086179549
1026,P7,5303.434086179549,5395.324361518555
1027,P3,4886.238898606478,5049.595647963098
1027,P5,5049.595647963098,5157.664932394736
1027,P6,5157.664932394736,5291.52490099835
1028,P1,4888.479660608199,4939.340379774093
1028,P2,4939.340379774093,5026.224712254959
1028,P3,5026.224712254959,5127.06181548152
1028,P4,5127.06181548152,5320.22542418991
1028,P5,5320.22542418991,5427.88457316127
1029,P2,4891.925579933905,4993.078540438916
1029,P3,4993.078540438916,5106.350341786991
1029,P4,5106.350341786991,5294.923865322395
1029,P7,5294.923865322395,5378.040048057948
1030,P3,4892.197647586037,5097.278348354779
1030,P4,5097.278348354779,5400.769462124052
1030,P7,5400.769462124052,5516.802112564364
1031,P1,4904.507456517949,4999.314268863907
1031,P2,4999.314268863907,5133.496606325484
1031,P3,5133.496606325484,5313.074614627185
1031,P4,5313.074614627185,5551.5152631537885
1031,P6,5551.5152631537885,5681.2045443226125
1032,P1,4915.8503162091765,5023.567519845393
1032,P2,5023.567519845393,5182.247697382853
1032,P3,5182.247697382853,5411.873990139542
1032,P4,5411.873990139542,5695.096756199176
1032,P6,5695.096756199176,5871.669988829045
1033,P1,4915.973770296878,4998.528090658889
1033,P2,4998.528090658889,5118.816724761705
1033,P3,5118.816724761705,5253.023211628978
1033,P5,5253.023211628978,5451.075967514757
1034,P2,4918.150975703369,4999.234246137498
1034,P3,4999.234246137498,5132.68455071045
1034,P4,5132.68455071045,5357.922140058543
1034,P5,5357.922140058543,5462.767996859967
1034,P6,5462.767996859967,5556.644353315975
1034,P7,5556.644353315975,5648.719427220042
1035,P1,4923.747915057509,5036.312474095103
1035,P2,5036.312474095103,5211.423212280782
1035,P3,5211.423212280782,5413.779317615934
1035,P5,5413.779317615934,5610.588358322513
1035,P6,5610.588358322513,5777.345044570167
1036,P3,4930.019039520779,5104.6451043472425
1036,P4,5104.6451043472425,5329.066487025025
1036,P6,5329.066487025025,5435.182005309102
1037,P1,4930.612946073053,5005.58457898686
1037,P2,5005.58457898686,5110.456825732581
1037,P3,5110.456825732581,5249.4822350913555
1037,P4,5249.4822350913555,5456.995507495644
1037,P7,5456.995507495644,5552.654072443277
1038,P1,4933.473935764001,5044.350953996844
1038,P2,5044.350953996844,5194.841150334716
1038,P3,5194.841150334716,5348.172491976513
1038,P4,5348.172491976513,5616.513309552571
1038,P6,5616.513309552571,5771.411336879831
1039,P3,4934.164262884425,5044.250419779171
1039,P5,5044.250419779171,5158.079314828299
1040,P2,4935.076455671365,5113.514302706313
1040,P3,5113.514302706313,5361.234112298754
1040,P5,5361.234112298754,5570.665405473658
1040,P6,5570.665405473658,5735.245413952608
1041,P1,4943.4114582562715,5016.658590917395
1041,P2,5016.658590917395,5135.027067915216
1041,P3,5135.027067915216,5294.5419879130195
1041,P5,5294.5419879130195,5398.799567626087
1041,P6,5398.799567626087,5490.676585208821
1042,P1,4955.631524112212,5060.9233384470135
1042,P2,5060.9233384470135,5174.221878204081
1042,P3,5174.221878204081,5341.967878940721
1042,P4,5341.967878940721,5633.656316467145
1042,P5,5633.656316467145,5786.283145600228
1042,P6,5786.283145600228,5886.786192754257
1043,P1,4962.828765767295,5029.562283324653
1043,P2,5029.562283324653,5120.217045933686
1043,P3,5120.217045933686,5223.877889207688
1043,P4,5223.877889207688,5409.196314089149
1043,P5,5409.196314089149,5542.899494588465
1043,P6,5542.899494588465,5637.46537346751
1044,P1,4965.570135343265,5069.609094931354
1044,P2,5069.609094931354,5224.274429164726
1044,P3,5224.274429164726,5495.777141933391
1044,P5,5495.777141933391,5661.508971537629
1045,P1,4973.520861640686,5063.035083556294
1045,P2,5063.035083556294,5247.391079006278
1045,P3,5247.391079006278,5398.034260102135
1045,P4,5398.034260102135,5664.756936803049
1045,P6,5664.756936803049,5791.817455924482
1046,P1,4978.52360298191,5150.638604553197
1046,P2,5150.638604553197,5328.864457595059
1046,P3,5328.864457595059,5560.612450172063
1046,P4,5560.612450172063,5950.384940084476
1046,P5,5950.384940084476,6212.6522958218475
1046,P6,6212.6522958218475,6429.366654375507
1047,P1,4983.319049828179,5052.269156180061
1047,P2,5052.269156180061,5133.009735352271
1047,P3,5133.009735352271,5252.037472934453
1047,P5,5252.037472934453,5370.163623921433
1047,P6,5370.163623921433,5456.839874729618
1048,P2,4989.292637863406,5121.290274978771
1048,P3,5121.290274978771,5252.290208445896
1048,P4,5252.290208445896,5477.278650431599
1048,P6,5477.278650431599,5589.6977561566855
1048,P7,5589.6977561566855,5682.55081225893
1049,P2,4989.497202907903,5118.63489688683
1049,P3,5118.63489688683,5318.8178501671
1049,P5,5318.8178501671,5521.882474773304
1049,P6,5521.882474773304,5673.240645871763
1050,P2,4994.925185301654,5129.266102664551
1050,P3,5129.266102664551,5319.782598058917
1050,P4,5319.782598058917,5669.484179374525
1050,P7,5669.484179374525,5802.896742939277
1051,P3,5006.500341637007,5196.012486959857
1051,P4,5196.012486959857,5531.732324298983
1051,P6,5531.732324298983,5665.042646399192
1052,P2,5009.771170894929,5102.342581824534
1052,P3,5102.342581824534,5220.512336008831
1052,P5,5220.512336008831,5325.296813426565
1052,P6,5325.296813426565,5421.111655687713
1053,P2,5011.652497097006,5135.767982817888
1053,P3,5135.767982817888,5277.428763173997
1053,P5,5277.428763173997,5407.060779671902
1053,P6,5407.060779671902,5510.192156019448
1054,P1,5015.17272184497,5135.751082515526
1054,P2,5135.751082515526,5242.985592801017
1054,P3,5242.985592801017,5394.7830308545035
1054,P5,5394.7830308545035,5521.315973282036
1055,P1,5023.593389468124,5132.733787992539
1055,P2,5132.733787992539,5261.711990807633
1055,P3,5261.711990807633,5466.353694085699
1055,P4,5466.353694085699,5728.481796689485
1055,P6,5728.481796689485,5874.536497343241
1056,P1,5033.716004909287,5111.291235460958
1056,P2,5111.291235460958,5202.471546812618
1056,P3,5202.471546812618,5315.635140007784
1056,P5,5315.635140007784,5470.137356653575
1057,P2,5057.610155442696,5170.124234298551
1057,P3,5170.124234298551,5318.293569152677
1057,P5,5318.293569152677,5457.9510918846345
1057,P6,5457.9510918846345,5597.868764194027
1058,P3,5060.316260153349,5227.617616588973
1058,P5,5227.617616588973,5375.349288592126
1058,P6,5375.349288592126,5507.222147222433
1059,P1,5067.791179530712,5187.529325482096
1059,P2,5187.529325482096,5365.59469871537
1059,P3,5365.59469871537,5548.713799326595
1059,P4,5548.713799326595,5870.567388937268
1059,P6,5870.567388937268,5996.962571367286
1060,P1,5069.52970904503,5171.687358246718
1060,P2,5171.687358246718,5311.87120422615
1060,P3,5311.87120422615,5517.194648078302
1060,P5,5517.194648078302,5684.749220114637
1060,P6,5684.749220114637,5833.101933737355
1060,P7,5833.101933737355,5950.478477506157
1061,P1,5070.5348245276855,5131.312273615018
1061,P2,5131.312273615018,5222.434153129761
1061,P3,5222.434153129761,5343.319619000718
1061,P5,5343.319619000718,5449.706645820051
1061,P6,5449.706645820051,5521.763382059633
1062,P1,5071.859907337788,5168.558364291907
1062,P2,5168.558364291907,5275.821700794446
1062,P3,5275.821700794446,5409.11455523463
1062,P5,5409.11455523463,5556.574257869224
1063,P1,5087.369511892034,5171.282278738326
1063,P2,5171.282278738326,5270.793261971082
1063,P3,5270.793261971082,5458.393953847302
1063,P4,5458.393953847302,5709.824752469655
1063,P6,5709.824752469655,5850.907501042134
1064,P1,5088.0628089859365,5176.5665031320605
1064,P2,5176.5665031320605,5348.3675294354525
1064,P3,5348.3675294354525,5508.083038361849
1064,P4,5508.083038361849,5777.103174547204
1064,P6,5777.103174547204,5894.057772836297
1064,P7,5894.057772836297,6003.578202814497
1065,P3,5105.173941070105,5244.498782785505
1065,P4,5244.498782785505,5477.724251581884
1065,P7,5477.724251581884,5573.134559915357
1066,P3,5108.0446252303245,5323.171377804555
1066,P5,5323.171377804555,5546.335766394313
1067,P1,5114.374372711754,5215.782009960071
1067,P2,5215.782009960071,5330.533890898153
1067,P3,5330.533890898153,5473.237842378201
1067,P5,5473.237842378201,5615.216188103442
1067,P6,5615.216188103442,5712.274555440822
1068,P1,5115.136811345277,5244.409348781447
1068,P2,5244.409348781447,5356.852390047334
1068,P3,5356.852390047334,5496.926361531199
1068,P4,5496.926361531199,5743.696890011086
1068,P7,5743.696890011086,5857.118167092045
1069,P1,5116.054169559989,5182.047892454198
1069,P2,5182.047892454198,5275.672931306559
1069,P3,5275.672931306559,5414.153392630351
1069,P4,5414.153392630351,5614.189074652418
1069,P6,5614.189074652418,5708.6839510985865
1070,P3,5146.122578429579,5287.069564812279
1070,P4,5287.069564812279,5479.225558793439
1070,P7,5479.225558793439,5559.9910549229035
1071,P2,5150.629893974029,5302.272968583665
1071,P3,5302.272968583665,5516.651580494935
1071,P4,5516.651580494935,5860.198112923505
1071,P7,5860.198112923505,6010.0440979139075
1072,P1,5164.888198001921,5233.573394020512
1072,P2,5233.573394020512,5328.57879866645
1072,P3,5328.57879866645,5432.335835743138
1072,P5,5432.335835743138,5533.300260889738
1072,P6,5533.300260889738,5619.576085856779
1073,P3,5172.543320655423,5353.702449832085
1073,P4,5353.702449832085,5590.265632513165
1073,P6,5590.265632513165,5731.806802173222
1074,P2,5179.194628799198,5332.335231444859
1074,P3,5332.335231444859,5548.375944739375
1074,P4,5548.375944739375,5866.167364400841
1074,P5,5866.167364400841,6074.46849069795
1074,P6,6074.46849069795,6270.601155327776
1075,P1,5192.137595172246,5310.964886412894
1075,P2,5310.964886412894,5449.5484292184865
1075,P3,5449.5484292184865,5618.613023489342
1075,P4,5618.613023489342,5994.081026799775
1075,P5,5994.081026799775,6191.897517381726
1075,P6,6191.897517381726,6332.865603146414
1076,P3,5193.465616083661,5369.425661744711
1076,P4,5369.425661744711,5623.337539806884
1076,P7,5623.337539806884,5718.518366857442
1077,P1,5194.925085862852,5267.447613585088
1077,P2,5267.447613585088,5337.580911003203
1077,P3,5337.580911003203,5459.730600583175
1077,P4,5459.730600583175,5664.491418574954
1077,P7,5664.491418574954,5741.042572243032
1078,P1,5195.672084412221,5284.826975048982
1078,P2,5284.826975048982,5394.2905540570255
1078,P3,5394.2905540570255,5569.027459673038
1078,P4,5569.027459673038,5871.7482547642685
1078,P5,5871.7482547642685,5993.358215139498
1078,P6,5993.358215139498,6124.3858157319055
1079,P3,5202.704143478636,5335.019023313876
1079,P4,5335.019023313876,5568.785740957054
1079,P6,5568.785740957054,5708.373555467638
1079,P7,5708.373555467638,5825.530934089545
1080,P1,5206.11953240447,5281.7676195994745
1080,P2,5281.7676195994745,5366.030955013853
1080,P3,5366.030955013853,5504.251484303073
1080,P4,5504.251484303073,5712.822656365842
1080,P6,5712.822656365842,5818.935656441325
1081,P3,5207.026025846342,5391.900493851069
1081,P5,5391.900493851069,5527.812072726867
1082,P3,5210.1015919688225,5497.5966701378065
1082,P5,5497.5966701378065,5680.079268290776
1083,P1,5244.365055917578,5329.673096969436
1083,P2,5329.673096969436,5471.248042291497
1083,P3,5471.248042291497,5644.912618436436
1083,P5,5644.912618436436,5818.293990244924
1084,P1,5254.838799526836,5318.739553814098
1084,P2,5318.739553814098,5398.955772080905
1084,P3,5398.955772080905,5493.616092419121
1084,P4,5493.616092419121,5664.660752088822
1084,P5,5664.660752088822,5766.599366415866
1084,P6,5766.599366415866,5855.193071490594
1085,P1,5256.680355140521,5335.507971706171
1085,P2,5335.507971706171,5446.047847511803
1085,P3,5446.047847511803,5568.15185489519
1085,P5,5568.15185489519,5716.668231785693
1086,P1,5258.659723503368,5333.097949034532
1086,P2,5333.097949034532,5432.884791890232
1086,P3,5432.884791890232,5547.841160068883
1086,P4,5547.841160068883,5745.482684387544
1086,P7,5745.482684387544,5843.12935914463
1087,P1,5261.449870067522,5383.899784575428
1087,P2,5383.899784575428,5510.789025087226
1087,P3,5510.789025087226,5675.023492674357
1087,P4,5675.023492674357,5893.791785000898
1087,P7,5893.791785000898,5998.552629944417
1088,P2,5275.231035214123,5379.260774268748
1088,P3,5379.260774268748,5499.82712941526
1088,P4,5499.82712941526,5702.238119577218
1088,P5,5702.238119577218,5829.536388721457
1088,P6,5829.536388721457,6023.970469396364
1089,P2,5276.0512774979625,5438.329850262286
1089,P3,5438.329850262286,5613.397191825022
1089,P4,5613.397191825022,5889.606136534392
1089,P6,5889.606136534392,6038.708365919892
1090,P2,5278.767314386328,5464.326475705107
1090,P3,5464.326475705107,5686.858056285308
1090,P4,5686.858056285308,6105.486599110386
1090,P7,6105.486599110386,6281.629539605898
1091,P1,5279.160743029618,5348.974093284773
1091,P2,5348.974093284773,5434.882492907374
1091,P3,5434.882492907374,5544.311684810563
1091,P4,5544.311684810563,5749.861784958519
1091,P5,5749.861784958519,5845.282226845377
1092,P3,5292.170065657843,5508.968138303061
1092,P5,5508.968138303061,5664.980179019024
1092,P6,5664.980179019024,5800.631276992718
1093,P2,5297.822499194173,5387.213875149238
1093,P3,5387.213875149238,5503.556522720494
1093,P5,5503.556522720494,5628.783079022957
1093,P6,5628.783079022957,5740.15951782766
1093,P7,5740.15951782766,5832.252986223145
1094,P2,5300.543102351263,5373.068110264943
1094,P3,5373.068110264943,5498.225515902536
1094,P5,5498.225515902536,5595.95418350226
1094,P6,5595.95418350226,5675.027601319652
1094,P7,5675.027601319652,5737.906307149444
1095,P1,5302.546361976541,5395.0885158654255
1095,P2,5395.0885158654255,5495.295050700841
1095,P3,5495.295050700841,5610.281130494496
1095,P5,5610.281130494496,5722.926454995833
1095,P6,5722.926454995833,5810.957516027322
1096,P1,5304.155964571355,5394.361307874397
1096,P2,5394.361307874397,5506.358626321599
1096,P3,5506.358626321599,5653.591154683062
1096,P4,5653.591154683062,5895.33778587234
1096,P7,5895.33778587234,6019.4957282282
1097,P1,5311.8486826195785,5426.809025872376
1097,P2,5426.809025872376,5579.278596762933
1097,P3,5579.278596762933,5731.62029219519
1097,P5,5731.62029219519,5874.47542452117
1097,P6,5874.47542452117,6006.337256472558
1098,P1,5313.435167524967,5409.627348103362
1098,P2,5409.627348103362,5540.220209575596
1098,P3,5540.220209575596,5734.795505701935
1098,P4,5734.795505701935,5997.737365463127
1098,P5,5997.737365463127,6218.716718683045
1098,P6,6218.716718683045,6354.4721894780005
1099,P3,5317.5289153099475,5484.733589978934
1099,P4,5484.733589978934,5818.239341228716
1099,P7,5818.239341228716,5933.372383906429
1100,P2,5321.83113153731,5425.461376530272
1100,P3,5425.461376530272,5557.984293946972
1100,P4,5557.984293946972,5787.247995552832
1100,P6,5787.247995552832,5882.927062597828
1101,P2,5327.774896999648,5440.659194701606
1101,P3,5440.659194701606,5589.790479492135
1101,P4,5589.790479492135,5820.811599891091
1101,P6,5820.811599891091,5951.5404593905905
1102,P3,5334.619766902112,5444.446970834501
1102,P4,5444.446970834501,5623.300902712965
1102,P6,5623.300902712965,5706.707529440722
1103,P2,5339.49154894917,5457.350256364665
1103,P3,5457.350256364665,5611.355910557038
1103,P4,5611.355910557038,5871.881285490159
1103,P7,5871.881285490159,5957.695697249634
1104,P3,5341.137430200037,5568.728752140919
1104,P5,5568.728752140919,5845.221168630969
1105,P2,5341.280887619118,5446.234377227379
1105,P3,5446.234377227379,5603.856728569077
1105,P5,5603.856728569077,5738.977125340129
1105,P6,5738.977125340129,5840.138722136655
1106,P1,5346.0379740711915,5498.059222809138
1106,P2,5498.059222809138,5654.05579509517
1106,P3,5654.05579509517,5861.373681151532
1106,P5,5861.373681151532,6067.391711893393
1106,P6,6067.391711893393,6241.295248390748
1107,P1,5350.222201051607,5469.476968833627
1107,P2,5469.476968833627,5607.560080705265
1107,P3,5607.560080705265,5794.24167673096
1107,P4,5794.24167673096,6151.755049545083
1107,P5,6151.755049545083,6342.403038281585
1108,P2,5352.64214154529,5444.780923545878
1108,P3,5444.780923545878,5573.586595098235
1108,P5,5573.586595098235,5700.858702793749
1108,P6,5700.858702793749,5780.383120653138
1109,P1,5360.5666539582935,5443.294626292212
1109,P2,5443.294626292212,5560.745617520551
1109,P3,5560.745617520551,5699.522443899236
1109,P4,5699.522443899236,5933.926722793585
1109,P7,5933.926722793585,6030.629372448355
1110,P1,5366.913714816972,5474.8225061233
1110,P2,5474.8225061233,5593.911735065038
1110,P3,5593.911735065038,5800.3775167925705
1110,P4,5800.3775167925705,6011.289980803444
1110,P5,6011.289980803444,6134.348777053117
1110,P6,6134.348777053117,6231.738120652338
1111,P3,5372.072460835964,5519.218085142804
1111,P4,5519.218085142804,5751.971061651125
1111,P5,5751.971061651125,5891.937825741403
1112,P3,5376.723022924916,5544.129905783663
1112,P4,5544.129905783663,5865.619316824586
1112,P6,5865.619316824586,6013.7845207521095
1113,P3,5380.043593817831,5591.42565527715
1113,P5,5591.42565527715,5719.625254236591
1114,P2,5380.671295781425,5523.826760613508
1114,P3,5523.826760613508,5749.212047760171
1114,P5,5749.212047760171,5961.156671128108
1115,P1,5381.5392415058595,5500.990939935368
1115,P2,5500.990939935368,5621.563617998483
1115,P3,5621.563617998483,5836.475199490707
1115,P4,5836.475199490707,6159.081163069868
1115,P6,6159.081163069868,6295.181974767333
1116,P3,5388.250225063431,5538.595203753369
1116,P4,5538.595203753369,5767.406009082742
1116,P7,5767.406009082742,5862.588803700836
1117,P2,5392.280684864703,5517.490267917385
1117,P3,5517.490267917385,5676.951512061431
1117,P5,5676.951512061431,5855.707994414317
1118,P2,5404.005211586315,5515.157279201751
1118,P3,5515.157279201751,5671.744864076802
1118,P5,5671.744864076802,5797.632168159747
1119,P3,5419.576418123897,5575.098847604769
1119,P5,5575.098847604769,5709.255336087966
1119,P6,5709.255336087966,5814.2397845815985
1119,P7,5814.2397845815985,5937.091052769659
1120,P1,5421.1598554516695,5533.866588348174
1120,P2,5533.866588348174,5660.41326599471
1120,P3,5660.41326599471,5828.156303926201
1120,P5,5828.156303926201,6018.950666780823
1120,P6,6018.950666780823,6157.127852092721
1121,P1,5424.969713398221,5554.999717000485
1121,P2,5554.999717000485,5712.08960511328
1121,P3,5712.08960511328,5884.727612497362
1121,P5,5884.727612497362,6014.159564335775
1121,P6,6014.159564335775,6147.061334064844
1122,P1,5424.9880062030725,5509.246869490835
1122,P2,5509.246869490835,5648.935475017505
1122,P3,5648.935475017505,5804.792271589303
1122,P4,5804.792271589303,6058.307461867892
1122,P6,6058.307461867892,6203.530856276565
1123,P1,5430.883397121803,5624.521539279915
1123,P2,5624.521539279915,5785.034543932337
1123,P3,5785.034543932337,5988.341499129088
1123,P4,5988.341499129088,6320.641654853285
1123,P5,6320.641654853285,6523.00698675862
1123,P6,6523.00698675862,6734.573402333977
1124,P3,5431.766153515256,5607.732826228795
1124,P4,5607.732826228795,5951.189446177896
1124,P7,5951.189446177896,6093.784210354803
1125,P1,5432.858482483629,5512.513730029612
1125,P2,5512.513730029612,5610.783075537769
1125,P3,5610.783075537769,5723.608567586794
1125,P4,5723.608567586794,5935.860316733884
1125,P7,5935.860316733884,6029.184628000174
1126,P3,5440.862076376665,5683.34115160563
1126,P4,5683.34115160563,6005.30466128486
1126,P5,6005.30466128486,6257.057182722298
1127,P3,5446.087531339408,5605.900453988556
1127,P5,5605.900453988556,5747.758778697109
1128,P1,5447.66144217718,5547.163250332891
1128,P2,5547.163250332891,5662.197110546072
1128,P3,5662.197110546072,5816.599636263245
1128,P5,5816.599636263245,5983.982336906476
1129,P1,5447.779404822513,5547.635004326876
1129,P2,5547.635004326876,5704.5840363730795
1129,P3,5704.5840363730795,5860.009630638976
1129,P4,5860.009630638976,6176.861118834695
1129,P6,6176.861118834695,6306.899000736514
1130,P3,5451.7361408601255,5575.842383196984
1130,P4,5575.842383196984,5778.072460413757
1130,P5,5778.072460413757,5941.805072970162
1130,P6,5941.805072970162,6039.649056776548
1130,P7,6039.649056776548,6126.648074898278
1131,P3,5452.141355057068,5557.855269281371
1131,P4,5557.855269281371,5786.450045546037
1131,P7,5786.450045546037,5884.972434525964
1132,P3,5455.698571410584,5594.3955754669905
1132,P4,5594.3955754669905,5790.605491588427
1132,P5,5790.605491588427,5901.735533148355
1132,P6,5901.735533148355,6019.196163154524
1133,P3,5458.358808537195,5579.756883486653
1133,P4,5579.756883486653,5831.275346757174
1133,P6,5831.275346757174,5953.225644511028
1134,P1,5459.400879718299,5609.327046208775
1134,P2,5609.327046208775,5817.56470560288
1134,P3,5817.56470560288,5995.194787170929
1134,P4,5995.194787170929,6292.99475243073
1134,P5,6292.99475243073,6458.867457991155
1135,P1,5464.282748067777,5532.750089291764
1135,P2,5532.750089291764,5614.227080806978
1135,P3,5614.227080806978,5736.107797326564
1135,P4,5736.107797326564,5919.428889812851
1135,P7,5919.428889812851,5989.231254213232
1136,P1,5475.3924081499845,5587.9514138798695
1136,P2,5587.9514138798695,5757.982504007103
1136,P3,5757.982504007103,5993.903149473941
1136,P4,5993.903149473941,6331.706908424555
1136,P6,6331.706908424555,6501.212507416524
1137,P1,5482.546001526888,5647.50599569622
1137,P2,5647.50599569622,5774.133253809568
1137,P3,5774.133253809568,6020.40142434944
1137,P4,6020.40142434944,6296.678661103435
1137,P7,6296.678661103435,6412.356251900513
1138,P1,5486.7056557893475,5554.553173567908
1138,P2,5554.553173567908,5625.7874864765545
1138,P3,5625.7874864765545,5729.733692007748
1138,P4,5729.733692007748,5859.667803090551
1138,P7,5859.667803090551,5923.735229283176
1139,P1,5490.828553772657,5561.020293874604
1139,P2,5561.020293874604,5656.928791877311
1139,P3,5656.928791877311,5781.114101845522
1139,P4,5781.114101845522,6003.995168713476
1139,P7,6003.995168713476,6099.088255534508
1140,P3,5512.077544035682,5662.364303885759
1140,P4,5662.364303885759,5897.9834083934775
1140,P7,5897.9834083934775,5982.805482420132
1141,P1,5519.805447994701,5606.761446278378
1141,P2,5606.761446278378,5729.177010184594
1141,P3,5729.177010184594,5879.773554088637
1141,P4,5879.773554088637,6127.8046664492
1141,P5,6127.8046664492,6256.764277990706
1142,P2,5520.136225111314,5650.15766562101
1142,P3,5650.15766562101,5841.110453390597
1142,P5,5841.110453390597,6022.580522100668
1142,P6,6022.580522100668,6198.069817789372
1143,P3,5528.906114071367,5683.9241887189055
1143,P5,5683.9241887189055,5845.076208506587
1144,P3,5536.863043054965,5702.502479345667
1144,P5,5702.502479345667,5919.556932362358
1145,P1,5539.4420063233165,5663.989174080054
1145,P2,5663.989174080054,5799.159906285617
1145,P3,5799.159906285617,5983.189769604047
1145,P4,5983.189769604047,6277.657334799005
1145,P6,6277.657334799005,6427.080017181501
1146,P1,5545.28874384509,5638.506041535772
1146,P2,5638.506041535772,5777.933489929513
1146,P3,5777.933489929513,5948.632290815393
1146,P5,5948.632290815393,6121.325656858154
1147,P2,5546.415417925957,5646.722404576784
1147,P3,5646.722404576784,5775.4707066883275
1147,P5,5775.4707066883275,5902.8246248136575
1147,P6,5902.8246248136575,6017.5820274653115
1148,P1,5549.320524342283,5617.119647602123
1148,P2,5617.119647602123,5710.895189968724
1148,P3,5710.895189968724,5845.212538122999
1148,P4,5845.212538122999,6049.272637293179
1148,P6,6049.272637293179,6193.506972694478
1149,P3,5549.964932756467,5792.173626257715
1149,P4,5792.173626257715,6143.6812278578345
1149,P5,6143.6812278578345,6337.147098657608
1149,P6,6337.147098657608,6497.04009883159
1150,P1,5557.266597070294,5632.834558318873
1150,P2,5632.834558318873,5765.096779203612
1150,P3,5765.096779203612,5912.784841442981
1150,P4,5912.784841442981,6154.831553649239
1150,P6,6154.831553649239,6400.957952945975
1151,P3,5563.316984013818,5761.885295498723
1151,P4,5761.885295498723,6051.474325315908
1151,P6,6051.474325315908,6236.800118281029
1152,P1,5579.688658034513,5655.620672769458
1152,P2,5655.620672769458,5768.552005063183
1152,P3,5768.552005063183,5904.6752420469
1152,P4,5904.6752420469,6146.016903001907
1152,P6,6146.016903001907,6293.1820407086025
1152,P7,6293.1820407086025,6382.98004884891
1153,P1,5584.920410356556,5705.448204733991
1153,P2,5705.448204733991,5824.793774810054
1153,P3,5824.793774810054,6026.726326349056
1153,P4,6026.726326349056,6346.968535971444
1153,P5,6346.968535971444,6501.256172096776
1153,P6,6501.256172096776,6627.503492097457
1154,P3,5585.241961189736,5730.022754943769
1154,P5,5730.022754943769,5843.373642022262
1154,P6,5843.373642022262,5962.32657930488
1155,P1,5589.415217924137,5700.37525573562
1155,P2,5700.37525573562,5817.9311805605885
1155,P3,5817.9311805605885,5938.5149386378225
1155,P4,5938.5149386378225,6176.1377626789645
1155,P7,6176.1377626789645,6289.9478574898785
1156,P2,5602.992645917952,5729.095786579379
1156,P3,5729.095786579379,5887.343133867008
1156,P5,5887.343133867008,6063.886600742331
1157,P2,5614.40835176557,5743.884876278006
1157,P3,5743.884876278006,5893.402183504278
1157,P4,5893.402183504278,6167.576356454712
1157,P6,6167.576356454712,6282.007654534456
1158,P3,5616.901298254021,5751.79382076065
1158,P5,5751.79382076065,5922.755769492187
1159,P3,5637.484505241553,5790.699380767533
1159,P4,5790.699380767533,6026.272597234308
1159,P6,6026.272597234308,6153.0239991103945
1160,P2,5637.698520255812,5721.047332306517
1160,P3,5721.047332306517,5828.8794477940555
1160,P4,5828.8794477940555,6033.474689459235
1160,P5,6033.474689459235,6121.839883900151
1161,P3,5642.463022704759,5776.784281844779
1161,P5,5776.784281844779,5904.5945697554225
1162,P1,5645.664322782382,5715.886848572458
1162,P2,5715.886848572458,5814.6853922754535
1162,P3,5814.6853922754535,5980.488172136642
1162,P4,5980.488172136642,6206.899556588148
1162,P5,6206.899556588148,6368.275207910414
1163,P2,5650.114938073833,5731.725214564946
1163,P3,5731.725214564946,5841.111086361152
1163,P5,5841.111086361152,5961.272172873105
1163,P6,5961.272172873105,6063.016992433467
1164,P1,5651.780173415191,5781.748904172434
1164,P2,5781.748904172434,5955.7151114177705
1164,P3,5955.7151114177705,6168.030753409283
1164,P5,6168.030753409283,6344.09880699241
1164,P6,6344.09880699241,6499.736449169293
1165,P2,5653.0471081236465,5756.813860010657
1165,P3,5756.813860010657,5877.864419798192
1165,P5,5877.864419798192,6004.92943457711
1165,P6,6004.92943457711,6099.354876674903
1166,P1,5655.384174265243,5747.785083675413
1166,P2,5747.785083675413,5850.756852086128
1166,P3,5850.756852086128,6035.5357856565615
1166,P4,6035.5357856565615,6302.984423867876
1166,P5,6302.984423867876,6441.840622631632
1167,P1,5658.021744437865,5760.413652519732
1167,P2,5760.413652519732,5877.820029892547
1167,P3,5877.820029892547,6059.983586005795
1167,P4,6059.983586005795,6298.987168739388
1167,P5,6298.987168739388,6427.508138884296
1167,P6,6427.508138884296,6562.627080347341
1168,P1,5658.154438611359,5733.6397784948595
1168,P2,5733.6397784948595,5812.661356015986
1168,P3,5812.661356015986,5939.285338287101
1168,P4,5939.285338287101,6112.719680856814
1168,P6,6112.719680856814,6185.575558382149
1169,P2,5663.547125270033,5798.431207667144
1169,P3,5798.431207667144,5986.810040879904
1169,P4,5986.810040879904,6302.567329935261
1169,P6,6302.567329935261,6444.370575780596
1170,P3,5665.7818654318335,5833.185414254668
1170,P4,5833.185414254668,6132.418247840147
1170,P6,6132.418247840147,6322.691956593848
1171,P1,5668.278578381207,5756.679467500852
1171,P2,5756.679467500852,5874.006698380893
1171,P3,5874.006698380893,6032.201970913871
1171,P4,6032.201970913871,6284.482050544997
1171,P7,6284.482050544997,6364.043113807672
1172,P1,5674.636428025929,5920.314139919839
1172,P2,5920.314139919839,6006.704712715805
1172,P3,6006.704712715805,6130.899579099453
1172,P5,6130.899579099453,6245.088614026303
1173,P3,5674.810887579718,5795.728805105702
1173,P5,5795.728805105702,5913.753774920503
1174,P3,5675.1405493409075,5818.549716860518
1174,P4,5818.549716860518,6166.253768488237
1174,P5,6166.253768488237,6289.149491455397
1174,P6,6289.149491455397,6405.760803813816
1175,P3,5675.411191364604,5883.5772545907275
1175,P5,5883.5772545907275,6075.076461679144
1175,P6,6075.076461679144,6239.017334018369
1176,P2,5679.733385845364,5844.5614937320315
1176,P3,5844.5614937320315,6020.900494692947
1176,P5,6020.900494692947,6173.933422745268
1176,P6,6173.933422745268,6323.291075521423
1177,P3,5680.533858318064,5828.209806561611
1177,P5,5828.209806561611,5992.022117615965
1177,P6,5992.022117615965,6091.791856486434
1178,P1,5682.670389361185,5800.850596637769
1178,P2,5800.850596637769,5898.103692346806
1178,P3,5898.103692346806,6025.607086178344
1178,P5,6025.607086178344,6148.454469295263
1178,P6,6148.454469295263,6268.089624037553
1179,P3,5688.104256584013,5814.555598123596
1179,P4,5814.555598123596,6047.581713688618
1179,P5,6047.581713688618,6150.707174020453
1179,P6,6150.707174020453,6268.341865580158
1180,P1,5689.466460689629,5804.694549612325
1180,P2,5804.694549612325,5941.179788266424
1180,P3,5941.179788266424,6192.247387330462
1180,P4,6192.247387330462,6491.395661260697
1180,P6,6491.395661260697,6643.742270049261
1181,P1,5691.379014128078,5792.661939769679
1181,P2,5792.661939769679,6003.143004121922
1181,P3,6003.143004121922,6178.73850335188
1181,P4,6178.73850335188,6417.375887199936
1181,P6,6417.375887199936,6554.506431594827
1182,P3,5703.339618410217,5901.7099048413675
1182,P4,5901.7099048413675,6315.618824518871
1182,P6,6315.618824518871,6495.093344292327
1183,P3,5704.797600853184,5897.871912399837
1183,P4,5897.871912399837,6145.456199939175
1183,P5,6145.456199939175,6319.119544626358
1184,P2,5708.6817892532945,5780.982077113319
1184,P3,5780.982077113319,5906.064073830943
1184,P4,5906.064073830943,6140.88116839517
1184,P5,6140.88116839517,6256.337778518196
1184,P6,6256.337778518196,6353.977964186545
1184,P7,6353.977964186545,6454.948138324346
1185,P2,5710.359208735402,5848.553513618572
1185,P3,5848.553513618572,6033.549223322101
1185,P5,6033.549223322101,6197.861350369928
1185,P6,6197.861350369928,6311.805844808528
1186,P1,5715.93697556881,5795.488253944753
1186,P2,5795.488253944753,5887.855165788243
1186,P3,5887.855165788243,6020.599557486574
1186,P5,6020.599557486574,6134.422310009102
1186,P6,6134.422310009102,6245.5864760311415
1187,P1,5720.159541208667,5811.81626502894
1187,P2,5811.81626502894,5948.268347627128
1187,P3,5948.268347627128,6145.814281383767
1187,P4,6145.814281383767,6431.290700779384
1187,P7,6431.290700779384,6605.722865834558
1188,P2,5724.360353591898,5832.418996318349
1188,P3,5832.418996318349,6005.5620286896265
1188,P4,6005.5620286896265,6272.039971672185
1188,P6,6272.039971672185,6393.470543211306
1189,P3,5725.125991079145,5902.417500312303
1189,P5,5902.417500312303,6075.468286621874
1189,P6,6075.468286621874,6199.702493563234
1190,P1,5738.495378028659,5826.169804787817
1190,P2,5826.169804787817,5937.3537910416035
1190,P3,5937.3537910416035,6057.339561895913
1190,P4,6057.339561895913,6292.000028065107
1190,P5,6292.000028065107,6422.194406812499
1190,P6,6422.194406812499,6582.041432356051
1190,P7,6582.041432356051,6693.137541616359
1191,P3,5739.156096502185,5968.669381422972
1191,P4,5968.669381422972,6275.601707610218
1191,P6,6275.601707610218,6452.690740306778
1192,P3,5740.4854202891775,5899.617681379696
1192,P4,5899.617681379696,6146.341370052448
1192,P6,6146.341370052448,6282.042068494083
1193,P3,5748.412358272182,5961.749153348223
1193,P5,5961.749153348223,6082.7306246668195
1193,P6,6082.7306246668195,6212.145916643239
1194,P3,5755.336346356371,5918.943675957468
1194,P4,5918.943675957468,6242.040614552487
1194,P7,6242.040614552487,6343.927826229555
1195,P2,5760.884824340477,5868.1097882602435
1195,P3,5868.1097882602435,6013.7405041162365
1195,P4,6013.7405041162365,6258.065561676287
1195,P6,6258.065561676287,6369.407076324008
1196,P1,5766.497931532008,5884.602712035475
1196,P2,5884.602712035475,6006.495952948448
1196,P3,6006.495952948448,6162.999884325834
1196,P4,6162.999884325834,6465.51075528462
1196,P7,6465.51075528462,6609.799776060879
1197,P1,5778.215484280032,5861.536278984318
1197,P2,5861.536278984318,6049.086703166029
1197,P3,6049.086703166029,6231.619602256688
1197,P4,6231.619602256688,6521.923075690858
1197,P5,6521.923075690858,6681.731766747349
1197,P6,6681.731766747349,6795.850030481959
1198,P2,5778.811229503626,5916.52337145346
1198,P3,5916.52337145346,6110.362444212823
1198,P4,6110.362444212823,6369.535440322781
1198,P5,6369.535440322781,6568.564425323146
1198,P6,6568.564425323146,6729.941134568847
1199,P3,5779.520028768786,5986.21667373849
1199,P5,5986.21667373849,6165.944698136671
1200,P1,5783.92752973502,5864.950588774791
1200,P2,5864.950588774791,6009.667697924376
1200,P3,6009.667697924376,6198.358057539164
1200,P5,6198.358057539164,6359.081029747238
1201,P1,5789.488293461799,5908.261697828582
1201,P2,5908.261697828582,6043.437330359131
1201,P3,6043.437330359131,6192.829736540443
1201,P4,6192.829736540443,6549.467054226424
1201,P7,6549.467054226424,6690.448020884878
1202,P3,5790.788278611176,5924.133376013317
1202,P4,5924.133376013317,6147.324615107154
1202,P6,6147.324615107154,6297.522355645021
1203,P2,5794.140717679447,5876.490868106953
1203,P3,5876.490868106953,5988.953432320781
1203,P4,5988.953432320781,6149.775749249162
1203,P5,6149.775749249162,6242.359591749748
1203,P6,6242.359591749748,6335.858636523454
1204,P1,5801.4663625098665,5890.74021897615
1204,P2,5890.74021897615,6000.3712519134915
1204,P3,6000.3712519134915,6127.905589088288
1204,P4,6127.905589088288,6360.79951623438
1204,P7,6360.79951623438,6441.448147047794
1205,P3,5805.218939314779,5957.7777749221905
1205,P4,5957.7777749221905,6211.009971161599
1205,P6,6211.009971161599,6332.2737484044
1206,P3,5807.139594196955,5972.825472830149
1206,P4,5972.825472830149,6269.732179597641
1206,P6,6269.732179597641,6411.93480018823
1206,P7,6411.93480018823,6509.816739737969
1207,P3,5808.303406787448,5964.501160206821
1207,P4,5964.501160206821,6207.125872315554
1207,P5,6207.125872315554,6350.265590249699
1207,P6,6350.265590249699,6470.174881487102
1208,P1,5818.09522666703,5911.538409059097
1208,P2,5911.538409059097,6028.874339901098
1208,P3,6028.874339901098,6180.981729404739
1208,P5,6180.981729404739,6310.89352284199
1209,P1,5821.580971158465,5911.961748324596
1209,P2,5911.961748324596,6054.237196283073
1209,P3,6054.237196283073,6200.219947579379
1209,P4,6200.219947579379,6452.555415247477
1209,P7,6452.555415247477,6558.055901162152
1210,P1,5829.911487742087,5935.186617457004
1210,P2,5935.186617457004,6061.587301890411
1210,P3,6061.587301890411,6214.776022733217
1210,P4,6214.776022733217,6483.280030296639
1210,P6,6483.280030296639,6603.27469991948
1211,P2,5831.914485539769,5972.391149985167
1211,P3,5972.391149985167,6146.159488487795
1211,P4,6146.159488487795,6413.138267134205
1211,P5,6413.138267134205,6560.990345042972
1211,P6,6560.990345042972,6724.479754888125
1212,P1,5851.970804737016,5948.503635769674
1212,P2,5948.503635769674,6069.815036941548
1212,P3,6069.815036941548,6205.500757497115
1212,P4,6205.500757497115,6440.935164820746
1212,P6,6440.935164820746,6548.962828548459
1213,P1,5858.724087227902,5961.227122788904
1213,P2,5961.227122788904,6079.574564397456
1213,P3,6079.574564397456,6246.558228618077
1213,P5,6246.558228618077,6385.939066005174
1214,P1,5866.018385226801,6045.441500542054
1214,P2,6045.441500542054,6213.95410669655
1214,P3,6213.95410669655,6459.178841331704
1214,P5,6459.178841331704,6769.644089329551
1214,P6,6769.644089329551,6999.277280804895
1215,P3,5874.364096290464,6033.470680623122
1215,P4,6033.470680623122,6233.391987706705
1215,P5,6233.391987706705,6344.767205086586
1215,P6,6344.767205086586,6436.108067548806
1216,P3,5874.6445971921385,6022.188927874145
1216,P4,6022.188927874145,6254.586055980683
1216,P5,6254.586055980683,6395.200867998446
1217,P1,5877.456022526588,5990.99857950066
1217,P2,5990.99857950066,6137.53536285735
1217,P3,6137.53536285735,6321.451482403763
1217,P5,6321.451482403763,6495.004999178548
1217,P6,6495.004999178548,6637.731675235837
1218,P3,5879.851525915039,6054.999006227115
1218,P5,6054.999006227115,6264.689342484841
1219,P1,5882.81246963476,5952.695343028826
1219,P2,5952.695343028826,6044.538304557974
1219,P3,6044.538304557974,6262.7285521768545
1219,P5,6262.7285521768545,6431.622105540004
1220,P1,5884.8390340806645,5983.102315969962
1220,P2,5983.102315969962,6073.788619538267
1220,P3,6073.788619538267,6207.46556204717
1220,P5,6207.46556204717,6353.378956429614
1220,P6,6353.378956429614,6446.110681227845
1221,P1,5886.476775773239,5960.882457408182
1221,P2,5960.882457408182,6095.051502719775
1221,P3,6095.051502719775,6230.316533245421
1221,P5,6230.316533245421,6350.44983072645
1222,P3,5890.105901458508,6039.12061115918
1222,P5,6039.12061115918,6154.801748112442
1222,P6,6154.801748112442,6258.958354578663
1223,P3,5891.615677797079,6118.692720804394
1223,P4,6118.692720804394,6453.890149483994
1223,P6,6453.890149483994,6610.38143044309
1224,P3,5903.746390440622,6079.566921014632
1224,P4,6079.566921014632,6383.028186950569
1224,P7,6383.028186950569,6505.847605637899
1225,P1,5904.702531575917,5984.337053911129
1225,P2,5984.337053911129,6103.2862476327955
1225,P3,6103.2862476327955,6253.325638345475
1225,P5,6253.325638345475,6393.587242860086
1226,P3,5908.915568146198,5993.380072430014
1226,P4,5993.380072430014,6151.12089423459
1226,P5,6151.12089423459,6262.663484316174
1226,P6,6262.663484316174,6340.117687921504
1227,P1,5910.357219198432,5987.473063018713
1227,P2,5987.473063018713,6086.949108012689
1227,P3,6086.949108012689,6202.685146655713
1227,P4,6202.685146655713,6441.767633260679
1227,P5,6441.767633260679,6571.336636163687
1228,P1,5921.325749504051,6010.375676592767
1228,P2,6010.375676592767,6117.21287990812
1228,P3,6117.21287990812,6229.922797484765
1228,P4,6229.922797484765,6474.553985133405
1228,P5,6474.553985133405,6633.864786452029
1228,P6,6633.864786452029,6748.874955918761
1228,P7,6748.874955918761,6831.8182584409815
1229,P2,5926.694431594462,6061.2785205356995
1229,P3,6061.2785205356995,6224.337365559206
1229,P5,6224.337365559206,6371.501278297195
1229,P6,6371.501278297195,6499.818853571649
1229,P7,6499.818853571649,6631.712426225376
1230,P1,5930.076910832211,6013.570219142879
1230,P2,6013.570219142879,6150.807084218044
1230,P3,6150.807084218044,6327.014842482352
1230,P5,6327.014842482352,6434.937023276612
1231,P1,5930.545540334022,6047.607528092982
1231,P2,6047.607528092982,6159.928037558581
1231,P3,6159.928037558581,6318.959955204583
1231,P5,6318.959955204583,6482.514643822135
1231,P6,6482.514643822135,6632.7313219955595
1231,P7,6632.7313219955595,6769.779186885046
1232,P3,5936.523789082682,6068.467891921521
1232,P4,6068.467891921521,6227.375265189806
1232,P6,6227.375265189806,6295.496930250744
1233,P1,5938.198765880034,6062.826626625316
1233,P2,6062.826626625316,6181.4404137481715
1233,P3,6181.4404137481715,6353.8706706899
1233,P5,6353.8706706899,6500.561891012174
1234,P1,5941.0305975409965,6049.09552225042
1234,P2,6049.09552225042,6189.624817968242
1234,P3,6189.624817968242,6428.124307606629
1234,P4,6428.124307606629,6690.851957082756
1234,P5,6690.851957082756,6875.711463569916
1235,P1,5953.078719213963,6034.8492111519445
1235,P2,6034.8492111519445,6117.981987627902
1235,P3,6117.981987627902,6224.200029904814
1235,P5,6224.200029904814,6337.552606277264
1235,P6,6337.552606277264,6437.084194649863
1236,P3,5955.378210863565,6089.379578533456
1236,P4,6089.379578533456,6329.50458602891
1236,P5,6329.50458602891,6471.56476787035
1237,P3,5960.596594386253,6193.905473291507
1237,P4,6193.905473291507,6508.4804234000085
1237,P6,6508.4804234000085,6711.351791451618
1238,P1,5961.975750565004,6049.555460410722
1238,P2,6049.555460410722,6191.291550856665
1238,P3,6191.291550856665,6337.440988871349
1238,P4,6337.440988871349,6598.61574206065
1238,P7,6598.61574206065,6727.784802787128
1239,P1,5964.156310934455,6073.421001802165
1239,P2,6073.421001802165,6181.427014739422
1239,P3,6181.427014739422,6384.334724494717
1239,P4,6384.334724494717,6644.708004973698
1239,P6,6644.708004973698,6767.2648782132
1239,P7,6767.2648782132,6899.632285012657
1240,P3,5966.694316718803,6136.5922264713845
1240,P4,6136.5922264713845,6471.691805265058
1240,P5,6471.691805265058,6632.176823028775
1241,P1,5967.752703957228,6036.9452533467265
1241,P2,6036.9452533467265,6153.623433267631
1241,P3,6153.623433267631,6349.858954309769
1241,P5,6349.858954309769,6473.975967061783
1241,P6,6473.975967061783,6595.387309715809
1242,P1,5973.868879576778,6087.865336979063
1242,P2,6087.865336979063,6240.162292298948
1242,P3,6240.162292298948,6439.211005516667
1242,P4,6439.211005516667,6767.474969139419
1242,P6,6767.474969139419,6968.274596934297
1243,P3,5987.626591256779,6161.687275756487
1243,P4,6161.687275756487,6426.852804699323
1243,P7,6426.852804699323,6556.247178562816
1244,P1,5992.728192968988,6112.664005006546
1244,P2,6112.664005006546,6253.070831755212
1244,P3,6253.070831755212,6418.3614727632785
1244,P5,6418.3614727632785,6602.469116898066
1245,P1,5994.178930125969,6154.390807420836
1245,P2,6154.390807420836,6304.269754548538
1245,P3,6304.269754548538,6512.000381053599
1245,P4,6512.000381053599,6815.5796439037285
1245,P7,6815.5796439037285,6958.072730046385
1246,P2,5999.17871619573,6107.340288177487
1246,P3,6107.340288177487,6235.110716542468
1246,P4,6235.110716542468,6484.152694360247
1246,P7,6484.152694360247,6577.032585321392
1247,P3,5999.990371774274,6158.125993318422
1247,P5,6158.125993318422,6298.903191630804
1247,P6,6298.903191630804,6421.926954890926
1248,P1,6003.206907766345,6072.882745492042
1248,P2,6072.882745492042,6153.913013479668
1248,P3,6153.913013479668,6285.465232058144
1248,P4,6285.465232058144,6509.018987192244
1248,P6,6509.018987192244,6594.305491197487
1249,P1,6003.540528749921,6114.191624315313
1249,P2,6114.191624315313,6270.021434786681
1249,P3,6270.021434786681,6438.529134823905
1249,P5,6438.529134823905,6609.250561324228
1250,P1,6008.451981965081,6158.50482856915
1250,P2,6158.50482856915,6305.761150580616
1250,P3,6305.761150580616,6469.0122696440385
1250,P4,6469.0122696440385,6827.849728185181
1250,P5,6827.849728185181,7046.490612473758
1251,P2,6013.717814218257,6145.041775978039
1251,P3,6145.041775978039,6323.6742067012465
1251,P4,6323.6742067012465,6668.785821085517
1251,P7,6668.785821085517,6824.796053775257
1252,P1,6015.503323624891,6117.566026956828
1252,P2,6117.566026956828,6248.066076324645
1252,P3,6248.066076324645,6364.747827962256
1252,P5,6364.747827962256,6519.676061674887
1253,P1,6023.193396888481,6102.840826626665
1253,P2,6102.840826626665,6218.7638855400055
1253,P3,6218.7638855400055,6362.969384104902
1253,P4,6362.969384104902,6571.1850205576075
1253,P5,6571.1850205576075,6706.763541488974
1253,P6,6706.763541488974,6815.496553401436
1254,P3,6024.96063585879,6158.805478636215
1254,P4,6158.805478636215,6385.505303139132
1254,P5,6385.505303139132,6523.174777541668
1255,P1,6027.476995604941,6125.217977563109
1255,P2,6125.217977563109,6231.3980876042715
1255,P3,6231.3980876042715,6373.198531447315
1255,P4,6373.198531447315,6615.476319273866
1255,P6,6615.476319273866,6730.652848740963
1256,P2,6027.959531381464,6130.753317458369
1256,P3,6130.753317458369,6266.5903070928825
1256,P5,6266.5903070928825,6396.823921993412
1256,P6,6396.823921993412,6504.555934794701
1257,P3,6028.647657333144,6226.765881421109
1257,P5,6226.765881421109,6429.695628779696
1257,P6,6429.695628779696,6581.753504534894
1258,P3,6035.246198154775,6138.9829271120825
1258,P5,6138.9829271120825,6285.4746653331795
1259,P1,6037.522385771594,6110.257708968119
1259,P2,6110.257708968119,6204.210490080647
1259,P3,6204.210490080647,6320.308286288949
1259,P4,6320.308286288949,6503.082773219465
1259,P5,6503.082773219465,6608.514884751834
1260,P1,6037.934226160467,6136.210067041088
1260,P2,6136.210067041088,6326.024315943497
1260,P3,6326.024315943497,6555.645299053549
1260,P4,6555.645299053549,6827.599246703439
1260,P5,6827.599246703439,6990.968504816195
1260,P6,6990.968504816195,7129.925738478649
1261,P3,6044.621286222125,6229.859265592207
1261,P4,6229.859265592207,6487.952387140706
1261,P7,6487.952387140706,6602.235654883398
1262,P3,6049.2033403602,6314.687101456298
1262,P5,6314.687101456298,6484.145618306776
1263,P1,6050.345105154796,6154.137891795739
1263,P2,6154.137891795739,6276.7792988347255
1263,P3,6276.7792988347255,6423.6562304744475
1263,P5,6423.6562304744475,6555.3983681154405
1263,P6,6555.3983681154405,6680.146872931215
1264,P3,6051.203698067109,6232.74734913024
1264,P5,6232.74734913024,6367.216561904889
1264,P6,6367.216561904889,6495.429319116739
1265,P1,6053.497509675991,6141.099889864019
1265,P2,6141.099889864019,6257.177757694461
1265,P3,6257.177757694461,6406.743078544376
1265,P4,6406.743078544376,6671.4908536775965
1265,P6,6671.4908536775965,6815.95696798627
1266,P1,6066.433838638866,6168.39726146089
1266,P2,6168.39726146089,6333.386929844595
1266,P3,6333.386929844595,6552.100071268457
1266,P5,6552.100071268457,6745.007759237907
1266,P6,6745.007759237907,6903.238608001294
1267,P3,6073.431303089683,6316.645262891337
1267,P4,6316.645262891337,6635.308629685088
1267,P5,6635.308629685088,6803.037120322599
1267,P6,6803.037120322599,6969.170115300892
1267,P7,6969.170115300892,7114.807801624151
1268,P1,6083.929208421391,6185.722470687213
1268,P2,6185.722470687213,6300.267272204868
1268,P3,6300.267272204868,6439.36631955744
1268,P4,6439.36631955744,6672.755137704865
1268,P7,6672.755137704865,6770.155395922704
1269,P3,6087.370093517697,6251.6418980852995
1269,P4,6251.6418980852995,6488.100802538663
1269,P6,6488.100802538663,6598.886022895682
1269,P7,6598.886022895682,6705.288228633149
1270,P1,6088.324788673826,6179.890683495008
1270,P2,6179.890683495008,6305.848231007253
1270,P3,6305.848231007253,6492.232014002241
1270,P4,6492.232014002241,6719.720519775046
1270,P7,6719.720519775046,6802.456771948371
1271,P2,6098.333683387014,6194.018813546028
1271,P3,6194.018813546028,6314.382216742091
1271,P4,6314.382216742091,6518.020923900307
1271,P7,6518.020923900307,6602.979320034764
1272,P1,6100.633735928713,6204.491680443478
1272,P2,6204.491680443478,6291.793222597282
1272,P3,6291.793222597282,6411.111923053582
1272,P5,6411.111923053582,6527.223015241979
1272,P6,6527.223015241979,6619.210594810357
1273,P2,6116.787717342565,6217.624704906947
1273,P3,6217.624704906947,6342.896467663979
1273,P5,6342.896467663979,6477.661940885716
1273,P6,6477.661940885716,6563.555830743262
1274,P3,6119.7031535918595,6307.576910729069
1274,P4,6307.576910729069,6562.860633498406
1274,P6,6562.860633498406,6732.185109604986
1275,P2,6121.177452203489,6279.151786347416
1275,P3,6279.151786347416,6525.838421416033
1275,P4,6525.838421416033,6836.960491451048
1275,P7,6836.960491451048,6976.966916484758
1276,P1,6121.477900689213,6265.461221517899
1276,P2,6265.461221517899,6499.488404470156
1276,P3,6499.488404470156,6714.528473264323
1276,P4,6714.528473264323,7173.912315500969
1276,P5,7173.912315500969,7388.56593911751
1276,P6,7388.56593911751,7615.795806113136
1277,P2,6132.702043778542,6273.422439009561
1277,P3,6273.422439009561,6485.77425672113
1277,P4,6485.77425672113,6818.294750061307
1277,P5,6818.294750061307,7009.597087580096
1277,P6,7009.597087580096,7177.506308740655
1277,P7,7177.506308740655,7350.513801371044
1278,P1,6133.981893305029,6244.880028463261
1278,P2,6244.880028463261,6411.43142714519
1278,P3,6411.43142714519,6574.133595532095
1278,P4,6574.133595532095,6841.078073677287
1278,P6,6841.078073677287,7024.135954847583
1278,P7,7024.135954847583,7152.730470835298
1279,P1,6137.916525792817,6228.062106413544
1279,P2,6228.062106413544,6330.016239462671
1279,P3,6330.016239462671,6489.547691922619
1279,P4,6489.547691922619,6713.071687686394
1279,P7,6713.071687686394,6808.033127174527
1280,P1,6161.806277011439,6253.307383219486
1280,P2,6253.307383219486,6350.574038922633
1280,P3,6350.574038922633,6501.0751814046625
1280,P4,6501.0751814046625,6753.140183074212
1280,P5,6753.140183074212,6894.3778993870665
1280,P6,6894.3778993870665,7014.61742575035
1281,P1,6165.646034527776,6269.694744596259
1281,P2,6269.694744596259,6417.764923006901
1281,P3,6417.764923006901,6580.067492674283
1281,P5,6580.067492674283,6729.28645844557
1282,P3,6168.854100117105,6318.375578929886
1282,P4,6318.375578929886,6599.771795053879
1282,P6,6599.771795053879,6722.837573236825
1283,P3,6171.738022813198,6300.406874636988
1283,P4,6300.406874636988,6531.67078021244
1283,P6,6531.67078021244,6634.960560324778
1284,P1,6177.976147546743,6242.9948732068815
1284,P2,6242.9948732068815,6337.319522574285
1284,P3,6337.319522574285,6479.842742526472
1284,P4,6479.842742526472,6681.060821294793
1284,P6,6681.060821294793,6789.58653900942
1285,P1,6179.023749157299,6267.547054236343
1285,P2,6267.547054236343,6371.438594327853
1285,P3,6371.438594327853,6496.754905632466
1285,P5,6496.754905632466,6603.772389425809
1285,P6,6603.772389425809,6695.346152490442
1286,P1,6191.381518560688,6295.4381775329275
1286,P2,6295.4381775329275,6389.048836540863
1286,P3,6389.048836540863,6550.3109722488125
1286,P5,6550.3109722488125,6703.283637769381
1287,P3,6207.499549986312,6379.839905929623
1287,P4,6379.839905929623,6619.251828176907
1287,P5,6619.251828176907,6757.213585647498
1288,P2,6208.573782832057,6329.273938504314
1288,P3,6329.273938504314,6502.37397997818
1288,P4,6502.37397997818,6726.213625273765
1288,P5,6726.213625273765,6868.700486238338
1288,P6,6868.700486238338,7001.557870622089
1289,P2,6210.983253827395,6378.396910892821
1289,P3,6378.396910892821,6516.281252171224
1289,P4,6516.281252171224,6709.6678019699975
1289,P5,6709.6678019699975,6836.000512391132
1290,P3,6211.109090108875,6345.063891868525
1290,P4,6345.063891868525,6584.568019719932
1290,P7,6584.568019719932,6686.729754848891
1291,P1,6212.422010590418,6324.12223361446
1291,P2,6324.12223361446,6456.893176432964
1291,P3,6456.893176432964,6594.24454385898
1291,P5,6594.24454385898,6707.808536416539
1291,P6,6707.808536416539,6788.05560782673
1292,P1,6213.873653097907,6342.312979664385
1292,P2,6342.312979664385,6501.156971329456
1292,P3,6501.156971329456,6751.554654676371
1292,P4,6751.554654676371,7092.654230688325
1292,P5,7092.654230688325,7278.559541517998
1292,P6,7278.559541517998,7465.177814899082
1293,P1,6216.207568949155,6290.234633114266
1293,P2,6290.234633114266,6390.40874997949
1293,P3,6390.40874997949,6575.593683133625
1293,P5,6575.593683133625,6695.484616737928
1293,P6,6695.484616737928,6788.048677438881
1293,P7,6788.048677438881,6882.314297904161
1294,P3,6220.017518406939,6424.168054185673
1294,P4,6424.168054185673,6734.347655287233
1294,P6,6734.347655287233,6870.779665628596
1295,P3,6222.139772761493,6351.4935191379645
1295,P5,6351.4935191379645,6489.633723609816
1295,P6,6489.633723609816,6594.984913631727
1296,P1,6228.224542690072,6316.493592251599
1296,P2,6316.493592251599,6429.137942876847
1296,P3,6429.137942876847,6573.124548935683
1296,P4,6573.124548935683,6839.872893169727
1296,P6,6839.872893169727,6942.416827246734
1297,P3,6234.8038972958475,6397.380867160988
1297,P4,6397.380867160988,6629.550637921434
1297,P7,6629.550637921434,6855.7410168904835
1298,P1,6235.174298445319,6362.077587873945
1298,P2,6362.077587873945,6470.513632999181
1298,P3,6470.513632999181,6633.852491097719
1298,P5,6633.852491097719,6769.43170659661
1298,P6,6769.43170659661,6891.901575819576
1299,P3,6246.417993445339,6507.250877583389
1299,P4,6507.250877583389,6851.860768788526
1299,P5,6851.860768788526,7072.099010617763
1299,P6,7072.099010617763,7242.995218182197
1300,P1,6254.629174444259,6332.237261896846
1300,P2,6332.237261896846,6447.039422334566
1300,P3,6447.039422334566,6588.724495584618
1300,P4,6588.724495584618,6801.98643303086
1300,P6,6801.98643303086,6911.758932876519
1300,P7,6911.758932876519,7007.72583087348
1301,P2,6257.708419646741,6387.3031199369325
1301,P3,6387.3031199369325,6544.310733496321
1301,P5,6544.310733496321,6675.409380057165
1302,P1,6258.300129805901,6399.904962754992
1302,P2,6399.904962754992,6580.091431749138
1302,P3,6580.091431749138,6777.950378867935
1302,P5,6777.950378867935,6969.242245095404
1302,P6,6969.242245095404,7184.328134906287
1302,P7,7184.328134906287,7360.013947009109
1303,P2,6260.540354050265,6362.314127321764
1303,P3,6362.314127321764,6486.232778011226
1303,P4,6486.232778011226,6709.407022520908
1303,P5,6709.407022520908,6823.98399410856
1303,P6,6823.98399410856,6943.8389426416925
1304,P3,6265.397664043747,6466.076176881155
1304,P4,6466.076176881155,6762.267445066075
1304,P7,6762.267445066075,6875.849219231789
1305,P3,6280.364486147117,6429.264000477479
1305,P4,6429.264000477479,6697.304404062216
1305,P6,6697.304404062216,6800.95703399303
1305,P7,6800.95703399303,6891.820143797894
1306,P3,6282.959899597389,6431.640101193692
1306,P4,6431.640101193692,6652.980596287487
1306,P7,6652.980596287487,6759.218093694139
1307,P2,6288.011846479289,6423.407356369175
1307,P3,6423.407356369175,6582.730047753868
1307,P5,6582.730047753868,6732.440746532781
1307,P6,6732.440746532781,6871.96419884892
1308,P1,6288.730404946018,6391.5518884870535
1308,P2,6391.5518884870535,6532.859080839822
1308,P3,6532.859080839822,6712.769717842021
1308,P5,6712.769717842021,6874.691628753157
1309,P3,6292.645751684906,6486.238601209205
1309,P4,6486.238601209205,6841.106493136143
1309,P6,6841.106493136143,6981.1948644720205
1310,P3,6294.64380767713,6494.498630285025
1310,P4,6494.498630285025,6884.357405951847
1310,P5,6884.357405951847,7094.606526690941
1311,P1,6294.987631761563,6359.906109728242
1311,P2,6359.906109728242,6474.657727388321
1311,P3,6474.657727388321,6606.713408120332
1311,P4,6606.713408120332,6809.367131419987
1311,P6,6809.367131419987,6911.8751760115465
1312,P2,6304.9185457320555,6401.443149570255
1312,P3,6401.443149570255,6530.898357061542
1312,P5,6530.898357061542,6675.561422102301
1312,P6,6675.561422102301,6824.198348541992
1313,P1,6305.818135662047,6378.66175461843
1313,P2,6378.66175461843,6470.679490868352
1313,P3,6470.679490868352,6600.175361247638
1313,P4,6600.175361247638,6933.221720187044
1313,P6,6933.221720187044,7023.605818116463
1314,P3,6307.050282053366,6556.845032755173
1314,P4,6556.845032755173,7003.943594127726
1314,P5,7003.943594127726,7230.166018409889
1315,P1,6310.632342061059,6385.731841211888
1315,P2,6385.731841211888,6472.242402901325
1315,P3,6472.242402901325,6589.912219944176
1315,P5,6589.912219944176,6689.0888298204445
1316,P3,6312.762123612378,6403.632553083984
1316,P4,6403.632553083984,6560.553367223312
1316,P6,6560.553367223312,6644.69347744445
1317,P1,6319.032505948061,6451.467805191523
1317,P2,6451.467805191523,6587.020370217838
1317,P3,6587.020370217838,6863.62144213257
1317,P4,6863.62144213257,7180.640943340553
1317,P5,7180.640943340553,7386.319887228012
1317,P6,7386.319887228012,7561.5487315582195
1318,P3,6319.849532429554,6501.635591544174
1318,P5,6501.635591544174,6619.47543359524
1318,P6,6619.47543359524,6714.001468333427
1318,P7,6714.001468333427,6801.821692224339
1319,P2,6320.325028392673,6471.996204345654
1319,P3,6471.996204345654,6663.658375451272
1319,P4,6663.658375451272,6974.293823123008
1319,P7,6974.293823123008,7087.089264431457
1320,P1,6324.1705901654595,6409.39516418855
1320,P2,6409.39516418855,6532.909493575921
1320,P3,6532.909493575921,6679.197486842402
1320,P4,6679.197486842402,6909.9951962862915
1320,P6,6909.9951962862915,7019.0674515420305
1321,P2,6333.2502117187205,6450.408450454931
1321,P3,6450.408450454931,6593.717869903945
1321,P5,6593.717869903945,6744.723179373908
1321,P6,6744.723179373908,6881.975744482909
1321,P7,6881.975744482909,6999.67200646994
1322,P1,6336.721558563155,6420.019758529747
1322,P2,6420.019758529747,6510.558822574009
1322,P3,6510.558822574009,6670.565036958822
1322,P5,6670.565036958822,6793.2882963513
1322,P6,6793.2882963513,6893.997838427452
1323,P3,6337.277273194108,6448.2116847775615
1323,P4,6448.2116847775615,6615.822424660967
1323,P7,6615.822424660967,6703.897748678888
1324,P3,6349.861897891729,6545.00711710972
1324,P4,6545.00711710972,6777.788717479518
1324,P6,6777.788717479518,6911.448468590555
1325,P1,6351.514986488894,6460.745845437057
1325,P2,6460.745845437057,6614.3618338295955
1325,P3,6614.3618338295955,6809.433079579826
1325,P5,6809.433079579826,6952.513841477498
1326,P1,6353.607578120036,6429.875011611578
1326,P2,6429.875011611578,6574.470012556995
1326,P3,6574.470012556995,6708.16003241961
1326,P4,6708.16003241961,6940.693315604515
1326,P5,6940.693315604515,7069.6050378972
1326,P6,7069.6050378972,7175.202044655375
1327,P3,6369.323429777662,6508.5028784725155
1327,P4,6508.5028784725155,6718.541355898593
1327,P7,6718.541355898593,6824.654156478084
1328,P1,6374.246618307719,6468.4449675415335
1328,P2,6468.4449675415335,6562.23556774036
1328,P3,6562.23556774036,6708.645711568862
1328,P5,6708.645711568862,6839.972151945533
1328,P6,6839.972151945533,7021.314855852291
1328,P7,7021.314855852291,7120.507123806908
1329,P1,6377.061905739396,6486.547037306474
1329,P2,6486.547037306474,6626.665359242313
1329,P3,6626.665359242313,6965.996013472032
1329,P4,6965.996013472032,7291.3464418260755
1329,P5,7291.3464418260755,7478.91649157063
1330,P1,6385.164463113569,6451.520056204844
1330,P2,6451.520056204844,6550.521371895705
1330,P3,6550.521371895705,6672.246456845456
1330,P4,6672.246456845456,6889.916916793819
1330,P5,6889.916916793819,7015.82271086244
1331,P3,6392.777564102059,6527.141501531268
1331,P4,6527.141501531268,6705.235064742569
1331,P7,6705.235064742569,6789.294432256187
1332,P1,6403.507603354738,6505.762049892613
1332,P2,6505.762049892613,6616.835605050259
1332,P3,6616.835605050259,6793.174197977991
1332,P4,6793.174197977991,7084.113734199033
1332,P6,7084.113734199033,7206.397468351527
1333,P1,6407.1037587888895,6534.688575122049
1333,P2,6534.688575122049,6681.450695888943
1333,P3,6681.450695888943,6847.403977393249
1333,P4,6847.403977393249,7155.162815325402
1333,P7,7155.162815325402,7278.0837652282
1334,P2,6408.231189897488,6514.916543032166
1334,P3,6514.916543032166,6669.619389792094
1334,P5,6669.619389792094,6833.802412419586
1334,P6,6833.802412419586,6931.688547862655
1334,P7,6931.688547862655,7020.902634886807
1335,P3,6411.696559718986,6540.263992677563
1335,P4,6540.263992677563,6761.602702457829
1335,P5,6761.602702457829,6925.136877024924
1335,P6,6925.136877024924,7045.076736040821
1336,P1,6411.822710391187,6518.975652636233
1336,P2,6518.975652636233,6655.014976385267
1336,P3,6655.014976385267,6842.327694827512
1336,P5,6842.327694827512,6967.935895434142
1337,P1,6423.449658051256,6492.20131096287
1337,P2,6492.20131096287,6580.006798800257
1337,P3,6580.006798800257,6680.864414700069
1337,P4,6680.864414700069,6893.670404225011
1337,P6,6893.670404225011,6991.639700777818
1338,P1,6424.650368266042,6521.424186068047
1338,P2,6521.424186068047,6659.649634989314
1338,P3,6659.649634989314,6818.686352671953
1338,P4,6818.686352671953,7083.850875871304
1338,P6,7083.850875871304,7215.527305792256
1338,P7,7215.527305792256,7335.851142805196
1339,P1,6426.000304722856,6502.534298590721
1339,P2,6502.534298590721,6602.825859012838
1339,P3,6602.825859012838,6723.839627985666
1339,P5,6723.839627985666,6855.447326350788
1340,P3,6426.465675558358,6543.651082344254
1340,P5,6543.651082344254,6697.890799718519
1341,P1,6428.008686869417,6519.1543011999875
1341,P2,6519.1543011999875,6652.916965033355
1341,P3,6652.916965033355,6797.613174659356
1341,P4,6797.613174659356,7044.241045845011
1341,P5,7044.241045845011,7190.488882122744
1342,P3,6434.479330763797,6596.227297413181
1342,P5,6596.227297413181,6737.064129973796
1342,P6,6737.064129973796,6883.3160447171
1343,P3,6440.769891479075,6624.460023660508
1343,P4,6624.460023660508,6967.682159501423
1343,P5,6967.682159501423,7114.430989184938
1343,P6,7114.430989184938,7327.355276721337
1344,P1,6442.455625806377,6551.552532328169
1344,P2,6551.552532328169,6658.504100725164
1344,P3,6658.504100725164,6777.147913588311
1344,P5,6777.147913588311,6919.848139924605
1344,P6,6919.848139924605,7020.999683268117
1345,P1,6454.185526898949,6547.169717895944
1345,P2,6547.169717895944,6671.876267540659
1345,P3,6671.876267540659,6810.324959735356
1345,P4,6810.324959735356,7052.146126476152
1345,P6,7052.146126476152,7198.019575860793
1345,P7,7198.019575860793,7295.606593715832
1346,P3,6454.311661024793,6589.085472776543
1346,P4,6589.085472776543,6853.732628069345
1346,P7,6853.732628069345,6972.300653448119
1347,P2,6454.665117656741,6569.309503110023
1347,P3,6569.309503110023,6724.708949721181
1347,P4,6724.708949721181,6934.948615298651
1347,P6,6934.948615298651,7060.534101542233
1348,P3,6454.736830862656,6549.390162365614
1348,P4,6549.390162365614,6782.783870680422
1348,P7,6782.783870680422,6851.275696847446
1349,P2,6454.833905573911,6585.224693669518
1349,P3,6585.224693669518,6783.847613032265
1349,P4,6783.847613032265,7004.8537501406445
1349,P6,7004.8537501406445,7122.529945291626
1350,P3,6461.704903698009,6622.823142134581
1350,P4,6622.823142134581,6879.6052172715545
1350,P6,6879.6052172715545,6993.617483075973
1350,P7,6993.617483075973,7108.442785107034
1351,P1,6470.805630870557,6623.191605141928
1351,P2,6623.191605141928,6802.138651637741
1351,P3,6802.138651637741,7035.701730602327
1351,P4,7035.701730602327,7389.5119324643765
1351,P6,7389.5119324643765,7583.342742219493
1352,P2,6473.264272178701,6575.1369297029805
1352,P3,6575.1369297029805,6695.283517825078
1352,P5,6695.283517825078,6812.401866141986
1352,P6,6812.401866141986,6906.590021600711
1353,P1,6474.7107132866,6549.875071867774
1353,P2,6549.875071867774,6632.790868217646
1353,P3,6632.790868217646,6744.626952539229
1353,P5,6744.626952539229,6862.107939278491
1353,P6,6862.107939278491,6955.645486380212
1353,P7,6955.645486380212,7045.190950583368
1354,P2,6477.973919195418,6603.335456527388
1354,P3,6603.335456527388,6723.6088909151
1354,P4,6723.6088909151,6926.431519386891
1354,P7,6926.431519386891,7029.568416630815
1355,P1,6485.557505696167,6565.828667695978
1355,P2,6565.828667695978,6659.886781466791
1355,P3,6659.886781466791,6801.909962206688
1355,P5,6801.909962206688,6912.76255829376
1355,P6,6912.76255829376,7018.563645314931
1356,P1,6488.301075852694,6594.384733078812
1356,P2,6594.384733078812,6697.878811970092
1356,P3,6697.878811970092,6820.187688120641
1356,P5,6820.187688120641,6979.490084303582
1356,P6,6979.490084303582,7121.31313032756
1357,P3,6495.069602667672,6668.446845443351
1357,P4,6668.446845443351,6936.545266477964
1357,P6,6936.545266477964,7150.359227295211
1357,P7,7150.359227295211,7288.4807106711405
1358,P1,6495.698315576251,6609.047347072994
1358,P2,6609.047347072994,6776.347098087068
1358,P3,6776.347098087068,6993.850943688338
1358,P4,6993.850943688338,7328.614135311392
1358,P5,7328.614135311392,7505.024641966359
1359,P3,6497.500235864626,6633.720872937994
1359,P5,6633.720872937994,6731.083353000258
1359,P6,6731.083353000258,6836.093238732764
1360,P1,6515.283381620515,6602.872799224433
1360,P2,6602.872799224433,6715.319871534551
1360,P3,6715.319871534551,6858.230905239892
1360,P4,6858.230905239892,7076.068547387545
1360,P6,7076.068547387545,7208.0772260909425
1361,P2,6516.11421395113,6631.25185025972
1361,P3,6631.25185025972,6779.504426256688
1361,P4,6779.504426256688,7039.544703421376
1361,P6,7039.544703421376,7177.444222882412
1361,P7,7177.444222882412,7295.401501092664
1362,P1,6521.330386253059,6614.303603114009
1362,P2,6614.303603114009,6745.108335582934
1362,P3,6745.108335582934,6894.291683784126
1362,P4,6894.291683784126,7175.9103938961325
1362,P6,7175.9103938961325,7329.884195330341
1363,P3,6527.230797602353,6630.24949992505
1363,P5,6630.24949992505,6728.773913072286
1364,P3,6536.115101898717,6753.428048900313
1364,P4,6753.428048900313,7153.400409559417
1364,P5,7153.400409559417,7332.100460282964
1365,P3,6542.17865052115,6692.009574903501
1365,P5,6692.009574903501,6830.408750159664
1366,P1,6544.186996300673,6703.81694144896
1366,P2,6703.81694144896,6850.476461104796
1366,P3,6850.476461104796,7051.31416106553
1366,P5,7051.31416106553,7254.372840079672
1367,P2,6550.479384949999,6655.633440740386
1367,P3,6655.633440740386,6820.90756796846
1367,P5,6820.90756796846,7048.523515157676
1368,P1,6553.6969307293775,6639.459001078781
1368,P2,6639.459001078781,6751.751894961243
1368,P3,6751.751894961243,6930.580062452625
1368,P4,6930.580062452625,7158.397389640569
1368,P6,7158.397389640569,7275.3147229486185
1369,P2,6557.070548786216,6679.497374695853
1369,P3,6679.497374695853,6820.296523504407
1369,P4,6820.296523504407,7088.795254740639
1369,P5,7088.795254740639,7227.885268583685
1370,P2,6563.178573603999,6691.47405165853
1370,P3,6691.47405165853,6850.11380433024
1370,P5,6850.11380433024,7003.567301348295
1371,P3,6569.961226382618,6725.108852945527
1371,P4,6725.108852945527,6974.682594054884
1371,P5,6974.682594054884,7060.914379166011
1371,P6,7060.914379166011,7177.282923502039
1371,P7,7177.282923502039,7276.009356635575
1372,P2,6572.215553786573,6677.885676784203
1372,P3,6677.885676784203,6822.298624289111
1372,P4,6822.298624289111,7120.223303916745
1372,P6,7120.223303916745,7243.401558926858
1373,P1,6572.911601005512,6655.987903278758
1373,P2,6655.987903278758,6753.13598429384
1373,P3,6753.13598429384,6926.044737014839
1373,P5,6926.044737014839,7074.294595686744
1373,P6,7074.294595686744,7183.827962538511
1374,P1,6574.2814511143515,6687.3410134252335
1374,P2,6687.3410134252335,6862.735988331167
1374,P3,6862.735988331167,7041.479726018956
1374,P5,7041.479726018956,7180.572249662048
1375,P3,6577.1366162975855,6742.3924353446
1375,P5,6742.3924353446,6888.083586001577
1376,P1,6591.386687761113,6682.486175683083
1376,P2,6682.486175683083,6767.582686484058
1376,P3,6767.582686484058,6899.613112571569
1376,P4,6899.613112571569,7187.628226489446
1376,P5,7187.628226489446,7335.001847398816
1377,P2,6593.722124419951,6675.859148579875
1377,P3,6675.859148579875,6791.651342249283
1377,P5,6791.651342249283,6906.624491175917
1378,P2,6598.9733981258005,6708.5692985729975
1378,P3,6708.5692985729975,6890.675922046865
1378,P5,6890.675922046865,7040.136455441001
1378,P6,7040.136455441001,7158.000102199202
1379,P3,6600.618592725781,6804.624360439712
1379,P4,6804.624360439712,7112.677879551749
1379,P6,7112.677879551749,7267.965899631566
1379,P7,7267.965899631566,7381.657841343915
1380,P1,6603.092377899136,6676.218264644204
1380,P2,6676.218264644204,6804.21348444676
1380,P3,6804.21348444676,6936.757901657069
1380,P4,6936.757901657069,7208.154221536715
1380,P6,7208.154221536715,7327.1728536615465
1380,P7,7327.1728536615465,7434.204734006776
1381,P1,6603.273251402254,6701.089571535132
1381,P2,6701.089571535132,6796.118648690789
1381,P3,6796.118648690789,6934.289483929147
1381,P5,6934.289483929147,7065.110779383957
1381,P6,7065.110779383957,7182.800878791426
1382,P1,6608.387167752096,6710.812456862382
1382,P2,6710.812456862382,6832.355111757687
1382,P3,6832.355111757687,7029.382268857269
1382,P5,7029.382268857269,7190.444338081701
1382,P6,7190.444338081701,7333.965050819025
1382,P7,7333.965050819025,7476.809119947095
1383,P1,6619.816288131726,6725.87350745271
1383,P2,6725.87350745271,6867.52064373023
1383,P3,6867.52064373023,7114.9773667188865
1383,P4,7114.9773667188865,7477.94042955134
1383,P5,7477.94042955134,7678.798068872327
1383,P6,7678.798068872327,7839.712518452078
1384,P2,6624.539782606262,6790.092268409106
1384,P3,6790.092268409106,7013.18362546008
1384,P5,7013.18362546008,7192.030916243186
1384,P6,7192.030916243186,7332.985835349467
1384,P7,7332.985835349467,7461.570814618021
1385,P1,6635.082315449754,6721.319343801533
1385,P2,6721.319343801533,6827.910619516224
1385,P3,6827.910619516224,6953.654297507061
1385,P5,6953.654297507061,7081.780575748379
1385,P6,7081.780575748379,7308.690554902202
1386,P3,6637.412031452787,6766.893775078332
1386,P4,6766.893775078332,7002.453658980424
1386,P5,7002.453658980424,7108.962168491791
1387,P2,6639.831794230669,6787.608161158149
1387,P3,6787.608161158149,6949.40666595905
1387,P4,6949.40666595905,7243.816176464194
1387,P7,7243.816176464194,7428.744944245851
1388,P1,6641.407956061063,6725.624337500476
1388,P2,6725.624337500476,6847.690244228299
1388,P3,6847.690244228299,7002.432160159457
1388,P5,7002.432160159457,7111.94052216599
1388,P6,7111.94052216599,7212.729016811643
1388,P7,7212.729016811643,7317.750351892785
1389,P1,6648.871639456936,6761.987138910227
1389,P2,6761.987138910227,6927.724294782431
1389,P3,6927.724294782431,7120.548484447375
1389,P4,7120.548484447375,7483.447748287935
1389,P6,7483.447748287935,7673.0436000520085
1390,P3,6650.177924876375,6820.887598395203
1390,P5,6820.887598395203,7060.568357261625
1391,P1,6651.032115619978,6776.784033123555
1391,P2,6776.784033123555,6923.042700115564
1391,P3,6923.042700115564,7131.344698685505
1391,P4,7131.344698685505,7536.173558518193
1391,P6,7536.173558518193,7684.426173857283
1392,P3,6656.082194068821,6769.2499256248
1392,P4,6769.2499256248,6972.189074808716
1392,P7,6972.189074808716,7058.615202036528
1393,P1,6661.440874235639,6767.663722062056
1393,P2,6767.663722062056,6902.619037438782
1393,P3,6902.619037438782,7062.391841632466
1393,P4,7062.391841632466,7390.006292361443
1393,P7,7390.006292361443,7511.086080423326
1394,P3,6664.304704561705,6829.875382121347
1394,P4,6829.875382121347,7065.0481497373485
1394,P6,7065.0481497373485,7213.593769201888
1394,P7,7213.593769201888,7335.790817897833
1395,P1,6664.310864546628,6767.3299072934005
1395,P2,6767.3299072934005,6870.209529482539
1395,P3,6870.209529482539,7053.492462635823
1395,P4,7053.492462635823,7290.856261986795
1395,P5,7290.856261986795,7435.17781195851
1395,P6,7435.17781195851,7575.950998553618
1396,P3,6676.930291413615,6883.147411425804
1396,P5,6883.147411425804,7097.7851846267595
1396,P6,7097.7851846267595,7248.318982676353
1397,P2,6677.564083150936,6833.879158662952
1397,P3,6833.879158662952,7012.421910292146
1397,P4,7012.421910292146,7359.581265002697
1397,P7,7359.581265002697,7510.462458474094
1398,P1,6679.124790665417,6745.581807352052
1398,P2,6745.581807352052,6836.743566603072
1398,P3,6836.743566603072,6985.454188539383
1398,P4,6985.454188539383,7183.2861257667355
1398,P6,7183.2861257667355,7271.766215512727
1399,P2,6680.4809199847205,6753.076179655935
1399,P3,6753.076179655935,6849.347523667566
1399,P4,6849.347523667566,7031.69700482097
1399,P5,7031.69700482097,7128.301245005627
1399,P6,7128.301245005627,7267.779952881137
1400,P1,6687.3834189675645,6783.226612479731
1400,P2,6783.226612479731,6898.734000698576
1400,P3,6898.734000698576,7033.947579846818
1400,P4,7033.947579846818,7257.265399283776
1400,P6,7257.265399283776,7370.577588387227
1401,P1,6691.386785145546,6764.814256175556
1401,P2,6764.814256175556,6855.232733709984
1401,P3,6855.232733709984,6983.091861977155
1401,P4,6983.091861977155,7154.302177511706
1401,P7,7154.302177511706,7235.347647206685
1402,P3,6695.617769188604,6826.128466939004
1402,P5,6826.128466939004,6947.241870449798
1402,P6,6947.241870449798,7048.806780414416
1403,P1,6696.203500645531,6794.718635999482
1403,P2,6794.718635999482,6942.10674511328
1403,P3,6942.10674511328,7091.033298491343
1403,P5,7091.033298491343,7238.493717752946
1403,P6,7238.493717752946,7380.016077003
1403,P7,7380.016077003,7494.7588860964515
1404,P3,6699.059590515453,6799.002043906046
1404,P4,6799.002043906046,6990.978592679191
1404,P7,6990.978592679191,7056.771791140211
1405,P1,6706.907141144472,6800.301400039522
1405,P2,6800.301400039522,6922.0558065301675
1405,P3,6922.0558065301675,7128.208052248648
1405,P4,7128.208052248648,7451.577210124798
1405,P7,7451.577210124798,7564.520716789565
1406,P1,6710.1862029296735,6773.790949489805
1406,P2,6773.790949489805,6869.915731572412
1406,P3,6869.915731572412,6965.461072650824
1406,P5,6965.461072650824,7077.9423794624045
1406,P6,7077.9423794624045,7179.800746304094
1407,P3,6717.73338919214,6919.916476450655
1407,P4,6919.916476450655,7154.940566024575
1407,P6,7154.940566024575,7295.703035111765
1408,P3,6720.782453669292,6877.768659907267
1408,P4,6877.768659907267,7119.526618210101
1408,P7,7119.526618210101,7206.984838136925
1409,P2,6728.736497649617,6889.38151549443
1409,P3,6889.38151549443,7103.672655502775
1409,P5,7103.672655502775,7274.621461671439
1409,P6,7274.621461671439,7432.970254357836
1409,P7,7432.970254357836,7616.327658996487
1410,P1,6730.295062396198,6799.224795795399
1410,P2,6799.224795795399,6882.542596363974
1410,P3,6882.542596363974,7023.808743247391
1410,P4,7023.808743247391,7245.322030749234
1410,P6,7245.322030749234,7410.941181508847
1411,P3,6731.777367771434,6886.29635206136
1411,P5,6886.29635206136,7035.305309175613
1412,P1,6734.01969542299,6825.411627551002
1412,P2,6825.411627551002,6933.564726417136
1412,P3,6933.564726417136,7065.69895895638
1412,P5,7065.69895895638,7183.806737946977
1412,P6,7183.806737946977,7288.27048571251
1413,P1,6734.195315283059,6816.496305598272
1413,P2,6816.496305598272,6913.20294551539
1413,P3,6913.20294551539,7011.4801050591395
1413,P5,7011.4801050591395,7110.866786298911
1413,P6,7110.866786298911,7248.167904350701
1413,P7,7248.167904350701,7349.6394990820045
1414,P2,6742.53224198761,6881.288764412943
1414,P3,6881.288764412943,7128.553554895066
1414,P4,7128.553554895066,7450.495616918648
1414,P5,7450.495616918648,7657.90233643618
1414,P6,7657.90233643618,7807.619849357583
1415,P1,6743.815699598366,6843.094173343078
1415,P2,6843.094173343078,6950.373926393385
1415,P3,6950.373926393385,7172.240969254157
1415,P5,7172.240969254157,7295.642308356083
1416,P3,6745.036602465696,6898.167471553996
1416,P5,6898.167471553996,7072.632285290578
1416,P6,7072.632285290578,7201.580190122292
1417,P3,6745.199633953502,6884.299855757236
1417,P5,6884.299855757236,7024.2427150593385
1417,P6,7024.2427150593385,7123.864961353358
1417,P7,7123.864961353358,7217.751397819654
1418,P2,6750.133877000915,6848.3801756411085
1418,P3,6848.3801756411085,6987.837177235132
1418,P5,6987.837177235132,7118.197628456212
1419,P1,6753.67313778248,6976.432770433834
1419,P2,6976.432770433834,7065.334123061059
1419,P3,7065.334123061059,7199.408360414091
1419,P5,7199.408360414091,7327.97218526947
1419,P6,7327.97218526947,7435.491175000889
1420,P1,6755.521492398482,6864.358580122696
1420,P2,6864.358580122696,6972.438678950874
1420,P3,6972.438678950874,7129.9021597573055
1420,P4,7129.9021597573055,7440.904252154094
1420,P5,7440.904252154094,7569.599447856239
1421,P1,6758.307852341778,6879.114096373576
1421,P2,6879.114096373576,7004.948302526679
1421,P3,7004.948302526679,7208.862044401853
1421,P4,7208.862044401853,7563.715398730214
1421,P7,7563.715398730214,7705.016925982256
1422,P1,6761.603682371634,6856.667512698984
1422,P2,6856.667512698984,6967.474253652521
1422,P3,6967.474253652521,7172.014231449203
1422,P4,7172.014231449203,7407.596245285307
1422,P7,7407.596245285307,7522.454502350169
1423,P1,6765.1327897175215,6860.067910329155
1423,P2,6860.067910329155,6999.023020312548
1423,P3,6999.023020312548,7183.879899802007
1423,P4,7183.879899802007,7459.025184134782
1423,P5,7459.025184134782,7598.762538859476
1423,P6,7598.762538859476,7738.797928233895
1424,P3,6767.365540137696,6915.630263561569
1424,P5,6915.630263561569,7021.680369742818
1424,P6,7021.680369742818,7110.5802749807435
1425,P1,6783.785368461108,6913.719272898824
1425,P2,6913.719272898824,7081.738330703099
1425,P3,7081.738330703099,7296.7219897906225
1425,P5,7296.7219897906225,7512.151728122916
1425,P6,7512.151728122916,7779.076388244146
1426,P2,6791.618744991053,6888.2437509911715
1426,P3,6888.2437509911715,7063.690520813041
1426,P4,7063.690520813041,7310.331495876591
1426,P5,7310.331495876591,7469.923460812783
1426,P6,7469.923460812783,7610.531544563355
1427,P1,6793.797706471399,6907.748949510355
1427,P2,6907.748949510355,7046.132902681295
1427,P3,7046.132902681295,7214.714392938699
1427,P4,7214.714392938699,7490.646326531652
1427,P5,7490.646326531652,7658.987726969907
1427,P6,7658.987726969907,7783.303495974478
1428,P2,6795.082258984647,6895.4617341365965
1428,P3,6895.4617341365965,7020.034797402528
1428,P5,7020.034797402528,7139.02384019496
1428,P6,7139.02384019496,7245.859296319212
1428,P7,7245.859296319212,7344.003516378346
1429,P1,6798.880094697305,6887.358578551153
1429,P2,6887.358578551153,6998.518459249075
1429,P3,6998.518459249075,7166.215442042719
1429,P5,7166.215442042719,7309.500764489644
1429,P6,7309.500764489644,7414.497321993412
1430,P3,6803.54895692863,6986.339016391324
1430,P4,6986.339016391324,7317.455539360939
1430,P6,7317.455539360939,7492.281709062107
1431,P1,6804.806160050743,6911.2719066183645
1431,P2,6911.2719066183645,7047.775726251325
1431,P3,7047.775726251325,7240.929367596908
1431,P4,7240.929367596908,7695.145347215016
1431,P5,7695.145347215016,7825.060179153438
1432,P3,6808.089207729574,6975.776444163999
1432,P4,6975.776444163999,7390.96575685423
1432,P5,7390.96575685423,7572.325686391107
1432,P6,7572.325686391107,7731.379698321983
1433,P1,6809.575423019999,6918.934465422243
1433,P2,6918.934465422243,7060.838246508199
1433,P3,7060.838246508199,7266.333621131218
1433,P4,7266.333621131218,7532.092177368516
1433,P7,7532.092177368516,7645.332874748165
1434,P1,6818.247375220135,6904.56870949373
1434,P2,6904.56870949373,7014.362686453021
1434,P3,7014.362686453021,7169.364690028972
1434,P5,7169.364690028972,7321.043448092673
1434,P6,7321.043448092673,7449.28272888989
1435,P2,6824.6314219883225,6911.322603791709
1435,P3,6911.322603791709,7052.812673917852
1435,P5,7052.812673917852,7180.8071830752515
1435,P6,7180.8071830752515,7279.959171092434
1436,P1,6827.510521298453,6924.421334823166
1436,P2,6924.421334823166,7045.326917314593
1436,P3,7045.326917314593,7215.208276577933
1436,P4,7215.208276577933,7567.970554076821
1436,P7,7567.970554076821,7697.911748252767
1437,P1,6828.029704549701,6941.340036601306
1437,P2,6941.340036601306,7054.205603591591
1437,P3,7054.205603591591,7202.515409932225
1437,P4,7202.515409932225,7512.774574102838
1437,P6,7512.774574102838,7634.756469421131
1437,P7,7634.756469421131,7746.277949490473
1438,P1,6838.226445250136,6908.775829693725
1438,P2,6908.775829693725,7016.0511048344615
1438,P3,7016.0511048344615,7154.62663440736
1438,P4,7154.62663440736,7378.944620402161
1438,P5,7378.944620402161,7511.072672927539
1438,P6,7511.072672927539,7609.688193280419
1439,P3,6840.3231936627935,6979.5743375290895
1439,P4,6979.5743375290895,7164.807276555808
1439,P5,7164.807276555808,7296.436360775283
1440,P3,6844.400897523899,7049.997801154193
1440,P5,7049.997801154193,7205.628850208378
1440,P6,7205.628850208378,7430.102751562761
1441,P2,6848.080894554261,6967.247470831378
1441,P3,6967.247470831378,7108.256024179621
1441,P5,7108.256024179621,7225.137307468144
1441,P6,7225.137307468144,7349.154472944714
1442,P2,6850.150937653446,6972.615120607269
1442,P3,6972.615120607269,7117.342708386758
1442,P4,7117.342708386758,7353.574378929118
1442,P5,7353.574378929118,7597.756923724483
1442,P6,7597.756923724483,7698.220641208983
1443,P3,6855.721296172714,6955.794994988659
1443,P4,6955.794994988659,7139.192010157057
1443,P6,7139.192010157057,7295.465114574636
1444,P3,6856.327023701909,6982.520140763231
1444,P5,6982.520140763231,7133.738765428586
1445,P1,6858.10524364885,6967.324915609194
1445,P2,6967.324915609194,7089.856083761812
1445,P3,7089.856083761812,7274.874370745408
1445,P5,7274.874370745408,7446.449583346151
1446,P2,6871.689119274114,7041.667218342017
1446,P3,7041.667218342017,7270.660911613824
1446,P5,7270.660911613824,7498.476235889651
1446,P6,7498.476235889651,7664.164640324769
1447,P1,6872.15390365147,6980.112519054722
1447,P2,6980.112519054722,7091.470623126123
1447,P3,7091.470623126123,7218.020561599284
1447,P4,7218.020561599284,7472.545020363163
1447,P6,7472.545020363163,7576.425517563247
1448,P1,6876.084580239352,6981.680596407071
1448,P2,6981.680596407071,7085.569926660363
1448,P3,7085.569926660363,7281.356223308527
1448,P5,7281.356223308527,7421.512827070533
1448,P6,7421.512827070533,7641.447056505585
1449,P1,6878.142281850779,7011.327999688411
1449,P2,7011.327999688411,7136.967094837656
1449,P3,7136.967094837656,7315.155303306604
1449,P5,7315.155303306604,7511.299837069889
1449,P6,7511.299837069889,7682.2923983178825
1450,P2,6881.432745941939,7079.617955105109
1450,P3,7079.617955105109,7318.076980809551
1450,P4,7318.076980809551,7617.316818254658
1450,P5,7617.316818254658,7787.617761428589
1450,P6,7787.617761428589,7917.164045448379
1451,P1,6882.4307626535665,6962.027018570098
1451,P2,6962.027018570098,7080.1320918136225
1451,P3,7080.1320918136225,7248.2888092108
1451,P5,7248.2888092108,7380.4665410654
1452,P3,6889.030935648162,7093.0143186420655
1452,P4,7093.0143186420655,7363.34838915808
1452,P6,7363.34838915808,7484.489359013639
1453,P3,6902.921723393381,7077.913599490224
1453,P4,7077.913599490224,7321.802064535002
1453,P7,7321.802064535002,7448.655573717135
1454,P2,6903.605877204833,6989.096058600827
1454,P3,6989.096058600827,7101.870283082375
1454,P5,7101.870283082375,7192.087119593407
1454,P6,7192.087119593407,7270.040216807385
1455,P1,6909.098439674208,7004.274168295817
1455,P2,7004.274168295817,7102.404355347238
1455,P3,7102.404355347238,7251.936283626715
1455,P5,7251.936283626715,7378.111786132863
1455,P6,7378.111786132863,7500.632576389529
1456,P1,6910.032967935338,7063.841657200555
1456,P2,7063.841657200555,7181.716226057034
1456,P3,7181.716226057034,7322.825892945839
1456,P5,7322.825892945839,7447.258662677727
1456,P6,7447.258662677727,7573.930926580985
1456,P7,7573.930926580985,7655.5784860760305
1457,P3,6920.749885569214,7055.454933336601
1457,P4,7055.454933336601,7337.966265632775
1457,P7,7337.966265632775,7439.076340660296
1458,P3,6925.110167521131,7071.2600557200485
1458,P5,7071.2600557200485,7199.649255379328
1458,P6,7199.649255379328,7321.906138360141
1459,P1,6928.172665389357,7042.847686512137
1459,P2,7042.847686512137,7193.233810331659
1459,P3,7193.233810331659,7411.737911557979
1459,P5,7411.737911557979,7593.9714191660305
1459,P6,7593.9714191660305,7759.720945087324
1459,P7,7759.720945087324,7889.159720471675
1460,P1,6931.805720567879,7000.337088444072
1460,P2,7000.337088444072,7091.23281437497
1460,P3,7091.23281437497,7230.3752949499885
1460,P5,7230.3752949499885,7353.537630471876
1460,P6,7353.537630471876,7445.590337005843
1461,P1,6933.475300698442,7013.0864009314055
1461,P2,7013.0864009314055,7125.196402591111
1461,P3,7125.196402591111,7288.844065743623
1461,P4,7288.844065743623,7501.982099196244
1461,P5,7501.982099196244,7638.199569545783
1462,P2,6934.918884567026,7057.506244734297
1462,P3,7057.506244734297,7238.072509241637
1462,P4,7238.072509241637,7529.885536690621
1462,P6,7529.885536690621,7672.006894690109
1463,P2,6937.395139615272,7030.1003388429735
1463,P3,7030.1003388429735,7185.115219302098
1463,P4,7185.115219302098,7418.457484684807
1463,P6,7418.457484684807,7541.025591735474
1464,P3,6941.242938043448,7130.798637948387
1464,P5,7130.798637948387,7311.401616179727
1465,P1,6945.169491977764,7053.573666746277
1465,P2,7053.573666746277,7258.693795220435
1465,P3,7258.693795220435,7440.447585062288
1465,P4,7440.447585062288,7844.903743978638
1465,P7,7844.903743978638,7979.202284952593
1466,P2,6946.2144666592485,7048.586008588829
1466,P3,7048.586008588829,7215.144269299469
1466,P5,7215.144269299469,7336.024565431396
1467,P1,6949.044123657033,7022.318807471896
1467,P2,7022.318807471896,7131.803981063435
1467,P3,7131.803981063435,7257.858490288384
1467,P4,7257.858490288384,7467.889241097203
1467,P7,7467.889241097203,7564.353330845019
1468,P1,6954.312808393688,7048.981799873527
1468,P2,7048.981799873527,7161.33870713571
1468,P3,7161.33870713571,7306.1477726415515
1468,P5,7306.1477726415515,7441.5933964205615
1468,P6,7441.5933964205615,7573.808808169287
1469,P2,6999.051593676571,7113.076945410721
1469,P3,7113.076945410721,7279.948582690973
1469,P4,7279.948582690973,7574.234312197811
1469,P5,7574.234312197811,7733.424187937825
1470,P1,7001.165888960767,7077.260523453411
1470,P2,7077.260523453411,7179.545299927234
1470,P3,7179.545299927234,7341.595221484451
1470,P4,7341.595221484451,7542.823269485099
1470,P7,7542.823269485099,7635.0865326771545
1471,P1,7002.440822456379,7103.677792460461
1471,P2,7103.677792460461,7227.676692253009
1471,P3,7227.676692253009,7401.320917806917
1471,P5,7401.320917806917,7544.217270231433
1472,P3,7007.879964069509,7225.845569704312
1472,P5,7225.845569704312,7346.367956061
1472,P6,7346.367956061,7462.673931186702
1473,P2,7014.462046796472,7116.232702444717
1473,P3,7116.232702444717,7309.489179984834
1473,P5,7309.489179984834,7500.270275399488
1473,P6,7500.270275399488,7610.100940846053
1474,P1,7035.61025306208,7142.1643233366385
1474,P2,7142.1643233366385,7287.113047403679
1474,P3,7287.113047403679,7484.0683672236655
1474,P4,7484.0683672236655,7803.305739008879
1474,P5,7803.305739008879,7963.380191860408
1474,P6,7963.380191860408,8108.59978094613
1475,P2,7040.135541177657,7118.4126980984975
1475,P3,7118.4126980984975,7235.00603981907
1475,P5,7235.00603981907,7326.596821579346
1476,P3,7045.418747963488,7208.10623874996
1476,P4,7208.10623874996,7373.2339038481705
1476,P5,7373.2339038481705,7467.3947641570785
1476,P6,7467.3947641570785,7567.4330694347145
1477,P2,7048.828893703797,7174.557734745031
1477,P3,7174.557734745031,7367.302550836226
1477,P4,7367.302550836226,7679.37466324164
1477,P7,7679.37466324164,7786.829964309709
1478,P2,7051.676282163445,7165.08479179638
1478,P3,7165.08479179638,7315.511920733433
1478,P4,7315.511920733433,7586.665494570722
1478,P6,7586.665494570722,7691.2101316310955
1479,P3,7053.469287731463,7163.318377617153
1479,P4,7163.318377617153,7353.120982989299
1479,P6,7353.120982989299,7489.594790254863
1480,P1,7058.844610582844,7120.989758906374
1480,P2,7120.989758906374,7213.008462714634
1480,P3,7213.008462714634,7335.391979548472
1480,P4,7335.391979548472,7512.930000755592
1480,P7,7512.930000755592,7604.018794429364
1481,P1,7064.753983370955,7129.5873370809795
1481,P2,7129.5873370809795,7203.963189136136
1481,P3,7203.963189136136,7295.613484619822
1481,P5,7295.613484619822,7405.075185258295
1481,P6,7405.075185258295,7523.869410829666
1482,P2,7066.180718705101,7216.932362556368
1482,P3,7216.932362556368,7417.864064068646
1482,P4,7417.864064068646,7722.8630240873845
1482,P7,7722.8630240873845,7919.367278790561
1483,P3,7074.107228035673,7196.9238181900555
1483,P5,7196.9238181900555,7291.541250247901
1483,P6,7291.541250247901,7378.287560261123
1484,P1,7079.188813883343,7149.2272486092625
1484,P2,7149.2272486092625,7269.952728867388
1484,P3,7269.952728867388,7384.310257561228
1484,P5,7384.310257561228,7510.829140055586
1484,P6,7510.829140055586,7607.184860062374
1485,P1,7082.101172345903,7147.223646138034
1485,P2,7147.223646138034,7208.733100100652
1485,P3,7208.733100100652,7304.491696582455
1485,P5,7304.491696582455,7404.9773635778165
1485,P6,7404.9773635778165,7505.845433689483
1486,P1,7087.006304286179,7187.429078537147
1486,P2,7187.429078537147,7320.383440395427
1486,P3,7320.383440395427,7542.514499356269
1486,P5,7542.514499356269,7722.4392041659385
1486,P6,7722.4392041659385,7868.30238661409
1487,P1,7091.466004806235,7170.5624688903
1487,P2,7170.5624688903,7277.624085924351
1487,P3,7277.624085924351,7436.896929536647
1487,P5,7436.896929536647,7561.057691203356
1487,P6,7561.057691203356,7662.497826199459
1488,P3,7096.864320990464,7270.695569314441
1488,P4,7270.695569314441,7579.923613883582
1488,P6,7579.923613883582,7739.220336902007
1489,P2,7103.375652249599,7216.968828867074
1489,P3,7216.968828867074,7379.442041813932
1489,P5,7379.442041813932,7509.263453167323
1490,P2,7106.494758283312,7236.712459095108
1490,P3,7236.712459095108,7412.359997942668
1490,P5,7412.359997942668,7552.6413931842535
1491,P1,7108.8778982973,7241.634931673709
1491,P2,7241.634931673709,7380.410938183484
1491,P3,7380.410938183484,7566.892733175377
1491,P4,7566.892733175377,7834.766803210381
1491,P7,7834.766803210381,7959.1058150791305
1492,P1,7113.467797121072,7202.580784889777
1492,P2,7202.580784889777,7315.992570573282
1492,P3,7315.992570573282,7458.344093914815
1492,P4,7458.344093914815,7650.831381820861
1492,P5,7650.831381820861,7814.768058517282
1492,P6,7814.768058517282,7927.8127475467745
1493,P1,7114.51589272959,7219.150958963763
1493,P2,7219.150958963763,7402.107081946998
1493,P3,7402.107081946998,7603.875036540074
1493,P5,7603.875036540074,7799.383699666953
1493,P6,7799.383699666953,7954.880412344506
1493,P7,7954.880412344506,8120.330045067515
1494,P1,7115.639709850897,7225.332389753078
1494,P2,7225.332389753078,7373.94971534652
1494,P3,7373.94971534652,7512.6820319047965
1494,P5,7512.6820319047965,7660.400171358259
1494,P6,7660.400171358259,7823.967452292399
1495,P1,7117.340786090822,7179.0656444123515
1495,P2,7179.0656444123515,7267.013286099053
1495,P3,7267.013286099053,7376.93549253273
1495,P5,7376.93549253273,7479.2479523648835
1495,P6,7479.2479523648835,7570.654673801785
1496,P1,7118.129282898495,7195.483963681944
1496,P2,7195.483963681944,7285.713224828978
1496,P3,7285.713224828978,7422.353379902182
1496,P5,7422.353379902182,7566.168703442586
1496,P6,7566.168703442586,7668.1195067956105
1497,P1,7122.243225232122,7193.7377130829345
1497,P2,7193.7377130829345,7283.015747990025
1497,P3,7283.015747990025,7403.259090422878
1497,P4,7403.259090422878,7664.356619761324
1497,P5,7664.356619761324,7803.629484943189
1497,P6,7803.629484943189,7917.210909979703
1498,P3,7135.294415452106,7277.582965711822
1498,P5,7277.582965711822,7395.138469415784
1498,P6,7395.138469415784,7496.635329685094
1499,P1,7136.713126096461,7242.963458067542
1499,P2,7242.963458067542,7370.703264449427
1499,P3,7370.703264449427,7510.413056202481
1499,P4,7510.413056202481,7830.293379479759
1499,P7,7830.293379479759,7930.339954503376
1500,P2,7146.5578967409965,7300.3367928854595
1500,P3,7300.3367928854595,7413.971473660556
1500,P5,7413.971473660556,7549.640826196375
1500,P6,7549.640826196375,7652.542183118067
1501,P2,7148.411747126039,7317.866301737432
1501,P3,7317.866301737432,7517.633785599406
1501,P4,7517.633785599406,7855.365604947881
1501,P5,7855.365604947881,8037.355201182073
1502,P1,7150.534518919499,7241.232564372681
1502,P2,7241.232564372681,7340.057753133958
1502,P3,7340.057753133958,7522.579729793085
1502,P4,7522.579729793085,7725.362729639638
1502,P7,7725.362729639638,7836.593157710752
1503,P1,7150.902895386455,7243.052870627813
1503,P2,7243.052870627813,7362.622032387214
1503,P3,7362.622032387214,7600.51310779152
1503,P5,7600.51310779152,7766.659562362186
1504,P2,7155.598984277032,7264.458525556698
1504,P3,7264.458525556698,7391.506894767879
1504,P4,7391.506894767879,7604.300647206351
1504,P6,7604.300647206351,7709.902642783334
1505,P3,7157.172185531745,7298.976315312306
1505,P4,7298.976315312306,7530.633109348188
1505,P6,7530.633109348188,7625.493258919161
1506,P1,7166.126914061455,7232.879970428414
1506,P2,7232.879970428414,7322.376868100098
1506,P3,7322.376868100098,7456.097382565104
1506,P5,7456.097382565104,7557.086693647487
1506,P6,7557.086693647487,7649.275296877787
1507,P1,7170.218680159982,7313.737305925232
1507,P2,7313.737305925232,7383.555134029151
1507,P3,7383.555134029151,7494.249322326438
1507,P4,7494.249322326438,7662.164529800118
1507,P7,7662.164529800118,7743.5536025279835
1508,P1,7171.175387421456,7294.476934978174
1508,P2,7294.476934978174,7430.249524816276
1508,P3,7430.249524816276,7632.90308878241
1508,P4,7632.90308878241,7977.251980832352
1508,P5,7977.251980832352,8144.191747688545
1509,P2,7179.84055284662,7330.407282227616
1509,P3,7330.407282227616,7532.927342749837
1509,P4,7532.927342749837,7793.88304554518
1509,P5,7793.88304554518,7991.383858222469
1509,P6,7991.383858222469,8158.455084987869
1509,P7,8158.455084987869,8297.904281669635
1510,P1,7180.409475018939,7286.17912815679
1510,P2,7286.17912815679,7403.594526486326
1510,P3,7403.594526486326,7540.754266706582
1510,P4,7540.754266706582,7771.377874748556
1510,P5,7771.377874748556,7903.793065087564
1510,P6,7903.793065087564,8030.670564768271
1511,P3,7182.964202853387,7394.598408651969
1511,P5,7394.598408651969,7556.716893689466
1511,P6,7556.716893689466,7682.481289335194
1512,P1,7188.396846080016,7299.627069512537
1512,P2,7299.627069512537,7451.511224263873
1512,P3,7451.511224263873,7646.8533098903235
1512,P4,7646.8533098903235,7991.471625839166
1512,P7,7991.471625839166,8115.493044325979
1513,P1,7189.63570042773,7274.9864221821945
1513,P2,7274.9864221821945,7379.5623599408655
1513,P3,7379.5623599408655,7530.753757222403
1513,P5,7530.753757222403,7654.621563357245
1514,P3,7203.01895011227,7346.9698650311875
1514,P5,7346.9698650311875,7516.437116139906
1515,P1,7209.516105522283,7305.48850600161
1515,P2,7305.48850600161,7440.110129259418
1515,P3,7440.110129259418,7613.792508245731
1515,P5,7613.792508245731,7789.252064402363
1516,P2,7210.673081313729,7366.125571032463
1516,P3,7366.125571032463,7510.438949701957
1516,P4,7510.438949701957,7739.19357705984
1516,P6,7739.19357705984,7829.407547822773
1517,P1,7211.032546756007,7281.207024267391
1517,P2,7281.207024267391,7375.67156090857
1517,P3,7375.67156090857,7500.093646289533
1517,P4,7500.093646289533,7710.481950627429
1517,P7,7710.481950627429,7814.7055549057195
1518,P1,7214.158238857586,7282.6104266410775
1518,P2,7282.6104266410775,7368.662872664438
1518,P3,7368.662872664438,7461.106127734497
1518,P5,7461.106127734497,7617.960714055335
1519,P1,7215.044761488435,7312.640129319678
1519,P2,7312.640129319678,7434.501439271133
1519,P3,7434.501439271133,7616.169448731165
1519,P5,7616.169448731165,7748.631547087128
1519,P6,7748.631547087128,7857.262255120567
1520,P1,7234.747108285513,7293.685885348017
1520,P2,7293.685885348017,7368.543666133809
1520,P3,7368.543666133809,7474.8942771590755
1520,P5,7474.8942771590755,7569.78500577922
1521,P3,7236.173510426103,7347.115996799583
1521,P4,7347.115996799583,7566.346316892833
1521,P5,7566.346316892833,7677.918787953942
1521,P6,7677.918787953942,7782.095319379259
1522,P2,7238.582277063364,7332.0277227959195
1522,P3,7332.0277227959195,7442.875342775248
1522,P5,7442.875342775248,7542.42104045591
1523,P3,7241.3990925170865,7378.562277715869
1523,P4,7378.562277715869,7594.307483182818
1523,P5,7594.307483182818,7725.997661066938
1523,P6,7725.997661066938,7852.214899067243
1524,P1,7245.770784838385,7315.346435173581
1524,P2,7315.346435173581,7402.928782316956
1524,P3,7402.928782316956,7567.936020642483
1524,P4,7567.936020642483,7791.148043298115
1524,P7,7791.148043298115,7880.942572034463
1525,P3,7252.314122636629,7371.761641375582
1525,P4,7371.761641375582,7599.084462986318
1525,P6,7599.084462986318,7697.195208384452
1526,P2,7258.520254529533,7405.822765012697
1526,P3,7405.822765012697,7573.114252369235
1526,P4,7573.114252369235,7837.815592494616
1526,P6,7837.815592494616,7983.824164524954
1527,P3,7260.17190322772,7412.602825078223
1527,P5,7412.602825078223,7553.387041697052
1527,P6,7553.387041697052,7663.077732937278
1528,P1,7260.758719743869,7336.913043619365
1528,P2,7336.913043619365,7460.765055636062
1528,P3,7460.765055636062,7587.138346253147
1528,P4,7587.138346253147,7818.924398593914
1528,P6,7818.924398593914,7930.7298620934625
1528,P7,7930.7298620934625,8028.243468675197
1529,P1,7265.177813120114,7362.180909427953
1529,P2,7362.180909427953,7457.8311136501
1529,P3,7457.8311136501,7601.386226599077
1529,P4,7601.386226599077,7814.486173243338
1529,P6,7814.486173243338,7907.544456920328
1530,P1,7265.246258779006,7377.402340448337
1530,P2,7377.402340448337,7501.786419685619
1530,P3,7501.786419685619,7650.276166352414
1530,P5,7650.276166352414,7793.386101691837
1531,P1,7265.451451736695,7349.501041737764
1531,P2,7349.501041737764,7442.342215752559
1531,P3,7442.342215752559,7573.4866524417
1531,P4,7573.4866524417,7810.28387732978
1531,P6,7810.28387732978,7928.189850233431
1532,P1,7268.997353810372,7365.66004619203
1532,P2,7365.66004619203,7494.219643080663
1532,P3,7494.219643080663,7667.567409463366
1532,P4,7667.567409463366,7901.570344974465
1532,P6,7901.570344974465,8029.974688239954
1533,P1,7274.208885965981,7332.438838009159
1533,P2,7332.438838009159,7450.514633610176
1533,P3,7450.514633610176,7587.084888825488
1533,P5,7587.084888825488,7700.153653442563
1533,P6,7700.153653442563,7799.425164277346
1534,P1,7275.987681020581,7363.70234984837
1534,P2,7363.70234984837,7466.477242705127
1534,P3,7466.477242705127,7627.797992797266
1534,P5,7627.797992797266,7750.344635954548
1534,P6,7750.344635954548,7875.607164650635
1535,P1,7279.240598741764,7356.178611454073
1535,P2,7356.178611454073,7464.345239413313
1535,P3,7464.345239413313,7620.609272449875
1535,P5,7620.609272449875,7748.04344120763
1536,P1,7282.435672139397,7361.682910566187
1536,P2,7361.682910566187,7465.39720189087
1536,P3,7465.39720189087,7650.924643237946
1536,P4,7650.924643237946,7859.868260459533
1536,P5,7859.868260459533,7964.627934635572
1536,P6,7964.627934635572,8078.0805186885145
1536,P7,8078.0805186885145,8177.157560204536
1537,P2,7282.977332295474,7376.146940106469
1537,P3,7376.146940106469,7541.92182741856
1537,P5,7541.92182741856,7655.550513408239
1537,P6,7655.550513408239,7760.267703756
1537,P7,7760.267703756,7837.7595693201165
1538,P1,7291.1510153371155,7396.596749831631
1538,P2,7396.596749831631,7523.270918294376
1538,P3,7523.270918294376,7693.480712253258
1538,P4,7693.480712253258,7986.498547074765
1538,P7,7986.498547074765,8089.012099727319
1539,P3,7303.537718149377,7558.7160885090125
1539,P4,7558.7160885090125,7869.320750043664
1539,P6,7869.320750043664,8027.116271458557
1540,P3,7305.014902781424,7422.170810277621
1540,P4,7422.170810277621,7600.723172646624
1540,P5,7600.723172646624,7699.76407145265
1540,P6,7699.76407145265,7782.411361087566
1541,P3,7310.548763449601,7493.427661390441
1541,P5,7493.427661390441,7642.141040798992
1541,P6,7642.141040798992,7774.749615551103
1542,P1,7317.609923705401,7511.636820935045
1542,P2,7511.636820935045,7698.872499129608
1542,P3,7698.872499129608,7970.273832417145
1542,P4,7970.273832417145,8312.200443190568
1542,P6,8312.200443190568,8510.20840853888
1542,P7,8510.20840853888,8684.265315981578
1543,P1,7317.977972806725,7405.644096090981
1543,P2,7405.644096090981,7505.470323973126
1543,P3,7505.470323973126,7665.0792994606
1543,P5,7665.0792994606,7774.556707382429
1543,P6,7774.556707382429,7877.558556374198
1544,P2,7320.279433635966,7428.692435385568
1544,P3,7428.692435385568,7566.766628030673
1544,P5,7566.766628030673,7674.317112594312
1544,P6,7674.317112594312,7837.37926241874
1545,P1,7328.651785219501,7420.846993217077
1545,P2,7420.846993217077,7559.849626605985
1545,P3,7559.849626605985,7759.218084933236
1545,P5,7759.218084933236,7901.255619490724
1545,P6,7901.255619490724,8028.333038084348
1545,P7,8028.333038084348,8171.983623669696
1546,P3,7340.179102220793,7474.585621293014
1546,P5,7474.585621293014,7569.690568636476
1546,P6,7569.690568636476,7675.364230910784
1546,P7,7675.364230910784,7785.4742222803
1547,P1,7341.557271221511,7421.702051401254
1547,P2,7421.702051401254,7574.890732816447
1547,P3,7574.890732816447,7716.080307622012
1547,P4,7716.080307622012,7957.564276729141
1547,P5,7957.564276729141,8105.302002143408
1547,P6,8105.302002143408,8237.135923414962
1548,P1,7360.470193391182,7471.151791936897
1548,P2,7471.151791936897,7603.880138962056
1548,P3,7603.880138962056,7784.887973398533
1548,P4,7784.887973398533,7993.436363552847
1548,P5,7993.436363552847,8161.672254678428
1549,P1,7376.29878393543,7446.237877148163
1549,P2,7446.237877148163,7563.250476868687
1549,P3,7563.250476868687,7709.246596443557
1549,P4,7709.246596443557,7938.394650456928
1549,P6,7938.394650456928,8067.773244647378
1549,P7,8067.773244647378,8156.240878242274
1550,P1,7376.96221495122,7516.4410308362785
1550,P2,7516.4410308362785,7680.7074637040705
1550,P3,7680.7074637040705,7896.648313626472
1550,P5,7896.648313626472,8119.9339120697805
1551,P3,7383.341725921603,7500.986080807596
1551,P5,7500.986080807596,7637.656310308101
1551,P6,7637.656310308101,7740.671793457121
1552,P3,7383.445122337319,7533.242240969114
1552,P5,7533.242240969114,7670.928490057334
1553,P1,7402.2940229596525,7519.035088361087
1553,P2,7519.035088361087,7638.647085783063
1553,P3,7638.647085783063,7816.232281926759
1553,P4,7816.232281926759,8134.472402950078
1553,P6,8134.472402950078,8250.228367059157
1553,P7,8250.228367059157,8400.111135542184
1554,P3,7404.809330741969,7546.584154863871
1554,P5,7546.584154863871,7718.6192234193795
1554,P6,7718.6192234193795,7869.049327055163
1555,P1,7409.995947151645,7518.256698906686
1555,P2,7518.256698906686,7656.698303088627
1555,P3,7656.698303088627,7832.008108648998
1555,P5,7832.008108648998,8047.31183290468
1555,P6,8047.31183290468,8216.11025017526
1556,P1,7410.6625264754375,7557.66103158288
1556,P2,7557.66103158288,7663.287615686212
1556,P3,7663.287615686212,7810.559660418868
1556,P4,7810.559660418868,8071.5457605407655
1556,P5,8071.5457605407655,8231.15567093918
1557,P1,7416.822660936689,7543.636820183224
1557,P2,7543.636820183224,7693.597323585986
1557,P3,7693.597323585986,7931.686549769488
1557,P5,7931.686549769488,8122.548391403913
1557,P6,8122.548391403913,8307.96449091286
1558,P1,7417.920626585122,7518.7995376885865
1558,P2,7518.7995376885865,7637.740379366403
1558,P3,7637.740379366403,7821.173622513435
1558,P5,7821.173622513435,7975.244027374712
1559,P2,7425.899114716398,7558.482355542939
1559,P3,7558.482355542939,7715.360688016927
1559,P4,7715.360688016927,7992.074755051333
1559,P5,7992.074755051333,8150.297341928655
1559,P6,8150.297341928655,8293.010273698113
1560,P2,7426.881738547939,7547.39019828299
1560,P3,7547.39019828299,7700.6331841899455
1560,P5,7700.6331841899455,7832.3293912689915
1560,P6,7832.3293912689915,7955.23726096194
1561,P3,7431.664338102419,7584.802909005473
1561,P5,7584.802909005473,7805.655351031102
1561,P6,7805.655351031102,7924.252596910465
1562,P3,7437.01539795323,7577.91706611105
1562,P4,7577.91706611105,7944.554427801842
1562,P5,7944.554427801842,8081.276559380811
1562,P6,8081.276559380811,8224.94524656274
1563,P2,7438.672869739376,7619.279585468383
1563,P3,7619.279585468383,7852.832113891662
1563,P4,7852.832113891662,8322.205540756195
1563,P7,8322.205540756195,8562.94654930977
1564,P2,7445.0806106317805,7553.578240928182
1564,P3,7553.578240928182,7732.431752179767
1564,P4,7732.431752179767,7994.035170430408
1564,P5,7994.035170430408,8132.297112896341
1564,P6,8132.297112896341,8230.526826239944
1565,P2,7454.325906543298,7544.29476112134
1565,P3,7544.29476112134,7658.605202455548
1565,P5,7658.605202455548,7756.692676271594
1565,P6,7756.692676271594,7860.167410768567
1566,P1,7457.45148962753,7539.959554684688
1566,P2,7539.959554684688,7644.925332176878
1566,P3,7644.925332176878,7767.358900249251
1566,P5,7767.358900249251,7912.339362426205
1566,P6,7912.339362426205,8020.063841941357
1567,P1,7471.5603895648665,7588.340180476913
1567,P2,7588.340180476913,7714.202814581671
1567,P3,7714.202814581671,7855.5184238785505
1567,P4,7855.5184238785505,8181.255792813584
1567,P5,8181.255792813584,8331.813025174457
1567,P6,8331.813025174457,8444.95920697917
1568,P1,7472.370851814012,7592.468098487936
1568,P2,7592.468098487936,7690.386647950606
1568,P3,7690.386647950606,7863.939689562855
1568,P4,7863.939689562855,8122.385342375303
1568,P5,8122.385342375303,8293.569056769107
1568,P6,8293.569056769107,8414.524358788321
1569,P1,7476.00818276623,7573.16546258541
1569,P2,7573.16546258541,7719.35009944626
1569,P3,7719.35009944626,7877.714684514299
1569,P5,7877.714684514299,8030.881189870977
1569,P6,8030.881189870977,8182.744820641442
1570,P1,7481.514212779594,7584.932930195401
1570,P2,7584.932930195401,7705.858480362556
1570,P3,7705.858480362556,7862.265603869494
1570,P4,7862.265603869494,8115.785220002394
1570,P6,8115.785220002394,8252.253013315787
1571,P1,7484.45269962014,7566.137662889466
1571,P2,7566.137662889466,7646.942197656553
1571,P3,7646.942197656553,7758.445197326794
1571,P5,7758.445197326794,7852.944700684988
1572,P1,7489.035536565429,7579.00859794878
1572,P2,7579.00859794878,7705.69424426365
1572,P3,7705.69424426365,7845.986757485832
1572,P4,7845.986757485832,8047.725933334845
1572,P6,8047.725933334845,8143.440599281267
1573,P2,7491.312965462312,7640.647964952436
1573,P3,7640.647964952436,7834.634663538701
1573,P5,7834.634663538701,7969.017586710443
1574,P2,7491.9616522641945,7678.777072642615
1574,P3,7678.777072642615,7954.052216297935
1574,P4,7954.052216297935,8320.84398510093
1574,P6,8320.84398510093,8590.772788570126
1575,P1,7494.5871902480785,7573.823155043437
1575,P2,7573.823155043437,7676.133188496528
1575,P3,7676.133188496528,7817.559197397499
1575,P4,7817.559197397499,8097.532038134466
1575,P6,8097.532038134466,8233.464203744155
1575,P7,8233.464203744155,8341.112213067765
1576,P3,7497.682595590144,7637.95203541105
1576,P4,7637.95203541105,7840.129535188836
1576,P6,7840.129535188836,7997.913112223227
1576,P7,7997.913112223227,8103.144329257227
1577,P1,7502.049111683139,7609.661415829926
1577,P2,7609.661415829926,7837.183613882336
1577,P3,7837.183613882336,8038.636410007025
1577,P4,8038.636410007025,8390.888282493273
1577,P7,8390.888282493273,8528.516050203965
1578,P3,7508.782226275117,7659.45248690736
1578,P5,7659.45248690736,7775.551498362468
1578,P6,7775.551498362468,7875.532497083741
1579,P2,7512.684684276099,7604.339710785741
1579,P3,7604.339710785741,7733.218836469871
1579,P4,7733.218836469871,7976.678869331396
1579,P7,7976.678869331396,8079.558658671823
1580,P3,7515.020659519525,7664.037455121777
1580,P5,7664.037455121777,7841.227029191782
1581,P2,7515.62597907725,7699.878493835119
1581,P3,7699.878493835119,7871.266665072525
1581,P4,7871.266665072525,8147.039319049723
1581,P7,8147.039319049723,8279.27368667853
1582,P1,7516.51364329993,7615.303963312239
1582,P2,7615.303963312239,7755.066049896709
1582,P3,7755.066049896709,7919.930907927482
1582,P4,7919.930907927482,8180.656178375045
1582,P6,8180.656178375045,8337.453552200803
1583,P3,7516.977139677778,7694.812714052814
1583,P4,7694.812714052814,7996.068058985594
1583,P7,7996.068058985594,8145.191998275061
1584,P3,7518.601337805373,7684.796626254916
1584,P4,7684.796626254916,7948.731952386938
1584,P6,7948.731952386938,8082.862697589222
1585,P1,7518.836839809626,7578.527320748662
1585,P2,7578.527320748662,7690.461748488074
1585,P3,7690.461748488074,7796.153667059399
1585,P5,7796.153667059399,7892.3312076800685
1585,P6,7892.3312076800685,7967.872132606301
1586,P1,7520.412873346158,7668.713645471102
1586,P2,7668.713645471102,7766.065528197001
1586,P3,7766.065528197001,7892.290613046516
1586,P5,7892.290613046516,8027.442456923051
1587,P2,7525.897567388968,7617.342097096136
1587,P3,7617.342097096136,7771.987966666394
1587,P5,7771.987966666394,7878.685739309453
1587,P6,7878.685739309453,7973.96523911528
1588,P2,7532.503189622135,7613.268377567523
1588,P3,7613.268377567523,7757.84855864436
1588,P4,7757.84855864436,7923.286678967447
1588,P6,7923.286678967447,7999.679649324286
1589,P1,7542.042461533976,7676.6694363610595
1589,P2,7676.6694363610595,7837.292087866781
1589,P3,7837.292087866781,8046.250935076605
1589,P5,8046.250935076605,8197.054096114141
1589,P6,8197.054096114141,8389.27336179829
1590,P1,7561.271562728561,7654.502658143367
1590,P2,7654.502658143367,7771.378934348282
1590,P3,7771.378934348282,7911.137993856746
1590,P5,7911.137993856746,8047.588185001626
1591,P1,7561.342560166038,7617.63765559297
1591,P2,7617.63765559297,7704.536043351524
1591,P3,7704.536043351524,7803.887820713679
1591,P5,7803.887820713679,7886.631885686074
1592,P3,7564.077555446638,7760.945288617439
1592,P4,7760.945288617439,8107.234392396798
1592,P6,8107.234392396798,8267.403348174772
1593,P3,7575.271587158701,7793.458939793734
1593,P5,7793.458939793734,7996.714087415905
1594,P2,7581.025305144198,7682.244698678699
1594,P3,7682.244698678699,7813.166335867897
1594,P5,7813.166335867897,7961.804823071744
1594,P6,7961.804823071744,8081.835641869128
1594,P7,8081.835641869128,8190.00193090208
1595,P1,7585.534531617231,7670.485690590847
1595,P2,7670.485690590847,7749.515480227607
1595,P3,7749.515480227607,7886.092957707551
1595,P5,7886.092957707551,7999.7572845156
1595,P6,7999.7572845156,8131.026279662468
1595,P7,8131.026279662468,8226.258050555896
1596,P2,7594.55684147709,7700.129343775108
1596,P3,7700.129343775108,7853.035877853598
1596,P4,7853.035877853598,8083.172208778161
1596,P6,8083.172208778161,8237.467309310183
1596,P7,8237.467309310183,8346.535506808339
1597,P3,7595.389873044849,7764.715177879894
1597,P5,7764.715177879894,7925.884221920925
1597,P6,7925.884221920925,8060.342130871508
1598,P1,7596.646192759432,7701.257456723837
1598,P2,7701.257456723837,7802.229329714842
1598,P3,7802.229329714842,7957.311072930222
1598,P5,7957.311072930222,8073.913756420972
1598,P6,8073.913756420972,8189.018337204429
1599,P1,7597.963592704543,7716.344169032244
1599,P2,7716.344169032244,7855.832949353681
1599,P3,7855.832949353681,8026.86885328609
1599,P5,8026.86885328609,8201.921552210602
1600,P3,7611.000896771321,7778.27619152656
1600,P5,7778.27619152656,7925.283331179678
1600,P6,7925.283331179678,8037.122057569013
1601,P1,7612.6685487593895,7695.53679041368
1601,P2,7695.53679041368,7786.1860507543115
1601,P3,7786.1860507543115,7951.44924160157
1601,P4,7951.44924160157,8178.5845920576185
1601,P5,8178.5845920576185,8291.589760489354
1601,P6,8291.589760489354,8445.65788482075
1602,P1,7618.16726624002,7755.149600003929
1602,P2,7755.149600003929,7900.3106134598875
1602,P3,7900.3106134598875,8160.401095232693
1602,P4,8160.401095232693,8579.501438116995
1602,P6,8579.501438116995,8756.303369377547
1603,P1,7623.23549797854,7710.61365445941
1603,P2,7710.61365445941,7800.591758640237
1603,P3,7800.591758640237,7966.669152473812
1603,P4,7966.669152473812,8176.507416207465
1603,P5,8176.507416207465,8297.501391864716
1603,P6,8297.501391864716,8416.67985535453
1604,P1,7625.405596105042,7699.279823487881
1604,P2,7699.279823487881,7787.891399403604
1604,P3,7787.891399403604,7920.509420440444
1604,P4,7920.509420440444,8165.346955892563
1604,P5,8165.346955892563,8266.564231552346
1604,P6,8266.564231552346,8377.448694463388
1605,P1,7626.603469816567,7749.1360270683535
1605,P2,7749.1360270683535,7878.341464687378
1605,P3,7878.341464687378,8030.350415113924
1605,P4,8030.350415113924,8342.425843371137
1605,P5,8342.425843371137,8497.460295191917
1606,P1,7628.337593027971,7731.984613813181
1606,P2,7731.984613813181,7843.761040676046
1606,P3,7843.761040676046,8029.577707228798
1606,P4,8029.577707228798,8293.613871972724
1606,P5,8293.613871972724,8452.490488842119
1606,P6,8452.490488842119,8583.904021468734
1607,P1,7638.352986284336,7739.506592004743
1607,P2,7739.506592004743,7882.492905054605
1607,P3,7882.492905054605,8062.061148681321
1607,P4,8062.061148681321,8317.759654981981
1607,P7,8317.759654981981,8426.003634062452
1608,P2,7642.415391267371,7730.604813925674
1608,P3,7730.604813925674,7852.723845169817
1608,P5,7852.723845169817,7941.987635383286
1609,P3,7643.08210462637,7819.884738070408
1609,P4,7819.884738070408,8083.175293319708
1609,P5,8083.175293319708,8230.714622128584
1609,P6,8230.714622128584,8397.055588607736
1609,P7,8397.055588607736,8537.727605491522
1610,P3,7644.245677744528,7795.92137640095
1610,P4,7795.92137640095,8050.172239487212
1610,P7,8050.172239487212,8169.758557531724
1611,P1,7650.615669387911,7831.801877466823
1611,P2,7831.801877466823,7930.820555392056
1611,P3,7930.820555392056,8057.446740188677
1611,P5,8057.446740188677,8160.133263814053
1611,P6,8160.133263814053,8263.680548300268
1612,P2,7652.318990465918,7823.808030904457
1612,P3,7823.808030904457,8063.00203341237
1612,P4,8063.00203341237,8378.610107832106
1612,P5,8378.610107832106,8558.533683941425
1613,P1,7652.3588870003105,7800.4163578746775
1613,P2,7800.4163578746775,7902.216697324434
1613,P3,7902.216697324434,8068.204675601377
1613,P5,8068.204675601377,8206.959799871072
1613,P6,8206.959799871072,8323.22261047485
1614,P1,7655.226029214326,7738.372534613104
1614,P2,7738.372534613104,7823.515033569276
1614,P3,7823.515033569276,7953.624623652329
1614,P4,7953.624623652329,8140.692564610345
1614,P5,8140.692564610345,8246.784208980149
1614,P6,8246.784208980149,8352.480514911545
1614,P7,8352.480514911545,8436.287366288401
1615,P1,7658.263523202253,7765.947220316053
1615,P2,7765.947220316053,7906.320462101499
1615,P3,7906.320462101499,8109.076207478815
1615,P5,8109.076207478815,8252.289219510558
1615,P6,8252.289219510558,8383.487796194959
1616,P2,7659.159715383381,7830.459439138294
1616,P3,7830.459439138294,8066.0721511659085
1616,P4,8066.0721511659085,8368.700131877642
1616,P5,8368.700131877642,8534.568261904094
1616,P6,8534.568261904094,8720.928218373187
1617,P3,7666.780603865319,7834.631498802071
1617,P4,7834.631498802071,8132.036519160512
1617,P6,8132.036519160512,8259.731804873769
1618,P3,7671.200775346659,7798.146456470039
1618,P4,7798.146456470039,8044.371478891288
1618,P5,8044.371478891288,8166.008097524624
1618,P6,8166.008097524624,8274.409150560165
1619,P3,7671.462153665444,7832.481572576656
1619,P5,7832.481572576656,7973.596221736033
1620,P1,7678.797261576598,7798.967218833576
1620,P2,7798.967218833576,7933.1201908754265
1620,P3,7933.1201908754265,8147.803163749167
1620,P5,8147.803163749167,8333.640852378072
1620,P6,8333.640852378072,8518.645204985349
1621,P1,7680.779003966864,7749.99461291225
1621,P2,7749.99461291225,7845.135002048747
1621,P3,7845.135002048747,7956.207031966663
1621,P4,7956.207031966663,8125.948958662157
1621,P5,8125.948958662157,8221.749756054904
1622,P1,7687.296191145029,7755.84063072055
1622,P2,7755.84063072055,7849.659949053629
1622,P3,7849.659949053629,7963.263711957111
1622,P5,7963.263711957111,8067.531499099652
1622,P6,8067.531499099652,8162.492432343838
1622,P7,8162.492432343838,8263.49310506748
1623,P3,7688.24111120217,7806.749654217274
1623,P4,7806.749654217274,8021.386859058228
1623,P7,8021.386859058228,8095.51738192674
1624,P1,7698.250818565564,7805.990268945961
1624,P2,7805.990268945961,7930.102853289786
1624,P3,7930.102853289786,8110.600118881322
1624,P4,8110.600118881322,8363.771909782203
1624,P6,8363.771909782203,8527.76930631853
1625,P1,7702.533402852536,7819.3791111264545
1625,P2,7819.3791111264545,7919.53068421245
1625,P3,7919.53068421245,8062.964535206288
1625,P4,8062.964535206288,8308.257122045166
1625,P5,8308.257122045166,8424.519237202161
1625,P6,8424.519237202161,8577.498831460305
1625,P7,8577.498831460305,8682.35614002799
1626,P1,7710.2609735520455,7779.274945705179
1626,P2,7779.274945705179,7878.096434648519
1626,P3,7878.096434648519,8023.857301760481
1626,P4,8023.857301760481,8259.257006604905
1626,P7,8259.257006604905,8350.152076509843
1627,P1,7719.3797176459775,7873.180467735818
1627,P2,7873.180467735818,8025.196391634
1627,P3,8025.196391634,8239.648957512873
1627,P5,8239.648957512873,8403.868910088318
1627,P6,8403.868910088318,8547.71467205995
1628,P3,7721.285948803803,7901.661701208112
1628,P5,7901.661701208112,8022.382567520102
1629,P3,7725.42610203241,7848.886097582632
1629,P5,7848.886097582632,7952.88104915268
1629,P6,7952.88104915268,8048.172601678571
1630,P1,7726.579395510085,7809.387335339173
1630,P2,7809.387335339173,7918.21140821273
1630,P3,7918.21140821273,8060.5780809072385
1630,P4,8060.5780809072385,8290.26878395287
1630,P7,8290.26878395287,8402.17642322771
1631,P1,7735.286135906187,7837.415487946251
1631,P2,7837.415487946251,8049.500513533502
1631,P3,8049.500513533502,8258.62927158014
1631,P4,8258.62927158014,8608.277830353989
1631,P6,8608.277830353989,8779.048828353916
1632,P1,7735.951925198496,7845.167283461392
1632,P2,7845.167283461392,7959.967423167582
1632,P3,7959.967423167582,8119.798955857374
1632,P4,8119.798955857374,8390.81199191172
1632,P6,8390.81199191172,8520.938986191506
1633,P2,7739.101056297262,7862.960411556276
1633,P3,7862.960411556276,8037.89746553855
1633,P4,8037.89746553855,8290.639944182236
1633,P5,8290.639944182236,8464.77316383486
1633,P6,8464.77316383486,8625.772692126291
1633,P7,8625.772692126291,8739.825965862039
1634,P3,7740.110340535744,7909.115498888735
1634,P5,7909.115498888735,8012.067626957486
1635,P3,7760.761434204291,7999.250718025137
1635,P5,7999.250718025137,8172.589591693753
1636,P3,7764.023409940767,7975.263688802614
1636,P4,7975.263688802614,8431.715185177576
1636,P6,8431.715185177576,8632.249042552488
1637,P3,7767.903724767209,7963.54144892371
1637,P4,7963.54144892371,8269.80626723619
1637,P7,8269.80626723619,8428.47277411886
1638,P1,7769.1950677681725,7962.682054458593
1638,P2,7962.682054458593,8097.785020480404
1638,P3,8097.785020480404,8314.455326680556
1638,P5,8314.455326680556,8512.151227372315
1639,P1,7782.864367258872,7928.368735544942
1639,P2,7928.368735544942,8089.962238568417
1639,P3,8089.962238568417,8296.056149458589
1639,P4,8296.056149458589,8675.060358215496
1639,P7,8675.060358215496,8859.456566496245
1640,P3,7788.335572007298,7991.949481805692
1640,P5,7991.949481805692,8144.8193418727915
1641,P1,7805.938103290357,7923.753906854226
1641,P2,7923.753906854226,8066.644575634995
1641,P3,8066.644575634995,8259.856193263253
1641,P4,8259.856193263253,8596.059530788416
1641,P6,8596.059530788416,8754.655966417318
1642,P3,7810.047393151752,7962.577656116343
1642,P4,7962.577656116343,8194.888015561155
1642,P7,8194.888015561155,8305.698651981049
1643,P1,7818.3605631226665,7876.527193388061
1643,P2,7876.527193388061,7968.101989667418
1643,P3,7968.101989667418,8083.159967260945
1643,P5,8083.159967260945,8193.420834128725
1644,P2,7823.652137797781,7938.904457954614
1644,P3,7938.904457954614,8064.446642475982
1644,P4,8064.446642475982,8293.254223390839
1644,P5,8293.254223390839,8418.183688178106
1645,P1,7826.336569149994,7946.540646970932
1645,P2,7946.540646970932,8082.455468065402
1645,P3,8082.455468065402,8296.08879827973
1645,P4,8296.08879827973,8648.870259582123
1645,P6,8648.870259582123,8814.164676247297
1646,P1,7841.49698939529,7957.26655734813
1646,P2,7957.26655734813,8085.809577943924
1646,P3,8085.809577943924,8242.613160618983
1646,P4,8242.613160618983,8531.46678864093
1646,P5,8531.46678864093,8698.042285557833
1647,P1,7850.950577606018,7984.142759654035
1647,P2,7984.142759654035,8126.620766540509
1647,P3,8126.620766540509,8283.327677404266
1647,P4,8283.327677404266,8522.578183820797
1647,P6,8522.578183820797,8653.784692252904
1648,P1,7857.729994767088,7931.611299059825
1648,P2,7931.611299059825,8021.760041513825
1648,P3,8021.760041513825,8153.65206003833
1648,P4,8153.65206003833,8389.18142064819
1648,P6,8389.18142064819,8497.532215563626
1648,P7,8497.532215563626,8608.143990252176
1649,P3,7859.495314648273,8012.951678317306
1649,P4,8012.951678317306,8226.896240515116
1649,P6,8226.896240515116,8320.657836156694
1649,P7,8320.657836156694,8404.96186968928
1650,P1,7876.624141126342,7966.33627089518
1650,P2,7966.33627089518,8046.568522630988
1650,P3,8046.568522630988,8166.496710174267
1650,P4,8166.496710174267,8337.656454952225
1650,P5,8337.656454952225,8456.417903955407
1651,P2,7880.872913350196,7998.298081155884
1651,P3,7998.298081155884,8154.067680030132
1651,P5,8154.067680030132,8301.27577086836
1651,P6,8301.27577086836,8440.139495438063
1652,P1,7895.135777157917,8048.505577230431
1652,P2,8048.505577230431,8146.9053317328
1652,P3,8146.9053317328,8256.966032409237
1652,P4,8256.966032409237,8427.38311699422
1652,P7,8427.38311699422,8505.482413839485
1653,P1,7896.92739889994,8028.779318264744
1653,P2,8028.779318264744,8172.265363998828
1653,P3,8172.265363998828,8351.426621285926
1653,P5,8351.426621285926,8527.126637091005
1654,P2,7900.042454239789,7999.361498285864
1654,P3,7999.361498285864,8124.981368605478
1654,P4,8124.981368605478,8381.655491225261
1654,P5,8381.655491225261,8501.212354807623
1654,P6,8501.212354807623,8602.262835594014
1655,P1,7903.981281694566,8012.890260917417
1655,P2,8012.890260917417,8169.767475185565
1655,P3,8169.767475185565,8349.222814452405
1655,P4,8349.222814452405,8658.722248755821
1655,P7,8658.722248755821,8790.978352930231
1656,P1,7904.945270800743,7982.155196565934
1656,P2,7982.155196565934,8070.978682501282
1656,P3,8070.978682501282,8196.360078377296
1656,P4,8196.360078377296,8483.391810570907
1656,P5,8483.391810570907,8603.220517411724
1656,P6,8603.220517411724,8700.801653345961
1657,P2,7907.6791238353835,8082.823975957355
1657,P3,8082.823975957355,8277.705650003894
1657,P5,8277.705650003894,8444.266544235394
1657,P6,8444.266544235394,8558.68342813144
1658,P3,7912.7080243208375,8052.841132302689
1658,P5,8052.841132302689,8184.885969030158
1658,P6,8184.885969030158,8293.515465808898
1659,P1,7915.29694938351,8013.698870943806
1659,P2,8013.698870943806,8083.231272534076
1659,P3,8083.231272534076,8179.048256871853
1659,P5,8179.048256871853,8279.28347091378
1660,P1,7923.4515634789095,8001.149912201263
1660,P2,8001.149912201263,8106.468888100894
1660,P3,8106.468888100894,8233.73159327838
1660,P5,8233.73159327838,8373.20288914472
1661,P1,7924.658482046007,8004.096428637329
1661,P2,8004.096428637329,8089.831135376918
1661,P3,8089.831135376918,8223.647103768488
1661,P4,8223.647103768488,8435.978595742363
1661,P6,8435.978595742363,8552.69379523292
1662,P1,7933.086266261802,8023.046858905048
1662,P2,8023.046858905048,8151.882979318251
1662,P3,8151.882979318251,8328.032003225959
1662,P5,8328.032003225959,8469.872657304462
1663,P1,7951.14292758375,8038.584311510913
1663,P2,8038.584311510913,8161.176765446126
1663,P3,8161.176765446126,8330.585790991003
1663,P4,8330.585790991003,8635.574358353228
1663,P5,8635.574358353228,8778.36504059326
1663,P6,8778.36504059326,8895.37503763376
1663,P7,8895.37503763376,9012.736800047014
1664,P1,7951.462971254352,8051.882902309381
1664,P2,8051.882902309381,8164.253980131017
1664,P3,8164.253980131017,8342.283670841663
1664,P5,8342.283670841663,8482.990380853123
1665,P3,7952.444932953739,8055.230908900314
1665,P5,8055.230908900314,8137.225859189854
1665,P6,8137.225859189854,8224.167286853202
1666,P2,7961.734858528245,8026.211867639509
1666,P3,8026.211867639509,8155.665071571667
1666,P4,8155.665071571667,8350.020866168152
1666,P7,8350.020866168152,8434.32673648329
1667,P3,7963.100139641759,8129.658830321606
1667,P5,8129.658830321606,8252.504783320564
1668,P2,7964.694754722363,8077.510357744346
1668,P3,8077.510357744346,8220.41501710758
1668,P4,8220.41501710758,8439.32326772737
1668,P6,8439.32326772737,8539.530571042425
1669,P2,7970.988097290405,8075.2525746125
1669,P3,8075.2525746125,8234.462523026239
1669,P4,8234.462523026239,8483.808300304803
1669,P5,8483.808300304803,8673.415259868396
1670,P3,7971.54336947514,8080.5488116943725
1670,P4,8080.5488116943725,8232.480065977235
1670,P5,8232.480065977235,8355.329078947927
1671,P1,7977.328211762776,8069.34059524579
1671,P2,8069.34059524579,8154.858447360928
1671,P3,8154.858447360928,8272.738049344329
1671,P4,8272.738049344329,8447.513825498652
1671,P5,8447.513825498652,8563.118961586955
1672,P2,7978.120466962311,8074.549693825685
1672,P3,8074.549693825685,8226.838928288667
1672,P4,8226.838928288667,8426.81933186715
1672,P5,8426.81933186715,8550.63848778164
1673,P3,7981.712434460563,8132.989234303524
1673,P4,8132.989234303524,8369.694074929423
1673,P5,8369.694074929423,8512.438584622005
1673,P6,8512.438584622005,8663.291661229963
1673,P7,8663.291661229963,8772.664137051032
1674,P3,7983.345936668597,8226.31119694736
1674,P5,8226.31119694736,8423.494285697287
1674,P6,8423.494285697287,8674.673035563956
1675,P2,7983.598349375044,8086.2357762850515
1675,P3,8086.2357762850515,8228.476270288053
1675,P4,8228.476270288053,8524.46755908027
1675,P7,8524.46755908027,8657.648383059515
1676,P1,7986.020933028021,8110.032932952017
1676,P2,8110.032932952017,8232.898570781665
1676,P3,8232.898570781665,8441.663155129909
1676,P5,8441.663155129909,8617.549979279218
1677,P1,7989.87555923736,8051.052078459613
1677,P2,8051.052078459613,8132.09497841668
1677,P3,8132.09497841668,8236.735462824034
1677,P4,8236.735462824034,8397.179664989744
1677,P6,8397.179664989744,8479.269972434382
1678,P2,7992.6089047566875,8072.864520347369
1678,P3,8072.864520347369,8203.38312416682
1678,P4,8203.38312416682,8510.776994754213
1678,P6,8510.776994754213,8601.75803436216
1679,P1,7994.8518095062755,8067.570475644603
1679,P2,8067.570475644603,8171.8191369834
1679,P3,8171.8191369834,8308.291727605487
1679,P4,8308.291727605487,8510.772414349167
1679,P6,8510.772414349167,8600.747663329405
1680,P3,7995.680926560808,8127.125969056445
1680,P4,8127.125969056445,8317.592621841539
1680,P6,8317.592621841539,8488.794289735204
1681,P1,7998.6486259838,8086.05787460064
1681,P2,8086.05787460064,8206.842010788145
1681,P3,8206.842010788145,8348.956380157648
1681,P5,8348.956380157648,8461.658294664998
1681,P6,8461.658294664998,8555.044100193827
1681,P7,8555.044100193827,8637.434712584767
1682,P1,8004.63463021096,8094.742142099402
1682,P2,8094.742142099402,8201.142183652764
1682,P3,8201.142183652764,8329.978256474464
1682,P5,8329.978256474464,8455.463769178381
1682,P6,8455.463769178381,8572.365215169975
1683,P1,8005.959763609657,8083.9071733666815
1683,P2,8083.9071733666815,8178.691388169338
1683,P3,8178.691388169338,8327.129512240592
1683,P4,8327.129512240592,8520.579450681193
1683,P5,8520.579450681193,8635.385004924261
1684,P3,8009.140273888166,8159.014788556808
1684,P5,8159.014788556808,8334.246713407658
1684,P6,8334.246713407658,8457.710418072711
1685,P1,8013.399703355435,8102.256703417868
1685,P2,8102.256703417868,8223.988930695026
1685,P3,8223.988930695026,8490.13657394017
1685,P4,8490.13657394017,8792.09587556911
1685,P5,8792.09587556911,9002.28001097863
1686,P2,8019.845585473684,8089.764183938136
1686,P3,8089.764183938136,8210.009307205197
1686,P4,8210.009307205197,8368.288784740089
1686,P6,8368.288784740089,8453.821744017998
1687,P2,8020.825659092883,8150.449132892124
1687,P3,8150.449132892124,8312.83985200432
1687,P5,8312.83985200432,8479.628791833296
1688,P1,8021.262993714408,8084.593400910255
1688,P2,8084.593400910255,8218.908277002158
1688,P3,8218.908277002158,8427.375058234551
1688,P5,8427.375058234551,8539.617146061319
1688,P6,8539.617146061319,8655.134760922278
1689,P1,8029.202354299911,8137.440281714242
1689,P2,8137.440281714242,8290.72109435833
1689,P3,8290.72109435833,8450.492546080468
1689,P5,8450.492546080468,8685.183940688816
1689,P6,8685.183940688816,8802.263738116419
1690,P1,8044.909869240807,8103.77574463714
1690,P2,8103.77574463714,8177.211848613237
1690,P3,8177.211848613237,8272.535978508666
1690,P4,8272.535978508666,8504.741454077093
1690,P6,8504.741454077093,8587.890809105284
1691,P1,8052.583114733955,8137.121125870838
1691,P2,8137.121125870838,8245.405907861075
1691,P3,8245.405907861075,8393.86534634021
1691,P5,8393.86534634021,8518.113588920913
1692,P1,8069.384101937371,8132.2046076299075
1692,P2,8132.2046076299075,8258.118149960079
1692,P3,8258.118149960079,8373.302637263672
1692,P5,8373.302637263672,8453.241148330793
1692,P6,8453.241148330793,8542.586812442056
1693,P1,8075.194193692975,8148.840233243153
1693,P2,8148.840233243153,8250.679663030967
1693,P3,8250.679663030967,8380.184550303191
1693,P5,8380.184550303191,8475.38728258492
1694,P3,8081.6121776166365,8234.683846789476
1694,P4,8234.683846789476,8468.017733480556
1694,P6,8468.017733480556,8580.052627514948
1695,P1,8085.447279567138,8154.9054523719215
1695,P2,8154.9054523719215,8221.555684182722
1695,P3,8221.555684182722,8318.72070526368
1695,P5,8318.72070526368,8422.492756198353
1695,P6,8422.492756198353,8492.69007213503
1696,P2,8090.19259290719,8207.058772562332
1696,P3,8207.058772562332,8345.355869035693
1696,P4,8345.355869035693,8581.602347069349
1696,P5,8581.602347069349,8716.275820325558
1697,P3,8092.9321158652965,8223.80317803936
1697,P4,8223.80317803936,8478.308388091535
1697,P5,8478.308388091535,8596.94652495001
1697,P6,8596.94652495001,8707.695380187728
1697,P7,8707.695380187728,8801.672445947133
1698,P3,8095.25856582104,8197.974093125564
1698,P5,8197.974093125564,8298.801128360716
1698,P6,8298.801128360716,8388.160123937143
1698,P7,8388.160123937143,8462.131269168563
1699,P3,8102.419399179837,8225.748782433937
1699,P4,8225.748782433937,8415.885410121331
1699,P6,8415.885410121331,8523.038393997385
1700,P3,8102.482712277945,8261.392346301032
1700,P4,8261.392346301032,8573.752359701206
1700,P5,8573.752359701206,8748.457316315795
1700,P6,8748.457316315795,8894.116718300436
1701,P3,8107.354945243569,8236.391341382316
1701,P4,8236.391341382316,8473.886703980968
1701,P5,8473.886703980968,8611.552267426585
1702,P1,8109.15182762558,8168.6581271880195
1702,P2,8168.6581271880195,8269.628205267567
1702,P3,8269.628205267567,8387.157468921996
1702,P5,8387.157468921996,8483.854795809191
1703,P1,8111.753880450657,8189.116687336858
1703,P2,8189.116687336858,8293.053347398656
1703,P3,8293.053347398656,8443.314567427
1703,P4,8443.314567427,8680.39955186734
1703,P6,8680.39955186734,8798.530130041423
1704,P2,8114.734612361337,8244.892387043128
1704,P3,8244.892387043128,8407.36128818887
1704,P4,8407.36128818887,8693.053506641345
1704,P5,8693.053506641345,8851.510500854807
1704,P6,8851.510500854807,9014.143137312423
1704,P7,9014.143137312423,9135.926473155529
1705,P1,8119.618609986922,8236.46260171427
1705,P2,8236.46260171427,8366.026722391816
1705,P3,8366.026722391816,8561.754465576252
1705,P4,8561.754465576252,8923.106618944254
1705,P6,8923.106618944254,9104.057144989189
1706,P1,8122.96997348001,8243.001161150636
1706,P2,8243.001161150636,8336.019792200794
1706,P3,8336.019792200794,8470.291885794872
1706,P5,8470.291885794872,8579.841386625025
1707,P3,8127.254597172171,8239.231361310476
1707,P5,8239.231361310476,8330.98342889316
1708,P2,8135.288805203163,8233.17781935299
1708,P3,8233.17781935299,8393.165106703766
1708,P5,8393.165106703766,8510.565274698925
1709,P1,8137.12191308216,8218.966998026068
1709,P2,8218.966998026068,8320.725417669779
1709,P3,8320.725417669779,8476.739389486804
1709,P5,8476.739389486804,8592.07320710301
1710,P1,8139.399933329119,8242.469138783203
1710,P2,8242.469138783203,8378.226347325603
1710,P3,8378.226347325603,8589.495511186204
1710,P4,8589.495511186204,8849.096499453015
1710,P5,8849.096499453015,9030.035322685897
1710,P6,9030.035322685897,9160.929523644107
1711,P1,8142.7091943778205,8256.262684791971
1711,P2,8256.262684791971,8353.831708117485
1711,P3,8353.831708117485,8516.532582031117
1711,P5,8516.532582031117,8640.073053980286
1712,P3,8147.115366219661,8337.10698997845
1712,P4,8337.10698997845,8551.14464270309
1712,P7,8551.14464270309,8631.512192600594
1713,P3,8147.379158986904,8287.299600410657
1713,P4,8287.299600410657,8506.470040414732
1713,P7,8506.470040414732,8598.198148558484
1714,P3,8156.457371658883,8294.844905095533
1714,P4,8294.844905095533,8502.288835449015
1714,P6,8502.288835449015,8617.274015743043
1715,P1,8163.90425259917,8232.734495816067
1715,P2,8232.734495816067,8322.452128680401
1715,P3,8322.452128680401,8466.10557963114
1715,P4,8466.10557963114,8643.937627253135
1715,P6,8643.937627253135,8788.21376998804
1716,P1,8171.2528351102565,8361.305273374279
1716,P2,8361.305273374279,8462.649213629491
1716,P3,8462.649213629491,8627.781704500392
1716,P5,8627.781704500392,8808.817673545525
1716,P6,8808.817673545525,8941.090918203161
1717,P3,8175.53662695004,8282.829698651358
1717,P4,8282.829698651358,8467.663829844443
1717,P6,8467.663829844443,8553.193250087359
1718,P3,8176.483949102543,8343.32469712978
1718,P4,8343.32469712978,8598.257894973396
1718,P6,8598.257894973396,8725.63939417064
1719,P1,8178.252918170293,8338.669933308567
1719,P2,8338.669933308567,8483.055192836466
1719,P3,8483.055192836466,8684.75407097919
1719,P5,8684.75407097919,8905.07048749591
1720,P1,8181.609858595649,8277.465556855384
1720,P2,8277.465556855384,8414.528957048002
1720,P3,8414.528957048002,8575.999027982052
1720,P4,8575.999027982052,8860.52046326089
1720,P6,8860.52046326089,8995.131253462014
1721,P1,8187.40389173379,8283.000411228084
1721,P2,8283.000411228084,8419.89754928583
1721,P3,8419.89754928583,8612.574285793426
1721,P5,8612.574285793426,8760.649105509525
1722,P1,8189.87322172167,8277.032342234143
1722,P2,8277.032342234143,8399.471759643246
1722,P3,8399.471759643246,8539.699480014675
1722,P4,8539.699480014675,8753.304494594302
1722,P5,8753.304494594302,8873.052020053501
1723,P1,8191.206797534194,8324.168789295196
1723,P2,8324.168789295196,8490.595476786448
1723,P3,8490.595476786448,8692.400682162175
1723,P5,8692.400682162175,8881.464317400056
1723,P6,8881.464317400056,9100.704836955776
1723,P7,9100.704836955776,9250.604117672372
1724,P3,8196.653526201746,8363.30469595489
1724,P4,8363.30469595489,8647.432213959051
1724,P6,8647.432213959051,8776.413526981638
1725,P1,8207.04698843798,8304.81935082665
1725,P2,8304.81935082665,8415.092925292358
1725,P3,8415.092925292358,8571.678712117633
1725,P4,8571.678712117633,8835.3463007814
1725,P6,8835.3463007814,8968.546941220915
1726,P2,8207.753811754073,8304.295225457454
1726,P3,8304.295225457454,8427.88817177811
1726,P4,8427.88817177811,8664.267559083391
1726,P6,8664.267559083391,8792.280473886376
1726,P7,8792.280473886376,8889.693633955556
1727,P1,8224.810013602671,8330.731664308743
1727,P2,8330.731664308743,8471.246163960004
1727,P3,8471.246163960004,8635.181856128886
1727,P4,8635.181856128886,8920.013084559532
1727,P7,8920.013084559532,9143.09487754747
1728,P2,8225.469955468767,8409.016389432136
1728,P3,8409.016389432136,8716.8366026865
1728,P5,8716.8366026865,8875.003814436994
1729,P1,8225.750185095927,8385.135441529555
1729,P2,8385.135441529555,8514.720335636577
1729,P3,8514.720335636577,8782.675646365766
1729,P5,8782.675646365766,8975.763182200702
1729,P6,8975.763182200702,9126.764277187975
1729,P7,9126.764277187975,9291.710801100464
1730,P1,8230.604896896752,8323.75381697751
1730,P2,8323.75381697751,8445.483682237045
1730,P3,8445.483682237045,8630.975770728646
1730,P5,8630.975770728646,8827.451651639896
1730,P6,8827.451651639896,8972.656683567735
1731,P3,8232.883954215486,8405.764354510227
1731,P4,8405.764354510227,8669.732425763972
1731,P6,8669.732425763972,8822.207436990377
1731,P7,8822.207436990377,8941.164935030214
1732,P1,8234.524461903971,8325.53882075552
1732,P2,8325.53882075552,8440.763652026848
1732,P3,8440.763652026848,8621.417557410748
1732,P5,8621.417557410748,8750.267563913054
1733,P1,8236.08900923332,8360.618705811834
1733,P2,8360.618705811834,8511.811105668019
1733,P3,8511.811105668019,8709.564389084937
1733,P4,8709.564389084937,9060.91705551589
1733,P7,9060.91705551589,9208.879822018249
1734,P3,8242.749359404377,8401.977778078803
1734,P4,8401.977778078803,8596.607451170436
1734,P5,8596.607451170436,8701.866674970803
1735,P3,8242.999402087436,8404.159832810396
1735,P4,8404.159832810396,8677.563180690675
1735,P5,8677.563180690675,8837.486048182307
1736,P3,8243.394236958466,8330.59685648074
1736,P4,8330.59685648074,8482.331577844261
1736,P6,8482.331577844261,8569.443808634664
1736,P7,8569.443808634664,8652.336903711239
1737,P1,8260.42563065821,8370.271371442359
1737,P2,8370.271371442359,8484.355269104068
1737,P3,8484.355269104068,8653.83638921423
1737,P4,8653.83638921423,8931.965172756009
1737,P6,8931.965172756009,9085.50203010816
1738,P2,8263.372349154204,8412.654903891642
1738,P3,8412.654903891642,8598.531007780957
1738,P5,8598.531007780957,8769.193080918607
1738,P6,8769.193080918607,8919.935269121142
1739,P1,8277.418529857663,8399.173637582779
1739,P2,8399.173637582779,8563.026880596513
1739,P3,8563.026880596513,8806.88949016342
1739,P4,8806.88949016342,9196.451940524294
1739,P6,9196.451940524294,9359.619216492125
1739,P7,9359.619216492125,9516.696558278265
1740,P1,8278.114205199374,8371.127476295505
1740,P2,8371.127476295505,8499.501140565751
1740,P3,8499.501140565751,8731.34252747343
1740,P5,8731.34252747343,8895.226413880284
1741,P3,8278.155786571684,8424.272613310419
1741,P5,8424.272613310419,8597.526965270865
1742,P3,8284.247317850432,8409.170318751047
1742,P4,8409.170318751047,8644.033987130046
1742,P7,8644.033987130046,8729.779917592756
1743,P2,8306.797802365338,8523.141944173018
1743,P3,8523.141944173018,8725.319591093174
1743,P4,8725.319591093174,9126.429420379245
1743,P6,9126.429420379245,9277.702338120836
1744,P1,8323.447907628608,8414.196873732999
1744,P2,8414.196873732999,8541.48190037407
1744,P3,8541.48190037407,8667.953397181263
1744,P5,8667.953397181263,8822.947675029394
1744,P6,8822.947675029394,8933.928695661589
1744,P7,8933.928695661589,9036.353631713178
1745,P1,8331.973874100351,8454.595287695694
1745,P2,8454.595287695694,8579.11558514592
1745,P3,8579.11558514592,8775.483840589206
1745,P4,8775.483840589206,9014.368171739623
1745,P6,9014.368171739623,9139.327751667335
1746,P2,8337.276356403492,8471.429561711004
1746,P3,8471.429561711004,8662.483073470856
1746,P4,8662.483073470856,8956.965211015822
1746,P7,8956.965211015822,9103.194208085677
1747,P3,8340.761792763302,8467.291388224905
1747,P5,8467.291388224905,8580.875385771438
1747,P6,8580.875385771438,8674.974352377356
1747,P7,8674.974352377356,8749.190923678287
1748,P1,8347.171958064855,8432.113058622617
1748,P2,8432.113058622617,8529.194948798337
1748,P3,8529.194948798337,8673.642247407006
1748,P4,8673.642247407006,8905.199731740706
1748,P5,8905.199731740706,9035.618990505716
1748,P6,9035.618990505716,9150.515337365012
1749,P2,8355.459121098382,8493.962993099402
1749,P3,8493.962993099402,8675.292298003482
1749,P4,8675.292298003482,8941.551246315188
1749,P7,8941.551246315188,9067.777376919574
1750,P3,8358.311479720966,8545.483050867062
1750,P4,8545.483050867062,8820.213095442325
1750,P7,8820.213095442325,8960.59680224456
1751,P3,8366.24698197193,8499.087216971733
1751,P5,8499.087216971733,8689.06838039829
1751,P6,8689.06838039829,8791.12445456947
1751,P7,8791.12445456947,8878.805777161278
1752,P1,8367.280411685688,8427.860990231951
1752,P2,8427.860990231951,8513.910931042257
1752,P3,8513.910931042257,8639.305547265598
1752,P5,8639.305547265598,8734.318782554757
1752,P6,8734.318782554757,8833.834216870271
1753,P2,8368.079172780994,8469.550630939322
1753,P3,8469.550630939322,8608.839656795877
1753,P4,8608.839656795877,8878.716776447514
1753,P7,8878.716776447514,8965.458184551771
1754,P3,8376.873090605495,8536.139021240302
1754,P4,8536.139021240302,8816.118617268663
1754,P6,8816.118617268663,8942.666030257462
1755,P1,8380.787454092364,8474.111854153636
1755,P2,8474.111854153636,8581.407411391658
1755,P3,8581.407411391658,8736.698883523939
1755,P5,8736.698883523939,8869.334698935554
1755,P6,8869.334698935554,8958.58531485062
1756,P1,8387.204278167035,8472.008582478255
1756,P2,8472.008582478255,8548.792458650842
1756,P3,8548.792458650842,8651.554654652438
1756,P5,8651.554654652438,8765.041995314125
1757,P2,8390.078630129341,8545.216590857213
1757,P3,8545.216590857213,8751.62279268395
1757,P5,8751.62279268395,8985.824966881946
1757,P6,8985.824966881946,9123.51169237805
1758,P1,8390.627448922927,8522.344487905659
1758,P2,8522.344487905659,8643.170511174989
1758,P3,8643.170511174989,8799.867518188077
1758,P4,8799.867518188077,9059.63410736478
1758,P6,9059.63410736478,9185.945700853586
1759,P2,8394.886973744076,8503.93402898419
1759,P3,8503.93402898419,8660.402319082787
1759,P5,8660.402319082787,8813.405760554962
1759,P6,8813.405760554962,8918.642389073117
1760,P1,8411.010752343393,8523.049233007696
1760,P2,8523.049233007696,8648.461816055125
1760,P3,8648.461816055125,8808.213297150885
1760,P4,8808.213297150885,9224.89290860086
1760,P5,9224.89290860086,9374.727871154337
1761,P1,8411.934948239461,8515.814263606884
1761,P2,8515.814263606884,8660.747006992025
1761,P3,8660.747006992025,8849.391993812644
1761,P4,8849.391993812644,9166.67589879784
1761,P6,9166.67589879784,9326.523503534534
1762,P1,8412.881184881542,8523.510664972644
1762,P2,8523.510664972644,8640.174363648859
1762,P3,8640.174363648859,8791.361387453919
1762,P5,8791.361387453919,8927.921679710347
1762,P6,8927.921679710347,9057.218024080348
1762,P7,9057.218024080348,9186.003220167082
1763,P2,8418.799211531983,8601.808651042373
1763,P3,8601.808651042373,8757.848001229053
1763,P4,8757.848001229053,9070.353890498016
1763,P5,9070.353890498016,9209.89672129138
1763,P6,9209.89672129138,9347.073413320644
1764,P3,8420.438920391087,8599.734621800699
1764,P4,8599.734621800699,8876.901707097497
1764,P6,8876.901707097497,9006.321064879341
1765,P3,8426.755458791462,8590.603418227407
1765,P4,8590.603418227407,8842.62906763844
1765,P6,8842.62906763844,8993.952845524593
1766,P3,8432.694165104349,8549.793517483762
1766,P4,8549.793517483762,8791.747456876567
1766,P6,8791.747456876567,8909.451974786938
1767,P2,8435.107082228003,8548.04060913493
1767,P3,8548.04060913493,8700.946249481482
1767,P4,8700.946249481482,9012.656050909129
1767,P6,9012.656050909129,9155.23827471424
1768,P2,8437.843786983189,8535.513443430595
1768,P3,8535.513443430595,8696.141581215896
1768,P5,8696.141581215896,8800.690450379978
1768,P6,8800.690450379978,8909.637178827736
1769,P3,8440.938651901995,8580.132543390284
1769,P5,8580.132543390284,8711.015224456482
1770,P1,8444.810491413062,8533.66618877128
1770,P2,8533.66618877128,8645.196167843395
1770,P3,8645.196167843395,8774.05906310486
1770,P4,8774.05906310486,9000.689948497668
1770,P6,9000.689948497668,9101.322097708728
1771,P2,8454.584743732521,8654.717541105607
1771,P3,8654.717541105607,8884.477098384794
1771,P4,8884.477098384794,9245.903215988807
1771,P7,9245.903215988807,9400.04586523651
1772,P1,8460.280692804105,8562.851107343095
1772,P2,8562.851107343095,8680.618452912951
1772,P3,8680.618452912951,8860.213549567925
1772,P4,8860.213549567925,9157.559126408318
1772,P6,9157.559126408318,9296.14838986982
1773,P3,8460.31363961579,8684.351126626601
1773,P5,8684.351126626601,8929.594620419673
1773,P6,8929.594620419673,9124.920448471275
1774,P2,8461.94363500382,8554.671606765902
1774,P3,8554.671606765902,8674.047244707157
1774,P5,8674.047244707157,8798.191455680624
1775,P1,8462.081839359053,8568.49784388315
1775,P2,8568.49784388315,8721.679692431182
1775,P3,8721.679692431182,8930.382029584925
1775,P4,8930.382029584925,9260.739547173522
1775,P5,9260.739547173522,9431.474363667492
1776,P1,8464.63578579402,8611.639617722552
1776,P2,8611.639617722552,8711.106951739011
1776,P3,8711.106951739011,8881.389833524563
1776,P4,8881.389833524563,9101.312505058055
1776,P7,9101.312505058055,9211.50184324263
1777,P1,8469.30741284261,8563.535344230317
1777,P2,8563.535344230317,8715.261536024524
1777,P3,8715.261536024524,8900.532204919793
1777,P5,8900.532204919793,9044.604830773766
1777,P6,9044.604830773766,9178.55918171251
1778,P1,8470.915199556777,8558.720358595881
1778,P2,8558.720358595881,8668.392025017274
1778,P3,8668.392025017274,8857.651091060094
1778,P4,8857.651091060094,9116.051606809378
1778,P5,9116.051606809378,9219.600659397074
1778,P6,9219.600659397074,9337.485554141036
1778,P7,9337.485554141036,9419.900768762836
1779,P1,8471.609977089718,8622.281590864837
1779,P2,8622.281590864837,8786.864573244975
1779,P3,8786.864573244975,8980.804861751514
1779,P4,8980.804861751514,9357.847362848526
1779,P7,9357.847362848526,9492.982479178578
1780,P1,8486.368792235655,8561.926757381832
1780,P2,8561.926757381832,8659.0753791525
1780,P3,8659.0753791525,8782.431285249188
1780,P5,8782.431285249188,9011.136518542047
1780,P6,9011.136518542047,9112.775509493942
1781,P3,8492.975767524369,8700.291804951867
1781,P5,8700.291804951867,8906.19144015498
1782,P3,8497.092893159652,8672.453539993849
1782,P5,8672.453539993849,8805.805663408735
1783,P3,8498.813511832217,8606.566591059476
1783,P4,8606.566591059476,8777.2652057079
1783,P5,8777.2652057079,8912.935465677187
1784,P3,8500.611612717345,8659.995130184714
1784,P4,8659.995130184714,8917.717957790837
1784,P6,8917.717957790837,9033.19724391521
1785,P1,8506.725035958232,8600.16163957759
1785,P2,8600.16163957759,8725.422319323508
1785,P3,8725.422319323508,8914.351752315128
1785,P4,8914.351752315128,9170.365969012566
1785,P5,9170.365969012566,9322.299549283434
1786,P1,8509.183077332402,8577.071472469504
1786,P2,8577.071472469504,8657.10013502935
1786,P3,8657.10013502935,8761.268498250964
1786,P5,8761.268498250964,8867.624421705777
1786,P6,8867.624421705777,8947.945189122682
1787,P3,8512.470951997986,8653.091562201087
1787,P4,8653.091562201087,8849.758923562335
1787,P5,8849.758923562335,8968.478966327875
1787,P6,8968.478966327875,9081.781323119032
1787,P7,9081.781323119032,9161.167353596822
1788,P1,8515.62158042462,8603.0767828194
1788,P2,8603.0767828194,8721.133258334192
1788,P3,8721.133258334192,8863.176525205108
1788,P4,8863.176525205108,9098.55663230792
1788,P6,9098.55663230792,9234.674662397567
1789,P3,8526.712678612803,8676.23235767747
1789,P4,8676.23235767747,8951.07761442579
1789,P7,8951.07761442579,9039.47509492041
1790,P1,8527.37390648164,8600.754252572502
1790,P2,8600.754252572502,8700.319718493907
1790,P3,8700.319718493907,8874.645895781148
1790,P5,8874.645895781148,9049.379014363925
1791,P3,8528.759286399423,8649.966762815287
1791,P4,8649.966762815287,8853.741064600734
1791,P5,8853.741064600734,8947.888913553317
1792,P2,8538.575488554472,8678.038846481795
1792,P3,8678.038846481795,8837.426563900008
1792,P5,8837.426563900008,8969.6298724758
1793,P1,8545.770325295616,8627.396382021772
1793,P2,8627.396382021772,8737.158753702179
1793,P3,8737.158753702179,8948.047965801064
1793,P4,8948.047965801064,9216.354320810404
1793,P5,9216.354320810404,9342.027154467743
1793,P6,9342.027154467743,9470.74237578509
1793,P7,9470.74237578509,9610.5766326827
1794,P2,8546.624531167568,8679.484204659246
1794,P3,8679.484204659246,8853.602770772139
1794,P5,8853.602770772139,9009.448997438101
1794,P6,9009.448997438101,9153.647102483646
1794,P7,9153.647102483646,9260.350455162205
1795,P1,8549.020864315498,8630.744948266618
1795,P2,8630.744948266618,8751.659693049558
1795,P3,8751.659693049558,8965.070371229322
1795,P5,8965.070371229322,9101.80008523268
1795,P6,9101.80008523268,9257.650048295272
1796,P1,8551.159891609645,8627.176186542738
1796,P2,8627.176186542738,8810.187726139968
1796,P3,8810.187726139968,8979.10904278693
1796,P4,8979.10904278693,9205.403557543385
1796,P6,9205.403557543385,9305.372063927489
1797,P1,8557.526797942752,8650.899498098684
1797,P2,8650.899498098684,8776.796652674466
1797,P3,8776.796652674466,8939.28459005574
1797,P4,8939.28459005574,9256.60479781607
1797,P7,9256.60479781607,9379.573026368096
1798,P2,8557.839763399015,8630.197709322552
1798,P3,8630.197709322552,8725.235557019276
1798,P4,8725.235557019276,8877.698004852065
1798,P6,8877.698004852065,8949.896804445058
1799,P3,8559.844758092906,8691.713886091788
1799,P5,8691.713886091788,8817.915793880853
1800,P2,8561.773568028446,8704.603757341922
1800,P3,8704.603757341922,8877.631403235479
1800,P4,8877.631403235479,9151.476878960591
1800,P5,9151.476878960591,9332.324690995742
1801,P1,8570.726670606133,8745.069229337198
1801,P2,8745.069229337198,8872.775881029953
1801,P3,8872.775881029953,9005.558687944005
1801,P4,9005.558687944005,9247.86458106892
1801,P6,9247.86458106892,9360.60149503327
1801,P7,9360.60149503327,9470.572465789486
1802,P1,8571.064901952554,8644.972317432785
1802,P2,8644.972317432785,8736.309072712796
1802,P3,8736.309072712796,8852.304235379825
1802,P5,8852.304235379825,8964.755250634154
1803,P2,8578.278355474475,8726.951092890293
1803,P3,8726.951092890293,8946.368702115193
1803,P5,8946.368702115193,9156.547740397438
1804,P1,8580.354490526188,8688.927957246275
1804,P2,8688.927957246275,8842.313370824768
1804,P3,8842.313370824768,9089.931280416953
1804,P4,9089.931280416953,9580.370876945102
1804,P5,9580.370876945102,9890.945983998718
1805,P3,8583.01276657497,8682.525254801918
1805,P5,8682.525254801918,8768.251180541218
1806,P1,8588.809430787936,8654.433366582409
1806,P2,8654.433366582409,8852.509150301843
1806,P3,8852.509150301843,9002.658653279648
1806,P5,9002.658653279648,9117.37888996312
1807,P1,8592.859446219774,8679.460589453565
1807,P2,8679.460589453565,8834.489364869183
1807,P3,8834.489364869183,9075.051621343235
1807,P5,9075.051621343235,9265.226194155704
1807,P6,9265.226194155704,9389.80966138614
1808,P1,8602.481218663306,8681.780544001063
1808,P2,8681.780544001063,8760.746367498314
1808,P3,8760.746367498314,8878.210441859192
1808,P5,8878.210441859192,8987.594910558522
1808,P6,8987.594910558522,9099.907649795392
1809,P1,8609.126878169332,8687.731717884904
1809,P2,8687.731717884904,8792.39577536976
1809,P3,8792.39577536976,8986.952845827278
1809,P5,8986.952845827278,9109.708787189686
1809,P6,9109.708787189686,9235.353487867551
1810,P3,8613.617472587155,8758.11435931112
1810,P5,8758.11435931112,8899.23561718752
1810,P6,8899.23561718752,9033.781551874492
1810,P7,9033.781551874492,9140.813376677579
1811,P2,8618.071558431408,8757.990445975036
1811,P3,8757.990445975036,8954.318558948888
1811,P5,8954.318558948888,9149.486798708323
1811,P6,9149.486798708323,9292.013740273358
1812,P1,8631.112197900147,8726.309667296862
1812,P2,8726.309667296862,8841.599674946832
1812,P3,8841.599674946832,9021.827720168707
1812,P4,9021.827720168707,9285.495808384607
1812,P7,9285.495808384607,9388.701367884158
1813,P2,8631.746043551067,8739.834998023558
1813,P3,8739.834998023558,8866.981041735
1813,P4,8866.981041735,9180.759103687475
1813,P6,9180.759103687475,9277.179411589605
1814,P1,8634.145557925616,8731.36943910933
1814,P2,8731.36943910933,8844.067983999737
1814,P3,8844.067983999737,8991.48744420586
1814,P4,8991.48744420586,9278.279114755307
1814,P6,9278.279114755307,9405.847547269903
1814,P7,9405.847547269903,9536.553361396032
1815,P1,8635.61313671026,8726.910031536338
1815,P2,8726.910031536338,8827.188754892339
1815,P3,8827.188754892339,8997.7880310969
1815,P4,8997.7880310969,9234.552160449135
1815,P5,9234.552160449135,9386.08816429249
1816,P1,8650.568431622052,8734.269363109728
1816,P2,8734.269363109728,8829.925308596257
1816,P3,8829.925308596257,8977.835729105582
1816,P4,8977.835729105582,9199.284472498712
1816,P6,9199.284472498712,9314.454888431326
1817,P1,8652.101874409165,8800.474229434501
1817,P2,8800.474229434501,8973.774141959842
1817,P3,8973.774141959842,9195.126880027248
1817,P4,9195.126880027248,9562.479195640895
1817,P6,9562.479195640895,9724.727566462021
1818,P1,8659.767784483409,8785.117813824583
1818,P2,8785.117813824583,8929.822101348234
1818,P3,8929.822101348234,9083.697443321998
1818,P5,9083.697443321998,9260.0602750069
1818,P6,9260.0602750069,9391.523050924272
1819,P1,8662.441715366625,8756.210728784701
1819,P2,8756.210728784701,8915.992674925472
1819,P3,8915.992674925472,9091.848401231537
1819,P5,9091.848401231537,9281.769970874078
1819,P6,9281.769970874078,9440.665334563791
1820,P2,8665.556484495002,8789.728617967809
1820,P3,8789.728617967809,8963.366347688821
1820,P5,8963.366347688821,9175.557549287287
1820,P6,9175.557549287287,9330.244665867107
1821,P1,8668.756274796426,8757.10769079053
1821,P2,8757.10769079053,8885.23274146055
1821,P3,8885.23274146055,9044.372085793106
1821,P4,9044.372085793106,9285.811022026412
1821,P7,9285.811022026412,9402.494439182392
1822,P3,8670.519242401353,8869.424744613558
1822,P5,8869.424744613558,9019.642425999682
1822,P6,9019.642425999682,9167.438158377714
1823,P1,8674.707644516846,8756.908946031666
1823,P2,8756.908946031666,8846.034570664044
1823,P3,8846.034570664044,8979.275469771152
1823,P4,8979.275469771152,9187.244449262464
1823,P7,9187.244449262464,9298.3384305996
1824,P3,8684.743065677649,8844.424812142272
1824,P5,8844.424812142272,8980.618253454315
1824,P6,8980.618253454315,9099.767164088471
1825,P3,8689.045787821564,8842.043898271257
1825,P4,8842.043898271257,9025.818274300025
1825,P6,9025.818274300025,9129.118357221432
1826,P1,8689.31214239983,8788.0956183779
1826,P2,8788.0956183779,8925.836448878803
1826,P3,8925.836448878803,9110.017695803237
1826,P4,9110.017695803237,9416.075496575419
1826,P7,9416.075496575419,9549.15881293022
1827,P1,8696.803175692223,8795.349679067369
1827,P2,8795.349679067369,8928.757519407482
1827,P3,8928.757519407482,9079.667203729277
1827,P4,9079.667203729277,9350.041805949031
1827,P5,9350.041805949031,9490.09495632198
1827,P6,9490.09495632198,9630.919142672694
1828,P2,8725.322558127278,8849.709819674033
1828,P3,8849.709819674033,9034.107057348783
1828,P4,9034.107057348783,9262.555762466442
1828,P7,9262.555762466442,9360.10225492678
1829,P3,8726.627818080156,8910.422764737252
1829,P5,8910.422764737252,9097.271086366862
1830,P3,8729.228575984476,8885.202711699869
1830,P4,8885.202711699869,9115.705798253759
1830,P7,9115.705798253759,9239.465868883797
1831,P3,8730.008920082037,8930.098873284356
1831,P5,8930.098873284356,9075.926180996936
1831,P6,9075.926180996936,9181.465864348635
1832,P3,8730.711333975105,8893.220071318996
1832,P5,8893.220071318996,9033.712266780816
1832,P6,9033.712266780816,9142.190687243019
1833,P3,8731.624899103705,8852.236826947155
1833,P4,8852.236826947155,9042.512396100163
1833,P7,9042.512396100163,9124.041868571107
1834,P1,8734.062245874404,8824.51352732163
1834,P2,8824.51352732163,8927.454551387618
1834,P3,8927.454551387618,9072.189480823878
1834,P4,9072.189480823878,9307.847548067
1834,P6,9307.847548067,9409.939321319194
1835,P3,8734.55522681419,8915.338692142777
1835,P4,8915.338692142777,9241.74187106743
1835,P6,9241.74187106743,9409.844021052868
1835,P7,9409.844021052868,9538.870415730562
1836,P1,8743.844599114638,8861.083084153788
1836,P2,8861.083084153788,8995.046359125501
1836,P3,8995.046359125501,9274.3380754653
1836,P4,9274.3380754653,9535.83567733194
1836,P7,9535.83567733194,9669.459223504484
1837,P1,8757.060651570118,8841.291978526635
1837,P2,8841.291978526635,8961.491426983474
1837,P3,8961.491426983474,9085.615349273308
1837,P5,9085.615349273308,9213.600284900485
1838,P3,8764.700437825686,8952.340834888577
1838,P5,8952.340834888577,9159.605067620683
1839,P1,8765.872256134753,8893.54649928389
1839,P2,8893.54649928389,9078.584619840987
1839,P3,9078.584619840987,9234.505928106495
1839,P5,9234.505928106495,9372.907369881545
1839,P6,9372.907369881545,9540.470969260892
1840,P2,8784.870953575304,8882.65205630937
1840,P3,8882.65205630937,9033.545652053854
1840,P4,9033.545652053854,9273.564883765232
1840,P5,9273.564883765232,9401.263095341077
1840,P6,9401.263095341077,9515.517761646297
1841,P1,8787.27519983874,8861.611615413276
1841,P2,8861.611615413276,8957.678997703326
1841,P3,8957.678997703326,9115.898974322738
1841,P5,9115.898974322738,9212.615253129807
1841,P6,9212.615253129807,9316.386133126422
1841,P7,9316.386133126422,9402.160937454364
1842,P1,8788.175304535449,8870.08002658019
1842,P2,8870.08002658019,8983.530283766235
1842,P3,8983.530283766235,9139.420229151367
1842,P5,9139.420229151367,9261.714578596393
1843,P1,8788.82959857859,8882.125305551557
1843,P2,8882.125305551557,9014.609541028009
1843,P3,9014.609541028009,9234.821832205755
1843,P4,9234.821832205755,9480.467373480813
1843,P6,9480.467373480813,9634.442748803376
1844,P3,8789.819172110023,8943.099057900015
1844,P5,8943.099057900015,9086.288798677906
1844,P6,9086.288798677906,9226.321061613467
1845,P2,8789.865399842014,8898.945689208676
1845,P3,8898.945689208676,9004.812171117183
1845,P5,9004.812171117183,9117.233028942775
1846,P1,8790.984969721754,8916.217737543235
1846,P2,8916.217737543235,9086.157459180062
1846,P3,9086.157459180062,9282.528080777009
1846,P5,9282.528080777009,9520.71213420372
1846,P6,9520.71213420372,9715.22284717714
1846,P7,9715.22284717714,9855.294076721326
1847,P1,8791.516860679076,8847.933615070284
1847,P2,8847.933615070284,8922.722156666485
1847,P3,8922.722156666485,9050.958642965958
1847,P5,9050.958642965958,9185.791913423122
1847,P6,9185.791913423122,9286.844094813507
1848,P1,8795.089918590023,8886.854290693993
1848,P2,8886.854290693993,9028.797295564984
1848,P3,9028.797295564984,9176.258939200025
1848,P5,9176.258939200025,9340.727148312653
1848,P6,9340.727148312653,9455.541361149597
1848,P7,9455.541361149597,9618.484076872328
1849,P3,8798.220677327447,8975.352148797869
1849,P4,8975.352148797869,9253.942440396891
1849,P6,9253.942440396891,9399.730426078426
1850,P1,8806.227926069801,8982.227848277353
1850,P2,8982.227848277353,9143.872085594445
1850,P3,9143.872085594445,9321.438539782655
1850,P4,9321.438539782655,9593.595565094247
1850,P5,9593.595565094247,9772.41271779033
1850,P6,9772.41271779033,9939.992988730999
1851,P1,8815.982523752915,8898.78480797794
1851,P2,8898.78480797794,8969.262353768176
1851,P3,8969.262353768176,9065.18935941896
1851,P5,9065.18935941896,9145.401468009437
1851,P6,9145.401468009437,9229.70481252107
1851,P7,9229.70481252107,9281.408117467838
1852,P3,8819.126341245814,9026.57169618404
1852,P4,9026.57169618404,9339.69382129118
1852,P5,9339.69382129118,9481.58567293582
1853,P2,8828.775633515608,8930.033743609492
1853,P3,8930.033743609492,9053.613317343687
1853,P4,9053.613317343687,9322.198107157083
1853,P7,9322.198107157083,9410.425793004873
1854,P2,8834.637380109583,8936.337915111275
1854,P3,8936.337915111275,9077.84288212808
1854,P4,9077.84288212808,9282.49325292249
1854,P6,9282.49325292249,9377.412870387794
1854,P7,9377.412870387794,9479.03252511717
1855,P3,8835.918264675707,9076.574910450803
1855,P4,9076.574910450803,9425.490289128604
1855,P6,9425.490289128604,9632.11737690102
1856,P3,8839.126883649767,9016.38700174587
1856,P4,9016.38700174587,9292.490860745607
1856,P5,9292.490860745607,9440.067798369284
1856,P6,9440.067798369284,9591.648334117976
1857,P3,8844.46277102783,8981.345255770317
1857,P4,8981.345255770317,9199.541834416807
1857,P5,9199.541834416807,9298.46634138289
1858,P1,8845.65864679073,8936.649972448868
1858,P2,8936.649972448868,9052.876838356055
1858,P3,9052.876838356055,9238.17615634767
1858,P5,9238.17615634767,9384.752004552876
1858,P6,9384.752004552876,9506.106150643438
1859,P1,8847.068263803645,8924.640453004435
1859,P2,8924.640453004435,9035.640326460407
1859,P3,9035.640326460407,9205.281833680574
1859,P4,9205.281833680574,9408.719700039106
1859,P5,9408.719700039106,9548.0028032682
1859,P6,9548.0028032682,9655.175071907704
1859,P7,9655.175071907704,9779.165713940003
1860,P1,8847.159934106676,8986.556591796472
1860,P2,8986.556591796472,9104.478899286056
1860,P3,9104.478899286056,9281.615991801715
1860,P4,9281.615991801715,9602.820597967197
1860,P6,9602.820597967197,9727.914837464956
1861,P3,8852.209116311362,8967.019873983776
1861,P4,8967.019873983776,9200.446633758018
1861,P7,9200.446633758018,9312.24194632852
1862,P2,8872.786080347347,8974.372509984902
1862,P3,8974.372509984902,9129.169577916566
1862,P5,9129.169577916566,9254.350535337438
1863,P3,8874.849166956472,9075.117874574653
1863,P5,9075.117874574653,9218.478711762737
1864,P3,8881.28897871325,9058.183322287052
1864,P5,9058.183322287052,9241.78366028938
1864,P6,9241.78366028938,9387.395340811547
1865,P1,8894.307458447944,8974.878862434201
1865,P2,8974.878862434201,9154.347085916792
1865,P3,9154.347085916792,9272.779376346736
1865,P4,9272.779376346736,9550.243537020453
1865,P5,9550.243537020453,9660.447785700111
1865,P6,9660.447785700111,9782.026958284712
1865,P7,9782.026958284712,9873.414746178994
1866,P1,8894.4402319724,8985.120913689761
1866,P2,8985.120913689761,9095.238955545745
1866,P3,9095.238955545745,9254.460480264868
1866,P5,9254.460480264868,9414.951150256364
1866,P6,9414.951150256364,9532.94335515118
1867,P3,8896.160282480398,9006.711387972906
1867,P4,9006.711387972906,9256.05166832822
1867,P5,9256.05166832822,9383.530832528291
1867,P6,9383.530832528291,9481.8381700383
1868,P1,8908.712811882973,9013.08718263383
1868,P2,9013.08718263383,9163.158241383226
1868,P3,9163.158241383226,9385.83363535846
1868,P4,9385.83363535846,9702.397636257747
1868,P6,9702.397636257747,9861.926381274823
1869,P1,8909.492805642845,8985.472298852133
1869,P2,8985.472298852133,9087.50209517742
1869,P3,9087.50209517742,9201.191031141372
1869,P5,9201.191031141372,9319.503327369614
1870,P1,8912.395888898773,8992.027409649614
1870,P2,8992.027409649614,9085.171797880193
1870,P3,9085.171797880193,9231.978923296738
1870,P4,9231.978923296738,9449.465622107615
1870,P5,9449.465622107615,9548.21227092515
1870,P6,9548.21227092515,9655.431207284519
1871,P2,8915.314844548426,9061.445492037
1871,P3,9061.445492037,9237.895497177527
1871,P5,9237.895497177527,9413.760438471176
1872,P1,8921.797290868493,9003.38399822781
1872,P2,9003.38399822781,9104.646852860247
1872,P3,9104.646852860247,9247.277470681043
1872,P4,9247.277470681043,9448.016907491648
1872,P5,9448.016907491648,9569.07409377283
1872,P6,9569.07409377283,9664.776144546091
1872,P7,9664.776144546091,9738.403182146343
1873,P1,8923.226773966006,9027.652585737998
1873,P2,9027.652585737998,9139.516948593742
1873,P3,9139.516948593742,9305.152003824707
1873,P4,9305.152003824707,9570.675085332308
1873,P7,9570.675085332308,9682.71016754547
1874,P1,8923.959207066819,9035.13138171888
1874,P2,9035.13138171888,9195.484105838326
1874,P3,9195.484105838326,9349.822248530758
1874,P4,9349.822248530758,9708.182712364649
1874,P5,9708.182712364649,9856.507058292815
1875,P1,8926.790114651114,9068.968550688387
1875,P2,9068.968550688387,9247.72799612734
1875,P3,9247.72799612734,9440.150969409124
1875,P4,9440.150969409124,9794.995122914064
1875,P5,9794.995122914064,10012.387396708715
1875,P6,10012.387396708715,10180.114250058645
1876,P1,8930.111867503883,9010.05317150762
1876,P2,9010.05317150762,9112.074954975016
1876,P3,9112.074954975016,9239.077821561565
1876,P4,9239.077821561565,9465.452611792414
1876,P6,9465.452611792414,9608.898502712644
1877,P1,8930.149727447466,9062.386837280856
1877,P2,9062.386837280856,9224.07953080402
1877,P3,9224.07953080402,9432.41378187445
1877,P4,9432.41378187445,9882.850508307887
1877,P6,9882.850508307887,10077.802151861022
1878,P2,8933.151019075834,9043.313013700998
1878,P3,9043.313013700998,9166.470525006716
1878,P4,9166.470525006716,9366.41166576627
1878,P6,9366.41166576627,9472.674395532087
1879,P1,8949.001053627997,9072.427268894377
1879,P2,9072.427268894377,9321.86631050096
1879,P3,9321.86631050096,9539.041587181606
1879,P4,9539.041587181606,9877.791378858265
1879,P5,9877.791378858265,10078.424558579401
1880,P1,8953.805229994894,9043.136927426376
1880,P2,9043.136927426376,9141.575991851641
1880,P3,9141.575991851641,9288.984317304898
1880,P4,9288.984317304898,9532.756597143456
1880,P7,9532.756597143456,9641.389247142853
1881,P1,8954.813241422504,9027.585754787997
1881,P2,9027.585754787997,9127.25716540464
1881,P3,9127.25716540464,9242.148605979497
1881,P5,9242.148605979497,9345.93172031885
1881,P6,9345.93172031885,9468.536205371609
1882,P1,8955.327936603539,9038.18775984241
1882,P2,9038.18775984241,9113.933854868439
1882,P3,9113.933854868439,9259.67828814069
1882,P4,9259.67828814069,9463.801322746418
1882,P6,9463.801322746418,9562.004133006983
1882,P7,9562.004133006983,9649.791698509698
1883,P1,8967.005927830198,9053.336265254875
1883,P2,9053.336265254875,9191.706119531169
1883,P3,9191.706119531169,9335.119187916622
1883,P4,9335.119187916622,9610.364004831219
1883,P7,9610.364004831219,9696.47962744101
1884,P3,8972.22965129331,9158.0243992558
1884,P4,9158.0243992558,9465.57469622595
1884,P6,9465.57469622595,9597.720310893186
1885,P2,8979.067722855541,9123.579565354557
1885,P3,9123.579565354557,9278.774748784883
1885,P4,9278.774748784883,9526.86997752913
1885,P6,9526.86997752913,9661.832886623579
1886,P3,8996.55313945812,9116.797342782711
1886,P4,9116.797342782711,9338.502776168181
1886,P5,9338.502776168181,9459.335026324996
1886,P6,9459.335026324996,9565.012000568402
1887,P3,9006.885459560683,9198.613952244066
1887,P4,9198.613952244066,9460.42863422982
1887,P6,9460.42863422982,9604.303565968145
1888,P1,9014.249616466763,9102.248034840848
1888,P2,9102.248034840848,9208.593763255038
1888,P3,9208.593763255038,9363.181330385833
1888,P4,9363.181330385833,9594.425414502753
1888,P5,9594.425414502753,9743.67761958748
1888,P6,9743.67761958748,9867.065929123843
1888,P7,9867.065929123843,9972.493950284217
1889,P3,9014.579725551223,9234.999246518586
1889,P4,9234.999246518586,9575.28703646705
1889,P7,9575.28703646705,9738.32755954193
1890,P3,9016.693716102756,9226.346366956986
1890,P4,9226.346366956986,9519.198657459045
1890,P7,9519.198657459045,9643.40678883261
1891,P3,9023.604734843735,9240.601457019013
1891,P4,9240.601457019013,9589.195687900097
1891,P7,9589.195687900097,9701.208264208848
1892,P1,9025.431326311113,9120.722619218974
1892,P2,9120.722619218974,9282.584363830922
1892,P3,9282.584363830922,9490.664818449277
1892,P4,9490.664818449277,9831.692747032776
1892,P6,9831.692747032776,9993.841604447176
1893,P2,9026.279752092603,9162.23640746787
1893,P3,9162.23640746787,9353.117958586012
1893,P4,9353.117958586012,9624.808757598557
1893,P5,9624.808757598557,9775.114109259852
1893,P6,9775.114109259852,9931.73866748484
1894,P2,9028.113702224671,9114.08607340111
1894,P3,9114.08607340111,9249.876059450115
1894,P4,9249.876059450115,9474.9008001487
1894,P6,9474.9008001487,9562.906625380878
1895,P3,9033.247306115181,9195.825886819655
1895,P5,9195.825886819655,9330.05205276717
1896,P1,9056.85144714399,9162.37205002495
1896,P2,9162.37205002495,9295.99115618641
1896,P3,9295.99115618641,9409.868852304782
1896,P4,9409.868852304782,9646.941179125533
1896,P6,9646.941179125533,9729.101432638045
1897,P3,9072.17056190014,9230.4713229828
1897,P5,9230.4713229828,9359.502064249877
1897,P6,9359.502064249877,9485.6410723901
1898,P3,9074.188357551138,9267.578741221301
1898,P4,9267.578741221301,9530.242342559013
1898,P7,9530.242342559013,9647.272498863282
1899,P1,9076.069340911994,9155.611506076873
1899,P2,9155.611506076873,9244.640271332424
1899,P3,9244.640271332424,9360.782389149792
1899,P4,9360.782389149792,9581.775893856924
1899,P7,9581.775893856924,9673.110484272613
1900,P1,9083.98426125229,9178.503767158569
1900,P2,9178.503767158569,9326.847747534592
1900,P3,9326.847747534592,9537.078826893394
1900,P4,9537.078826893394,9841.357433659681
1900,P7,9841.357433659681,9958.978370349094
1901,P3,9085.132911926232,9235.48876281857
1901,P4,9235.48876281857,9450.724109490355
1901,P6,9450.724109490355,9580.578268085741
1902,P1,9087.34237735518,9186.862640018011
1902,P2,9186.862640018011,9308.051995023208
1902,P3,9308.051995023208,9448.032022893078
1902,P5,9448.032022893078,9591.621087253325
1902,P6,9591.621087253325,9716.02778417716
1903,P3,9090.517209207626,9263.49340350225
1903,P4,9263.49340350225,9550.59065069916
1903,P5,9550.59065069916,9710.583562070924
1903,P6,9710.583562070924,9870.988579601897
1904,P3,9095.451007266976,9289.559289773179
1904,P4,9289.559289773179,9634.02460281974
1904,P6,9634.02460281974,9790.975994403598
1905,P1,9095.967347357733,9177.424961665967
1905,P2,9177.424961665967,9276.79498197031
1905,P3,9276.79498197031,9431.090529060626
1905,P4,9431.090529060626,9885.09584522204
1905,P7,9885.09584522204,9977.994349457398
1906,P2,9103.716001654018,9212.3119480932
1906,P3,9212.3119480932,9351.532101032233
1906,P5,9351.532101032233,9477.042526451314
1906,P6,9477.042526451314,9598.000467487673
1906,P7,9598.000467487673,9703.001313307124
1907,P3,9104.872507635026,9374.148867301163
1907,P4,9374.148867301163,9648.923812274581
1907,P5,9648.923812274581,9824.042683691607
1908,P1,9105.912731034738,9220.076576125524
1908,P2,9220.076576125524,9384.46198087134
1908,P3,9384.46198087134,9552.398916559712
1908,P4,9552.398916559712,9807.978175878994
1908,P5,9807.978175878994,9945.491324001305
1908,P6,9945.491324001305,10085.546359031809
1909,P1,9114.013861453739,9216.438500872378
1909,P2,9216.438500872378,9338.44579712583
1909,P3,9338.44579712583,9525.590432280083
1909,P5,9525.590432280083,9666.364279012198
1910,P3,9117.348222883815,9347.022604296151
1910,P5,9347.022604296151,9469.84343823646
1911,P2,9126.284732197386,9268.94818923911
1911,P3,9268.94818923911,9452.18102503584
1911,P4,9452.18102503584,9722.524057937879
1911,P5,9722.524057937879,9879.927843012969
1911,P6,9879.927843012969,10061.813708021906
1912,P2,9129.241608207625,9217.585259406838
1912,P3,9217.585259406838,9338.23886791652
1912,P4,9338.23886791652,9584.833538259787
1912,P6,9584.833538259787,9681.736207274349
1913,P1,9132.975849120887,9240.212812132904
1913,P2,9240.212812132904,9358.276207877572
1913,P3,9358.276207877572,9548.121687330471
1913,P4,9548.121687330471,9815.036162200333
1913,P6,9815.036162200333,9946.0021150746
1914,P3,9137.37981530588,9276.027081057442
1914,P4,9276.027081057442,9513.330193991102
1914,P5,9513.330193991102,9620.400666094072
1915,P1,9138.659290822987,9262.229813468639
1915,P2,9262.229813468639,9371.071274594387
1915,P3,9371.071274594387,9550.566844940731
1915,P4,9550.566844940731,9804.16255749096
1915,P6,9804.16255749096,9938.243617382073
1916,P2,9139.943808008507,9220.012635587855
1916,P3,9220.012635587855,9321.413988870896
1916,P4,9321.413988870896,9479.005003636115
1916,P7,9479.005003636115,9563.086231643356
1917,P2,9152.069097746662,9303.705352739014
1917,P3,9303.705352739014,9487.262583712993
1917,P5,9487.262583712993,9674.225931814082
1917,P6,9674.225931814082,9808.056943124722
1918,P2,9164.280126351987,9331.90201904708
1918,P3,9331.90201904708,9519.458474332152
1918,P4,9519.458474332152,9850.809503033724
1918,P7,9850.809503033724,9995.545188233325
1919,P2,9168.052030794808,9317.255429711202
1919,P3,9317.255429711202,9441.391954097624
1919,P5,9441.391954097624,9579.993948246301
1919,P6,9579.993948246301,9688.802442061622
1920,P1,9173.86392947339,9246.953043252304
1920,P2,9246.953043252304,9327.253264028299
1920,P3,9327.253264028299,9477.254861840598
1920,P5,9477.254861840598,9615.052346085899
1920,P6,9615.052346085899,9740.201776870721
1921,P2,9181.27728688981,9279.01449604229
1921,P3,9279.01449604229,9438.916425943506
1921,P5,9438.916425943506,9555.488998451918
1921,P6,9555.488998451918,9658.977238369853
1922,P1,9181.569315298319,9329.387905418434
1922,P2,9329.387905418434,9502.616177110829
1922,P3,9502.616177110829,9806.364148933684
1922,P5,9806.364148933684,10028.441136954507
1922,P6,10028.441136954507,10339.573290039421
1922,P7,10339.573290039421,10505.624995616698
1923,P3,9184.17657793792,9345.08740770257
1923,P4,9345.08740770257,9611.70432897596
1923,P6,9611.70432897596,9741.849967997803
1924,P1,9186.289117151688,9253.042818438778
1924,P2,9253.042818438778,9353.437902334674
1924,P3,9353.437902334674,9477.16910228398
1924,P4,9477.16910228398,9793.97185766578
1924,P6,9793.97185766578,9913.586646930116
1925,P1,9190.419162139251,9303.297442241663
1925,P2,9303.297442241663,9450.266798253666
1925,P3,9450.266798253666,9628.286849939164
1925,P5,9628.286849939164,9812.815614755327
1926,P1,9193.932399812264,9311.810301068592
1926,P2,9311.810301068592,9477.029965617265
1926,P3,9477.029965617265,9677.871914551604
1926,P5,9677.871914551604,9885.954098988828
1926,P6,9885.954098988828,10096.164250878022
1926,P7,10096.164250878022,10253.2859600296
1927,P3,9201.79654940397,9449.837553887997
1927,P4,9449.837553887997,9875.81913678427
1927,P5,9875.81913678427,10123.3690454894
1927,P6,10123.3690454894,10308.808518364493
1928,P1,9201.991827811302,9267.240411316174
1928,P2,9267.240411316174,9363.77033369523
1928,P3,9363.77033369523,9476.462101680056
1928,P5,9476.462101680056,9597.002394835523
1929,P3,9204.662303085623,9359.439628209015
1929,P5,9359.439628209015,9495.30526821094
1929,P6,9495.30526821094,9710.982204135373
1930,P2,9205.204901128847,9290.143303962077
1930,P3,9290.143303962077,9421.310414313715
1930,P4,9421.310414313715,9611.422942478746
1930,P6,9611.422942478746,9780.194661275047
1931,P1,9209.711105814386,9330.935296621728
1931,P2,9330.935296621728,9462.715651547594
1931,P3,9462.715651547594,9634.857802032087
1931,P4,9634.857802032087,9865.031368083657
1931,P6,9865.031368083657,9988.029754804827
1932,P1,9222.324654292435,9380.547461217686
1932,P2,9380.547461217686,9525.205061100336
1932,P3,9525.205061100336,9703.969671934048
1932,P4,9703.969671934048,10053.408496111666
1932,P5,10053.408496111666,10238.614102460506
1932,P6,10238.614102460506,10366.311274675365
1932,P7,10366.311274675365,10493.852709396146
1933,P2,9228.796338040696,9323.96072815133
1933,P3,9323.96072815133,9450.354174477086
1933,P4,9450.354174477086,9722.12000437958
1933,P7,9722.12000437958,9819.294690403474
1934,P1,9238.279728108335,9342.366516918375
1934,P2,9342.366516918375,9454.602447442649
1934,P3,9454.602447442649,9615.324040024178
1934,P4,9615.324040024178,9897.909495058371
1934,P5,9897.909495058371,10030.886045984154
1935,P1,9238.483093886673,9323.473009466445
1935,P2,9323.473009466445,9422.792497945076
1935,P3,9422.792497945076,9605.475390778538
1935,P4,9605.475390778538,9877.40397982892
1935,P7,9877.40397982892,9985.258783853804
1936,P3,9248.434827379107,9469.731597603255
1936,P4,9469.731597603255,9816.59413508521
1936,P6,9816.59413508521,10059.00586102712
1937,P2,9249.370728070106,9378.742098305978
1937,P3,9378.742098305978,9585.874950722018
1937,P4,9585.874950722018,9849.241140542441
1937,P7,9849.241140542441,9964.444446445028
1938,P3,9251.759174335886,9517.020176021435
1938,P4,9517.020176021435,9895.170455202117
1938,P5,9895.170455202117,10116.36303663644
1938,P6,10116.36303663644,10265.758894029408
1939,P1,9256.374206403574,9386.627023486943
1939,P2,9386.627023486943,9511.829539214565
1939,P3,9511.829539214565,9682.906511230043
1939,P4,9682.906511230043,9923.292013873914
1939,P6,9923.292013873914,10057.086479889795
1940,P1,9259.17729610799,9377.936399192587
1940,P2,9377.936399192587,9525.207118041246
1940,P3,9525.207118041246,9774.659754390066
1940,P5,9774.659754390066,9959.99583857196
1940,P6,9959.99583857196,10101.761324310826
1941,P1,9261.612626976794,9339.067115718562
1941,P2,9339.067115718562,9475.353665955554
1941,P3,9475.353665955554,9620.951574690369
1941,P4,9620.951574690369,9861.647355208563
1941,P7,9861.647355208563,9952.450027682125
1942,P2,9269.862702109533,9368.884160596817
1942,P3,9368.884160596817,9484.654087160356
1942,P5,9484.654087160356,9614.70440293698
1942,P6,9614.70440293698,9751.231667173994
1942,P7,9751.231667173994,9867.592579651588
1943,P2,9271.657729161569,9509.539829101348
1943,P3,9509.539829101348,9685.455705146906
1943,P5,9685.455705146906,9829.13326578567
1943,P6,9829.13326578567,9981.080192960117
1944,P1,9273.735380878104,9403.361811657223
1944,P2,9403.361811657223,9545.055837084463
1944,P3,9545.055837084463,9796.004063540682
1944,P4,9796.004063540682,10116.626175748921
1944,P5,10116.626175748921,10275.64521269629
1944,P6,10275.64521269629,10496.912213893134
1944,P7,10496.912213893134,10646.03467522057
1945,P3,9285.396398773782,9435.403660891106
1945,P4,9435.403660891106,9686.339035393608
1945,P7,9686.339035393608,9807.685740804076
1946,P3,9306.586990491252,9457.525889237797
1946,P4,9457.525889237797,9798.373522075106
1946,P6,9798.373522075106,9957.580152977409
1947,P3,9317.833893263882,9475.549287706883
1947,P4,9475.549287706883,9652.392819119628
1947,P5,9652.392819119628,9734.809035945278
1947,P6,9734.809035945278,9807.815679485659
1948,P2,9330.458143697424,9456.025064564552
1948,P3,9456.025064564552,9639.677996159122
1948,P4,9639.677996159122,9942.579284335234
1948,P6,9942.579284335234,10087.725473235663
1949,P1,9333.845707206734,9447.25437629843
1949,P2,9447.25437629843,9594.443586283445
1949,P3,9594.443586283445,9792.096766894843
1949,P5,9792.096766894843,9940.14841054169
1949,P6,9940.14841054169,10114.757500274472
1949,P7,10114.757500274472,10231.089915157305
1950,P1,9336.9266669284,9485.868506683699
1950,P2,9485.868506683699,9637.370968915397
1950,P3,9637.370968915397,9847.067267283805
1950,P4,9847.067267283805,10189.965641667253
1950,P7,10189.965641667253,10335.344268050949
1951,P2,9339.793797174221,9488.500860382062
1951,P3,9488.500860382062,9721.340401577198
1951,P4,9721.340401577198,10111.07261456635
1951,P6,10111.07261456635,10319.743823955983
1952,P2,9342.358615995183,9487.64749832147
1952,P3,9487.64749832147,9695.079965077477
1952,P4,9695.079965077477,9993.551187525989
1952,P5,9993.551187525989,10151.32648447267
1953,P2,9347.746321933551,9473.026951237514
1953,P3,9473.026951237514,9650.216456265358
1953,P4,9650.216456265358,9989.248403168662
1953,P5,9989.248403168662,10168.369451935649
1954,P2,9348.957435532448,9448.63808554297
1954,P3,9448.63808554297,9583.219670481765
1954,P4,9583.219670481765,9818.315679878742
1954,P7,9818.315679878742,9929.80542506799
1955,P1,9357.514884911208,9427.979487045806
1955,P2,9427.979487045806,9511.720116519986
1955,P3,9511.720116519986,9653.03020071792
1955,P5,9653.03020071792,9772.360325514686
1955,P6,9772.360325514686,9880.085559573616
1955,P7,9880.085559573616,9985.452017648184
1956,P3,9357.791062389408,9532.229152213078
1956,P4,9532.229152213078,9865.937698227686
1956,P7,9865.937698227686,9997.841519815502
1957,P1,9361.800224046676,9445.14015684115
1957,P2,9445.14015684115,9544.592141181643
1957,P3,9544.592141181643,9682.362678522051
1957,P4,9682.362678522051,9920.883022906046
1957,P7,9920.883022906046,10019.505520423862
1958,P3,9371.442091935409,9641.381601619378
1958,P4,9641.381601619378,9930.664250898266
1958,P7,9930.664250898266,10033.97428065328
1959,P3,9371.6966166341,9502.90417216454
1959,P5,9502.90417216454,9617.044380688352
1959,P6,9617.044380688352,9835.904482337319
1959,P7,9835.904482337319,9913.51510526555
1960,P2,9379.223981856669,9484.032739905604
1960,P3,9484.032739905604,9650.079361338238
1960,P4,9650.079361338238,9914.42375916139
1960,P7,9914.42375916139,10020.840248892344
1961,P3,9384.040338263914,9530.82736790877
1961,P4,9530.82736790877,9804.364016690848
1961,P7,9804.364016690848,9913.843245267273
1962,P3,9387.806768351627,9643.499505872667
1962,P5,9643.499505872667,9884.119985028832
1962,P6,9884.119985028832,10057.58039043979
1963,P3,9392.509533108318,9528.844774924492
1963,P4,9528.844774924492,9761.945554890457
1963,P7,9761.945554890457,9849.424002815522
1964,P1,9395.036013902854,9493.948719981432
1964,P2,9493.948719981432,9584.508167878203
1964,P3,9584.508167878203,9732.36084540527
1964,P4,9732.36084540527,10005.409396064364
1964,P7,10005.409396064364,10135.355358020264
1965,P2,9396.27649083835,9521.05784548841
1965,P3,9521.05784548841,9692.489643814415
1965,P4,9692.489643814415,10018.710958537658
1965,P5,10018.710958537658,10164.583521827702
1965,P6,10164.583521827702,10284.711796515003
1966,P3,9396.968425445979,9552.851206457803
1966,P4,9552.851206457803,9895.850911178339
1966,P7,9895.850911178339,9990.681068038046
1967,P2,9397.257704065469,9526.946535576228
1967,P3,9526.946535576228,9667.99272559208
1967,P4,9667.99272559208,9937.956279173155
1967,P5,9937.956279173155,10084.78573608963
1968,P3,9398.688982117275,9510.87148826267
1968,P5,9510.87148826267,9602.485443330854
1968,P6,9602.485443330854,9701.751651633092
1969,P3,9400.136032674936,9595.6465434312
1969,P5,9595.6465434312,9853.27105202604
1970,P3,9402.078622521576,9617.830357271245
1970,P4,9617.830357271245,9994.951837872222
1970,P6,9994.951837872222,10167.39829768791
1971,P3,9405.963144328589,9527.118779138444
1971,P4,9527.118779138444,9724.171549780596
1971,P6,9724.171549780596,9818.87158367808
1972,P1,9409.52460973673,9498.449998723418
1972,P2,9498.449998723418,9617.797692731443
1972,P3,9617.797692731443,9804.124074902988
1972,P4,9804.124074902988,10060.431105684773
1972,P5,10060.431105684773,10199.558673919535
1972,P6,10199.558673919535,10343.84861880684
1973,P1,9410.973489988464,9475.363642425868
1973,P2,9475.363642425868,9546.796163398873
1973,P3,9546.796163398873,9657.025999982097
1973,P5,9657.025999982097,9745.070570379312
1974,P2,9413.718805107657,9591.059985560178
1974,P3,9591.059985560178,9767.875224498866
1974,P4,9767.875224498866,10081.355715591793
1974,P5,10081.355715591793,10246.761339761191
1974,P6,10246.761339761191,10382.76358036716
1975,P1,9416.238200943311,9481.528591485125
1975,P2,9481.528591485125,9578.219281789276
1975,P3,9578.219281789276,9770.872306419451
1975,P4,9770.872306419451,9958.405076953311
1975,P5,9958.405076953311,10057.758993305097
1975,P6,10057.758993305097,10153.302834455799
1976,P2,9419.074696545937,9552.949449548614
1976,P3,9552.949449548614,9713.010485589815
1976,P4,9713.010485589815,10016.902905395324
1976,P5,10016.902905395324,10189.687861153978
1976,P6,10189.687861153978,10371.489347278311
1977,P2,9431.941308501084,9549.023460441254
1977,P3,9549.023460441254,9714.06941163219
1977,P5,9714.06941163219,9853.14104081771
1977,P6,9853.14104081771,9969.49117155175
1977,P7,9969.49117155175,10082.56560260376
1978,P3,9433.640036516614,9574.612608436868
1978,P5,9574.612608436868,9709.83522402056
1978,P6,9709.83522402056,9819.95474664616
1978,P7,9819.95474664616,9918.82500872156
1979,P1,9438.615255168019,9552.85308618692
1979,P2,9552.85308618692,9694.741157517927
1979,P3,9694.741157517927,9891.344706027412
1979,P5,9891.344706027412,10063.347947595401
1980,P1,9439.455432139952,9530.92959477777
1980,P2,9530.92959477777,9640.387599199508
1980,P3,9640.387599199508,9779.735508603328
1980,P5,9779.735508603328,9921.953173206366
1981,P3,9444.569198152905,9619.243365615173
1981,P4,9619.243365615173,9906.00120085393
1981,P5,9906.00120085393,10065.252177894361
1982,P1,9447.463858968911,9540.231494297048
1982,P2,9540.231494297048,9659.000378317824
1982,P3,9659.000378317824,9806.688199246775
1982,P4,9806.688199246775,10080.486854321753
1982,P6,10080.486854321753,10213.116150464046
1983,P1,9449.70693271201,9534.451019746082
1983,P2,9534.451019746082,9621.167693427133
1983,P3,9621.167693427133,9766.090727444664
1983,P5,9766.090727444664,9881.052458203587
1984,P1,9450.274166315858,9530.910920713217
1984,P2,9530.910920713217,9636.504208390787
1984,P3,9636.504208390787,9772.860531644392
1984,P4,9772.860531644392,10021.47006891745
1984,P5,10021.47006891745,10172.717744164916
1984,P6,10172.717744164916,10271.89915213197
1985,P1,9465.60904946458,9536.87444868109
1985,P2,9536.87444868109,9642.299738372438
1985,P3,9642.299738372438,9764.779593953896
1985,P4,9764.779593953896,9981.304521854725
1985,P5,9981.304521854725,10093.097381816975
1985,P6,10093.097381816975,10210.75483757367
1986,P2,9473.2313045836,9596.671271918227
1986,P3,9596.671271918227,9763.93484427968
1986,P4,9763.93484427968,10025.137969013846
1986,P5,10025.137969013846,10166.566127144113
1986,P6,10166.566127144113,10311.76097736558
1987,P1,9482.123064863405,9559.92933491856
1987,P2,9559.92933491856,9640.995084796963
1987,P3,9640.995084796963,9786.489657231308
1987,P4,9786.489657231308,10009.33877854268
1987,P7,10009.33877854268,10118.955980927965
1988,P1,9486.049101360493,9657.272037503793
1988,P2,9657.272037503793,9854.46891383351
1988,P3,9854.46891383351,10147.234769609193
1988,P5,10147.234769609193,10376.447421077328
1989,P1,9495.685939563386,9578.721811427966
1989,P2,9578.721811427966,9686.9231192208
1989,P3,9686.9231192208,9836.4690973429
1989,P5,9836.4690973429,9966.275315697443
1989,P6,9966.275315697443,10067.885283118925
1990,P3,9503.298736261615,9617.913482509335
1990,P4,9617.913482509335,9805.770027466482
1990,P7,9805.770027466482,9899.419837464467
1991,P1,9503.801917014443,9608.346523768801
1991,P2,9608.346523768801,9742.052491178052
1991,P3,9742.052491178052,9917.848938426108
1991,P5,9917.848938426108,10097.679207310422
1991,P6,10097.679207310422,10240.047175615939
1992,P1,9503.938350736578,9598.910709129193
1992,P2,9598.910709129193,9696.522073066822
1992,P3,9696.522073066822,9827.207593776984
1992,P4,9827.207593776984,10028.833583973126
1992,P6,10028.833583973126,10142.62439864482
1993,P3,9516.502021317112,9667.590442620336
1993,P5,9667.590442620336,9812.206600375379
1993,P6,9812.206600375379,9941.037041813617
1994,P1,9527.92218961576,9714.2413657482
1994,P2,9714.2413657482,9857.330007351304
1994,P3,9857.330007351304,10038.35046379998
1994,P4,10038.35046379998,10369.822011077691
1994,P5,10369.822011077691,10567.351770141811
1994,P6,10567.351770141811,10740.185691708883
1995,P2,9531.597812067288,9610.43461171878
1995,P3,9610.43461171878,9727.352608149693
1995,P4,9727.352608149693,9927.33051901394
1995,P7,9927.33051901394,10025.82687382088
1996,P3,9540.426158873277,9727.511479349909
1996,P4,9727.511479349909,10105.966717639049
1996,P7,10105.966717639049,10240.034420906824
1997,P1,9545.244663795587,9673.948922062145
1997,P2,9673.948922062145,9799.154610548063
1997,P3,9799.154610548063,10092.49171672884
1997,P4,10092.49171672884,10439.923677005356
1997,P6,10439.923677005356,10661.143973508206
1998,P1,9545.899884625373,9670.518946492419
1998,P2,9670.518946492419,9795.882061906268
1998,P3,9795.882061906268,10000.098204139083
1998,P4,10000.098204139083,10271.254350763491
1998,P7,10271.254350763491,10420.442893686895
1999,P1,9546.11210213166,9652.938165623931
1999,P2,9652.938165623931,9767.46788074489
1999,P3,9767.46788074489,9965.864644606023
1999,P4,9965.864644606023,10227.502110587895
1999,P7,10227.502110587895,10347.056223287636
2000,P1,9553.72690409885,9612.15247938962
2000,P2,9612.15247938962,9701.480042131607
2000,P3,9701.480042131607,9818.082048999311
2000,P4,9818.082048999311,10004.767441744743
2000,P7,10004.767441744743,10088.467322702638
2001,P2,9556.143071909068,9658.053850587643
2001,P3,9658.053850587643,9790.56169072753
2001,P5,9790.56169072753,9900.537870564734
2002,P1,9566.114980714381,9685.914612082404
2002,P2,9685.914612082404,9829.731296996933
2002,P3,9829.731296996933,10012.495530000557
2002,P5,10012.495530000557,10197.108167552553
2003,P1,9566.566105453256,9648.244104213183
2003,P2,9648.244104213183,9733.939774740118
2003,P3,9733.939774740118,9863.72104648952
2003,P5,9863.72104648952,9972.53842437186
2003,P6,9972.53842437186,10073.285117879752
2004,P3,9569.947817193324,9674.236874267794
2004,P4,9674.236874267794,9888.381127063576
2004,P6,9888.381127063576,10010.454345158867
2005,P1,9573.852334925263,9645.750191154026
2005,P2,9645.750191154026,9755.941639750477
2005,P3,9755.941639750477,9891.972446682583
2005,P4,9891.972446682583,10126.284216585596
2005,P6,10126.284216585596,10219.007535967725
2006,P1,9579.081104699346,9685.569934025134
2006,P2,9685.569934025134,9797.661176028563
2006,P3,9797.661176028563,9912.266203911047
2006,P5,9912.266203911047,10005.370856062611
2006,P6,10005.370856062611,10126.301968473788
2006,P7,10126.301968473788,10243.090925914199
2007,P3,9585.860199934132,9800.311123653111
2007,P4,9800.311123653111,10140.86040425699
2007,P6,10140.86040425699,10287.48234037734
2008,P1,9591.15310947574,9672.001618934532
2008,P2,9672.001618934532,9775.293851645876
2008,P3,9775.293851645876,9922.628822172694
2008,P4,9922.628822172694,10170.417296721602
2008,P5,10170.417296721602,10307.68846731194
2008,P6,10307.68846731194,10405.820931416754
2009,P1,9602.39931394248,9718.722763929241
2009,P2,9718.722763929241,9855.138785895933
2009,P3,9855.138785895933,10017.836982939947
2009,P5,10017.836982939947,10191.754789623252
2009,P6,10191.754789623252,10316.213437598994
2009,P7,10316.213437598994,10449.403658808113
2010,P1,9610.515188622683,9755.785972606807
2010,P2,9755.785972606807,9875.589982644819
2010,P3,9875.589982644819,10038.357953932205
2010,P5,10038.357953932205,10178.355701925597
2010,P6,10178.355701925597,10308.462695331564
2011,P1,9611.854893313313,9704.880998043245
2011,P2,9704.880998043245,9794.122179070211
2011,P3,9794.122179070211,9943.201541770522
2011,P4,9943.201541770522,10184.050622931654
2011,P7,10184.050622931654,10280.754412212827
2012,P1,9617.027887411003,9700.36513698512
2012,P2,9700.36513698512,9812.462303371518
2012,P3,9812.462303371518,9942.15383657398
2012,P4,9942.15383657398,10162.58675270267
2012,P7,10162.58675270267,10258.037401038768
2013,P2,9623.962667450214,9707.258333254622
2013,P3,9707.258333254622,9866.283329521155
2013,P4,9866.283329521155,10049.509043435053
2013,P7,10049.509043435053,10145.571829407516
2014,P1,9625.002649782791,9722.22500576037
2014,P2,9722.22500576037,9854.704211938459
2014,P3,9854.704211938459,9992.111723798884
2014,P5,9992.111723798884,10155.512286746307
2015,P3,9632.846289478746,9816.596101389454
2015,P5,9816.596101389454,9938.870938895707
2015,P6,9938.870938895707,10085.804356406763
2015,P7,10085.804356406763,10198.741234831898
2016,P3,9645.321523428149,9789.304435641947
2016,P4,9789.304435641947,9989.22771440492
2016,P6,9989.22771440492,10100.30734454805
2016,P7,10100.30734454805,10192.080302727638
2017,P2,9650.926877059512,9771.541602664049
2017,P3,9771.541602664049,9952.650608277356
2017,P4,9952.650608277356,10241.704368530975
2017,P5,10241.704368530975,10382.266407020754
2017,P6,10382.266407020754,10502.962869556395
2018,P2,9665.732351643734,9873.114065366406
2018,P3,9873.114065366406,10013.623316760235
2018,P5,10013.623316760235,10144.122459346072
2019,P3,9668.210748091658,9831.069635319334
2019,P4,9831.069635319334,10112.883577025674
2019,P5,10112.883577025674,10284.388657433681
2020,P3,9671.224447524366,9897.07043753755
2020,P4,9897.07043753755,10115.502212297853
2020,P7,10115.502212297853,10232.597993633552
2021,P3,9674.70031604257,9876.303374715433
2021,P5,9876.303374715433,10054.454673414388
2022,P1,9680.257339773289,9799.740338682657
2022,P2,9799.740338682657,9975.932183701389
2022,P3,9975.932183701389,10211.495151483194
2022,P5,10211.495151483194,10447.774396687792
2023,P1,9680.607809617606,9765.92768856118
2023,P2,9765.92768856118,9877.5034817741
2023,P3,9877.5034817741,10020.058635005427
2023,P4,10020.058635005427,10253.03194938776
2023,P6,10253.03194938776,10353.17733066614
2024,P1,9689.088883462466,9779.191313892741
2024,P2,9779.191313892741,9893.575013380567
2024,P3,9893.575013380567,10051.305740468595
2024,P5,10051.305740468595,10180.589456534779
2024,P6,10180.589456534779,10310.696819373838
2025,P3,9698.59749204351,9874.533398134856
2025,P4,9874.533398134856,10100.159693988595
2025,P5,10100.159693988595,10241.753603204017
2025,P6,10241.753603204017,10366.752563672708
2026,P3,9707.677932861137,9888.455417700176
2026,P4,9888.455417700176,10099.745927273616
2026,P5,10099.745927273616,10227.123291664742
2026,P6,10227.123291664742,10338.924349625004
2027,P1,9707.804169033092,9777.041474872909
2027,P2,9777.041474872909,9870.845500392097
2027,P3,9870.845500392097,9991.48562723661
2027,P4,9991.48562723661,10191.991263124653
2027,P6,10191.991263124653,10304.0968925157
2028,P1,9708.410771205354,9804.852660237502
2028,P2,9804.852660237502,9935.630457764204
2028,P3,9935.630457764204,10158.728067774646
2028,P5,10158.728067774646,10327.199511185852
2028,P6,10327.199511185852,10455.41471620003
2029,P3,9714.203668497947,9882.171561256046
2029,P4,9882.171561256046,10148.835448209506
2029,P6,10148.835448209506,10283.934533207896
2030,P3,9716.206281829602,9896.16771970392
2030,P4,9896.16771970392,10178.717356466572
2030,P5,10178.717356466572,10379.563585907714
2031,P1,9716.405131875215,9796.709818294048
2031,P2,9796.709818294048,9895.877359702617
2031,P3,9895.877359702617,10009.819620903896
2031,P5,10009.819620903896,10134.913876911343
2031,P6,10134.913876911343,10256.239572895018
2032,P2,9717.303634644524,9795.238361702264
2032,P3,9795.238361702264,9921.69908252834
2032,P5,9921.69908252834,10026.048211113048
2032,P6,10026.048211113048,10106.0418413941
2032,P7,10106.0418413941,10197.667924324034
2033,P1,9724.40105281177,9811.234332460586
2033,P2,9811.234332460586,9923.307508074888
2033,P3,9923.307508074888,10107.611860563855
2033,P4,10107.611860563855,10398.01426950687
2033,P7,10398.01426950687,10508.21346437403
2034,P1,9724.960377737114,9874.74117640922
2034,P2,9874.74117640922,9959.58948133506
2034,P3,9959.58948133506,10068.982878225384
2034,P4,10068.982878225384,10252.58294293554
2034,P5,10252.58294293554,10386.815158821239
2034,P6,10386.815158821239,10474.82297180983
2035,P1,9743.794308138782,9829.949801316483
2035,P2,9829.949801316483,9941.423484652496
2035,P3,9941.423484652496,10105.209417709368
2035,P4,10105.209417709368,10345.125609024502
2035,P5,10345.125609024502,10496.525527581414
2036,P1,9752.938550847319,9839.537748308638
2036,P2,9839.537748308638,9939.083403161661
2036,P3,9939.083403161661,10106.644118378254
2036,P5,10106.644118378254,10235.879432871256
2036,P6,10235.879432871256,10375.746125047765
2037,P2,9757.738995837035,9828.184765098027
2037,P3,9828.184765098027,9926.371094850358
2037,P5,9926.371094850358,10047.687385155625
2038,P1,9758.284900025148,9864.238515134612
2038,P2,9864.238515134612,9958.891132675195
2038,P3,9958.891132675195,10076.731686195322
2038,P5,10076.731686195322,10202.365682645403
2038,P6,10202.365682645403,10310.858880969892
2039,P3,9759.004048144361,9938.932642321055
2039,P5,9938.932642321055,10120.5029135023
2039,P6,10120.5029135023,10250.810372733542
2039,P7,10250.810372733542,10365.918495283966
2040,P3,9762.794676648644,9908.579055821769
2040,P4,9908.579055821769,10153.361495969752
2040,P5,10153.361495969752,10299.724334386638
2041,P3,9764.554476669528,9925.40185439206
2041,P4,9925.40185439206,10213.093347906262
2041,P7,10213.093347906262,10343.840725230684
2042,P2,9767.672760984598,9907.337195559832
2042,P3,9907.337195559832,10077.881882497722
2042,P5,10077.881882497722,10260.488106575413
2042,P6,10260.488106575413,10381.917321807035
2043,P1,9778.3424105471,9881.152524068131
2043,P2,9881.152524068131,10024.703783166862
2043,P3,10024.703783166862,10206.264358471
2043,P4,10206.264358471,10538.558799677734
2043,P7,10538.558799677734,10665.882614866938
2044,P1,9779.693305520066,9897.926392378484
2044,P2,9897.926392378484,10045.007849738886
2044,P3,10045.007849738886,10276.211381680492
2044,P4,10276.211381680492,10571.439696774445
2044,P5,10571.439696774445,10762.289726086887
2044,P6,10762.289726086887,10951.648469042171
2045,P1,9784.587142916696,9858.796583399822
2045,P2,9858.796583399822,9984.52546184625
2045,P3,9984.52546184625,10120.447582930425
2045,P4,10120.447582930425,10350.215576808363
2045,P7,10350.215576808363,10452.03147862102
2046,P2,9785.188932608993,9899.102858707027
2046,P3,9899.102858707027,10094.903038247254
2046,P5,10094.903038247254,10274.485407280428
2046,P6,10274.485407280428,10444.240732202265
2046,P7,10444.240732202265,10591.693542651505
2047,P3,9792.503069873635,9902.293650222768
2047,P5,9902.293650222768,10000.914450120135
2048,P1,9798.030801646877,9912.085158669654
2048,P2,9912.085158669654,10035.438663969018
2048,P3,10035.438663969018,10210.082451306553
2048,P5,10210.082451306553,10370.221613199563
2048,P6,10370.221613199563,10505.359735563827
2049,P3,9802.289185912892,9946.777771567768
2049,P4,9946.777771567768,10211.846280628713
2049,P7,10211.846280628713,10338.357831192621
2050,P2,9811.144406731551,9901.366034153363
2050,P3,9901.366034153363,10005.068576145837
2050,P5,10005.068576145837,10106.943390011253
2050,P6,10106.943390011253,10201.797458730303
2051,P1,9819.30103296586,9886.478839458525
2051,P2,9886.478839458525,9973.397722070858
2051,P3,9973.397722070858,10097.597683042928
2051,P4,10097.597683042928,10321.395649558275
2051,P7,10321.395649558275,10405.262541089205
2052,P1,9827.935257239647,9899.511735317732
2052,P2,9899.511735317732,9989.789321358245
2052,P3,9989.789321358245,10118.963380253896
2052,P4,10118.963380253896,10304.374866818358
2052,P5,10304.374866818358,10412.605407036468
2053,P1,9829.175014212773,9903.363992868577
2053,P2,9903.363992868577,10003.917773237592
2053,P3,10003.917773237592,10160.659384706045
2053,P4,10160.659384706045,10355.564093621304
2053,P6,10355.564093621304,10444.807629400646
2054,P3,9829.268959923118,9976.934432172482
2054,P4,9976.934432172482,10177.756917854162
2054,P7,10177.756917854162,10284.442651833064
2055,P3,9835.415372865567,9970.16056972897
2055,P5,9970.16056972897,10113.252747499273
2056,P1,9835.904926691346,9908.382375698531
2056,P2,9908.382375698531,9995.987022945867
2056,P3,9995.987022945867,10127.206399403769
2056,P4,10127.206399403769,10353.937750022782
2056,P5,10353.937750022782,10491.25445167496
2056,P6,10491.25445167496,10614.093901842072
2057,P3,9838.920350286906,9916.77612025456
2057,P5,9916.77612025456,10006.97617282471
2057,P6,10006.97617282471,10094.675983085968
2058,P1,9847.363454410703,9969.860383981557
2058,P2,9969.860383981557,10125.330314191933
2058,P3,10125.330314191933,10313.934953757911
2058,P4,10313.934953757911,10641.18316248403
2058,P6,10641.18316248403,10788.562456628351
2059,P1,9849.601491279209,9932.840781903184
2059,P2,9932.840781903184,10091.951484005349
2059,P3,10091.951484005349,10223.914812899191
2059,P4,10223.914812899191,10447.537063672506
2059,P6,10447.537063672506,10557.658049771937
2060,P3,9857.693856868953,9979.142887469252
2060,P4,9979.142887469252,10154.944784240324
2060,P5,10154.944784240324,10298.970259347421
2060,P6,10298.970259347421,10400.617433584846
2061,P1,9867.090518872314,9965.838025488712
2061,P2,9965.838025488712,10058.926546576884
2061,P3,10058.926546576884,10197.914955341768
2061,P4,10197.914955341768,10406.052977696134
2061,P6,10406.052977696134,10517.114979983517
2062,P3,9870.159178958605,10045.694986613558
2062,P4,10045.694986613558,10358.799730349854
2062,P5,10358.799730349854,10514.483822207309
2062,P6,10514.483822207309,10735.750431733364
2063,P3,9874.704174565613,10035.720057442255
2063,P5,10035.720057442255,10200.188149627415
2064,P3,9879.118120884963,9980.087980240172
2064,P4,9980.087980240172,10145.830165236766
2064,P5,10145.830165236766,10270.42210455362
2064,P6,10270.42210455362,10351.444245683357
2065,P1,9879.787657518462,9972.097801225209
2065,P2,9972.097801225209,10082.614880110981
2065,P3,10082.614880110981,10217.844654509312
2065,P4,10217.844654509312,10444.105371661977
2065,P5,10444.105371661977,10571.44019406238
2065,P6,10571.44019406238,10707.47145317538
2066,P1,9880.745984858166,9990.662578900268
2066,P2,9990.662578900268,10127.911690887482
2066,P3,10127.911690887482,10306.448903546496
2066,P5,10306.448903546496,10449.651162608829
2067,P3,9890.633747037122,10010.702898266582
2067,P5,10010.702898266582,10128.631873444943
2067,P6,10128.631873444943,10268.765179951988
2068,P1,9900.488665582154,10029.21298399293
2068,P2,10029.21298399293,10195.109416562276
2068,P3,10195.109416562276,10380.06926261619
2068,P4,10380.06926261619,10784.984927339417
2068,P5,10784.984927339417,10996.543428341969
2069,P2,9902.376707991732,10049.188358858019
2069,P3,10049.188358858019,10284.867537019223
2069,P4,10284.867537019223,10541.26683626261
2069,P5,10541.26683626261,10704.545316356935
2069,P6,10704.545316356935,10874.704977610336
2070,P1,9918.031863742846,9997.545785305387
2070,P2,9997.545785305387,10199.840365870135
2070,P3,10199.840365870135,10352.920800809465
2070,P5,10352.920800809465,10493.593424801173
2070,P6,10493.593424801173,10595.16474163865
2071,P1,9920.180915322799,10022.449570689156
2071,P2,10022.449570689156,10174.792440882316
2071,P3,10174.792440882316,10387.729944093648
2071,P4,10387.729944093648,10691.68075960031
2071,P6,10691.68075960031,10848.713583240196
2072,P1,9932.570617594854,10021.133455183857
2072,P2,10021.133455183857,10120.710684175849
2072,P3,10120.710684175849,10275.795892477
2072,P4,10275.795892477,10546.074770010542
2072,P5,10546.074770010542,10684.91323711631
2072,P6,10684.91323711631,10814.043781527182
2073,P3,9937.82548192982,10092.821305529033
2073,P4,10092.821305529033,10396.816024439684
2073,P6,10396.816024439684,10506.028383662815
2074,P3,9941.788145023222,10153.951330274922
2074,P5,10153.951330274922,10443.33024485185
2074,P6,10443.33024485185,10591.863062299828
2075,P3,9943.13593753651,10071.191129309469
2075,P4,10071.191129309469,10303.342221869781
2075,P5,10303.342221869781,10455.284534249377
2076,P1,9962.597682513402,10081.837524388453
2076,P2,10081.837524388453,10245.928201645209
2076,P3,10245.928201645209,10456.345845394291
2076,P4,10456.345845394291,10765.282006533698
2076,P5,10765.282006533698,10966.659959118982
2076,P6,10966.659959118982,11090.574902132112
2076,P7,11090.574902132112,11246.63744856687
2077,P2,9963.145334965004,10093.529581565499
2077,P3,10093.529581565499,10261.697651837612
2077,P4,10261.697651837612,10545.472260843242
2077,P6,10545.472260843242,10676.334983231089
2077,P7,10676.334983231089,10791.240503845742
2078,P1,9975.91059727195,10062.20385778298
2078,P2,10062.20385778298,10185.228603071964
2078,P3,10185.228603071964,10331.910034900564
2078,P5,10331.910034900564,10454.705710871536
2078,P6,10454.705710871536,10560.832278244756
2078,P7,10560.832278244756,10653.241764130504
2079,P2,9978.14290443631,10119.385999708235
2079,P3,10119.385999708235,10295.259720865344
2079,P4,10295.259720865344,10591.97068903747
2079,P5,10591.97068903747,10774.184645841384
2080,P1,9980.574147787702,10049.204800305626
2080,P2,10049.204800305626,10141.336887575408
2080,P3,10141.336887575408,10287.123846106608
2080,P4,10287.123846106608,10525.739458953056
2080,P6,10525.739458953056,10609.55165408457
2081,P1,9986.478110727274,10116.513986216662
2081,P2,10116.513986216662,10258.726873855408
2081,P3,10258.726873855408,10463.969165520235
2081,P5,10463.969165520235,10598.029950380496
2081,P6,10598.029950380496,10742.215980993564
2082,P1,9986.982762048761,10055.965342828633
2082,P2,10055.965342828633,10142.863227688127
2082,P3,10142.863227688127,10263.609805282136
2082,P4,10263.609805282136,10440.892239163328
2082,P7,10440.892239163328,10528.245252131965
2083,P1,9991.57441260962,10099.507652138784
2083,P2,10099.507652138784,10278.33536458732
2083,P3,10278.33536458732,10510.762951286126
2083,P4,10510.762951286126,10840.062916762658
2083,P7,10840.062916762658,11054.710395293203
2084,P2,9997.379073257565,10113.329950719673
2084,P3,10113.329950719673,10293.486919836227
2084,P4,10293.486919836227,10567.158914841148
2084,P6,10567.158914841148,10736.9314286114
2084,P7,10736.9314286114,10846.444573262592
2085,P1,10005.093054986375,10106.82232653401
2085,P2,10106.82232653401,10269.37374852223
2085,P3,10269.37374852223,10457.29465164591
2085,P4,10457.29465164591,10754.154038490282
2085,P5,10754.154038490282,10926.59414615178
2086,P3,10027.013401119399,10201.799823751753
2086,P5,10201.799823751753,10372.54437348796
2087,P3,10032.83921195357,10197.3525007269
2087,P4,10197.3525007269,10500.860842883447
2087,P6,10500.860842883447,10613.107338576297
2088,P1,10040.740730350979,10129.562015801272
2088,P2,10129.562015801272,10238.273676633878
2088,P3,10238.273676633878,10382.34099467265
2088,P5,10382.34099467265,10540.409364866124
2088,P6,10540.409364866124,10652.45600632468
2089,P1,10040.8650622076,10199.190191325662
2089,P2,10199.190191325662,10433.345951340374
2089,P3,10433.345951340374,10651.825789160646
2089,P4,10651.825789160646,11123.875637051598
2089,P5,11123.875637051598,11376.96240467583
2089,P6,11376.96240467583,11572.384427211877
2089,P7,11572.384427211877,11751.193153913378
2090,P3,10042.09961845484,10171.038547034546
2090,P4,10171.038547034546,10386.885914391407
2090,P5,10386.885914391407,10505.42421399346
2090,P6,10505.42421399346,10613.591586218905
2091,P1,10052.939289292375,10142.364622653047
2091,P2,10142.364622653047,10245.695104846118
2091,P3,10245.695104846118,10366.990524145824
2091,P5,10366.990524145824,10503.307111721277
2092,P2,10053.932048782754,10158.183008659893
2092,P3,10158.183008659893,10312.203937262935
2092,P4,10312.203937262935,10525.661435564654
2092,P5,10525.661435564654,10642.979691311086
2092,P6,10642.979691311086,10795.387556931373
2093,P1,10055.785073307668,10115.964027303069
2093,P2,10115.964027303069,10191.204788282606
2093,P3,10191.204788282606,10295.458677873017
2093,P4,10295.458677873017,10453.412331108237
2093,P6,10453.412331108237,10536.13258880644
2094,P3,10057.371185935295,10231.58102124629
2094,P4,10231.58102124629,10499.18536369796
2094,P5,10499.18536369796,10661.463720203503
2094,P6,10661.463720203503,10838.366456749813
2095,P3,10075.782726874793,10297.595576775282
2095,P4,10297.595576775282,10643.303568569949
2095,P5,10643.303568569949,10848.913822900817
2096,P1,10076.773602082552,10175.503039536821
2096,P2,10175.503039536821,10319.917326595447
2096,P3,10319.917326595447,10502.140789639107
2096,P4,10502.140789639107,10885.87324249525
2096,P5,10885.87324249525,11041.869564652066
2097,P1,10083.817468832387,10172.084685950837
2097,P2,10172.084685950837,10295.098749045386
2097,P3,10295.098749045386,10421.178416862958
2097,P4,10421.178416862958,10673.946342926285
2097,P6,10673.946342926285,10778.044786555398
2098,P3,10092.686545737482,10301.618621027354
2098,P4,10301.618621027354,10581.698772068941
2098,P7,10581.698772068941,10727.625409597744
2099,P1,10100.031857905426,10184.510655879418
2099,P2,10184.510655879418,10318.34852220563
2099,P3,10318.34852220563,10499.998247509475
2099,P4,10499.998247509475,10730.203459486884
2099,P5,10730.203459486884,11029.685162851429
2099,P6,11029.685162851429,11209.230489165337
2100,P1,10108.831407989348,10184.113808551881
2100,P2,10184.113808551881,10280.873442518907
2100,P3,10280.873442518907,10419.065038775776
2100,P4,10419.065038775776,10653.69111373319
2100,P5,10653.69111373319,10767.493787725027
2100,P6,10767.493787725027,10874.927259448807
2100,P7,10874.927259448807,10958.722494791966
2101,P2,10123.681906064054,10304.820942043541
2101,P3,10304.820942043541,10434.55336141469
2101,P4,10434.55336141469,10649.690448571831
2101,P6,10649.690448571831,10752.66051590871
2102,P3,10134.398801379233,10267.550124139834
2102,P4,10267.550124139834,10495.615381006339
2102,P5,10495.615381006339,10627.55953821333
2102,P6,10627.55953821333,10717.413266024316
2103,P3,10143.315057275313,10273.447503147754
2103,P5,10273.447503147754,10378.103260332311
2103,P6,10378.103260332311,10479.890726196223
2104,P1,10149.671851821806,10235.726685818614
2104,P2,10235.726685818614,10312.396773938364
2104,P3,10312.396773938364,10434.93096199563
2104,P4,10434.93096199563,10629.348598516375
2104,P5,10629.348598516375,10748.245756886256
2104,P6,10748.245756886256,10868.018129904256
2104,P7,10868.018129904256,10953.379803676227
2105,P3,10152.406029948377,10301.21948613091
2105,P4,10301.21948613091,10575.208283585243
2105,P6,10575.208283585243,10715.790103268233
2106,P3,10154.381452219226,10316.49168708132
2106,P5,10316.49168708132,10436.715445244845
2107,P1,10155.922696478183,10270.990536952664
2107,P2,10270.990536952664,10408.780426058496
2107,P3,10408.780426058496,10584.649252353312
2107,P4,10584.649252353312,10871.125934343374
2107,P7,10871.125934343374,10973.225237071532
2108,P1,10157.851662969782,10252.659338339885
2108,P2,10252.659338339885,10372.359529077548
2108,P3,10372.359529077548,10547.572522935723
2108,P4,10547.572522935723,10825.195192702697
2108,P6,10825.195192702697,10925.242111747535
2109,P3,10163.47685226463,10309.947044186018
2109,P5,10309.947044186018,10447.90179146971
2109,P6,10447.90179146971,10590.364343479052
2110,P1,10176.421266910453,10276.726535274312
2110,P2,10276.726535274312,10398.808852488159
2110,P3,10398.808852488159,10585.467167968198
2110,P4,10585.467167968198,10914.537476047959
2110,P6,10914.537476047959,11075.90086081552
2111,P1,10192.952079380848,10260.304534566427
2111,P2,10260.304534566427,10355.747965683615
2111,P3,10355.747965683615,10473.955343175852
2111,P5,10473.955343175852,10574.932900039714
2112,P1,10196.513793843666,10293.899539114424
2112,P2,10293.899539114424,10453.184679215126
2112,P3,10453.184679215126,10622.93093053922
2112,P4,10622.93093053922,10927.290387914654
2112,P7,10927.290387914654,11038.616453056424
2113,P2,10197.468775333946,10336.617489537395
2113,P3,10336.617489537395,10478.296619111152
2113,P4,10478.296619111152,10722.234802797866
2113,P6,10722.234802797866,10870.87911594275
2114,P2,10197.856609331291,10325.234755093976
2114,P3,10325.234755093976,10440.181651830628
2114,P4,10440.181651830628,10650.406668546984
2114,P6,10650.406668546984,10782.482958685794
2115,P1,10207.613929547699,10327.571004158694
2115,P2,10327.571004158694,10455.657889818654
2115,P3,10455.657889818654,10652.417222016333
2115,P4,10652.417222016333,10966.362632687858
2115,P6,10966.362632687858,11108.405650189303
2116,P1,10217.64101685438,10306.21197132139
2116,P2,10306.21197132139,10404.755827877649
2116,P3,10404.755827877649,10567.909378972949
2116,P4,10567.909378972949,10752.337829095613
2116,P7,10752.337829095613,10848.633341039227
2117,P3,10217.927305448939,10401.86798850353
2117,P5,10401.86798850353,10558.644119320683
2118,P1,10222.627640850777,10323.22520165671
2118,P2,10323.22520165671,10444.444904837823
2118,P3,10444.444904837823,10650.876192685642
2118,P4,10650.876192685642,10907.7769298541
2118,P6,10907.7769298541,11024.28836191052
2118,P7,11024.28836191052,11141.96000151246
2119,P3,10224.013553604656,10385.790151897012
2119,P5,10385.790151897012,10510.757420462327
2120,P1,10224.243072786576,10328.140178452486
2120,P2,10328.140178452486,10477.82220823761
2120,P3,10477.82220823761,10639.89993144568
2120,P4,10639.89993144568,10994.863266428361
2120,P6,10994.863266428361,11137.514816904388
2121,P1,10227.530899238207,10340.261748355773
2121,P2,10340.261748355773,10470.749511607162
2121,P3,10470.749511607162,10659.44772575792
2121,P4,10659.44772575792,11007.91203422588
2121,P7,11007.91203422588,11129.868884506102
2122,P3,10229.172365128741,10435.935317720045
2122,P4,10435.935317720045,10704.090731405862
2122,P6,10704.090731405862,10872.01739523047
2123,P2,10231.67191309456,10333.76035966948
2123,P3,10333.76035966948,10482.568627646082
2123,P5,10482.568627646082,10597.545674414325
2124,P2,10244.294607020289,10341.656649079861
2124,P3,10341.656649079861,10477.88608033107
2124,P5,10477.88608033107,10577.565301624232
2125,P2,10246.435798993602,10368.695954663845
2125,P3,10368.695954663845,10544.59822786397
2125,P5,10544.59822786397,10686.188315940095
2125,P6,10686.188315940095,10832.772196409805
2126,P1,10248.563821239184,10344.59088459042
2126,P2,10344.59088459042,10457.227208814445
2126,P3,10457.227208814445,10612.767834463746
2126,P5,10612.767834463746,10752.678134739557
2127,P2,10251.616472475534,10345.188971900641
2127,P3,10345.188971900641,10478.335488095903
2127,P4,10478.335488095903,10702.475217111125
2127,P6,10702.475217111125,10812.104145909288
2127,P7,10812.104145909288,10903.206290957953
2128,P3,10263.595590162717,10434.999585966287
2128,P4,10434.999585966287,10667.266543193855
2128,P6,10667.266543193855,10797.045862550782
2129,P3,10270.918026888454,10444.006610810411
2129,P4,10444.006610810411,10773.46321889257
2129,P5,10773.46321889257,10965.28096828174
2129,P6,10965.28096828174,11134.588044192547
2130,P2,10275.647182666811,10389.651756385638
2130,P3,10389.651756385638,10516.757832359295
2130,P5,10516.757832359295,10642.576028143
2130,P6,10642.576028143,10759.305549474197
2131,P2,10301.862666467545,10462.934708205892
2131,P3,10462.934708205892,10634.959570663606
2131,P5,10634.959570663606,10773.483297961673
2132,P1,10312.285550296867,10386.68874555831
2132,P2,10386.68874555831,10494.873820784363
2132,P3,10494.873820784363,10644.600968059427
2132,P5,10644.600968059427,10781.539465275491
2132,P6,10781.539465275491,10879.51929269289
2133,P3,10319.367696873307,10513.933687330566
2133,P5,10513.933687330566,10687.233216828492
2134,P1,10321.225202355974,10422.000458357772
2134,P2,10422.000458357772,10565.112657499927
2134,P3,10565.112657499927,10706.600004857726
2134,P4,10706.600004857726,11009.598852259245
2134,P7,11009.598852259245,11112.129702565187
2135,P3,10323.218723889537,10455.570064871743
2135,P4,10455.570064871743,10709.468677490033
2135,P6,10709.468677490033,10808.25232207947
2135,P7,10808.25232207947,10950.158182412468
2136,P2,10334.003726038572,10543.239893278122
2136,P3,10543.239893278122,10772.84806614101
2136,P4,10772.84806614101,11085.921939659534
2136,P7,11085.921939659534,11237.30455194435
2137,P3,10335.747398452466,10590.445155452102
2137,P4,10590.445155452102,10855.73435144776
2137,P7,10855.73435144776,10962.484108775236
2138,P1,10340.097647533206,10446.897609905896
2138,P2,10446.897609905896,10569.774207550005
2138,P3,10569.774207550005,10733.321544160899
2138,P5,10733.321544160899,10899.814957369743
2139,P1,10344.248109693433,10430.96692346215
2139,P2,10430.96692346215,10535.228383739
2139,P3,10535.228383739,10690.991163009683
2139,P5,10690.991163009683,10880.26669492173
2140,P1,10358.10048514786,10431.431142100066
2140,P2,10431.431142100066,10536.239354572896
2140,P3,10536.239354572896,10697.919996234283
2140,P4,10697.919996234283,10934.136743296976
2140,P5,10934.136743296976,11059.301306901805
2141,P1,10360.26656569349,10494.209807618001
2141,P2,10494.209807618001,10660.402167862308
2141,P3,10660.402167862308,10908.949987674572
2141,P5,10908.949987674572,11108.94384573223
2141,P6,11108.94384573223,11296.175404463265
2142,P3,10364.868504310265,10519.923109313659
2142,P5,10519.923109313659,10647.96488083444
2142,P6,10647.96488083444,10763.623839389433
2143,P3,10371.110817638359,10556.313126779338
2143,P5,10556.313126779338,10705.969380636732
2143,P6,10705.969380636732,10827.502998550392
2144,P3,10378.021632744263,10479.308869448629
2144,P4,10479.308869448629,10625.850740463311
2144,P5,10625.850740463311,10721.689119774954
2144,P6,10721.689119774954,10801.868673081643
2145,P1,10382.983987200847,10448.131990031254
2145,P2,10448.131990031254,10532.41359383688
2145,P3,10532.41359383688,10692.45682455484
2145,P4,10692.45682455484,10862.430688926363
2145,P6,10862.430688926363,10950.33510509006
2146,P1,10394.443184164033,10489.5825444397
2146,P2,10489.5825444397,10606.607403674647
2146,P3,10606.607403674647,10762.890115447726
2146,P4,10762.890115447726,11046.901725865864
2146,P6,11046.901725865864,11175.884323880337
2147,P3,10395.457624982539,10543.98059538747
2147,P5,10543.98059538747,10675.018089954936
2147,P6,10675.018089954936,10810.884879812944
2147,P7,10810.884879812944,10924.605591605223
2148,P1,10401.974648588885,10496.33976723311
2148,P2,10496.33976723311,10588.275486210801
2148,P3,10588.275486210801,10762.36765168083
2148,P4,10762.36765168083,11021.569641470242
2148,P6,11021.569641470242,11129.294900590276
2149,P1,10412.83875089356,10571.95247005134
2149,P2,10571.95247005134,10692.608789089338
2149,P3,10692.608789089338,10887.124890690977
2149,P4,10887.124890690977,11193.97627924886
2149,P5,11193.97627924886,11388.12964830345
2149,P6,11388.12964830345,11539.790711835258
2150,P1,10415.812765927054,10486.057766407414
2150,P2,10486.057766407414,10599.769528083183
2150,P3,10599.769528083183,10752.594891149347
2150,P5,10752.594891149347,10912.67595840521
2150,P6,10912.67595840521,11010.721461433855
2151,P1,10417.411704632925,10571.892747592374
2151,P2,10571.892747592374,10733.921867882947
2151,P3,10733.921867882947,10962.529077139669
2151,P5,10962.529077139669,11325.25369152342
2151,P6,11325.25369152342,11497.076771645228
2152,P2,10421.932178762463,10505.66510243917
2152,P3,10505.66510243917,10623.270234457616
2152,P5,10623.270234457616,10739.579844981123
2153,P1,10425.776431454615,10532.296281779476
2153,P2,10532.296281779476,10661.059480319103
2153,P3,10661.059480319103,10847.616688967564
2153,P5,10847.616688967564,10990.219524600636
2153,P6,10990.219524600636,11148.306511190898
2154,P1,10437.362240354973,10667.383054356362
2154,P2,10667.383054356362,10788.169043356771
2154,P3,10788.169043356771,11047.5126392321
2154,P4,11047.5126392321,11424.951273403525
2154,P6,11424.951273403525,11555.514923910046
2155,P1,10442.63982025251,10533.613853831199
2155,P2,10533.613853831199,10639.104053797217
2155,P3,10639.104053797217,10822.411782337893
2155,P4,10822.411782337893,11077.022324388734
2155,P5,11077.022324388734,11249.324657289591
2155,P6,11249.324657289591,11380.765727220933
2156,P3,10450.093978404513,10596.15767927628
2156,P5,10596.15767927628,10708.763171979672
2156,P6,10708.763171979672,10813.500850240482
2157,P2,10450.305047108546,10542.011117686598
2157,P3,10542.011117686598,10664.078010292875
2157,P5,10664.078010292875,10763.263316544817
2157,P6,10763.263316544817,10872.483947521532
2157,P7,10872.483947521532,10955.640722609887
2158,P2,10451.082739902247,10551.219004128294
2158,P3,10551.219004128294,10689.544761288547
2158,P4,10689.544761288547,10899.141674793469
2158,P6,10899.141674793469,10985.593220775116
2159,P2,10456.993848728176,10566.642585842224
2159,P3,10566.642585842224,10717.329192929921
2159,P5,10717.329192929921,10840.225992765856
2160,P3,10468.72244573111,10645.576394780324
2160,P5,10645.576394780324,10798.788848955433
2160,P6,10798.788848955433,10927.495613464434
2161,P1,10480.943505149544,10750.894533144614
2161,P2,10750.894533144614,10879.06803178365
2161,P3,10879.06803178365,11089.004496570784
2161,P4,11089.004496570784,11367.225055538174
2161,P5,11367.225055538174,11546.045896004489
2162,P1,10481.484844778715,10569.107863148274
2162,P2,10569.107863148274,10680.443809393131
2162,P3,10680.443809393131,10820.87106254962
2162,P5,10820.87106254962,10956.932552925542
2163,P1,10488.59950674829,10579.272789565277
2163,P2,10579.272789565277,10746.835219624561
2163,P3,10746.835219624561,10922.116320388976
2163,P5,10922.116320388976,11072.403081515617
2163,P6,11072.403081515617,11188.570410932105
2164,P3,10490.138883387812,10669.807243414325
2164,P4,10669.807243414325,10988.751548146898
2164,P5,10988.751548146898,11169.532624127318
2165,P3,10503.51061822998,10687.583613706625
2165,P5,10687.583613706625,10837.851061344638
2166,P3,10504.7292651981,10810.995310069025
2166,P5,10810.995310069025,11041.399318416814
2166,P6,11041.399318416814,11264.892376936246
2167,P3,10507.474204954242,10734.079774374923
2167,P4,10734.079774374923,11069.021741284481
2167,P5,11069.021741284481,11270.233259888391
2167,P6,11270.233259888391,11427.210247311765
2168,P3,10508.843045430605,10657.387548246483
2168,P4,10657.387548246483,10964.580719162625
2168,P7,10964.580719162625,11089.103286201982
2169,P1,10509.339546761279,10619.49321263825
2169,P2,10619.49321263825,10745.677814895722
2169,P3,10745.677814895722,10917.822381130416
2169,P4,10917.822381130416,11157.571749668692
2169,P7,11157.571749668692,11272.360752350753
2170,P2,10526.830173337114,10667.161818535787
2170,P3,10667.161818535787,10881.435663479184
2170,P5,10881.435663479184,11054.71757398929
2171,P2,10528.358063800253,10609.337741689511
2171,P3,10609.337741689511,10745.003638688584
2171,P5,10745.003638688584,10853.354528112652
2172,P3,10546.754443110543,10690.281551531843
2172,P4,10690.281551531843,10973.000288238536
2172,P7,10973.000288238536,11084.485096465996
2173,P3,10556.992433657453,10767.137038382854
2173,P5,10767.137038382854,10945.225139073675
2174,P3,10561.916776317636,10696.008360817505
2174,P4,10696.008360817505,10904.752171202492
2174,P6,10904.752171202492,11038.286091862612
2174,P7,11038.286091862612,11181.3423473321
2175,P1,10562.326625704749,10688.495874780132
2175,P2,10688.495874780132,10849.12622624901
2175,P3,10849.12622624901,11068.57598108444
2175,P4,11068.57598108444,11465.707263247637
2175,P6,11465.707263247637,11629.617342160893
2176,P1,10566.050363105993,10753.68837459144
2176,P2,10753.68837459144,10848.866587821756
2176,P3,10848.866587821756,10996.617507792553
2176,P5,10996.617507792553,11117.495653823862
2177,P2,10569.83846095761,10700.0021161036
2177,P3,10700.0021161036,10889.377981083126
2177,P4,10889.377981083126,11209.882086018817
2177,P6,11209.882086018817,11378.972479679884
2178,P1,10571.70737895722,10673.32176006229
2178,P2,10673.32176006229,10803.696151038906
2178,P3,10803.696151038906,11011.169330133273
2178,P5,11011.169330133273,11175.384629483742
2178,P6,11175.384629483742,11289.453250844652
2178,P7,11289.453250844652,11397.297721819934
2179,P1,10578.543723866327,10691.395225566517
2179,P2,10691.395225566517,10840.712644055684
2179,P3,10840.712644055684,10997.91892294505
2179,P4,10997.91892294505,11276.763139906352
2179,P6,11276.763139906352,11401.116052354835
2180,P1,10580.04188324035,10671.177469447242
2180,P2,10671.177469447242,10779.649202236602
2180,P3,10779.649202236602,10930.84811096254
2180,P5,10930.84811096254,11057.640677713665
2180,P6,11057.640677713665,11179.158925926484
2181,P2,10582.461537268187,10705.937644776677
2181,P3,10705.937644776677,10899.477586136463
2181,P4,10899.477586136463,11195.552281485925
2181,P6,11195.552281485925,11329.206066973815
2182,P3,10585.86375628272,10725.651422061002
2182,P5,10725.651422061002,10864.633544583645
2182,P6,10864.633544583645,10980.64484407171
2182,P7,10980.64484407171,11071.70069393182
2183,P1,10603.49899891712,10689.768375411724
2183,P2,10689.768375411724,10827.807080538523
2183,P3,10827.807080538523,10976.283315423776
2183,P4,10976.283315423776,11251.253231377372
2183,P7,11251.253231377372,11375.855547351319
2184,P1,10605.934334907188,10668.607616880077
2184,P2,10668.607616880077,10744.174852839102
2184,P3,10744.174852839102,10886.713033540418
2184,P4,10886.713033540418,11114.23545626386
2184,P7,11114.23545626386,11198.6924107671
2185,P2,10606.652540866557,10730.158609444443
2185,P3,10730.158609444443,10907.128539883808
2185,P5,10907.128539883808,11058.667823862628
2185,P6,11058.667823862628,11164.308669548625
2186,P2,10608.561914143973,10774.210097106758
2186,P3,10774.210097106758,10989.835809987087
2186,P4,10989.835809987087,11305.386637004904
2186,P5,11305.386637004904,11500.933998594046
2186,P6,11500.933998594046,11699.365656518385
2187,P1,10620.217977087252,10712.463656097547
2187,P2,10712.463656097547,10841.414334085133
2187,P3,10841.414334085133,11028.215476545072
2187,P4,11028.215476545072,11238.142012763981
2187,P5,11238.142012763981,11373.095819300299
2187,P6,11373.095819300299,11495.922747403609
2188,P3,10624.28480793177,10810.931217505442
2188,P5,10810.931217505442,10966.044681685455
2188,P6,10966.044681685455,11104.615375442167
2189,P1,10634.554262687452,10734.007639740206
2189,P2,10734.007639740206,10930.477144735074
2189,P3,10930.477144735074,11112.910853578018
2189,P5,11112.910853578018,11262.406786431642
2190,P1,10635.557564986311,10709.845829632144
2190,P2,10709.845829632144,10855.78853286412
2190,P3,10855.78853286412,10984.813516266995
2190,P5,10984.813516266995,11109.463711654573
2190,P6,11109.463711654573,11347.876065140366
2191,P1,10641.369656383802,10730.72365555071
2191,P2,10730.72365555071,10811.14546396685
2191,P3,10811.14546396685,10957.318648828952
2191,P5,10957.318648828952,11091.801620705815
2191,P6,11091.801620705815,11184.837520212062
2192,P1,10642.674657836338,10748.355488163521
2192,P2,10748.355488163521,10869.854691921997
2192,P3,10869.854691921997,11088.070047155163
2192,P5,11088.070047155163,11271.11237588379
2192,P6,11271.11237588379,11404.859260703039
2193,P1,10644.081435744805,10750.189370689208
2193,P2,10750.189370689208,10907.087506741982
2193,P3,10907.087506741982,11098.7432673959
2193,P4,11098.7432673959,11353.14007550599
2193,P7,11353.14007550599,11523.765063318162
2194,P1,10647.813146061742,10738.947147165793
2194,P2,10738.947147165793,10856.350016773798
2194,P3,10856.350016773798,10991.79165116759
2194,P4,10991.79165116759,11241.876080578295
2194,P5,11241.876080578295,11414.406842564898
2194,P6,11414.406842564898,11554.30379053508
2195,P1,10652.688382552564,10756.608315068375
2195,P2,10756.608315068375,10873.942522915855
2195,P3,10873.942522915855,11047.95054666908
2195,P4,11047.95054666908,11337.199779557664
2195,P7,11337.199779557664,11450.47806647417
2196,P1,10653.567754154465,10754.91108110573
2196,P2,10754.91108110573,10960.105237644935
2196,P3,10960.105237644935,11196.094778485747
2196,P5,11196.094778485747,11329.130137151606
2196,P6,11329.130137151606,11461.881484686563
2197,P3,10667.739335555329,10834.52542688528
2197,P5,10834.52542688528,10967.493848809716
2198,P3,10679.25071133382,10844.367095517087
2198,P4,10844.367095517087,11113.210629740535
2198,P5,11113.210629740535,11243.441644720275
2199,P3,10680.716311484182,10884.564441859564
2199,P5,10884.564441859564,11048.060419179052
2200,P3,10689.378471618864,10844.050081669668
2200,P4,10844.050081669668,11124.733359808113
2200,P5,11124.733359808113,11266.611366039477
2200,P6,11266.611366039477,11394.264442009506
2201,P3,10694.772960841234,10954.974997857224
2201,P4,10954.974997857224,11462.89222146115
2201,P6,11462.89222146115,11699.248056736324
2202,P3,10697.850861956385,10837.86619371638
2202,P5,10837.86619371638,11009.012773869174
2202,P6,11009.012773869174,11141.516930577014
2203,P1,10705.82344160235,10803.328322065117
2203,P2,10803.328322065117,10916.806966884262
2203,P3,10916.806966884262,11095.332702122625
2203,P5,11095.332702122625,11258.026897369835
2203,P6,11258.026897369835,11390.652575176462
2204,P1,10707.845257550187,10792.343235172373
2204,P2,10792.343235172373,10884.956885995123
2204,P3,10884.956885995123,11001.678747882152
2204,P4,11001.678747882152,11188.916384215861
2204,P5,11188.916384215861,11409.348037394935
2205,P3,10713.52400680787,10858.114953700328
2205,P5,10858.114953700328,10999.300423687266
2205,P6,10999.300423687266,11099.030197576732
2206,P2,10721.948537059683,10827.99670493008
2206,P3,10827.99670493008,11003.024657581442
2206,P4,11003.024657581442,11221.474484902554
2206,P5,11221.474484902554,11368.52713252993
2207,P1,10724.575045072566,10811.025879834673
2207,P2,10811.025879834673,10901.71822528904
2207,P3,10901.71822528904,11029.414203232946
2207,P4,11029.414203232946,11232.29009803019
2207,P6,11232.29009803019,11335.775271832097
2208,P1,10724.70136056126,10824.29090364091
2208,P2,10824.29090364091,10919.866387693206
2208,P3,10919.866387693206,11045.829316918336
2208,P5,11045.829316918336,11180.356581977332
2208,P6,11180.356581977332,11300.178952499082
2209,P3,10727.877971227515,10860.245368480715
2209,P5,10860.245368480715,10960.86421825685
2210,P3,10730.709047935361,10903.435573885552
2210,P4,10903.435573885552,11149.495901462522
2210,P6,11149.495901462522,11270.683731296114
2210,P7,11270.683731296114,11372.670006331466
2211,P2,10730.935336046556,10810.734955586293
2211,P3,10810.734955586293,10924.23142953044
2211,P4,10924.23142953044,11093.799254975671
2211,P7,11093.799254975671,11187.745015560537
2212,P3,10737.331073825151,10912.869142402968
2212,P4,10912.869142402968,11272.296642153922
2212,P6,11272.296642153922,11411.453477466664
2213,P2,10742.605635505628,10858.803280508075
2213,P3,10858.803280508075,10991.014416315686
2213,P4,10991.014416315686,11264.943417914612
2213,P7,11264.943417914612,11388.147807298463
2214,P1,10743.378897014856,10830.57154001286
2214,P2,10830.57154001286,10919.40263697531
2214,P3,10919.40263697531,11023.3508901032
2214,P4,11023.3508901032,11236.540330601456
2214,P6,11236.540330601456,11335.937710300677
2215,P3,10752.936693667873,10879.326857280224
2215,P5,10879.326857280224,10989.972913327105
2216,P3,10753.770403425975,10889.927215575231
2216,P4,10889.927215575231,11134.600374252555
2216,P7,11134.600374252555,11235.042381935194
2217,P3,10757.891529070363,10895.024849574174
2217,P4,10895.024849574174,11119.347727822305
2217,P7,11119.347727822305,11231.310127685063
2218,P3,10758.396566698719,10954.27676279874
2218,P4,10954.27676279874,11249.915671976736
2218,P6,11249.915671976736,11417.556419544377
2219,P3,10760.685122765804,10903.34738595778
2219,P4,10903.34738595778,11146.337036581308
2219,P7,11146.337036581308,11241.52463255315
2220,P1,10768.172013311972,10851.281676822999
2220,P2,10851.281676822999,10992.804721342103
2220,P3,10992.804721342103,11149.449142703535
2220,P4,11149.449142703535,11416.394342756534
2220,P5,11416.394342756534,11563.821172979073
2220,P6,11563.821172979073,11692.040516861367
2221,P3,10771.057856915235,10993.483930307488
2221,P5,10993.483930307488,11198.342085945644
2222,P2,10772.221810750454,10922.863082830063
2222,P3,10922.863082830063,11256.084137866023
2222,P5,11256.084137866023,11455.171911869686
2222,P6,11455.171911869686,11588.171546710133
2223,P3,10778.608323260574,10929.978545497474
2223,P4,10929.978545497474,11155.426509778592
2223,P5,11155.426509778592,11368.815675157508
2223,P6,11368.815675157508,11491.309349379146
2224,P1,10779.95548018007,10891.433347928372
2224,P2,10891.433347928372,11015.335325502276
2224,P3,11015.335325502276,11192.547461380047
2224,P5,11192.547461380047,11343.153044395458
2224,P6,11343.153044395458,11485.014318252359
2224,P7,11485.014318252359,11588.3815244194
2225,P1,10783.01922720559,10858.939124974126
2225,P2,10858.939124974126,10969.721907338273
2225,P3,10969.721907338273,11123.118516024266
2225,P5,11123.118516024266,11254.233783668262
2225,P6,11254.233783668262,11350.432816787736
2226,P1,10788.107865343674,10864.228487483531
2226,P2,10864.228487483531,10967.023089587583
2226,P3,10967.023089587583,11091.35985726973
2226,P4,11091.35985726973,11285.023274561283
2226,P7,11285.023274561283,11365.740062956347
2227,P1,10790.681208465685,10859.464689342423
2227,P2,10859.464689342423,10947.239450204897
2227,P3,10947.239450204897,11062.556194449577
2227,P4,11062.556194449577,11243.48701279981
2227,P7,11243.48701279981,11346.243346340781
2228,P1,10794.508112489293,10889.884184311326
2228,P2,10889.884184311326,11011.879643281281
2228,P3,11011.879643281281,11172.597690649742
2228,P4,11172.597690649742,11445.721977379926
2228,P6,11445.721977379926,11590.755606499133
2229,P2,10795.76281504277,10906.298992390022
2229,P3,10906.298992390022,11111.934585723226
2229,P5,11111.934585723226,11281.9670564179
2230,P1,10799.762946267869,10859.997259875803
2230,P2,10859.997259875803,10953.03697825195
2230,P3,10953.03697825195,11073.047057843884
2230,P4,11073.047057843884,11289.700221256475
2230,P5,11289.700221256475,11392.11290995008
2231,P2,10803.830226454556,10929.072215469263
2231,P3,10929.072215469263,11117.90146138095
2231,P5,11117.90146138095,11320.863720908032
2231,P6,11320.863720908032,11461.580368238188
2232,P3,10812.075620325979,10974.743193717977
2232,P4,10974.743193717977,11226.040359203267
2232,P5,11226.040359203267,11345.234014093394
2233,P1,10814.526041508832,10972.33800753421
2233,P2,10972.33800753421,11041.963537582153
2233,P3,11041.963537582153,11154.9646855527
2233,P5,11154.9646855527,11258.34389843949
2233,P6,11258.34389843949,11402.47344417872
2234,P1,10821.467672228102,10928.676914897058
2234,P2,10928.676914897058,11085.418481640432
2234,P3,11085.418481640432,11294.080875569149
2234,P4,11294.080875569149,11575.34823215912
2234,P6,11575.34823215912,11695.426541540099
2235,P3,10821.881668023265,10960.313045937095
2235,P5,10960.313045937095,11063.434524068838
2235,P6,11063.434524068838,11176.721493643921
2236,P3,10825.642212923254,10987.304138273137
2236,P5,10987.304138273137,11098.265430731482
2237,P1,10828.268950678783,10913.74114927683
2237,P2,10913.74114927683,11034.647900065467
2237,P3,11034.647900065467,11219.445825498065
2237,P4,11219.445825498065,11562.405792579035
2237,P7,11562.405792579035,11679.570570024754
2238,P3,10833.53636784316,11080.685473899977
2238,P4,11080.685473899977,11457.394235829419
2238,P6,11457.394235829419,11615.382619489728
2238,P7,11615.382619489728,11797.73104674627
2239,P3,10844.25514013534,10978.658548271029
2239,P5,10978.658548271029,11118.079761311259
2239,P6,11118.079761311259,11239.176977263765
2240,P1,10849.831767883321,10935.781475562482
2240,P2,10935.781475562482,11058.689999018407
2240,P3,11058.689999018407,11258.452972589752
2240,P5,11258.452972589752,11390.740163831104
2241,P1,10850.465707203713,11033.144652932695
2241,P2,11033.144652932695,11142.1541381427
2241,P3,11142.1541381427,11365.911353039613
2241,P5,11365.911353039613,11506.44944562325
2241,P6,11506.44944562325,11626.536524650603
2242,P3,10854.297786872963,10951.022334240937
2242,P4,10951.022334240937,11180.167133655721
2242,P6,11180.167133655721,11291.735715836607
2243,P1,10858.904066672258,10965.16951800812
2243,P2,10965.16951800812,11069.06823386789
2243,P3,11069.06823386789,11228.561274291766
2243,P4,11228.561274291766,11500.305965050662
2243,P7,11500.305965050662,11623.335554913006
2244,P1,10861.509815105652,10921.079331517656
2244,P2,10921.079331517656,10989.178954362582
2244,P3,10989.178954362582,11090.625969533894
2244,P4,11090.625969533894,11263.980221905347
2244,P7,11263.980221905347,11338.1696432644
2245,P2,10865.81225433069,10973.668469321417
2245,P3,10973.668469321417,11105.36338596835
2245,P5,11105.36338596835,11268.100551221853
2246,P1,10865.853190341139,10945.58961108497
2246,P2,10945.58961108497,11056.032809998582
2246,P3,11056.032809998582,11175.35345494583
2246,P4,11175.35345494583,11403.901447581113
2246,P7,11403.901447581113,11498.99926810663
2247,P2,10876.75448824432,11036.81647416804
2247,P3,11036.81647416804,11246.634319363027
2247,P5,11246.634319363027,11449.495305020624
2247,P6,11449.495305020624,11629.233029779563
2248,P2,10879.769411617352,11012.14548306452
2248,P3,11012.14548306452,11137.101765662075
2248,P4,11137.101765662075,11343.342871377483
2248,P6,11343.342871377483,11445.687757984388
2249,P3,10887.484066966625,10997.579545967526
2249,P4,10997.579545967526,11202.272506270801
2249,P5,11202.272506270801,11308.883393727609
2249,P6,11308.883393727609,11400.424547124172
2249,P7,11400.424547124172,11482.694586256262
2250,P1,10887.741327065081,10949.54571205015
2250,P2,10949.54571205015,11023.40353556699
2250,P3,11023.40353556699,11179.13060953527
2250,P4,11179.13060953527,11326.404157093306
2250,P7,11326.404157093306,11406.547144416374
2251,P3,10888.13966030027,11057.660186025263
2251,P4,11057.660186025263,11302.72708817019
2251,P5,11302.72708817019,11447.967693518194
2251,P6,11447.967693518194,11670.910739733346
2252,P1,10893.64388727327,10984.899006056745
2252,P2,10984.899006056745,11088.308488465822
2252,P3,11088.308488465822,11240.067195446214
2252,P5,11240.067195446214,11388.774676047855
2252,P6,11388.774676047855,11525.75975293664
2253,P2,10895.751754799261,10987.60744422323
2253,P3,10987.60744422323,11099.941191786653
2253,P4,11099.941191786653,11318.984851265179
2253,P5,11318.984851265179,11428.59926544922
2253,P6,11428.59926544922,11509.82689765856
2254,P3,10905.831831454829,11035.78212767704
2254,P4,11035.78212767704,11258.835656287156
2254,P7,11258.835656287156,11346.784357185488
2255,P1,10913.908589753191,10995.832984707247
2255,P2,10995.832984707247,11081.840457508746
2255,P3,11081.840457508746,11203.745575459165
2255,P4,11203.745575459165,11418.294980213599
2255,P5,11418.294980213599,11565.316443556176
2255,P6,11565.316443556176,11698.166755516793
2256,P1,10915.72144211284,11002.402986095447
2256,P2,11002.402986095447,11094.570502219782
2256,P3,11094.570502219782,11254.959636770516
2256,P4,11254.959636770516,11442.570537840655
2256,P7,11442.570537840655,11540.90748382554
2257,P2,10916.463457229383,11005.799258020154
2257,P3,11005.799258020154,11157.137229440285
2257,P4,11157.137229440285,11329.427925875276
2257,P6,11329.427925875276,11420.242195547095
2258,P2,10921.28021546046,11074.753837581236
2258,P3,11074.753837581236,11268.903692703132
2258,P5,11268.903692703132,11411.622552683932
2258,P6,11411.622552683932,11553.070017542224
2258,P7,11553.070017542224,11686.358001411658
2259,P1,10922.681229627025,11010.13054551439
2259,P2,11010.13054551439,11104.105313818445
2259,P3,11104.105313818445,11229.993846251391
2259,P4,11229.993846251391,11396.127543219805
2259,P5,11396.127543219805,11514.56781857289
2259,P6,11514.56781857289,11627.228587770685
2260,P1,10934.511840322379,10994.723438649662
2260,P2,10994.723438649662,11070.539367757005
2260,P3,11070.539367757005,11166.308262918688
2260,P4,11166.308262918688,11335.456971876863
2260,P5,11335.456971876863,11406.491225547485
2260,P6,11406.491225547485,11488.305694780893
2261,P1,10938.859953212084,11013.699054195356
2261,P2,11013.699054195356,11112.908814930144
2261,P3,11112.908814930144,11251.320744990095
2261,P4,11251.320744990095,11428.217465923843
2261,P6,11428.217465923843,11512.618410908546
2262,P1,10943.523125290512,11019.83312922807
2262,P2,11019.83312922807,11120.230715180305
2262,P3,11120.230715180305,11233.019479113165
2262,P4,11233.019479113165,11468.166417524344
2262,P6,11468.166417524344,11556.852268754643
2263,P1,10943.784165544597,11009.448806979246
2263,P2,11009.448806979246,11091.673006182036
2263,P3,11091.673006182036,11202.666586319443
2263,P4,11202.666586319443,11365.155101589104
2263,P6,11365.155101589104,11452.20203585795
2264,P3,10944.215593114102,11141.864974666025
2264,P4,11141.864974666025,11409.960244096135
2264,P6,11409.960244096135,11539.041734876411
2265,P3,10950.072266658492,11116.993997583559
2265,P4,11116.993997583559,11419.298916025808
2265,P5,11419.298916025808,11588.300380734323
2265,P6,11588.300380734323,11745.199049061366
2266,P3,10951.862727310085,11060.330314003206
2266,P4,11060.330314003206,11228.829757356709
2266,P7,11228.829757356709,11342.407468518964
2267,P1,10960.411708661082,11046.329777524697
2267,P2,11046.329777524697,11147.963968193093
2267,P3,11147.963968193093,11427.725467257871
2267,P4,11427.725467257871,11692.69441001084
2267,P7,11692.69441001084,11903.779656382905
2268,P1,10964.62890984971,11075.09383482154
2268,P2,11075.09383482154,11164.693465430593
2268,P3,11164.693465430593,11311.907171930276
2268,P4,11311.907171930276,11545.175432016551
2268,P7,11545.175432016551,11665.486772180366
2269,P1,10976.419415570566,11045.976196351821
2269,P2,11045.976196351821,11174.02186188825
2269,P3,11174.02186188825,11327.150938809864
2269,P4,11327.150938809864,11568.269112340698
2269,P6,11568.269112340698,11660.96239263298
2269,P7,11660.96239263298,11844.925005678822
2270,P1,10980.462917817393,11066.261975783647
2270,P2,11066.261975783647,11197.960761827171
2270,P3,11197.960761827171,11369.384063910584
2270,P4,11369.384063910584,11617.639280905552
2270,P5,11617.639280905552,11757.670761464571
2270,P6,11757.670761464571,11883.71287937835
2271,P1,10981.297324262026,11045.2112110163
2271,P2,11045.2112110163,11128.117020373835
2271,P3,11128.117020373835,11257.60646050061
2271,P5,11257.60646050061,11354.430838324955
2272,P1,10985.803474169219,11052.515126238754
2272,P2,11052.515126238754,11135.08781440746
2272,P3,11135.08781440746,11251.610151018422
2272,P5,11251.610151018422,11348.53635894864
2273,P3,10987.477873585172,11153.752683106832
2273,P5,11153.752683106832,11275.209173249135
2273,P6,11275.209173249135,11399.688032331936
2274,P3,10989.439053406566,11126.442171077666
2274,P5,11126.442171077666,11246.665654714297
2274,P6,11246.665654714297,11387.717658941334
2275,P3,10999.354568952356,11138.988576437408
2275,P5,11138.988576437408,11260.007661030615
2275,P6,11260.007661030615,11429.660557307276
2275,P7,11429.660557307276,11588.2392287111
2276,P3,11000.496816094867,11180.379737621975
2276,P4,11180.379737621975,11484.806800736931
2276,P5,11484.806800736931,11629.416797151438
2277,P1,11002.695169266583,11106.374836168365
2277,P2,11106.374836168365,11256.941463387775
2277,P3,11256.941463387775,11447.841333431727
2277,P5,11447.841333431727,11600.8002749115
2278,P3,11004.629033953683,11243.772439195864
2278,P4,11243.772439195864,11596.214405339124
2278,P5,11596.214405339124,11808.34025514912
2279,P3,11011.208091292794,11130.62947611553
2279,P4,11130.62947611553,11304.379970704194
2279,P5,11304.379970704194,11430.200388978237
2279,P6,11430.200388978237,11532.257544303991
2280,P1,11012.49630623014,11135.031111913611
2280,P2,11135.031111913611,11287.30041675255
2280,P3,11287.30041675255,11463.12754880247
2280,P4,11463.12754880247,11725.361912353743
2280,P5,11725.361912353743,11873.006043127192
2280,P6,11873.006043127192,12119.95956375372
2281,P2,11013.171157544175,11172.619745006408
2281,P3,11172.619745006408,11366.370562761835
2281,P5,11366.370562761835,11573.397737942418
2282,P1,11013.292808800252,11115.29052571092
2282,P2,11115.29052571092,11244.949662741594
2282,P3,11244.949662741594,11545.952757060128
2282,P5,11545.952757060128,11682.74580692437
2283,P2,11015.983546790769,11109.492812924907
2283,P3,11109.492812924907,11233.34120412155
2283,P4,11233.34120412155,11388.655429927563
2283,P7,11388.655429927563,11475.484957351135
2284,P1,11016.351434563818,11111.447778581187
2284,P2,11111.447778581187,11197.14295645873
2284,P3,11197.14295645873,11324.786829362298
2284,P4,11324.786829362298,11540.75465904578
2284,P6,11540.75465904578,11639.068461079572
2285,P3,11020.625624716366,11199.342559645924
2285,P4,11199.342559645924,11497.943045290187
2285,P7,11497.943045290187,11614.362747150071
2286,P1,11043.008180743645,11160.161972386106
2286,P2,11160.161972386106,11301.60426715255
2286,P3,11301.60426715255,11487.772943252296
2286,P4,11487.772943252296,11790.724214884418
2286,P5,11790.724214884418,11930.948973215181
2286,P6,11930.948973215181,12087.48044844495
2287,P1,11052.106790124935,11143.92252837152
2287,P2,11143.92252837152,11259.115144193118
2287,P3,11259.115144193118,11427.09491535572
2287,P4,11427.09491535572,11637.833615960173
2287,P7,11637.833615960173,11720.783878814453
2288,P1,11054.318870861878,11171.566899458077
2288,P2,11171.566899458077,11279.003294820277
2288,P3,11279.003294820277,11453.742409699928
2288,P4,11453.742409699928,11681.216900818277
2288,P5,11681.216900818277,11799.545629934015
2288,P6,11799.545629934015,11936.553297697003
2289,P3,11068.23728821506,11184.68105194557
2289,P4,11184.68105194557,11388.316331445325
2289,P5,11388.316331445325,11507.03925797405
2290,P3,11068.523883614262,11178.481643910683
2290,P4,11178.481643910683,11378.110179857487
2290,P6,11378.110179857487,11467.971498067673
2291,P1,11077.093170694388,11218.13228246931
2291,P2,11218.13228246931,11347.415595198376
2291,P3,11347.415595198376,11491.135301587627
2291,P4,11491.135301587627,11738.752249270614
2291,P5,11738.752249270614,11880.726857512149
2291,P6,11880.726857512149,12007.852845383382
2291,P7,12007.852845383382,12107.798345126508
2292,P2,11089.30634148772,11193.800877464982
2292,P3,11193.800877464982,11366.686115991775
2292,P5,11366.686115991775,11552.096623840396
2292,P6,11552.096623840396,11700.825511195437
2292,P7,11700.825511195437,11832.611505147366
2293,P2,11090.692071996233,11177.96675931751
2293,P3,11177.96675931751,11329.519101223326
2293,P5,11329.519101223326,11465.246619214618
2293,P6,11465.246619214618,11561.160929754506
2294,P1,11090.780834945113,11169.656944697712
2294,P2,11169.656944697712,11275.810354292988
2294,P3,11275.810354292988,11409.932103663145
2294,P4,11409.932103663145,11630.287126279189
2294,P6,11630.287126279189,11735.94907154323
2295,P1,11093.693517811109,11194.584364672774
2295,P2,11194.584364672774,11316.885736090659
2295,P3,11316.885736090659,11463.216852193116
2295,P5,11463.216852193116,11618.574730634302
2295,P6,11618.574730634302,11721.576390874492
2296,P3,11099.134276781328,11368.057448308315
2296,P4,11368.057448308315,11763.569014752537
2296,P7,11763.569014752537,11930.238655432257
2297,P3,11114.630542499835,11274.633410638558
2297,P5,11274.633410638558,11423.501940942277
2297,P6,11423.501940942277,11554.099340628087
2297,P7,11554.099340628087,11658.083517480349
2298,P3,11114.79178815253,11348.73656474454
2298,P4,11348.73656474454,11622.724112425005
2298,P6,11622.724112425005,11764.754166170716
2298,P7,11764.754166170716,11911.483763811824
2299,P2,11116.979022398227,11291.599516658094
2299,P3,11291.599516658094,11529.264820150918
2299,P4,11529.264820150918,11882.016065878153
2299,P6,11882.016065878153,12102.880928044813
2300,P1,11118.310435506033,11242.344096112078
2300,P2,11242.344096112078,11385.33877751023
2300,P3,11385.33877751023,11613.752655079461
2300,P5,11613.752655079461,11807.557932216085
2301,P3,11118.36094710308,11259.071414467138
2301,P4,11259.071414467138,11545.625869287996
2301,P6,11545.625869287996,11649.427211804013
2302,P3,11121.88302251378,11267.847950451616
2302,P5,11267.847950451616,11417.642814807465
2302,P6,11417.642814807465,11546.414211596193
2303,P3,11124.083606722754,11261.970942646056
2303,P4,11261.970942646056,11479.840773865759
2303,P7,11479.840773865759,11570.806642467847
2304,P1,11129.689254165953,11257.755027956528
2304,P2,11257.755027956528,11380.15731964296
2304,P3,11380.15731964296,11547.818009596796
2304,P4,11547.818009596796,11806.945508215056
2304,P6,11806.945508215056,11950.854522694252
2305,P2,11130.298389148089,11209.854237749609
2305,P3,11209.854237749609,11321.277686514039
2305,P5,11321.277686514039,11463.480810528272
2305,P6,11463.480810528272,11545.35199290887
2306,P1,11141.57783162342,11254.028907558433
2306,P2,11254.028907558433,11406.744222836167
2306,P3,11406.744222836167,11673.38635323064
2306,P4,11673.38635323064,11958.34743257416
2306,P7,11958.34743257416,12133.622049551394
2307,P3,11144.72791638225,11337.503576786434
2307,P5,11337.503576786434,11472.701033379892
2308,P1,11144.967099205873,11228.55546562505
2308,P2,11228.55546562505,11316.365796342341
2308,P3,11316.365796342341,11471.088315190973
2308,P4,11471.088315190973,11726.276579815285
2308,P7,11726.276579815285,11816.518387669908
2309,P1,11150.228392442543,11261.61174981991
2309,P2,11261.61174981991,11395.202560803515
2309,P3,11395.202560803515,11551.329817757964
2309,P4,11551.329817757964,11807.659566405157
2309,P7,11807.659566405157,11919.69026967275
2310,P1,11150.436977035937,11220.303182809292
2310,P2,11220.303182809292,11324.04157153589
2310,P3,11324.04157153589,11459.34746102083
2310,P4,11459.34746102083,11656.816304241886
2310,P5,11656.816304241886,11755.073440490458
2310,P6,11755.073440490458,11856.0678099434
2311,P3,11151.607745798387,11355.262699069119
2311,P4,11355.262699069119,11630.373102832644
2311,P7,11630.373102832644,11733.3161453155
2312,P2,11154.58389060811,11239.076457409534
2312,P3,11239.076457409534,11363.761714605886
2312,P5,11363.761714605886,11482.832703728021
2312,P6,11482.832703728021,11641.728666771434
2313,P1,11158.673808691123,11227.776564766398
2313,P2,11227.776564766398,11340.180164558271
2313,P3,11340.180164558271,11459.459146208852
2313,P4,11459.459146208852,11639.276922892026
2313,P7,11639.276922892026,11717.616546258261
2314,P1,11171.391644694104,11279.37011169067
2314,P2,11279.37011169067,11414.49542983115
2314,P3,11414.49542983115,11591.95846450872
2314,P4,11591.95846450872,11875.74028542881
2314,P7,11875.74028542881,11992.843963301806
2315,P1,11183.737476797509,11292.494914141058
2315,P2,11292.494914141058,11445.07078492945
2315,P3,11445.07078492945,11612.307346702552
2315,P4,11612.307346702552,11890.226847264043
2315,P5,11890.226847264043,12066.443324784583
2315,P6,12066.443324784583,12204.634900456276
2316,P3,11184.31693942978,11349.535511739085
2316,P5,11349.535511739085,11478.792287609807
2316,P6,11478.792287609807,11636.858389163508
2317,P3,11185.458345967947,11328.862523860398
2317,P4,11328.862523860398,11609.825430350233
2317,P7,11609.825430350233,11713.105785229787
2318,P2,11193.741036420171,11304.94561384828
2318,P3,11304.94561384828,11473.461019891427
2318,P5,11473.461019891427,11623.08309313372
2319,P3,11193.965471918767,11334.638390248623
2319,P4,11334.638390248623,11548.739700541797
2319,P7,11548.739700541797,11735.055315332416
2320,P3,11194.629670672957,11309.2972847283
2320,P4,11309.2972847283,11496.232979613367
2320,P5,11496.232979613367,11650.821374615287
2320,P6,11650.821374615287,11749.867834151937
2320,P7,11749.867834151937,11879.856491117996
2321,P1,11205.380484633779,11297.070243424334
2321,P2,11297.070243424334,11390.933284372588
2321,P3,11390.933284372588,11512.167549503136
2321,P4,11512.167549503136,11743.868666439705
2321,P7,11743.868666439705,11831.570454047062
2322,P1,11208.72235786217,11322.170200742525
2322,P2,11322.170200742525,11460.616150450938
2322,P3,11460.616150450938,11657.089548900749
2322,P4,11657.089548900749,12068.276890768513
2322,P5,12068.276890768513,12233.828402808458
2322,P6,12233.828402808458,12412.120570736439
2323,P2,11214.013017107442,11409.804914630875
2323,P3,11409.804914630875,11612.319933676188
2323,P4,11612.319933676188,12013.076069594992
2323,P7,12013.076069594992,12176.992938706428
2324,P1,11217.547505925057,11309.489470026123
2324,P2,11309.489470026123,11448.540307643387
2324,P3,11448.540307643387,11639.929140971539
2324,P4,11639.929140971539,11851.941576115085
2324,P5,11851.941576115085,11994.494569115088
2325,P1,11221.48718747713,11295.949792089128
2325,P2,11295.949792089128,11403.378380734508
2325,P3,11403.378380734508,11529.980414263537
2325,P5,11529.980414263537,11646.12558585926
2326,P2,11224.476587107136,11351.298143840411
2326,P3,11351.298143840411,11528.7083743456
2326,P5,11528.7083743456,11698.719217122467
2326,P6,11698.719217122467,11833.661096233032
2327,P1,11230.125751761288,11325.176849171894
2327,P2,11325.176849171894,11455.940686370326
2327,P3,11455.940686370326,11582.94027267124
2327,P4,11582.94027267124,11767.307848721844
2327,P5,11767.307848721844,11896.070481408182
2327,P6,11896.070481408182,11993.551130058211
2327,P7,11993.551130058211,12097.978619224466
2328,P1,11236.341512295248,11309.280599885476
2328,P2,11309.280599885476,11425.708159239844
2328,P3,11425.708159239844,11536.613827300094
2328,P4,11536.613827300094,11721.525236338597
2328,P7,11721.525236338597,11807.794127642685
2329,P1,11240.368380382813,11416.482515099337
2329,P2,11416.482515099337,11604.702935011654
2329,P3,11604.702935011654,11826.735847710941
2329,P4,11826.735847710941,12121.263451068133
2329,P6,12121.263451068133,12315.551756862593
2330,P2,11242.498046716337,11375.205209963173
2330,P3,11375.205209963173,11591.710980436183
2330,P4,11591.710980436183,11890.898677898796
2330,P5,11890.898677898796,12077.417537090387
2331,P1,11244.07230507429,11342.670951938773
2331,P2,11342.670951938773,11500.95931976094
2331,P3,11500.95931976094,11712.768558148424
2331,P4,11712.768558148424,11964.645676131977
2331,P6,11964.645676131977,12108.620560113297
2332,P2,11250.634110213829,11313.490154479983
2332,P3,11313.490154479983,11400.74745914177
2332,P4,11400.74745914177,11541.009468431079
2332,P6,11541.009468431079,11604.09333780916
2333,P3,11253.108087394872,11355.17143260911
2333,P5,11355.17143260911,11460.618311787937
2333,P6,11460.618311787937,11550.588228516599
2334,P2,11257.30148506481,11345.398262814944
2334,P3,11345.398262814944,11480.32063946384
2334,P5,11480.32063946384,11579.950890041455
2335,P1,11260.874458629753,11370.15022833678
2335,P2,11370.15022833678,11528.30682119874
2335,P3,11528.30682119874,11710.601648547577
2335,P4,11710.601648547577,12040.18941966236
2335,P5,12040.18941966236,12203.321561900942
2336,P2,11263.841211856248,11370.139293008804
2336,P3,11370.139293008804,11544.093344147484
2336,P4,11544.093344147484,11869.580593787514
2336,P6,11869.580593787514,11983.91580740222
2337,P2,11269.787106665475,11349.910467239077
2337,P3,11349.910467239077,11487.781948650949
2337,P5,11487.781948650949,11621.968893640245
2337,P6,11621.968893640245,11733.822916380705
2338,P1,11271.387272404121,11425.041065609435
2338,P2,11425.041065609435,11596.23581408799
2338,P3,11596.23581408799,11815.671936096775
2338,P5,11815.671936096775,12036.227531547054
2338,P6,12036.227531547054,12228.505273800214
2339,P2,11271.763412007873,11378.190487386168
2339,P3,11378.190487386168,11526.363239360715
2339,P4,11526.363239360715,11759.478019033144
2339,P6,11759.478019033144,11853.04675631146
2340,P1,11272.616145340491,11398.115073562825
2340,P2,11398.115073562825,11525.570727597657
2340,P3,11525.570727597657,11683.760867861494
2340,P5,11683.760867861494,11820.494082665886
2341,P2,11273.835948072825,11377.376963187799
2341,P3,11377.376963187799,11581.507316781159
2341,P5,11581.507316781159,11701.827432899217
2341,P6,11701.827432899217,11799.748975004479
2342,P2,11274.625872375622,11494.820306776222
2342,P3,11494.820306776222,11758.709949605034
2342,P5,11758.709949605034,12005.996239454851
2343,P1,11287.067175010276,11335.510465855921
2343,P2,11335.510465855921,11387.012430090495
2343,P3,11387.012430090495,11469.596372531518
2343,P5,11469.596372531518,11574.696673923721
2344,P2,11288.134211132354,11490.733167238888
2344,P3,11490.733167238888,11717.034966116282
2344,P4,11717.034966116282,12053.995461410688
2344,P6,12053.995461410688,12218.640349741414
2345,P1,11290.765656116275,11386.359006916033
2345,P2,11386.359006916033,11523.915473990466
2345,P3,11523.915473990466,11714.468442972458
2345,P4,11714.468442972458,11963.108027858965
2345,P5,11963.108027858965,12103.1275783918
2345,P6,12103.1275783918,12273.402782663654
2346,P1,11299.808292309335,11419.95882628997
2346,P2,11419.95882628997,11567.273997300774
2346,P3,11567.273997300774,11779.536451733875
2346,P4,11779.536451733875,12131.363599911205
2346,P7,12131.363599911205,12284.586607837507
2347,P2,11299.99710025946,11415.011307186598
2347,P3,11415.011307186598,11579.708453289893
2347,P4,11579.708453289893,11823.552908032607
2347,P7,11823.552908032607,11964.811649740965
2348,P1,11300.593669231499,11364.583548348688
2348,P2,11364.583548348688,11464.16250457453
2348,P3,11464.16250457453,11579.89647328155
2348,P4,11579.89647328155,11802.104890205355
2348,P6,11802.104890205355,11901.453569702702
2349,P2,11319.325995988134,11453.531940166235
2349,P3,11453.531940166235,11575.692359747094
2349,P4,11575.692359747094,11774.964432802388
2349,P6,11774.964432802388,11929.085082519472
2350,P1,11327.75585990783,11401.449139118437
2350,P2,11401.449139118437,11503.714970854258
2350,P3,11503.714970854258,11655.422416297977
2350,P4,11655.422416297977,11912.32540599736
2350,P6,11912.32540599736,12037.786531362368
2351,P2,11331.235892880399,11443.867701680563
2351,P3,11443.867701680563,11588.80256156621
2351,P4,11588.80256156621,11808.184540022987
2351,P7,11808.184540022987,11886.601006061488
2352,P2,11331.711036030792,11431.696088413531
2352,P3,11431.696088413531,11567.792343750623
2352,P4,11567.792343750623,11767.341482576561
2352,P5,11767.341482576561,11888.674282218426
2353,P1,11331.952355694582,11496.62530634571
2353,P2,11496.62530634571,11652.738810408306
2353,P3,11652.738810408306,11854.738228716913
2353,P4,11854.738228716913,12215.848927379599
2353,P7,12215.848927379599,12381.093249864887
2354,P1,11339.023996597736,11421.437466346722
2354,P2,11421.437466346722,11522.030739647735
2354,P3,11522.030739647735,11659.545088961582
2354,P5,11659.545088961582,11776.939796745128
2355,P3,11339.479794693632,11622.335734459863
2355,P5,11622.335734459863,11847.04913616118
2355,P6,11847.04913616118,12058.618243942052
2356,P1,11340.800422030321,11419.12417576006
2356,P2,11419.12417576006,11512.643780197503
2356,P3,11512.643780197503,11647.432312888855
2356,P4,11647.432312888855,11879.579786682163
2356,P5,11879.579786682163,12029.976640207904
2357,P1,11341.293641702485,11484.69126176565
2357,P2,11484.69126176565,11605.65870658725
2357,P3,11605.65870658725,11758.901765631907
2357,P4,11758.901765631907,12011.08723480053
2357,P7,12011.08723480053,12118.043600395049
2358,P2,11344.217049199768,11431.672091715365
2358,P3,11431.672091715365,11535.064940513472
2358,P4,11535.064940513472,11716.287960651862
2358,P6,11716.287960651862,11799.920529036806
2359,P3,11379.501437607863,11497.950619031511
2359,P4,11497.950619031511,11706.916707896045
2359,P6,11706.916707896045,11794.5357749106
2359,P7,11794.5357749106,11869.438897523944
2360,P2,11386.626824102312,11501.521486076508
2360,P3,11501.521486076508,11676.890597945818
2360,P4,11676.890597945818,11957.770526402843
2360,P7,11957.770526402843,12104.890997859215
2361,P1,11388.457884431053,11469.806437109375
2361,P2,11469.806437109375,11576.63904172675
2361,P3,11576.63904172675,11707.478591397032
2361,P4,11707.478591397032,11958.091200316157
2361,P7,11958.091200316157,12056.286580141616
2362,P1,11396.901424429761,11467.240878293207
2362,P2,11467.240878293207,11599.632842670417
2362,P3,11599.632842670417,11732.69185469306
2362,P4,11732.69185469306,11937.918873309842
2362,P7,11937.918873309842,12017.24091227782
2363,P1,11404.431722035786,11483.041621598373
2363,P2,11483.041621598373,11583.539337899307
2363,P3,11583.539337899307,11703.532196547321
2363,P4,11703.532196547321,11911.76195086275
2363,P5,11911.76195086275,12026.835238125288
2363,P6,12026.835238125288,12150.561292786073
2363,P7,12150.561292786073,12245.599333103193
2364,P1,11408.700055253794,11543.90516010333
2364,P2,11543.90516010333,11723.411075581787
2364,P3,11723.411075581787,11958.012590279122
2364,P4,11958.012590279122,12336.57389049014
2364,P5,12336.57389049014,12547.182130633102
2364,P6,12547.182130633102,12737.580782099094
2365,P1,11419.271697018678,11519.229515386263
2365,P2,11519.229515386263,11660.346821955836
2365,P3,11660.346821955836,11811.905920184452
2365,P4,11811.905920184452,12058.31973869206
2365,P6,12058.31973869206,12200.275343700872
2366,P2,11428.349527618235,11582.80079969092
2366,P3,11582.80079969092,11827.869188286328
2366,P4,11827.869188286328,12135.284337710471
2366,P5,12135.284337710471,12328.87460728103
2366,P6,12328.87460728103,12479.740555314456
2366,P7,12479.740555314456,12625.736523931935
2367,P3,11428.885789292548,11569.7289581168
2367,P5,11569.7289581168,11669.967556786909
2367,P6,11669.967556786909,11775.171215793933
2368,P3,11429.022968063606,11624.742068185142
2368,P4,11624.742068185142,11993.299674194226
2368,P7,11993.299674194226,12189.030189751387
2369,P1,11440.181239140735,11538.213183428512
2369,P2,11538.213183428512,11657.991129150489
2369,P3,11657.991129150489,11834.27479850941
2369,P4,11834.27479850941,12147.20832727623
2369,P6,12147.20832727623,12303.713388312139
2369,P7,12303.713388312139,12414.981589290124
2370,P2,11444.408041213033,11576.658610786206
2370,P3,11576.658610786206,11812.584360201261
2370,P4,11812.584360201261,12115.648483970857
2370,P5,12115.648483970857,12311.505178804657
2371,P2,11449.653681356436,11551.538470175055
2371,P3,11551.538470175055,11677.40781902154
2371,P4,11677.40781902154,11897.627022486171
2371,P6,11897.627022486171,12010.341103119617
2371,P7,12010.341103119617,12130.719891522343
2372,P1,11451.344523591017,11515.26951151435
2372,P2,11515.26951151435,11608.382425089501
2372,P3,11608.382425089501,11743.363193120664
2372,P5,11743.363193120664,11885.685745085118
2372,P6,11885.685745085118,11975.84926075146
2373,P2,11455.56757769187,11571.154145977489
2373,P3,11571.154145977489,11715.77166874598
2373,P4,11715.77166874598,11947.802768717207
2373,P5,11947.802768717207,12062.278723408734
2373,P6,12062.278723408734,12212.949739384136
2374,P3,11459.355338404368,11642.047187947936
2374,P4,11642.047187947936,11882.21487166779
2374,P5,11882.21487166779,12010.115131748462
2374,P6,12010.115131748462,12126.316393113835
2375,P3,11462.81121086945,11693.557740797203
2375,P4,11693.557740797203,12020.001189300214
2375,P5,12020.001189300214,12191.372374595496
2375,P6,12191.372374595496,12400.33139504989
2375,P7,12400.33139504989,12544.134480729608
2376,P3,11463.27044581254,11679.1001863136
2376,P5,11679.1001863136,11845.587501430471
2377,P2,11470.632909158756,11604.548286742274
2377,P3,11604.548286742274,11827.902396690064
2377,P5,11827.902396690064,11980.452029889912
2377,P6,11980.452029889912,12115.406581150795
2378,P1,11474.16607188233,11577.733064203254
2378,P2,11577.733064203254,11691.86844323856
2378,P3,11691.86844323856,11833.941402563732
2378,P4,11833.941402563732,12021.742044870141
2378,P5,12021.742044870141,12155.688494484646
2378,P6,12155.688494484646,12290.390407317178
2379,P3,11480.575568720076,11646.772755225418
2379,P4,11646.772755225418,11946.005848391951
2379,P7,11946.005848391951,12068.22954054641
2380,P1,11484.156033802836,11580.340435563563
2380,P2,11580.340435563563,11715.264327025945
2380,P3,11715.264327025945,11899.611701939573
2380,P4,11899.611701939573,12150.87445062394
2380,P7,12150.87445062394,12277.545090923484
2381,P1,11484.247738365779,11571.57359718755
2381,P2,11571.57359718755,11682.71131724621
2381,P3,11682.71131724621,11809.847950606389
2381,P5,11809.847950606389,11928.999896358584
2381,P6,11928.999896358584,12051.555077614496
2382,P1,11492.603075783996,11586.287271322357
2382,P2,11586.287271322357,11690.681743667432
2382,P3,11690.681743667432,11880.097295759297
2382,P4,11880.097295759297,12123.489351716762
2382,P5,12123.489351716762,12255.206900348956
2382,P6,12255.206900348956,12384.353673006062
2383,P3,11496.251703742,11637.00597722597
2383,P5,11637.00597722597,11803.535820119523
2383,P6,11803.535820119523,11921.671469392772
2384,P1,11497.65616552403,11629.420595528221
2384,P2,11629.420595528221,11753.214584282578
2384,P3,11753.214584282578,11902.295127367262
2384,P5,11902.295127367262,12043.16194768413
2385,P3,11501.997519769355,11709.145645823257
2385,P4,11709.145645823257,12028.134794280959
2385,P6,12028.134794280959,12179.060845630256
2386,P1,11508.674720277471,11599.828943384586
2386,P2,11599.828943384586,11729.438924423328
2386,P3,11729.438924423328,11883.167859417126
2386,P4,11883.167859417126,12104.295685800831
2386,P7,12104.295685800831,12191.44367689663
2387,P2,11508.810071890397,11616.582385013067
2387,P3,11616.582385013067,11763.624820678526
2387,P5,11763.624820678526,11870.978175226397
2387,P6,11870.978175226397,11976.323610978356
2388,P3,11509.123917773759,11745.60054158478
2388,P4,11745.60054158478,11967.364007358503
2388,P6,11967.364007358503,12088.073988861697
2389,P1,11512.981522342494,11602.585324134468
2389,P2,11602.585324134468,11736.998067939372
2389,P3,11736.998067939372,11900.71167286403
2389,P5,11900.71167286403,12036.098157939707
2389,P6,12036.098157939707,12161.023127618697
2389,P7,12161.023127618697,12274.723438906156
2390,P1,11518.133914999245,11623.938058077301
2390,P2,11623.938058077301,11783.589401796382
2390,P3,11783.589401796382,11962.431725057817
2390,P4,11962.431725057817,12286.588469715767
2390,P5,12286.588469715767,12462.225794222926
2391,P1,11528.310492220615,11629.44196655385
2391,P2,11629.44196655385,11772.242767159449
2391,P3,11772.242767159449,11954.105384303199
2391,P5,11954.105384303199,12147.12354446889
2391,P6,12147.12354446889,12269.217955684733
2392,P1,11528.404137703443,11640.219607543886
2392,P2,11640.219607543886,11758.791840135324
2392,P3,11758.791840135324,11922.14568190223
2392,P4,11922.14568190223,12171.716509254464
2392,P7,12171.716509254464,12290.246919884701
2393,P3,11532.550926335502,11741.147398682802
2393,P5,11741.147398682802,11943.267274894679
2393,P6,11943.267274894679,12107.849259963337
2393,P7,12107.849259963337,12264.679130564324
2394,P1,11532.732135625392,11635.07759889694
2394,P2,11635.07759889694,11786.016634931751
2394,P3,11786.016634931751,12012.08700631978
2394,P5,12012.08700631978,12216.770799474296
2394,P6,12216.770799474296,12360.1325925199
2395,P1,11533.879492440137,11612.727156387582
2395,P2,11612.727156387582,11718.56843924756
2395,P3,11718.56843924756,11847.730057227114
2395,P5,11847.730057227114,11959.45101935899
2395,P6,11959.45101935899,12073.270676126414
2396,P2,11540.007847335211,11682.765024767232
2396,P3,11682.765024767232,11915.323829713743
2396,P4,11915.323829713743,12373.981678125248
2396,P6,12373.981678125248,12551.33492911182
2397,P3,11541.33807637558,11710.049483836667
2397,P4,11710.049483836667,11978.459553359982
2397,P7,11978.459553359982,12073.521406147476
2398,P1,11549.172675939748,11657.007241175974
2398,P2,11657.007241175974,11786.370989328749
2398,P3,11786.370989328749,11951.927311256559
2398,P4,11951.927311256559,12221.69702502956
2398,P6,12221.69702502956,12363.617915344568
2399,P1,11549.660932594428,11654.73544173088
2399,P2,11654.73544173088,11842.212408892208
2399,P3,11842.212408892208,12022.324116727144
2399,P5,12022.324116727144,12164.51566676746
2400,P3,11558.951656227055,11668.254291256746
2400,P5,11668.254291256746,11763.019409829958
2401,P3,11559.176716152466,11717.743358811547
2401,P4,11717.743358811547,11916.320613157712
2401,P7,11916.320613157712,11993.459721453915
2402,P2,11559.632403055904,11659.629373544087
2402,P3,11659.629373544087,11789.340997791041
2402,P4,11789.340997791041,11987.141436290503
2402,P7,11987.141436290503,12077.600603680072
2403,P3,11579.393177024584,11705.396725851293
2403,P4,11705.396725851293,11870.832775986126
2403,P6,11870.832775986126,11969.477254320089
2404,P2,11582.797184826779,11699.034482345452
2404,P3,11699.034482345452,11841.044854588614
2404,P4,11841.044854588614,12144.111165042597
2404,P6,12144.111165042597,12287.119643273103
2405,P1,11583.242322437914,11637.018400993782
2405,P2,11637.018400993782,11717.782029082067
2405,P3,11717.782029082067,11831.189959600844
2405,P4,11831.189959600844,11990.364680105404
2405,P6,11990.364680105404,12070.236442847441
2405,P7,12070.236442847441,12157.407737529971
2406,P1,11588.606747953947,11679.668919138465
2406,P2,11679.668919138465,11767.615930243752
2406,P3,11767.615930243752,11903.165140934112
2406,P4,11903.165140934112,12106.167306056388
2406,P7,12106.167306056388,12208.968369230419
2407,P1,11603.12685612914,11670.573953178638
2407,P2,11670.573953178638,11750.0491173653
2407,P3,11750.0491173653,11862.114534900918
2407,P5,11862.114534900918,11972.776765632061
2407,P6,11972.776765632061,12183.048894438569
2407,P7,12183.048894438569,12260.163190364734
2408,P3,11603.764243448963,11748.643719378151
2408,P4,11748.643719378151,12150.814257517548
2408,P6,12150.814257517548,12311.025825632463
2409,P2,11609.149902404044,11718.265838489757
2409,P3,11718.265838489757,11872.106914021004
2409,P5,11872.106914021004,11985.159929057683
2409,P6,11985.159929057683,12108.094252072526
2410,P3,11612.141694660651,11766.45138986877
2410,P4,11766.45138986877,11995.870069776918
2410,P5,11995.870069776918,12115.481210922879
2410,P6,12115.481210922879,12321.357696571147
2411,P1,11619.996830698114,11762.851965985075
2411,P2,11762.851965985075,11902.44935808015
2411,P3,11902.44935808015,12157.493431898196
2411,P5,12157.493431898196,12372.884152912658
2412,P3,11627.015126058457,11738.106184674805
2412,P5,11738.106184674805,11977.944546805747
2412,P6,11977.944546805747,12076.695529291519
2412,P7,12076.695529291519,12166.874576666678
2413,P1,11627.242220306229,11773.289723542784
2413,P2,11773.289723542784,11916.699391155693
2413,P3,11916.699391155693,12099.285470123521
2413,P4,12099.285470123521,12370.04442666359
2413,P5,12370.04442666359,12609.029572030162
2413,P6,12609.029572030162,12757.229328433032
2414,P3,11638.821197725945,11778.158523523121
2414,P4,11778.158523523121,11991.824952709127
2414,P6,11991.824952709127,12081.082932061241
2415,P1,11649.162276097186,11764.167145242413
2415,P2,11764.167145242413,11897.388343238365
2415,P3,11897.388343238365,12068.20703143303
2415,P4,12068.20703143303,12376.661554316888
2415,P5,12376.661554316888,12547.349236184897
2415,P6,12547.349236184897,12679.364705867805
2416,P1,11663.146604806137,11750.620898330493
2416,P2,11750.620898330493,11863.293070735592
2416,P3,11863.293070735592,11992.160623516826
2416,P4,11992.160623516826,12365.907724066808
2416,P5,12365.907724066808,12503.468666359131
2417,P3,11668.356795937916,11826.923627499169
2417,P4,11826.923627499169,12071.89226265403
2417,P6,12071.89226265403,12246.13456234334
2417,P7,12246.13456234334,12347.333605428326
2418,P3,11671.483905501085,11818.318496784634
2418,P5,11818.318496784634,11977.214288116835
2418,P6,11977.214288116835,12112.024230616518
2419,P3,11677.865792254874,11840.888608390158
2419,P4,11840.888608390158,12147.636744562507
2419,P7,12147.636744562507,12266.332083351215
2420,P3,11689.234145557419,11872.72520725882
2420,P4,11872.72520725882,12137.299300749342
2420,P7,12137.299300749342,12225.13668132778
2421,P1,11692.630101751845,11785.27831699001
2421,P2,11785.27831699001,11916.461939376239
2421,P3,11916.461939376239,12098.077360622427
2421,P5,12098.077360622427,12269.121350208936
2421,P6,12269.121350208936,12409.659682000234
2422,P1,11694.570641093653,11759.674053574845
2422,P2,11759.674053574845,11869.833311081797
2422,P3,11869.833311081797,12006.20131469153
2422,P5,12006.20131469153,12129.622758211646
2422,P6,12129.622758211646,12245.691778504855
2423,P1,11697.07602917212,11823.291128387385
2423,P2,11823.291128387385,11974.855736961761
2423,P3,11974.855736961761,12223.23587492887
2423,P4,12223.23587492887,12576.853911066202
2423,P5,12576.853911066202,12769.911604649838
2423,P6,12769.911604649838,12955.638636683136
2424,P1,11700.235299570691,11822.88422481605
2424,P2,11822.88422481605,11963.62250522267
2424,P3,11963.62250522267,12150.527477481613
2424,P4,12150.527477481613,12477.829829165945
2424,P7,12477.829829165945,12603.661183600234
2425,P2,11709.494579809625,11809.670452196331
2425,P3,11809.670452196331,11951.62087884029
2425,P5,11951.62087884029,12081.362554336622
2426,P3,11720.385845417813,11833.914790840108
2426,P5,11833.914790840108,11938.565096405606
2427,P1,11721.8935391909,11842.373510110943
2427,P2,11842.373510110943,11976.738500212276
2427,P3,11976.738500212276,12137.893000678956
2427,P5,12137.893000678956,12316.211103154505
2428,P1,11728.423814845448,11776.986127774057
2428,P2,11776.986127774057,11833.154685057856
2428,P3,11833.154685057856,11949.71996791626
2428,P5,11949.71996791626,12048.618005854378
2429,P1,11730.79358089751,11817.9664038554
2429,P2,11817.9664038554,11932.81583299872
2429,P3,11932.81583299872,12085.918963999067
2429,P5,12085.918963999067,12216.59641575749
2430,P3,11734.213574669366,11919.349912349673
2430,P4,11919.349912349673,12230.36991208032
2430,P5,12230.36991208032,12349.407307874557
2430,P6,12349.407307874557,12468.507335350088
2430,P7,12468.507335350088,12601.413395966756
2431,P1,11736.64545707655,11849.76698821646
2431,P2,11849.76698821646,11983.389333151265
2431,P3,11983.389333151265,12176.066241339382
2431,P5,12176.066241339382,12339.866954501635
2431,P6,12339.866954501635,12514.884379837828
2431,P7,12514.884379837828,12673.67754906651
2432,P3,11737.05258555006,11935.320279370333
2432,P4,11935.320279370333,12283.204060320471
2432,P6,12283.204060320471,12450.541708232713
2433,P3,11746.521151935218,11917.103879853335
2433,P4,11917.103879853335,12225.72141639813
2433,P6,12225.72141639813,12373.516590089357
2434,P1,11748.977502668555,11820.866255682167
2434,P2,11820.866255682167,11889.158759059605
2434,P3,11889.158759059605,12008.68087588391
2434,P4,12008.68087588391,12173.101548462291
2434,P6,12173.101548462291,12255.422067484327
2435,P3,11751.206641240768,11897.062539310908
2435,P4,11897.062539310908,12163.820121247636
2435,P6,12163.820121247636,12308.888844777806
2436,P3,11758.59019330431,11854.215405524961
2436,P4,11854.215405524961,12007.196678474409
2436,P5,12007.196678474409,12121.137710316654
2437,P3,11776.828463396363,11941.592123703267
2437,P5,11941.592123703267,12097.200227191848
2437,P6,12097.200227191848,12208.330781413213
2438,P1,11782.473877832505,11912.453838020898
2438,P2,11912.453838020898,12146.79452903519
2438,P3,12146.79452903519,12365.990588782799
2438,P4,12365.990588782799,12639.743487726684
2438,P7,12639.743487726684,12774.792077556283
2439,P2,11783.633309335626,11936.617996920264
2439,P3,11936.617996920264,12113.603953499707
2439,P4,12113.603953499707,12428.977512943953
2439,P7,12428.977512943953,12587.97801014452
2440,P1,11796.478261833316,11861.097896711282
2440,P2,11861.097896711282,11944.313215406502
2440,P3,11944.313215406502,12045.868753099256
2440,P4,12045.868753099256,12224.184587511869
2440,P7,12224.184587511869,12297.527359630447
2441,P1,11797.335152063804,11921.714695308468
2441,P2,11921.714695308468,12063.34499632973
2441,P3,12063.34499632973,12208.458538105717
2441,P5,12208.458538105717,12400.921850179066
2441,P6,12400.921850179066,12548.073765548477
2442,P2,11800.090879842777,11929.770150865508
2442,P3,11929.770150865508,12091.657659662293
2442,P5,12091.657659662293,12233.061805110186
2443,P1,11801.202795134528,11902.121943277967
2443,P2,11902.121943277967,12028.768533262053
2443,P3,12028.768533262053,12181.641362500377
2443,P4,12181.641362500377,12420.286573724954
2443,P5,12420.286573724954,12575.426567282711
2443,P6,12575.426567282711,12693.59728474777
2444,P3,11803.078361306349,11987.025591251431
2444,P4,11987.025591251431,12256.64156860679
2444,P5,12256.64156860679,12435.316285363102
2445,P1,11805.247558627547,11899.941043346458
2445,P2,11899.941043346458,12013.838912636824
2445,P3,12013.838912636824,12206.513316899605
2445,P4,12206.513316899605,12425.637365874809
2445,P6,12425.637365874809,12564.742130249606
2446,P1,11815.2855915639,11909.066508230884
2446,P2,11909.066508230884,12015.777851133516
2446,P3,12015.777851133516,12149.383012715787
2446,P4,12149.383012715787,12393.463037256419
2446,P5,12393.463037256419,12534.485744947699
2446,P6,12534.485744947699,12658.483159885523
2446,P7,12658.483159885523,12771.125430264481
2447,P1,11816.021990013995,11891.100576912475
2447,P2,11891.100576912475,11975.107623153042
2447,P3,11975.107623153042,12094.329699949432
2447,P5,12094.329699949432,12218.705617963116
2447,P6,12218.705617963116,12315.969427068176
2448,P1,11825.723327008975,11987.668981614475
2448,P2,11987.668981614475,12156.736408654066
2448,P3,12156.736408654066,12389.529576936004
2448,P5,12389.529576936004,12571.204029064798
2448,P6,12571.204029064798,12731.960357298934
2449,P3,11835.082379114818,11967.003041623186
2449,P4,11967.003041623186,12224.35807018377
2449,P5,12224.35807018377,12348.585420528745
2450,P2,11839.87506375082,11973.392834635068
2450,P3,11973.392834635068,12191.282901366161
2450,P4,12191.282901366161,12554.748367586048
2450,P5,12554.748367586048,12730.811909609993
2450,P6,12730.811909609993,12890.41474122521
2451,P2,11845.196504891015,11959.471281461212
2451,P3,11959.471281461212,12143.628542450111
2451,P4,12143.628542450111,12384.52977892327
2451,P7,12384.52977892327,12488.117963716957
2452,P1,11847.767231099951,11955.429655352766
2452,P2,11955.429655352766,12156.049282898191
2452,P3,12156.049282898191,12451.043510970472
2452,P4,12451.043510970472,12738.19700230406
2452,P7,12738.19700230406,12881.288014343549
2453,P3,11850.2766315806,11980.86949927061
2453,P5,11980.86949927061,12091.142686376754
2454,P3,11852.173678585174,12006.450366187963
2454,P4,12006.450366187963,12238.269244498564
2454,P5,12238.269244498564,12367.956785025794
2454,P6,12367.956785025794,12474.992561836869
2455,P3,11852.749768419357,12087.143447341832
2455,P4,12087.143447341832,12433.575280185334
2455,P6,12433.575280185334,12583.490688161912
2456,P1,11852.994383281364,11930.733790553371
2456,P2,11930.733790553371,12034.930170605736
2456,P3,12034.930170605736,12179.811793128747
2456,P5,12179.811793128747,12309.128508409505
2456,P6,12309.128508409505,12435.820723250892
2457,P2,11853.033370793086,11943.629350966867
2457,P3,11943.629350966867,12098.95184524224
2457,P4,12098.95184524224,12332.847477823203
2457,P5,12332.847477823203,12473.181140311353
2458,P3,11864.337999131469,11966.786818158227
2458,P4,11966.786818158227,12221.034843605596
2458,P5,12221.034843605596,12331.617183999388
2459,P1,11871.583814642296,11933.565853616528
2459,P2,11933.565853616528,12012.709862105088
2459,P3,12012.709862105088,12153.486607984327
2459,P4,12153.486607984327,12373.430887514742
2459,P5,12373.430887514742,12486.085957585365
2460,P3,11875.164342571316,11997.822219783397
2460,P4,11997.822219783397,12195.504149842205
2460,P5,12195.504149842205,12313.420698803593
2460,P6,12313.420698803593,12414.811056731247
2461,P2,11885.752961227025,11991.141589829478
2461,P3,11991.141589829478,12137.884290574406
2461,P4,12137.884290574406,12338.925200354332
2461,P5,12338.925200354332,12526.156191346614
2462,P1,11898.603708398752,12053.594992592269
2462,P2,12053.594992592269,12232.93031014354
2462,P3,12232.93031014354,12465.80380128152
2462,P4,12465.80380128152,12778.814563880616
2462,P7,12778.814563880616,12913.67454456997
2463,P1,11900.311919607011,11983.970580419196
2463,P2,11983.970580419196,12112.469221533387
2463,P3,12112.469221533387,12263.961496107799
2463,P5,12263.961496107799,12406.009925822078
2464,P2,11903.205379074192,11995.151709598735
2464,P3,11995.151709598735,12152.29611058339
2464,P4,12152.29611058339,12339.360826241296
2464,P7,12339.360826241296,12407.970823889811
2465,P1,11905.377982487238,12022.743362854575
2465,P2,12022.743362854575,12158.641168683373
2465,P3,12158.641168683373,12318.451106598282
2465,P5,12318.451106598282,12458.120867965778
2466,P1,11905.557523399853,11993.540276244486
2466,P2,11993.540276244486,12124.50777381516
2466,P3,12124.50777381516,12273.260244496683
2466,P4,12273.260244496683,12476.21496509091
2466,P6,12476.21496509091,12591.609764405624
2467,P3,11905.77429970192,12086.581674508792
2467,P5,12086.581674508792,12233.84855158094
2467,P6,12233.84855158094,12336.302475154374
2468,P1,11911.297313097884,12003.879914197862
2468,P2,12003.879914197862,12144.472370313117
2468,P3,12144.472370313117,12319.967921085918
2468,P5,12319.967921085918,12452.960637331178
2469,P3,11912.466176506605,12077.248955689047
2469,P5,12077.248955689047,12190.313792870224
2469,P6,12190.313792870224,12288.38076088406
2470,P3,11915.14827612596,12124.576960556695
2470,P5,12124.576960556695,12287.136698653052
2471,P1,11917.888876693181,11984.804044701912
2471,P2,11984.804044701912,12059.097784451795
2471,P3,12059.097784451795,12185.977117143646
2471,P4,12185.977117143646,12367.92987812204
2471,P5,12367.92987812204,12468.429928817979
2472,P3,11926.049075846437,12136.489068348905
2472,P4,12136.489068348905,12475.106675422876
2472,P5,12475.106675422876,12673.325466916891
2473,P3,11931.075717678516,12107.44957786865
2473,P5,12107.44957786865,12261.397532360324
2473,P6,12261.397532360324,12442.386236594704
2474,P2,11938.861200037001,12098.457500898532
2474,P3,12098.457500898532,12225.391292753673
2474,P4,12225.391292753673,12447.628683607587
2474,P5,12447.628683607587,12580.196999219283
2475,P2,11939.767060978804,12098.724175025975
2475,P3,12098.724175025975,12286.080058586384
2475,P5,12286.080058586384,12431.917500771688
2476,P1,11943.772054311403,12067.073733658048
2476,P2,12067.073733658048,12247.902758954235
2476,P3,12247.902758954235,12481.679197025482
2476,P5,12481.679197025482,12688.580711293911
2476,P6,12688.580711293911,12870.015812804744
2476,P7,12870.015812804744,13038.518964647214
2477,P2,11946.17389083415,12033.403876886177
2477,P3,12033.403876886177,12149.726708128406
2477,P5,12149.726708128406,12253.294776637778
2478,P1,11948.398705798725,12031.16390795661
2478,P2,12031.16390795661,12130.822989073973
2478,P3,12130.822989073973,12280.86607759864
2478,P4,12280.86607759864,12485.965230026599
2478,P5,12485.965230026599,12622.437192182928
2478,P6,12622.437192182928,12739.367494641449
2479,P1,11948.972301106749,12046.254123903227
2479,P2,12046.254123903227,12187.430797392386
2479,P3,12187.430797392386,12337.121887055335
2479,P4,12337.121887055335,12582.559155134633
2479,P5,12582.559155134633,12736.758187765812
2479,P6,12736.758187765812,12851.675211124275
2480,P3,11952.276179890005,12138.51136375261
2480,P4,12138.51136375261,12414.897059753222
2480,P6,12414.897059753222,12638.927765113629
2481,P1,11962.136717941412,12070.40577727111
2481,P2,12070.40577727111,12198.472679743865
2481,P3,12198.472679743865,12439.597834561802
2481,P4,12439.597834561802,12749.911162521807
2481,P5,12749.911162521807,12904.024016625623
2481,P6,12904.024016625623,13029.49252043137
2482,P1,11968.022478598648,12133.577477938095
2482,P2,12133.577477938095,12287.132089892868
2482,P3,12287.132089892868,12460.468827736831
2482,P4,12460.468827736831,12669.032485701611
2482,P6,12669.032485701611,12796.48466740479
2483,P2,11982.5290840606,12102.475421372641
2483,P3,12102.475421372641,12270.390628225225
2483,P4,12270.390628225225,12536.336274122825
2483,P7,12536.336274122825,12697.450498530925
2484,P2,11984.541140090896,12077.879488122759
2484,P3,12077.879488122759,12191.89229660506
2484,P4,12191.89229660506,12368.563448520486
2484,P6,12368.563448520486,12461.775223540173
2484,P7,12461.775223540173,12540.22052437414
2485,P3,11988.421702905704,12146.543269318165
2485,P5,12146.543269318165,12386.75465878577
2485,P6,12386.75465878577,12521.215340746523
2485,P7,12521.215340746523,12689.756587497059
2486,P1,11990.56602323286,12100.788059272254
2486,P2,12100.788059272254,12224.745723181126
2486,P3,12224.745723181126,12373.63893466974
2486,P4,12373.63893466974,12666.95794588126
2486,P6,12666.95794588126,12806.346017999438
2486,P7,12806.346017999438,12927.954829681825
2487,P1,11992.853587125777,12155.149969679613
2487,P2,12155.149969679613,12298.979978865684
2487,P3,12298.979978865684,12571.319962904077
2487,P4,12571.319962904077,12886.207682292817
2487,P6,12886.207682292817,13063.177534644114
2487,P7,13063.177534644114,13215.556452011766
2488,P1,12001.80317455526,12069.173348325172
2488,P2,12069.173348325172,12155.214190572307
2488,P3,12155.214190572307,12280.700720385827
2488,P4,12280.700720385827,12475.18096537341
2488,P6,12475.18096537341,12554.054214040969
2489,P3,12011.340844830358,12257.420842576767
2489,P4,12257.420842576767,12589.699560954894
2489,P6,12589.699560954894,12727.21983794354
2490,P1,12019.790366307876,12098.752111468018
2490,P2,12098.752111468018,12194.420776444224
2490,P3,12194.420776444224,12309.244435421915
2490,P5,12309.244435421915,12407.46974511883
2490,P6,12407.46974511883,12498.027527666152
2491,P3,12025.811391562565,12216.141490578559
2491,P4,12216.141490578559,12529.699644794417
2491,P6,12529.699644794417,12688.526530936766
2492,P2,12031.63485279972,12146.443930381849
2492,P3,12146.443930381849,12287.57779965091
2492,P4,12287.57779965091,12487.383762060894
2492,P6,12487.383762060894,12595.761948026327
2492,P7,12595.761948026327,12694.836005191444
2493,P3,12036.42678627782,12189.756421262033
2493,P4,12189.756421262033,12432.660660638225
2493,P6,12432.660660638225,12534.548622982755
2493,P7,12534.548622982755,12649.467655217186
2494,P1,12041.276413791964,12131.592174840716
2494,P2,12131.592174840716,12239.502217078314
2494,P3,12239.502217078314,12366.888454296426
2494,P4,12366.888454296426,12595.48882195052
2494,P5,12595.48882195052,12724.466245531354
2495,P1,12041.930546533458,12148.052562755793
2495,P2,12148.052562755793,12280.230416083006
2495,P3,12280.230416083006,12495.604701608452
2495,P5,12495.604701608452,12644.185779116873
2495,P6,12644.185779116873,12792.167901699957
2496,P1,12042.781783923427,12144.870781137843
2496,P2,12144.870781137843,12246.286990927432
2496,P3,12246.286990927432,12414.723200244292
2496,P5,12414.723200244292,12544.329161663356
2496,P6,12544.329161663356,12657.683282672702
2497,P1,12047.227790870778,12157.645475189736
2497,P2,12157.645475189736,12289.688535632795
2497,P3,12289.688535632795,12464.255529192107
2497,P4,12464.255529192107,12769.685514254688
2497,P5,12769.685514254688,12918.34344633103
2498,P1,12047.626748254237,12127.007082097844
2498,P2,12127.007082097844,12215.656019389606
2498,P3,12215.656019389606,12359.654477980524
2498,P4,12359.654477980524,12560.406115657273
2498,P6,12560.406115657273,12709.320581088597
2499,P1,12051.31074711751,12192.387836913489
2499,P2,12192.387836913489,12343.666371097852
2499,P3,12343.666371097852,12554.000470460083
2499,P4,12554.000470460083,12875.754573863393
2499,P5,12875.754573863393,13065.548672617442
2499,P6,13065.548672617442,13211.26818171451
2500,P1,12058.306017768988,12213.406683633735
2500,P2,12213.406683633735,12344.893080725653
2500,P3,12344.893080725653,12508.190588850102
2500,P4,12508.190588850102,12735.001830014144
2500,P5,12735.001830014144,12864.904192259992
2500,P6,12864.904192259992,12977.005382456067
2501,P3,12058.322087598126,12220.918395092745
2501,P5,12220.918395092745,12361.182694017916
2501,P6,12361.182694017916,12495.784984790855
2502,P3,12059.650710543987,12227.778246737429
2502,P4,12227.778246737429,12458.737719542116
2502,P5,12458.737719542116,12664.385275002494
2502,P6,12664.385275002494,12790.133274852491
2503,P3,12063.122757893392,12221.02537518314
2503,P5,12221.02537518314,12364.703417954293
2503,P6,12364.703417954293,12459.390104105476
2504,P2,12066.915148637516,12203.58977242144
2504,P3,12203.58977242144,12380.840734004545
2504,P4,12380.840734004545,12704.077375131956
2504,P6,12704.077375131956,12857.096720690919
2504,P7,12857.096720690919,12973.964913162152
2505,P1,12069.16638955638,12158.28035145566
2505,P2,12158.28035145566,12240.938206064124
2505,P3,12240.938206064124,12377.285845995408
2505,P4,12377.285845995408,12627.490341476268
2505,P5,12627.490341476268,12753.406253346744
2506,P1,12082.604124696674,12180.051045685368
2506,P2,12180.051045685368,12275.554836015011
2506,P3,12275.554836015011,12401.537473806382
2506,P5,12401.537473806382,12514.065856530198
2507,P3,12084.103673774272,12264.780774844405
2507,P4,12264.780774844405,12531.44310724364
2507,P5,12531.44310724364,12775.209545541575
2507,P6,12775.209545541575,12925.967585335271
2508,P1,12106.024855686153,12204.349369065321
2508,P2,12204.349369065321,12422.100163772213
2508,P3,12422.100163772213,12603.993144033517
2508,P5,12603.993144033517,12772.741821394131
2509,P1,12112.128928862228,12206.776247440717
2509,P2,12206.776247440717,12346.692378929247
2509,P3,12346.692378929247,12507.644987676606
2509,P4,12507.644987676606,12789.562227954953
2509,P5,12789.562227954953,12969.64458773312
2509,P6,12969.64458773312,13112.440259707751
2509,P7,13112.440259707751,13245.794400460025
2510,P1,12113.333369495373,12215.249500110427
2510,P2,12215.249500110427,12349.153156607445
2510,P3,12349.153156607445,12530.630831369888
2510,P4,12530.630831369888,12827.696106044834
2510,P5,12827.696106044834,13030.215780242619
2510,P6,13030.215780242619,13173.526318695867
2511,P1,12124.70223896827,12221.397139681283
2511,P2,12221.397139681283,12337.271838131748
2511,P3,12337.271838131748,12500.098457930359
2511,P4,12500.098457930359,12763.245966864184
2511,P6,12763.245966864184,12890.442364366729
2512,P1,12125.810185520253,12217.750104820945
2512,P2,12217.750104820945,12347.623636166907
2512,P3,12347.623636166907,12498.82191276207
2512,P5,12498.82191276207,12649.109145871445
2512,P6,12649.109145871445,12760.089953153343
2513,P1,12127.027039442955,12245.9306335406
2513,P2,12245.9306335406,12381.66465279344
2513,P3,12381.66465279344,12552.971712070475
2513,P4,12552.971712070475,12861.51562444208
2513,P7,12861.51562444208,12997.661646643224
2514,P3,12131.35202091841,12251.524996636277
2514,P5,12251.524996636277,12390.542718871182
2515,P3,12134.226552742024,12296.192971509112
2515,P4,12296.192971509112,12549.168629730408
2515,P5,12549.168629730408,12725.403435933016
2515,P6,12725.403435933016,12851.144022743798
2516,P1,12135.340350813198,12250.226097154906
2516,P2,12250.226097154906,12406.54234607273
2516,P3,12406.54234607273,12603.909231829897
2516,P4,12603.909231829897,12876.435731611658
2516,P7,12876.435731611658,13024.475967877723
2517,P3,12143.849554972498,12280.494517900812
2517,P4,12280.494517900812,12464.858985521729
2517,P7,12464.858985521729,12546.918638818057
2518,P3,12147.47930300764,12272.021124954266
2518,P4,12272.021124954266,12544.336082648584
2518,P6,12544.336082648584,12674.444253272772
2519,P1,12147.672740580592,12232.596229500448
2519,P2,12232.596229500448,12478.91362046357
2519,P3,12478.91362046357,12626.292457203837
2519,P4,12626.292457203837,12863.167289454454
2519,P5,12863.167289454454,12966.452189682395
2519,P6,12966.452189682395,13078.62483734609
2520,P1,12157.521949187201,12252.296572410209
2520,P2,12252.296572410209,12363.195824693252
2520,P3,12363.195824693252,12499.561653761122
2520,P4,12499.561653761122,12771.655686877471
2520,P6,12771.655686877471,12918.093786401649
2521,P1,12159.484043984254,12259.111339243049
2521,P2,12259.111339243049,12345.267406542533
2521,P3,12345.267406542533,12503.644186708985
2521,P4,12503.644186708985,12728.11086126992
2521,P7,12728.11086126992,12824.96987696493
2522,P1,12160.495775335487,12260.384599616416
2522,P2,12260.384599616416,12382.69518145028
2522,P3,12382.69518145028,12574.128644305367
2522,P4,12574.128644305367,12821.817122454848
2522,P7,12821.817122454848,12947.145520473223
2523,P2,12178.071369316398,12265.991456544414
2523,P3,12265.991456544414,12392.375332609165
2523,P5,12392.375332609165,12516.937012944001
2523,P6,12516.937012944001,12630.175808016951
2524,P2,12179.476192350852,12279.624648458772
2524,P3,12279.624648458772,12416.556908272383
2524,P4,12416.556908272383,12638.61595305294
2524,P5,12638.61595305294,12763.148929156425
2525,P1,12182.508882833887,12279.659939895279
2525,P2,12279.659939895279,12413.634241086498
2525,P3,12413.634241086498,12569.513874858323
2525,P5,12569.513874858323,12716.274081110929
2526,P1,12187.33944465556,12287.51127022047
2526,P2,12287.51127022047,12404.688361001497
2526,P3,12404.688361001497,12549.049872969807
2526,P4,12549.049872969807,12837.142016358912
2526,P5,12837.142016358912,12987.986203088254
2527,P1,12189.29091937858,12275.128169684573
2527,P2,12275.128169684573,12392.787335206389
2527,P3,12392.787335206389,12533.478779446701
2527,P4,12533.478779446701,12802.581083763138
2527,P6,12802.581083763138,12929.46036353386
2528,P3,12191.014314544562,12282.881743845914
2528,P4,12282.881743845914,12511.871160084473
2528,P5,12511.871160084473,12588.93122780238
2528,P6,12588.93122780238,12671.088751615162
2529,P2,12192.063127318706,12320.801313949118
2529,P3,12320.801313949118,12502.663986751302
2529,P4,12502.663986751302,12760.963966332714
2529,P6,12760.963966332714,12895.70628664796
2530,P3,12206.397139170815,12442.468786347576
2530,P4,12442.468786347576,12739.252390682195
2530,P7,12739.252390682195,12853.738782550588
2531,P3,12208.850888020626,12292.355266912044
2531,P4,12292.355266912044,12475.175069167684
2531,P7,12475.175069167684,12560.62759071232
2532,P1,12216.682858479566,12302.60598870825
2532,P2,12302.60598870825,12437.839878037079
2532,P3,12437.839878037079,12612.792849792702
2532,P4,12612.792849792702,12907.233255284196
2532,P5,12907.233255284196,13028.082511174529
2532,P6,13028.082511174529,13160.827356954309
2533,P1,12219.271038340194,12334.713602797952
2533,P2,12334.713602797952,12493.644016886497
2533,P3,12493.644016886497,12677.000316409742
2533,P4,12677.000316409742,12948.985968415142
2533,P7,12948.985968415142,13091.825502956523
2534,P3,12222.606429159678,12372.871951160198
2534,P5,12372.871951160198,12505.991251704898
2535,P2,12225.289285797899,12350.507078859431
2535,P3,12350.507078859431,12495.706175514815
2535,P4,12495.706175514815,12778.308452747786
2535,P5,12778.308452747786,12921.668613057847
2536,P3,12231.48733809225,12390.336153879729
2536,P4,12390.336153879729,12644.23042343033
2536,P7,12644.23042343033,12776.006343947372
2537,P3,12231.868796492818,12402.606507857767
2537,P5,12402.606507857767,12560.03537726575
2538,P1,12236.11475617767,12328.937896945554
2538,P2,12328.937896945554,12448.984951650866
2538,P3,12448.984951650866,12593.910675522946
2538,P5,12593.910675522946,12717.727629096062
2538,P6,12717.727629096062,12834.886777551093
2539,P1,12236.96444839252,12303.398548384539
2539,P2,12303.398548384539,12378.413143285165
2539,P3,12378.413143285165,12480.667749896209
2539,P4,12480.667749896209,12643.705353861755
2539,P5,12643.705353861755,12751.094331763856
2539,P6,12751.094331763856,12830.663986991427
2540,P1,12243.949903205594,12359.63998598478
2540,P2,12359.63998598478,12477.314424608701
2540,P3,12477.314424608701,12719.605657174206
2540,P5,12719.605657174206,12895.011193796972
2540,P6,12895.011193796972,13014.966991563499
2541,P3,12247.50065646755,12430.531107787125
2541,P4,12430.531107787125,12739.370518979687
2541,P5,12739.370518979687,12917.373790087926
2541,P6,12917.373790087926,13074.859935138831
2542,P3,12247.684980347269,12396.535158889808
2542,P4,12396.535158889808,12620.259522371565
2542,P5,12620.259522371565,12746.836201129883
2543,P3,12254.358528751169,12463.741203795205
2543,P5,12463.741203795205,12688.83556148468
2543,P6,12688.83556148468,12835.291881178757
2543,P7,12835.291881178757,12969.934435349669
2544,P1,12256.287836571864,12370.151384131297
2544,P2,12370.151384131297,12495.278961667393
2544,P3,12495.278961667393,12651.488001399963
2544,P4,12651.488001399963,12914.45894073668
2544,P7,12914.45894073668,13049.52724105473
2545,P1,12256.295426239767,12417.787378403238
2545,P2,12417.787378403238,12580.296842746266
2545,P3,12580.296842746266,12838.82518903354
2545,P4,12838.82518903354,13242.863593154594
2545,P5,13242.863593154594,13475.59925860917
2546,P2,12259.218951391735,12376.068800200774
2546,P3,12376.068800200774,12517.067676585812
2546,P4,12517.067676585812,12741.386785081171
2546,P5,12741.386785081171,12854.259235740114
2547,P1,12264.79943163627,12353.632887476413
2547,P2,12353.632887476413,12451.423647944654
2547,P3,12451.423647944654,12588.249708075606
2547,P5,12588.249708075606,12726.866711438652
2548,P3,12267.8374722451,12397.509757429614
2548,P5,12397.509757429614,12526.490143283429
2549,P1,12269.023443088834,12355.8368401824
2549,P2,12355.8368401824,12460.581029873521
2549,P3,12460.581029873521,12630.16574136032
2549,P5,12630.16574136032,12776.515278153634
2549,P6,12776.515278153634,12913.61068866668
2550,P3,12270.892853796217,12498.854113190484
2550,P4,12498.854113190484,12747.165387116916
2550,P6,12747.165387116916,12903.327189055766
2550,P7,12903.327189055766,13027.350395982348
2551,P1,12274.305378195835,12391.907487007644
2551,P2,12391.907487007644,12553.55469193823
2551,P3,12553.55469193823,12737.89002654694
2551,P5,12737.89002654694,12938.470147756165
2551,P6,12938.470147756165,13105.913562466829
2551,P7,13105.913562466829,13231.762186354885
2552,P2,12277.767154168077,12391.280057468473
2552,P3,12391.280057468473,12533.47914042051
2552,P5,12533.47914042051,12664.26327557065
2553,P2,12280.048266699543,12399.292649974079
2553,P3,12399.292649974079,12518.123375743828
2553,P4,12518.123375743828,12719.884766031215
2553,P6,12719.884766031215,12834.958836062262
2553,P7,12834.958836062262,12937.494545922871
2554,P2,12288.163264474455,12419.454214659156
2554,P3,12419.454214659156,12562.05155293696
2554,P4,12562.05155293696,12821.1963497626
2554,P6,12821.1963497626,12939.388970140919
2555,P2,12288.520214530081,12397.339041719937
2555,P3,12397.339041719937,12582.707003680182
2555,P5,12582.707003680182,12735.804719148724
2555,P6,12735.804719148724,12893.730539959492
2556,P3,12289.004255061593,12463.907217144471
2556,P5,12463.907217144471,12642.716475948984
2556,P6,12642.716475948984,12775.958827983459
2557,P2,12292.274493312969,12438.938505133203
2557,P3,12438.938505133203,12611.035806298762
2557,P5,12611.035806298762,12766.95875207505
2557,P6,12766.95875207505,12909.390255706367
2558,P3,12292.569633664802,12433.51751960556
2558,P5,12433.51751960556,12550.353413658155
2558,P6,12550.353413658155,12689.44662245224
2559,P1,12297.3750165201,12401.849387362583
2559,P2,12401.849387362583,12550.522263031144
2559,P3,12550.522263031144,12736.882070524925
2559,P4,12736.882070524925,13031.722542404688
2559,P5,13031.722542404688,13185.81801196053
2559,P6,13185.81801196053,13315.959361343506
2560,P1,12303.256190306378,12407.243283882615
2560,P2,12407.243283882615,12578.6672544829
2560,P3,12578.6672544829,12708.92995832446
2560,P4,12708.92995832446,12985.31712534122
2560,P5,12985.31712534122,13110.207270087634
2560,P6,13110.207270087634,13220.402286073837
2560,P7,13220.402286073837,13328.397368446367
2561,P3,12318.845233217497,12488.618984272438
2561,P4,12488.618984272438,12720.03123348852
2561,P6,12720.03123348852,12833.615830726594
2562,P1,12319.078201784434,12475.702254890135
2562,P2,12475.702254890135,12631.86936075221
2562,P3,12631.86936075221,12826.766164999795
2562,P4,12826.766164999795,13176.956971722728
2562,P7,13176.956971722728,13318.954562393214
2563,P3,12321.24655251461,12428.49591977571
2563,P5,12428.49591977571,12558.28866018607
2564,P1,12329.697654671148,12406.233014046691
2564,P2,12406.233014046691,12519.640572207834
2564,P3,12519.640572207834,12660.56735124913
2564,P4,12660.56735124913,12888.94900106068
2564,P6,12888.94900106068,13001.129968368363
2565,P2,12332.298681442646,12445.408758419237
2565,P3,12445.408758419237,12607.532828543473
2565,P5,12607.532828543473,12742.577811061528
2565,P6,12742.577811061528,12847.197610788095
2566,P2,12334.291539473637,12479.147529319462
2566,P3,12479.147529319462,12662.349437654073
2566,P4,12662.349437654073,12993.586274382693
2566,P5,12993.586274382693,13154.244472583974
2566,P6,13154.244472583974,13291.938200445315
2567,P1,12335.245690930207,12430.487297787266
2567,P2,12430.487297787266,12549.822700082612
2567,P3,12549.822700082612,12696.081347853506
2567,P5,12696.081347853506,12823.335260997039
2567,P6,12823.335260997039,12940.559862846725
2568,P1,12338.789643598615,12443.62987533574
2568,P2,12443.62987533574,12530.109596008844
2568,P3,12530.109596008844,12631.204349590504
2568,P4,12631.204349590504,12812.553655559383
2568,P7,12812.553655559383,12891.25690343403
2569,P1,12349.03887536483,12429.215223392222
2569,P2,12429.215223392222,12521.472256946505
2569,P3,12521.472256946505,12643.419554411981
2569,P5,12643.419554411981,12779.796462083616
2569,P6,12779.796462083616,12888.898431748503
2570,P2,12357.004386597453,12515.144604224251
2570,P3,12515.144604224251,12692.26541122959
2570,P4,12692.26541122959,12834.022930485544
2570,P5,12834.022930485544,12911.491336750452
2571,P1,12363.810046723907,12473.878196485985
2571,P2,12473.878196485985,12629.414295322431
2571,P3,12629.414295322431,12833.99589107016
2571,P4,12833.99589107016,13181.590417007152
2571,P5,13181.590417007152,13347.588035566689
2572,P3,12369.113995585401,12545.236996414736
2572,P4,12545.236996414736,12896.685646734648
2572,P5,12896.685646734648,13052.19897727401
2573,P1,12369.353192031078,12480.942298545775
2573,P2,12480.942298545775,12644.330504154272
2573,P3,12644.330504154272,12836.138412310018
2573,P4,12836.138412310018,13187.269381827162
2573,P5,13187.269381827162,13364.630688881247
2573,P6,13364.630688881247,13529.703067663799
2574,P3,12377.243402054284,12540.293089355418
2574,P5,12540.293089355418,12645.54272624113
2574,P6,12645.54272624113,12797.976868284895
2575,P1,12377.680321232132,12478.115179534343
2575,P2,12478.115179534343,12614.72660778299
2575,P3,12614.72660778299,12776.547428596865
2575,P5,12776.547428596865,12939.077780062828
2575,P6,12939.077780062828,13099.482228673338
2576,P1,12383.575829303127,12456.598457428856
2576,P2,12456.598457428856,12578.176581541335
2576,P3,12578.176581541335,12735.52972512438
2576,P4,12735.52972512438,12983.859004896356
2576,P6,12983.859004896356,13100.52345297151
2577,P1,12388.059161552748,12463.90935033629
2577,P2,12463.90935033629,12570.872924637231
2577,P3,12570.872924637231,12701.09137137862
2577,P4,12701.09137137862,12935.226969796187
2577,P7,12935.226969796187,13025.15324509857
2578,P2,12388.980827257681,12556.362673865859
2578,P3,12556.362673865859,12796.963561729215
2578,P4,12796.963561729215,13150.803905856874
2578,P5,13150.803905856874,13323.192777838962
2578,P6,13323.192777838962,13487.54370495789
2579,P1,12392.115195940303,12548.104451229183
2579,P2,12548.104451229183,12675.980846174833
2579,P3,12675.980846174833,12792.665597959152
2579,P4,12792.665597959152,13017.741564516602
2579,P6,13017.741564516602,13117.639203241717
2579,P7,13117.639203241717,13229.530953154996
2580,P1,12392.206837839014,12509.829182371059
2580,P2,12509.829182371059,12634.411772295833
2580,P3,12634.411772295833,12778.50493600484
2580,P4,12778.50493600484,13042.335499705014
2580,P6,13042.335499705014,13186.527406320001
2580,P7,13186.527406320001,13333.906677100724
2581,P2,12393.077780104273,12516.001865207321
2581,P3,12516.001865207321,12646.528362279252
2581,P5,12646.528362279252,12762.795286053086
2581,P6,12762.795286053086,12870.234635779212
2581,P7,12870.234635779212,12988.052877968546
2582,P1,12394.354583892875,12454.98642352786
2582,P2,12454.98642352786,12530.45687226269
2582,P3,12530.45687226269,12630.2447255708
2582,P5,12630.2447255708,12739.24973797633
2582,P6,12739.24973797633,12833.186439422412
2583,P2,12395.53402013572,12503.566768061957
2583,P3,12503.566768061957,12653.385108367136
2583,P5,12653.385108367136,12826.344517155603
2583,P6,12826.344517155603,12946.125188669384
2584,P2,12396.760826702312,12496.402958845189
2584,P3,12496.402958845189,12596.66915521673
2584,P5,12596.66915521673,12683.054393070712
2585,P2,12410.1276165506,12517.589434704621
2585,P3,12517.589434704621,12667.118210441908
2585,P5,12667.118210441908,12796.433659024653
2585,P6,12796.433659024653,12937.23411538593
2586,P2,12420.688325879886,12533.974459216986
2586,P3,12533.974459216986,12705.247798705663
2586,P4,12705.247798705663,13046.960349355106
2586,P5,13046.960349355106,13188.260547821705
2587,P1,12423.809717868644,12545.078172954094
2587,P2,12545.078172954094,12674.402191036268
2587,P3,12674.402191036268,12937.372759626243
2587,P4,12937.372759626243,13234.221872114362
2587,P6,13234.221872114362,13397.654774046989
2588,P1,12426.13979934953,12489.748793976776
2588,P2,12489.748793976776,12587.074785093362
2588,P3,12587.074785093362,12708.619694447838
2588,P4,12708.619694447838,12885.999539356253
2588,P5,12885.999539356253,12980.147794195786
2588,P6,12980.147794195786,13066.996705319516
2589,P1,12443.160294940975,12524.517333484904
2589,P2,12524.517333484904,12611.193595329092
2589,P3,12611.193595329092,12836.596716265632
2589,P4,12836.596716265632,13039.7949295927
2589,P6,13039.7949295927,13137.716666161032
2590,P3,12443.570340375238,12596.754784942848
2590,P4,12596.754784942848,12867.266226319094
2590,P5,12867.266226319094,13002.419797744655
2591,P3,12457.443339513336,12555.566772585818
2591,P4,12555.566772585818,12810.26036591218
2591,P6,12810.26036591218,12880.323067267782
2592,P1,12462.574292001545,12612.473317062473
2592,P2,12612.473317062473,12735.093627871793
2592,P3,12735.093627871793,12882.507696094826
2592,P4,12882.507696094826,13133.064398274508
2592,P7,13133.064398274508,13224.715298706622
2593,P1,12464.244566222806,12553.913449819764
2593,P2,12553.913449819764,12660.732462645401
2593,P3,12660.732462645401,12797.611574220518
2593,P4,12797.611574220518,13005.266299549185
2593,P7,13005.266299549185,13093.391080014659
2594,P1,12472.48233116669,12580.419868534127
2594,P2,12580.419868534127,12837.935666027177
2594,P3,12837.935666027177,12990.285677453583
2594,P4,12990.285677453583,13228.67412755048
2594,P6,13228.67412755048,13489.098111471694
2595,P3,12479.167183012883,12632.407984213633
2595,P4,12632.407984213633,12875.586344277983
2595,P5,12875.586344277983,13030.973097340955
2596,P3,12481.940710971741,12701.69730591941
2596,P4,12701.69730591941,13010.405636371841
2596,P5,13010.405636371841,13211.804442877481
2596,P6,13211.804442877481,13371.258190173388
2597,P3,12487.280783136566,12629.684489509342
2597,P5,12629.684489509342,12800.90506479203
2597,P6,12800.90506479203,12914.841737434595
2598,P1,12489.16378321701,12577.40423304345
2598,P2,12577.40423304345,12692.63938940067
2598,P3,12692.63938940067,12822.77323072859
2598,P5,12822.77323072859,12944.265827131027
2599,P1,12490.898968549205,12577.742510342428
2599,P2,12577.742510342428,12678.833782315727
2599,P3,12678.833782315727,12798.518953107457
2599,P4,12798.518953107457,12983.661436683262
2599,P6,12983.661436683262,13096.780477936867
2600,P1,12491.865097233478,12577.018070689117
2600,P2,12577.018070689117,12682.29805075207
2600,P3,12682.29805075207,12880.366540208777
2600,P5,12880.366540208777,13036.483438367823
2600,P6,13036.483438367823,13138.919766939212
2601,P2,12495.440934374561,12606.356015318814
2601,P3,12606.356015318814,12763.366407160325
2601,P4,12763.366407160325,13056.463714376143
2601,P7,13056.463714376143,13159.918595526091
2602,P2,12502.604740073755,12605.844053022205
2602,P3,12605.844053022205,12734.787290720438
2602,P5,12734.787290720438,12881.619578613912
2602,P6,12881.619578613912,13006.188637386967
2603,P2,12514.374522388838,12624.262995308547
2603,P3,12624.262995308547,12793.849757799875
2603,P4,12793.849757799875,13035.05868176391
2603,P7,13035.05868176391,13153.3681114662
2604,P1,12518.81030705074,12643.002646654388
2604,P2,12643.002646654388,12783.502104537152
2604,P3,12783.502104537152,12991.448392536793
2604,P4,12991.448392536793,13321.23372569173
2604,P5,13321.23372569173,13540.009946551136
2604,P6,13540.009946551136,13691.326106321203
2604,P7,13691.326106321203,13843.102624681493
2605,P1,12523.4538581803,12608.199381222525
2605,P2,12608.199381222525,12704.663017395236
2605,P3,12704.663017395236,12832.915342876746
2605,P4,12832.915342876746,13052.825137088117
2605,P5,13052.825137088117,13173.103153954435
2606,P1,12538.56057577724,12612.000687753245
2606,P2,12612.000687753245,12704.852831771963
2606,P3,12704.852831771963,12838.269042020645
2606,P4,12838.269042020645,13132.372494888945
2606,P6,13132.372494888945,13250.046791528206
2607,P1,12548.29084907348,12661.123935402487
2607,P2,12661.123935402487,12770.133338578933
2607,P3,12770.133338578933,12919.61421629153
2607,P4,12919.61421629153,13173.052288516792
2607,P5,13173.052288516792,13396.510739594873
2607,P6,13396.510739594873,13583.562822438385
2607,P7,13583.562822438385,13699.83641155486
2608,P3,12558.301948851462,12721.35105872949
2608,P4,12721.35105872949,12975.41795236733
2608,P5,12975.41795236733,13104.568378694765
2609,P1,12564.457187738373,12696.090817321625
2609,P2,12696.090817321625,12840.778017581715
2609,P3,12840.778017581715,13052.90594572383
2609,P5,13052.90594572383,13219.26115967628
2609,P6,13219.26115967628,13342.858518842431
2610,P2,12569.169006348175,12889.363358916416
2610,P3,12889.363358916416,13120.580097678157
2610,P4,13120.580097678157,13489.205056292332
2610,P5,13489.205056292332,13755.636048923283
2610,P6,13755.636048923283,13985.501326879647
2611,P3,12569.933035974012,12722.47339798156
2611,P5,12722.47339798156,12895.236526033788
2612,P2,12571.015901784582,12678.111990221476
2612,P3,12678.111990221476,12863.679093857858
2612,P5,12863.679093857858,13010.682358385739
2612,P6,13010.682358385739,13141.143526834272
2613,P3,12574.655083495885,12674.357075773629
2613,P4,12674.357075773629,12861.536031567082
2613,P6,12861.536031567082,12949.393388698978
2614,P2,12583.99436981474,12703.636770523717
2614,P3,12703.636770523717,12829.655957639456
2614,P4,12829.655957639456,13083.090462558052
2614,P7,13083.090462558052,13163.53245480878
2615,P3,12590.126860187627,12791.484844952982
2615,P4,12791.484844952982,13043.932917913911
2615,P5,13043.932917913911,13175.99629720281
2616,P3,12590.41329122131,12748.5758731831
2616,P4,12748.5758731831,12985.871627211809
2616,P7,12985.871627211809,13090.016809617371
2617,P1,12593.693388059488,12667.140725612706
2617,P2,12667.140725612706,12763.973290146498
2617,P3,12763.973290146498,12885.823662983474
2617,P4,12885.823662983474,13077.313029947589
2617,P6,13077.313029947589,13168.520047964335
2618,P2,12593.882013920234,12727.77333616398
2618,P3,12727.77333616398,12862.59022010036
2618,P4,12862.59022010036,13102.123179593873
2618,P6,13102.123179593873,13295.684282201726
2618,P7,13295.684282201726,13400.353765506947
2619,P2,12597.85222279435,12733.060110698945
2619,P3,12733.060110698945,12909.263287533211
2619,P4,12909.263287533211,13164.228136793821
2619,P6,13164.228136793821,13297.365245584462
2620,P2,12600.071168178363,12735.234939584063
2620,P3,12735.234939584063,12895.199535436996
2620,P4,12895.199535436996,13189.343442936182
2620,P5,13189.343442936182,13309.366142425088
2621,P3,12601.212466378785,12778.268608540931
2621,P4,12778.268608540931,13078.628229268365
2621,P7,13078.628229268365,13204.069781503049
2622,P2,12601.438517685207,12699.182630806194
2622,P3,12699.182630806194,12801.715520341208
2622,P4,12801.715520341208,13038.772807680307
2622,P5,13038.772807680307,13140.42784961073
2622,P6,13140.42784961073,13238.62058632692
2622,P7,13238.62058632692,13342.370857584237
2623,P1,12601.549631844167,12700.01956108608
2623,P2,12700.01956108608,12832.450678390915
2623,P3,12832.450678390915,13002.468628959205
2623,P4,13002.468628959205,13240.76052173039
2623,P6,13240.76052173039,13400.493963866844
2624,P1,12604.24056457222,12712.550005778667
2624,P2,12712.550005778667,12845.867142288227
2624,P3,12845.867142288227,13037.018478997248
2624,P5,13037.018478997248,13192.22892006182
2625,P1,12607.7622411922,12697.890209971736
2625,P2,12697.890209971736,12797.45210220726
2625,P3,12797.45210220726,12983.4516683787
2625,P4,12983.4516683787,13226.381124294041
2625,P6,13226.381124294041,13330.467589845268
2626,P1,12610.634197870191,12709.880383671802
2626,P2,12709.880383671802,12832.932570835153
2626,P3,12832.932570835153,13000.252558666896
2626,P4,13000.252558666896,13213.708547114453
2626,P7,13213.708547114453,13315.66323790462
2627,P3,12618.24815557151,12731.42234156499
2627,P5,12731.42234156499,12823.561493242327
2627,P6,12823.561493242327,12920.908117518005
2628,P2,12624.16519802452,12766.180900459376
2628,P3,12766.180900459376,12924.195322648866
2628,P4,12924.195322648866,13234.478023156214
2628,P5,13234.478023156214,13408.884048836762
2628,P6,13408.884048836762,13552.248608800672
2629,P3,12624.635480610517,12810.625209043194
2629,P5,12810.625209043194,12984.024019615528
2629,P6,12984.024019615528,13111.059525793698
2630,P2,12635.668529629336,12772.27680574971
2630,P3,12772.27680574971,12949.194252156109
2630,P4,12949.194252156109,13195.699035585189
2630,P6,13195.699035585189,13363.165186574748
2631,P1,12645.322915039738,12746.849109675364
2631,P2,12746.849109675364,12907.441209273667
2631,P3,12907.441209273667,13116.855510657631
2631,P4,13116.855510657631,13437.688611801786
2631,P7,13437.688611801786,13563.498081494448
2632,P1,12648.466566875544,12732.741592641396
2632,P2,12732.741592641396,12839.623370242614
2632,P3,12839.623370242614,13029.797788186072
2632,P4,13029.797788186072,13307.61055384295
2632,P6,13307.61055384295,13429.112382752295
2633,P1,12654.19612486857,12734.419037608544
2633,P2,12734.419037608544,12824.050446108336
2633,P3,12824.050446108336,12950.12378384042
2633,P5,12950.12378384042,13071.505228308897
2634,P3,12658.590427089026,12833.476408329161
2634,P4,12833.476408329161,13176.687435640024
2634,P7,13176.687435640024,13276.692692702005
2635,P3,12660.480350031532,12855.061209636626
2635,P4,12855.061209636626,13138.969309029495
2635,P5,13138.969309029495,13289.982443243474
2635,P6,13289.982443243474,13432.499834908613
2636,P3,12663.528962222665,12828.043542887517
2636,P4,12828.043542887517,13239.79960035131
2636,P5,13239.79960035131,13414.533601597484
2637,P2,12677.476321838767,12796.365289397037
2637,P3,12796.365289397037,12962.432348434782
2637,P5,12962.432348434782,13086.852831521417
2637,P6,13086.852831521417,13200.165408092218
2638,P3,12686.91914761733,12923.562534613944
2638,P4,12923.562534613944,13204.293835991994
2638,P5,13204.293835991994,13408.89139747404
2638,P6,13408.89139747404,13590.552356768801
2639,P3,12695.28798589723,12891.924835566655
2639,P4,12891.924835566655,13145.363717002514
2639,P5,13145.363717002514,13289.706768371165
2640,P2,12699.463926800556,12812.852695243913
2640,P3,12812.852695243913,12944.805336817351
2640,P4,12944.805336817351,13143.513566280304
2640,P5,13143.513566280304,13288.955262454876
2640,P6,13288.955262454876,13400.764970194457
2640,P7,13400.764970194457,13501.860931797017
2641,P3,12701.919015908703,12874.275316546784
2641,P4,12874.275316546784,13078.153459317065
2641,P6,13078.153459317065,13180.530007565389
2642,P1,12703.321012736851,12812.824249855683
2642,P2,12812.824249855683,12925.868761080395
2642,P3,12925.868761080395,13076.80419345209
2642,P5,13076.80419345209,13255.384215775013
2643,P1,12712.688150890723,12790.468687384597
2643,P2,12790.468687384597,12876.714801694296
2643,P3,12876.714801694296,13012.292644871253
2643,P5,13012.292644871253,13127.496104254453
2644,P2,12722.829644501388,12881.225843860542
2644,P3,12881.225843860542,13017.501661530287
2644,P5,13017.501661530287,13161.132900733677
2644,P6,13161.132900733677,13279.431474621313
2645,P2,12724.794454643754,12855.191766804373
2645,P3,12855.191766804373,13005.753857900203
2645,P4,13005.753857900203,13297.653056531486
2645,P5,13297.653056531486,13446.388792566071
2645,P6,13446.388792566071,13584.33572553378
2646,P1,12731.698243682167,12816.941918649152
2646,P2,12816.941918649152,12910.969670835862
2646,P3,12910.969670835862,13091.697218367377
2646,P5,13091.697218367377,13212.91746612034
2646,P6,13212.91746612034,13316.398159770468
2647,P1,12741.826456891593,12846.388850073507
2647,P2,12846.388850073507,12999.731564290578
2647,P3,12999.731564290578,13202.178425296775
2647,P4,13202.178425296775,13458.354860312473
2647,P6,13458.354860312473,13603.185941100326
2648,P3,12745.33903046593,12971.059491425782
2648,P4,12971.059491425782,13276.17746037588
2648,P5,13276.17746037588,13470.590175413725
2649,P1,12754.154460360425,12853.079567068597
2649,P2,12853.079567068597,12991.770073906502
2649,P3,12991.770073906502,13183.432853084974
2649,P4,13183.432853084974,13415.223480105231
2649,P7,13415.223480105231,13541.306069888804
2650,P1,12763.221464635539,12849.406629387664
2650,P2,12849.406629387664,12936.31194085665
2650,P3,12936.31194085665,13038.75911042025
2650,P4,13038.75911042025,13229.091766983809
2650,P7,13229.091766983809,13312.681420421775
2651,P3,12764.20156882139,12852.849100645211
2651,P5,12852.849100645211,12988.194091626812
2652,P1,12766.428895274916,12853.129058219829
2652,P2,12853.129058219829,12983.654809250429
2652,P3,12983.654809250429,13161.302323427288
2652,P5,13161.302323427288,13283.11782111503
2653,P3,12767.696037040629,12899.105882778578
2653,P4,12899.105882778578,13158.055974073752
2653,P7,13158.055974073752,13248.399504354891
2654,P3,12778.889733169004,12911.077275224354
2654,P5,12911.077275224354,13064.735616638727
2655,P2,12781.023674227825,12891.325726198369
2655,P3,12891.325726198369,13080.336804472561
2655,P4,13080.336804472561,13306.895645675633
2655,P5,13306.895645675633,13465.719241623117
2655,P6,13465.719241623117,13590.689977000802
2656,P2,12783.76813027998,12903.945488693058
2656,P3,12903.945488693058,13062.352515779558
2656,P4,13062.352515779558,13360.081223349927
2656,P5,13360.081223349927,13508.162084780151
2656,P6,13508.162084780151,13664.36357176548
2657,P2,12787.039131920352,12867.525948380962
2657,P3,12867.525948380962,13002.03008119022
2657,P5,13002.03008119022,13123.048700909116
2658,P1,12787.614118476735,12898.821928592573
2658,P2,12898.821928592573,13028.557913969635
2658,P3,13028.557913969635,13212.40947803223
2658,P4,13212.40947803223,13536.826334722185
2658,P6,13536.826334722185,13695.308142557617
2659,P2,12788.045208214124,12878.070454268234
2659,P3,12878.070454268234,13019.276288422507
2659,P4,13019.276288422507,13261.745105699367
2659,P5,13261.745105699367,13375.147021136556
2660,P2,12792.462524104903,12978.41593214363
2660,P3,12978.41593214363,13196.55974499127
2660,P4,13196.55974499127,13539.796518457442
2660,P7,13539.796518457442,13677.479311659117
2661,P1,12811.05247212572,12921.92693783353
2661,P2,12921.92693783353,13056.058700781552
2661,P3,13056.058700781552,13238.561107341051
2661,P4,13238.561107341051,13591.150973615819
2661,P6,13591.150973615819,13747.739820984858
2662,P3,12812.824318174109,12981.388701129881
2662,P4,12981.388701129881,13221.4967397887
2662,P7,13221.4967397887,13336.343546482818
2663,P1,12814.545701841567,12973.869967759925
2663,P2,12973.869967759925,13196.63618593716
2663,P3,13196.63618593716,13412.150834232234
2663,P4,13412.150834232234,13729.784170341743
2663,P7,13729.784170341743,13930.799671759749
2664,P1,12816.280182494815,12901.809501698495
2664,P2,12901.809501698495,12983.261732652247
2664,P3,12983.261732652247,13111.032616762559
2664,P5,13111.032616762559,13239.636068843349
2664,P6,13239.636068843349,13350.451854991463
2664,P7,13350.451854991463,13444.518454711215
2665,P3,12819.80105026011,12928.911923903628
2665,P4,12928.911923903628,13118.893071954793
2665,P5,13118.893071954793,13229.461744126522
2665,P6,13229.461744126522,13340.862238170532
2666,P3,12827.411868650757,13001.242114434808
2666,P4,13001.242114434808,13183.592010009499
2666,P5,13183.592010009499,13282.932534352722
2666,P6,13282.932534352722,13373.5763949488
2667,P2,12840.15263407076,12968.888630279216
2667,P3,12968.888630279216,13117.76023319044
2667,P5,13117.76023319044,13239.002635102146
2667,P6,13239.002635102146,13354.753162359944
2668,P3,12851.7744558191,13029.091853297878
2668,P4,13029.091853297878,13299.178853342733
2668,P7,13299.178853342733,13425.243247132672
2669,P2,12851.8227314975,12953.778626401769
2669,P3,12953.778626401769,13105.978755345794
2669,P4,13105.978755345794,13353.972410025068
2669,P5,13353.972410025068,13503.532727701227
2669,P6,13503.532727701227,13623.694674760134
2670,P1,12852.597525049256,12964.739236466632
2670,P2,12964.739236466632,13121.655427126516
2670,P3,13121.655427126516,13333.371796970334
2670,P5,13333.371796970334,13549.674896961626
2670,P6,13549.674896961626,13684.811555220163
2671,P2,12857.831933222635,12934.491476645057
2671,P3,12934.491476645057,13045.667381743579
2671,P4,13045.667381743579,13189.91484318536
2671,P6,13189.91484318536,13270.503954358137
2672,P1,12859.646681322763,12960.876713652695
2672,P2,12960.876713652695,13119.307612883054
2672,P3,13119.307612883054,13384.764290371832
2672,P5,13384.764290371832,13586.865566323502
2673,P1,12859.955780446837,12978.486432995462
2673,P2,12978.486432995462,13096.646974381292
2673,P3,13096.646974381292,13287.59323017347
2673,P5,13287.59323017347,13440.863259505784
2674,P3,12860.944147039647,12991.401349474812
2674,P5,12991.401349474812,13085.561134240026
2674,P6,13085.561134240026,13158.594542089522
2674,P7,13158.594542089522,13228.813705031504
2675,P1,12861.076407408467,12950.699775817278
2675,P2,12950.699775817278,13083.77566143232
2675,P3,13083.77566143232,13224.303654249856
2675,P4,13224.303654249856,13551.883562015537
2675,P6,13551.883562015537,13676.042901941024
2676,P3,12865.63161164923,13062.066728097607
2676,P4,13062.066728097607,13332.170196857345
2676,P5,13332.170196857345,13479.884729372057
2676,P6,13479.884729372057,13606.003133168706
2677,P1,12869.901053514317,12955.060841691395
2677,P2,12955.060841691395,13060.732568447052
2677,P3,13060.732568447052,13222.022120511665
2677,P4,13222.022120511665,13493.573303868423
2677,P6,13493.573303868423,13667.400596039772
2677,P7,13667.400596039772,13769.850466647233
2678,P1,12880.965567150446,12977.179547267408
2678,P2,12977.179547267408,13101.437773712698
2678,P3,13101.437773712698,13220.106636297693
2678,P4,13220.106636297693,13460.472689454462
2678,P6,13460.472689454462,13574.536625022445
2678,P7,13574.536625022445,13683.056202352524
2679,P1,12883.505570896536,12957.332316525572
2679,P2,12957.332316525572,13085.641136292157
2679,P3,13085.641136292157,13277.025088994053
2679,P5,13277.025088994053,13423.26073251324
2680,P3,12884.091576692137,13027.089794151248
2680,P4,13027.089794151248,13226.872691559645
2680,P5,13226.872691559645,13340.256824282975
2680,P6,13340.256824282975,13437.28318456741
2681,P1,12890.36329594185,12982.61279542986
2681,P2,12982.61279542986,13094.383053791236
2681,P3,13094.383053791236,13208.85324633154
2681,P4,13208.85324633154,13409.4502915068
2681,P7,13409.4502915068,13494.825785014196
2682,P1,12895.265911635135,12976.781325643618
2682,P2,12976.781325643618,13061.095742546582
2682,P3,13061.095742546582,13195.919749869932
2682,P5,13195.919749869932,13308.777888482051
2682,P6,13308.777888482051,13486.01540950876
2682,P7,13486.01540950876,13586.204134495081
2683,P3,12897.142291925235,13009.836559908896
2683,P4,13009.836559908896,13160.441428776398
2683,P5,13160.441428776398,13254.628559687446
2684,P1,12904.157986900276,12996.313857999112
2684,P2,12996.313857999112,13114.884094704694
2684,P3,13114.884094704694,13269.223749494875
2684,P4,13269.223749494875,13533.671098445939
2684,P6,13533.671098445939,13631.966524244668
2685,P2,12904.715114492641,13029.30595829906
2685,P3,13029.30595829906,13223.31156563392
2685,P5,13223.31156563392,13381.93431352848
2685,P6,13381.93431352848,13549.206216411532
2686,P1,12913.277350906057,12998.104598281563
2686,P2,12998.104598281563,13108.309106644003
2686,P3,13108.309106644003,13254.171114493214
2686,P5,13254.171114493214,13397.380077497117
2686,P6,13397.380077497117,13512.84783211821
2687,P1,12916.753902331131,13005.650621267601
2687,P2,13005.650621267601,13097.597521980108
2687,P3,13097.597521980108,13221.031897612918
2687,P5,13221.031897612918,13338.918729422534
2688,P1,12917.280944111404,13045.244795382057
2688,P2,13045.244795382057,13202.184034411679
2688,P3,13202.184034411679,13410.815762606053
2688,P4,13410.815762606053,13697.796205781511
2688,P6,13697.796205781511,13888.042150040166
2689,P1,12921.151676458949,12994.412287010939
2689,P2,12994.412287010939,13090.96085234664
2689,P3,13090.96085234664,13207.629423111668
2689,P4,13207.629423111668,13407.213792882914
2689,P5,13407.213792882914,13518.082390716074
2689,P6,13518.082390716074,13638.960185197471
2690,P2,12932.92915921576,13057.945025081957
2690,P3,13057.945025081957,13210.98943165693
2690,P4,13210.98943165693,13428.131034924008
2690,P5,13428.131034924008,13563.640616571194
2690,P6,13563.640616571194,13686.03049995433
2690,P7,13686.03049995433,13779.470657457114
2691,P2,12936.478282006115,13037.41410344699
2691,P3,13037.41410344699,13166.382656513899
2691,P4,13166.382656513899,13384.471685399381
2691,P7,13384.471685399381,13486.61302346399
2692,P1,12936.605528726994,13015.66255105048
2692,P2,13015.66255105048,13114.419489504584
2692,P3,13114.419489504584,13243.771535956816
2692,P4,13243.771535956816,13465.6914074746
2692,P6,13465.6914074746,13576.814132326654
2693,P1,12944.470699015395,13062.994189884386
2693,P2,13062.994189884386,13185.746699200075
2693,P3,13185.746699200075,13337.843073345703
2693,P4,13337.843073345703,13616.2094942031
2693,P6,13616.2094942031,13739.667239478149
2694,P1,12961.31440526903,13082.052258845324
2694,P2,13082.052258845324,13279.000078469666
2694,P3,13279.000078469666,13514.59113040707
2694,P4,13514.59113040707,13903.092331951497
2694,P7,13903.092331951497,14106.747110187998
2695,P1,12964.004634461895,13055.815354817632
2695,P2,13055.815354817632,13167.857669868024
2695,P3,13167.857669868024,13302.759680204064
2695,P4,13302.759680204064,13508.073062124487
2695,P5,13508.073062124487,13637.124663366832
2695,P6,13637.124663366832,13790.83945182737
2695,P7,13790.83945182737,13879.995122453323
2696,P1,12983.642691356714,13061.257024009243
2696,P2,13061.257024009243,13177.311940400428
2696,P3,13177.311940400428,13283.294379164723
2696,P5,13283.294379164723,13387.485411852977
2697,P1,12990.955225089618,13083.773915043721
2697,P2,13083.773915043721,13188.137602864688
2697,P3,13188.137602864688,13367.53700097751
2697,P5,13367.53700097751,13515.13731795927
2697,P6,13515.13731795927,13633.34662090657
2698,P3,12995.855530890029,13151.11793910281
2698,P4,13151.11793910281,13323.206392809048
2698,P7,13323.206392809048,13442.135370271188
2699,P1,12996.77715675694,13170.332178645484
2699,P2,13170.332178645484,13286.900363643139
2699,P3,13286.900363643139,13485.2333766189
2699,P4,13485.2333766189,13729.94226603974
2699,P5,13729.94226603974,13872.71572942579
2699,P6,13872.71572942579,13988.17309288407
2699,P7,13988.17309288407,14125.576811609406
2700,P2,12997.47451023132,13145.966221690302
2700,P3,13145.966221690302,13304.297012363093
2700,P4,13304.297012363093,13678.088085387602
2700,P5,13678.088085387602,13859.972743388102
2700,P6,13859.972743388102,14044.189624660152
2701,P1,12998.205272557687,13087.512046053773
2701,P2,13087.512046053773,13185.554597548644
2701,P3,13185.554597548644,13314.499331606768
2701,P5,13314.499331606768,13437.113865019512
2702,P3,13001.654701876083,13147.80396768302
2702,P5,13147.80396768302,13250.196200409344
2702,P6,13250.196200409344,13354.197562884416
2703,P1,13003.04380904837,13146.1807093092
2703,P2,13146.1807093092,13304.325123665805
2703,P3,13304.325123665805,13525.04716331857
2703,P4,13525.04716331857,13909.92455674071
2703,P6,13909.92455674071,14098.877350107188
2704,P3,13007.921356282364,13141.990350444406
2704,P4,13141.990350444406,13460.915403409148
2704,P5,13460.915403409148,13594.800917343113
2704,P6,13594.800917343113,13726.330937243481
2705,P2,13016.220318654896,13107.610219950497
2705,P3,13107.610219950497,13232.617205440747
2705,P4,13232.617205440747,13449.839888591776
2705,P5,13449.839888591776,13578.363785482437
2706,P3,13017.215388643775,13186.099367588275
2706,P5,13186.099367588275,13332.831740208905
2706,P6,13332.831740208905,13458.322020449586
2707,P1,13043.402681965346,13150.77965975917
2707,P2,13150.77965975917,13240.445066952982
2707,P3,13240.445066952982,13392.167876914971
2707,P5,13392.167876914971,13512.583535785669
2707,P6,13512.583535785669,13642.232081237615
2707,P7,13642.232081237615,13734.043702791962
2708,P1,13044.991950976008,13116.292210646428
2708,P2,13116.292210646428,13206.913322519818
2708,P3,13206.913322519818,13327.549592846492
2708,P4,13327.549592846492,13527.909764817612
2708,P6,13527.909764817612,13641.514464937565
2709,P1,13047.938075018616,13143.497905557713
2709,P2,13143.497905557713,13243.98946494054
2709,P3,13243.98946494054,13380.918475432702
2709,P4,13380.918475432702,13598.9431205332
2709,P5,13598.9431205332,13703.389683549512
2710,P2,13062.043107496922,13184.972018754384
2710,P3,13184.972018754384,13343.940577700916
2710,P4,13343.940577700916,13625.722122858362
2710,P7,13625.722122858362,13729.771393208764
2711,P1,13062.292159049495,13207.461429782501
2711,P2,13207.461429782501,13351.001469124245
2711,P3,13351.001469124245,13549.335118279143
2711,P5,13549.335118279143,13730.716199027722
2711,P6,13730.716199027722,13900.644749089051
2712,P3,13069.510436022947,13235.2469041544
2712,P4,13235.2469041544,13538.19165546791
2712,P5,13538.19165546791,13674.67995391482
2713,P2,13083.561946189542,13205.937873273353
2713,P3,13205.937873273353,13357.658650971234
2713,P4,13357.658650971234,13608.50527480307
2713,P6,13608.50527480307,13703.271627322481
2714,P2,13083.958750401245,13196.629457983421
2714,P3,13196.629457983421,13305.459812392337
2714,P5,13305.459812392337,13427.394763824508
2714,P6,13427.394763824508,13531.393623561224
2715,P2,13090.533327690458,13202.604925054682
2715,P3,13202.604925054682,13343.685135901198
2715,P5,13343.685135901198,13478.248537498232
2716,P1,13097.552311747439,13297.153912404228
2716,P2,13297.153912404228,13430.407801039168
2716,P3,13430.407801039168,13594.041977596567
2716,P5,13594.041977596567,13729.551526506402
2717,P2,13101.071367358567,13209.90989729443
2717,P3,13209.90989729443,13335.98590661331
2717,P4,13335.98590661331,13547.618318861078
2717,P6,13547.618318861078,13650.619533165715
2718,P2,13101.085101852641,13202.31075737246
2718,P3,13202.31075737246,13356.383138863486
2718,P5,13356.383138863486,13477.839503521613
2718,P6,13477.839503521613,13587.172791168134
2719,P1,13108.707506667635,13192.26542629282
2719,P2,13192.26542629282,13324.643738861789
2719,P3,13324.643738861789,13466.917357066473
2719,P4,13466.917357066473,13746.438364627114
2719,P6,13746.438364627114,13881.152986463041
2720,P2,13113.190470684747,13264.68909501314
2720,P3,13264.68909501314,13428.661552800413
2720,P4,13428.661552800413,13772.382205463722
2720,P5,13772.382205463722,13934.554024357958
2721,P3,13135.756901884939,13299.966918612008
2721,P5,13299.966918612008,13436.236042561228
2722,P1,13139.262666657241,13213.689330971916
2722,P2,13213.689330971916,13322.11069592464
2722,P3,13322.11069592464,13479.671046678184
2722,P4,13479.671046678184,13724.922860167866
2722,P5,13724.922860167866,13853.254477368895
2722,P6,13853.254477368895,13966.382529867167
2723,P3,13141.19151564381,13239.004656440513
2723,P4,13239.004656440513,13429.584761249127
2723,P7,13429.584761249127,13492.661211334205
2724,P2,13142.47442767972,13268.869321172742
2724,P3,13268.869321172742,13438.519459061074
2724,P4,13438.519459061074,13689.157064851892
2724,P6,13689.157064851892,13790.71068894468
2725,P1,13149.414004999793,13266.308201233529
2725,P2,13266.308201233529,13410.095180742599
2725,P3,13410.095180742599,13700.425674063825
2725,P4,13700.425674063825,14098.540497681954
2725,P7,14098.540497681954,14295.802005710519
2726,P2,13151.30664530845,13244.809556061315
2726,P3,13244.809556061315,13433.921306116621
2726,P4,13433.921306116621,13642.104726017154
2726,P6,13642.104726017154,13768.096521690264
2727,P2,13151.783474384829,13226.036357569741
2727,P3,13226.036357569741,13351.123447704267
2727,P5,13351.123447704267,13470.473406915778
2727,P6,13470.473406915778,13563.909349949243
2728,P1,13152.687934494259,13287.946537895143
2728,P2,13287.946537895143,13500.433114185527
2728,P3,13500.433114185527,13743.992768511285
2728,P4,13743.992768511285,14160.477098719279
2728,P6,14160.477098719279,14374.948556980535
2729,P3,13153.44470130812,13462.861506082922
2729,P5,13462.861506082922,13601.274901713952
2729,P6,13601.274901713952,13726.35772337924
2729,P7,13726.35772337924,13839.270470686748
2730,P3,13161.888911250891,13321.730168173111
2730,P5,13321.730168173111,13473.538778080543
2731,P2,13180.302148111989,13345.985861209165
2731,P3,13345.985861209165,13611.909618331161
2731,P5,13611.909618331161,13814.423624611683
2731,P6,13814.423624611683,13973.715077836234
2731,P7,13973.715077836234,14125.583887689107
2732,P3,13186.725953453417,13386.553996460745
2732,P4,13386.553996460745,13703.868826196489
2732,P5,13703.868826196489,13854.579420573402
2732,P6,13854.579420573402,13981.32573109783
2733,P3,13190.570569981553,13357.172873248674
2733,P5,13357.172873248674,13504.857282807578
2734,P3,13195.411481349762,13326.12048860631
2734,P5,13326.12048860631,13548.412005102186
2735,P1,13202.617069860418,13368.409566099393
2735,P2,13368.409566099393,13526.289972259732
2735,P3,13526.289972259732,13729.525841500848
2735,P5,13729.525841500848,13914.80096404593
2735,P6,13914.80096404593,14110.633116899497
2736,P2,13209.662484744136,13328.255793407145
2736,P3,13328.255793407145,13481.714175176541
2736,P5,13481.714175176541,13621.42215456255
2736,P6,13621.42215456255,13743.589530712672
2737,P1,13210.496485432448,13280.157813200507
2737,P2,13280.157813200507,13359.816322384038
2737,P3,13359.816322384038,13468.772617069193
2737,P4,13468.772617069193,13756.459872380961
2737,P7,13756.459872380961,13849.298194735446
2738,P2,13217.18395141057,13374.32133561595
2738,P3,13374.32133561595,13507.493457294047
2738,P5,13507.493457294047,13662.72075184749
2738,P6,13662.72075184749,13802.184901897466
2739,P3,13225.56329542398,13405.559125026206
2739,P5,13405.559125026206,13552.155613603602
2739,P6,13552.155613603602,13677.473260313382
2740,P1,13230.629004998606,13310.059958751057
2740,P2,13310.059958751057,13406.18601371062
2740,P3,13406.18601371062,13524.913405956795
2740,P4,13524.913405956795,13741.41389187739
2740,P6,13741.41389187739,13858.529418489386
2741,P3,13231.053986841833,13383.765728825185
2741,P4,13383.765728825185,13739.055268948203
2741,P7,13739.055268948203,13840.468350846912
2742,P2,13235.179169759114,13321.81671751502
2742,P3,13321.81671751502,13450.956568292666
2742,P5,13450.956568292666,13568.513240595348
2742,P6,13568.513240595348,13710.28902660662
2743,P1,13237.136383928051,13405.071747056454
2743,P2,13405.071747056454,13505.365203742806
2743,P3,13505.365203742806,13698.51807406815
2743,P5,13698.51807406815,13889.708995309393
2743,P6,13889.708995309393,14044.85116864617
2744,P3,13257.588359139378,13426.180062231502
2744,P5,13426.180062231502,13566.662122912277
2744,P6,13566.662122912277,13690.82803699606
2745,P1,13261.974803819283,13331.031460788075
2745,P2,13331.031460788075,13409.836787265378
2745,P3,13409.836787265378,13539.332109107036
2745,P5,13539.332109107036,13634.509208126372
2746,P2,13263.22364105076,13414.84548222315
2746,P3,13414.84548222315,13565.11426461794
2746,P4,13565.11426461794,13854.324999587541
2746,P6,13854.324999587541,13990.59365704769
2746,P7,13990.59365704769,14115.209372040603
2747,P1,13272.263773021014,13418.123253160195
2747,P2,13418.123253160195,13586.391247366711
2747,P3,13586.391247366711,13839.572910172914
2747,P4,13839.572910172914,14224.349571257972
2747,P6,14224.349571257972,14395.346876706812
2747,P7,14395.346876706812,14555.650100558993
2748,P1,13274.675282231929,13376.672053476243
2748,P2,13376.672053476243,13446.988938511953
2748,P3,13446.988938511953,13559.919289658032
2748,P4,13559.919289658032,13736.405877962019
2748,P6,13736.405877962019,13812.63551896131
2749,P2,13275.324093588486,13373.15394045593
2749,P3,13373.15394045593,13540.288977162554
2749,P4,13540.288977162554,13741.982122547575
2749,P5,13741.982122547575,13867.110775157893
2749,P6,13867.110775157893,13962.053257888672
2750,P2,13281.949995062447,13427.800265682807
2750,P3,13427.800265682807,13616.911792937568
2750,P5,13616.911792937568,13794.007732012971
2750,P6,13794.007732012971,13956.072164874153
2751,P3,13289.246826122744,13451.32451567998
2751,P4,13451.32451567998,13726.807117830984
2751,P5,13726.807117830984,13890.9853547726
2752,P1,13295.558739713451,13412.786146281784
2752,P2,13412.786146281784,13539.483671057933
2752,P3,13539.483671057933,13764.634852519064
2752,P4,13764.634852519064,14012.374054772143
2752,P7,14012.374054772143,14136.460913179146
2753,P1,13295.700897267667,13378.91784026367
2753,P2,13378.91784026367,13483.90827902846
2753,P3,13483.90827902846,13632.509312519367
2753,P5,13632.509312519367,13773.579592444734
2754,P1,13296.196335251696,13394.387076425535
2754,P2,13394.387076425535,13488.092182138264
2754,P3,13488.092182138264,13633.303817248217
2754,P5,13633.303817248217,13756.310502325805
2755,P1,13302.479751741796,13383.127185684403
2755,P2,13383.127185684403,13489.42739623805
2755,P3,13489.42739623805,13624.304816487025
2755,P5,13624.304816487025,13771.86998087569
2756,P2,13303.792792778491,13407.185184939313
2756,P3,13407.185184939313,13621.575493629469
2756,P4,13621.575493629469,13890.884328173968
2756,P5,13890.884328173968,14021.09011319576
2756,P6,14021.09011319576,14136.251359901413
2756,P7,14136.251359901413,14224.278443622055
2757,P1,13304.16576785419,13416.761962764243
2757,P2,13416.761962764243,13566.469119872256
2757,P3,13566.469119872256,13781.06450332841
2757,P4,13781.06450332841,14102.553649601417
2757,P6,14102.553649601417,14284.345051901459
2758,P1,13315.704007966397,13414.42697703381
2758,P2,13414.42697703381,13530.001851862102
2758,P3,13530.001851862102,13678.10326129033
2758,P4,13678.10326129033,13947.19776717739
2758,P6,13947.19776717739,14060.350686129232
2759,P3,13317.24138209319,13445.7330587825
2759,P4,13445.7330587825,13697.049498603326
2759,P6,13697.049498603326,13812.484488016331
2759,P7,13812.484488016331,13904.376678162409
2760,P1,13317.722913860094,13495.751973043327
2760,P2,13495.751973043327,13660.62194611558
2760,P3,13660.62194611558,13958.713098829725
2760,P5,13958.713098829725,14177.153402089063
2761,P3,13319.459606980014,13412.478207851389
2761,P4,13412.478207851389,13586.510027853441
2761,P6,13586.510027853441,13678.030322995335
2761,P7,13678.030322995335,13852.508584234607
2762,P1,13321.72970462588,13416.349556773726
2762,P2,13416.349556773726,13533.182296506631
2762,P3,13533.182296506631,13727.902704201273
2762,P5,13727.902704201273,13878.926949333742
2762,P6,13878.926949333742,14025.022180349144
2763,P2,13329.888029808833,13441.372500672476
2763,P3,13441.372500672476,13578.345084708033
2763,P5,13578.345084708033,13697.330338711003
2763,P6,13697.330338711003,13817.732002716199
2764,P1,13337.023626358034,13425.307191231985
2764,P2,13425.307191231985,13569.443224378374
2764,P3,13569.443224378374,13700.857170090052
2764,P4,13700.857170090052,13906.296765290312
2764,P6,13906.296765290312,14030.06923492888
2765,P1,13344.05502837046,13401.927559140118
2765,P2,13401.927559140118,13487.715856939454
2765,P3,13487.715856939454,13595.913609203591
2765,P5,13595.913609203591,13706.056627359028
2765,P6,13706.056627359028,13784.718255048068
2766,P1,13345.415839419866,13412.452248136924
2766,P2,13412.452248136924,13510.77407808259
2766,P3,13510.77407808259,13640.991251177065
2766,P4,13640.991251177065,13881.039662418967
2766,P7,13881.039662418967,14094.907624253727
2767,P2,13345.479237441503,13521.203379603865
2767,P3,13521.203379603865,13721.523700045085
2767,P4,13721.523700045085,14077.367512402117
2767,P5,14077.367512402117,14237.138597078474
2767,P6,14237.138597078474,14362.020554806853
2767,P7,14362.020554806853,14465.865107777014
2768,P2,13348.065596148173,13521.712675882196
2768,P3,13521.712675882196,13711.087116274017
2768,P5,13711.087116274017,13898.519596616661
2769,P2,13355.430602457984,13470.195226379827
2769,P3,13470.195226379827,13599.752421556514
2769,P5,13599.752421556514,13723.56488940174
2769,P6,13723.56488940174,13860.715691084126
2770,P1,13356.069978600714,13447.423245416989
2770,P2,13447.423245416989,13542.057560090729
2770,P3,13542.057560090729,13670.299651610396
2770,P4,13670.299651610396,13898.134529265546
2770,P7,13898.134529265546,13984.9210419347
2771,P1,13356.90073449371,13440.783502524191
2771,P2,13440.783502524191,13556.054853155945
2771,P3,13556.054853155945,13702.786070642485
2771,P4,13702.786070642485,14011.143549212078
2771,P5,14011.143549212078,14132.357743546223
2771,P6,14132.357743546223,14244.88609276256
2772,P1,13358.42499534079,13484.178410252964
2772,P2,13484.178410252964,13632.012612226325
2772,P3,13632.012612226325,13851.876365048294
2772,P4,13851.876365048294,14164.440245835705
2772,P5,14164.440245835705,14326.901801515698
2772,P6,14326.901801515698,14503.838494672604
2773,P2,13360.254194480838,13485.595623245328
2773,P3,13485.595623245328,13700.774567490333
2773,P5,13700.774567490333,13845.137469019128
2774,P3,13362.776757587868,13595.718089467944
2774,P4,13595.718089467944,13888.632625209852
2774,P5,13888.632625209852,14135.01243128622
2775,P3,13370.776920825538,13519.208380711832
2775,P4,13519.208380711832,13775.424977471554
2775,P5,13775.424977471554,13924.888180661465
2775,P6,13924.888180661465,14054.483348593949
2776,P1,13379.941904703408,13470.390680440485
2776,P2,13470.390680440485,13600.82395519399
2776,P3,13600.82395519399,13825.087435724738
2776,P4,13825.087435724738,14160.236775229898
2776,P5,14160.236775229898,14351.484963165669
2777,P3,13381.088313688559,13547.383840765595
2777,P4,13547.383840765595,13842.323503923233
2777,P6,13842.323503923233,13986.633266326951
2778,P2,13385.849984167991,13541.787312628267
2778,P3,13541.787312628267,13724.002211920013
2778,P4,13724.002211920013,14190.09473708754
2778,P5,14190.09473708754,14389.369335999541
2778,P6,14389.369335999541,14743.537183246783
2778,P7,14743.537183246783,14862.370813229361
2779,P1,13386.225196903268,13484.5297508879
2779,P2,13484.5297508879,13619.322772548281
2779,P3,13619.322772548281,13789.308282814038
2779,P4,13789.308282814038,14078.652303112809
2779,P6,14078.652303112809,14198.721008688291
2780,P1,13386.70350322883,13534.778624685934
2780,P2,13534.778624685934,13673.179427738825
2780,P3,13673.179427738825,13910.33471731983
2780,P4,13910.33471731983,14263.607099635372
2780,P6,14263.607099635372,14440.59226372287
2781,P1,13387.199341241594,13552.319865755173
2781,P2,13552.319865755173,13744.850092325434
2781,P3,13744.850092325434,13979.73113755051
2781,P4,13979.73113755051,14401.24402672065
2781,P5,14401.24402672065,14684.950910192489
2781,P6,14684.950910192489,14872.60347646797
2782,P1,13392.04820190793,13527.932573081134
2782,P2,13527.932573081134,13689.038780600209
2782,P3,13689.038780600209,13891.210122396547
2782,P4,13891.210122396547,14196.853287366963
2782,P6,14196.853287366963,14395.32151721796
2782,P7,14395.32151721796,14576.584075711375
2783,P3,13393.519477201788,13607.350663921881
2783,P5,13607.350663921881,13814.605835350592
2784,P1,13397.538493283766,13504.63125810106
2784,P2,13504.63125810106,13639.530393485462
2784,P3,13639.530393485462,13799.5145545404
2784,P4,13799.5145545404,14041.6768768854
2784,P5,14041.6768768854,14207.163426484796
2784,P6,14207.163426484796,14361.92510178316
2785,P2,13400.557500627418,13496.868106311613
2785,P3,13496.868106311613,13619.707751750904
2785,P5,13619.707751750904,13754.949278876758
2786,P1,13401.856635042535,13520.750390913006
2786,P2,13520.750390913006,13632.726596032635
2786,P3,13632.726596032635,13782.602929425475
2786,P4,13782.602929425475,14003.658120989729
2786,P6,14003.658120989729,14108.924184969925
2787,P2,13402.241009361314,13573.926998001813
2787,P3,13573.926998001813,13780.454879567174
2787,P4,13780.454879567174,14064.264299158529
2787,P6,14064.264299158529,14229.50668809315
2788,P3,13409.801793937466,13541.763732778469
2788,P4,13541.763732778469,13706.832176265223
2788,P6,13706.832176265223,13837.37492986759
2789,P1,13409.903930104261,13507.971154076264
2789,P2,13507.971154076264,13611.59575511906
2789,P3,13611.59575511906,13756.102713451482
2789,P4,13756.102713451482,14020.018822626389
2789,P6,14020.018822626389,14122.7204379502
2789,P7,14122.7204379502,14219.09236651456
2790,P3,13413.051782048005,13630.709415178026
2790,P5,13630.709415178026,13791.847809509029
2791,P1,13418.269787452542,13538.454179668486
2791,P2,13538.454179668486,13675.93249300357
2791,P3,13675.93249300357,13888.99944480047
2791,P5,13888.99944480047,14072.136585045146
2791,P6,14072.136585045146,14219.37178121973
2792,P1,13419.998916911947,13502.720141271146
2792,P2,13502.720141271146,13600.284272620476
2792,P3,13600.284272620476,13715.666782737137
2792,P4,13715.666782737137,13878.704046510255
2792,P5,13878.704046510255,13997.948885711028
2792,P6,13997.948885711028,14097.241851419176
2792,P7,14097.241851419176,14168.001194081642
2793,P3,13432.02652306055,13570.32299683566
2793,P4,13570.32299683566,13753.16560657102
2793,P7,13753.16560657102,13832.048619256419
2794,P2,13433.771266750848,13554.988982282179
2794,P3,13554.988982282179,13735.412761956437
2794,P5,13735.412761956437,13900.098821560307
2794,P6,13900.098821560307,14055.151440916003
2795,P3,13434.241801730475,13620.358606616053
2795,P4,13620.358606616053,13939.765783602134
2795,P5,13939.765783602134,14114.063364216634
2796,P3,13435.534391043042,13605.271704546238
2796,P4,13605.271704546238,13882.760718831405
2796,P6,13882.760718831405,14024.903974823279
2797,P1,13463.392562868254,13589.095624982576
2797,P2,13589.095624982576,13747.705718295338
2797,P3,13747.705718295338,13914.016976494457
2797,P4,13914.016976494457,14193.900880707191
2797,P6,14193.900880707191,14352.500548622735
2798,P1,13469.491721757524,13581.087376748976
2798,P2,13581.087376748976,13733.921854763745
2798,P3,13733.921854763745,13961.787832731181
2798,P5,13961.787832731181,14130.211415175741
2798,P6,14130.211415175741,14269.87475891693
2799,P3,13471.803991334233,13637.238664075718
2799,P5,13637.238664075718,13770.511599062384
2800,P1,13476.58706895956,13580.196162882321
2800,P2,13580.196162882321,13700.191948902728
2800,P3,13700.191948902728,13873.80390426504
2800,P4,13873.80390426504,14120.287702017771
2800,P5,14120.287702017771,14260.317932852418
2801,P1,13477.499991874452,13583.138173062034
2801,P2,13583.138173062034,13712.696336263125
2801,P3,13712.696336263125,13881.632263155745
2801,P4,13881.632263155745,14215.237523130694
2801,P7,14215.237523130694,14349.641873832636
2802,P1,13477.533446889014,13564.288895329308
2802,P2,13564.288895329308,13662.183511938783
2802,P3,13662.183511938783,13817.81497158902
2802,P4,13817.81497158902,14053.878133851274
2802,P7,14053.878133851274,14155.211511686715
2803,P2,13479.027408705071,13565.823968628738
2803,P3,13565.823968628738,13691.418648967898
2803,P4,13691.418648967898,13877.12874649955
2803,P7,13877.12874649955,13950.298209459852
2804,P3,13480.235472610715,13640.378949150254
2804,P5,13640.378949150254,13770.282035750473
2804,P6,13770.282035750473,13885.827873572787
2805,P3,13480.415810473856,13652.00656176396
2805,P4,13652.00656176396,14003.532960154109
2805,P6,14003.532960154109,14202.93303060255
2806,P1,13480.947815618823,13588.394043005585
2806,P2,13588.394043005585,13685.801759043597
2806,P3,13685.801759043597,13858.091307841001
2806,P4,13858.091307841001,14081.431089920905
2806,P6,14081.431089920905,14201.821352348357
2806,P7,14201.821352348357,14329.418372138483
2807,P2,13488.043562857823,13620.686728071092
2807,P3,13620.686728071092,13790.911180522144
2807,P4,13790.911180522144,14112.088311490883
2807,P5,14112.088311490883,14339.562250615807
2808,P1,13490.10936768642,13588.803245364894
2808,P2,13588.803245364894,13684.77661492694
2808,P3,13684.77661492694,13810.241668090028
2808,P4,13810.241668090028,14034.615997644976
2808,P7,14034.615997644976,14127.8356535841
2809,P1,13491.464949085734,13578.112335763584
2809,P2,13578.112335763584,13694.589445674537
2809,P3,13694.589445674537,13863.387138017099
2809,P4,13863.387138017099,14103.574874501093
2809,P7,14103.574874501093,14205.261500224437
2810,P1,13493.540601655299,13742.416324551376
2810,P2,13742.416324551376,13872.732148698977
2810,P3,13872.732148698977,14036.097258979
2810,P5,14036.097258979,14206.65873519815
2811,P3,13493.7032382677,13680.279053359856
2811,P4,13680.279053359856,13942.658431854159
2811,P6,13942.658431854159,14077.541857280396
2812,P3,13504.700951639754,13650.685115298333
2812,P4,13650.685115298333,13836.66229300798
2812,P7,13836.66229300798,13923.92540769235
2813,P3,13514.565009039348,13651.392270582088
2813,P4,13651.392270582088,13979.311114845836
2813,P6,13979.311114845836,14112.796953546416
2814,P3,13518.797100581352,13797.360703353188
2814,P4,13797.360703353188,14218.406045061602
2814,P5,14218.406045061602,14430.095273114926
2815,P1,13529.445707225423,13652.452787906477
2815,P2,13652.452787906477,13774.190206446185
2815,P3,13774.190206446185,13931.348789162836
2815,P4,13931.348789162836,14224.310377987356
2815,P6,14224.310377987356,14366.79567711859
2816,P1,13536.273755628212,13617.667079376606
2816,P2,13617.667079376606,13740.06603710378
2816,P3,13740.06603710378,13916.432707494101
2816,P4,13916.432707494101,14232.944839380483
2816,P5,14232.944839380483,14362.500588406125
2816,P6,14362.500588406125,14474.266483634094
2817,P2,13541.0603405498,13686.985836394462
2817,P3,13686.985836394462,13937.015422551347
2817,P5,13937.015422551347,14154.173768138484
2818,P1,13544.559499615465,13653.824769649613
2818,P2,13653.824769649613,13741.763215285233
2818,P3,13741.763215285233,13860.776983583628
2818,P5,13860.776983583628,13990.596391957768
2819,P3,13551.49850061164,13751.349900510337
2819,P5,13751.349900510337,13947.177359494292
2820,P1,13555.683378291555,13693.992918345091
2820,P2,13693.992918345091,13835.221103228307
2820,P3,13835.221103228307,14026.641486737997
2820,P4,14026.641486737997,14355.048880338529
2820,P6,14355.048880338529,14498.509085254334
2821,P1,13558.159537028625,13673.849974503526
2821,P2,13673.849974503526,13789.317303173208
2821,P3,13789.317303173208,13939.813720564322
2821,P4,13939.813720564322,14190.592604541205
2821,P7,14190.592604541205,14290.678392463478
2822,P3,13570.621211642725,13693.582558767182
2822,P4,13693.582558767182,13911.007938536792
2822,P5,13911.007938536792,14020.136500542078
2823,P1,13572.06651696213,13673.171552486387
2823,P2,13673.171552486387,13798.616993436379
2823,P3,13798.616993436379,13973.31034130118
2823,P5,13973.31034130118,14129.93915655753
2823,P6,14129.93915655753,14275.736023213383
2824,P3,13572.984964526466,13728.347531725876
2824,P4,13728.347531725876,13980.880397264551
2824,P7,13980.880397264551,14080.472887537237
2825,P1,13584.705858401081,13689.143444517267
2825,P2,13689.143444517267,13804.742310835298
2825,P3,13804.742310835298,14022.895322018017
2825,P4,14022.895322018017,14285.861367468791
2825,P5,14285.861367468791,14436.214055045226
2826,P1,13590.69650069344,13673.980461468478
2826,P2,13673.980461468478,13766.30022313643
2826,P3,13766.30022313643,13909.391470145174
2826,P4,13909.391470145174,14132.932378449063
2826,P7,14132.932378449063,14230.72177374415
2827,P3,13595.668517898355,13811.2142327533
2827,P4,13811.2142327533,14204.265508071927
2827,P5,14204.265508071927,14405.95180861755
2827,P6,14405.95180861755,14612.169438446377
2828,P3,13605.194475994154,13760.854148192644
2828,P4,13760.854148192644,14007.217584112957
2828,P5,14007.217584112957,14152.033295417166
2829,P3,13610.135342459125,13821.43987950009
2829,P4,13821.43987950009,14200.743246884367
2829,P6,14200.743246884367,14398.612986025482
2829,P7,14398.612986025482,14554.901380461351
2830,P3,13613.998643135257,13808.23871332127
2830,P5,13808.23871332127,14015.714195563722
2830,P6,14015.714195563722,14190.538307983896
2831,P1,13615.486430715453,13673.755671916451
2831,P2,13673.755671916451,13755.175079604187
2831,P3,13755.175079604187,13854.949839768635
2831,P4,13854.949839768635,14037.760995681807
2831,P5,14037.760995681807,14138.57783242314
2831,P6,14138.57783242314,14234.638978773639
2832,P1,13617.988586272415,13712.020235123813
2832,P2,13712.020235123813,13828.4608575044
2832,P3,13828.4608575044,13993.870634167499
2832,P4,13993.870634167499,14239.439066561154
2832,P7,14239.439066561154,14357.348281978395
2833,P3,13622.752131236568,13823.167105077542
2833,P4,13823.167105077542,14100.781330303207
2833,P7,14100.781330303207,14216.435153315655
2834,P1,13622.789704569555,13702.336779690431
2834,P2,13702.336779690431,13816.368558343698
2834,P3,13816.368558343698,13965.881325632514
2834,P4,13965.881325632514,14202.724740788924
2834,P6,14202.724740788924,14334.816150113611
2835,P3,13641.405058506303,13776.076743954154
2835,P4,13776.076743954154,14001.115344631738
2835,P5,14001.115344631738,14109.103825819231
2835,P6,14109.103825819231,14227.948556127545
2836,P1,13643.899848644904,13775.938134478387
2836,P2,13775.938134478387,13842.03806975267
2836,P3,13842.03806975267,13963.106492735309
2836,P5,13963.106492735309,14105.927867133945
2836,P6,14105.927867133945,14187.155219825725
2836,P7,14187.155219825725,14271.495077358197
2837,P2,13644.512635190289,13701.880024359412
2837,P3,13701.880024359412,13778.104092870803
2837,P4,13778.104092870803,13916.340854600809
2837,P6,13916.340854600809,13978.71588098652
2838,P1,13660.49518146203,13732.261298310113
2838,P2,13732.261298310113,13832.695162956572
2838,P3,13832.695162956572,13944.19490200071
2838,P5,13944.19490200071,14041.461633743666
2839,P3,13660.509137993167,13949.602423606571
2839,P5,13949.602423606571,14149.268848045536
2839,P6,14149.268848045536,14371.39682599437
2840,P1,13663.340740883292,13755.203378121585
2840,P2,13755.203378121585,13924.533038344009
2840,P3,13924.533038344009,14040.323960811173
2840,P4,14040.323960811173,14259.474395180434
2840,P7,14259.474395180434,14339.929422579467
2841,P3,13663.554144700902,13849.357099818295
2841,P5,13849.357099818295,14004.266504239207
2842,P1,13663.782102947405,13758.6558972659
2842,P2,13758.6558972659,13909.93952130865
2842,P3,13909.93952130865,14082.620385073435
2842,P4,14082.620385073435,14384.06590589727
2842,P5,14384.06590589727,14540.467922658328
2842,P6,14540.467922658328,14676.045005071106
2843,P1,13669.826731333307,13714.872577917848
2843,P2,13714.872577917848,13776.233265462735
2843,P3,13776.233265462735,13859.159991501368
2843,P5,13859.159991501368,13942.775633409141
2843,P6,13942.775633409141,14008.530081905463
2844,P1,13677.859870788432,13778.914210503808
2844,P2,13778.914210503808,13883.651127246962
2844,P3,13883.651127246962,14149.123385725148
2844,P5,14149.123385725148,14422.180562794329
2844,P6,14422.180562794329,14567.26579163496
2845,P1,13680.025496268594,13760.059786679252
2845,P2,13760.059786679252,13854.123312604539
2845,P3,13854.123312604539,14008.131655064344
2845,P5,14008.131655064344,14134.638697746537
2845,P6,14134.638697746537,14236.726254261586
2845,P7,14236.726254261586,14324.760980807145
2846,P1,13680.879762591894,13808.74390473457
2846,P2,13808.74390473457,13963.342622356447
2846,P3,13963.342622356447,14111.54922432004
2846,P4,14111.54922432004,14452.514827378605
2846,P7,14452.514827378605,14579.893492855643
2847,P1,13687.146285158968,13801.56481421604
2847,P2,13801.56481421604,13933.553174802964
2847,P3,13933.553174802964,14072.994079195469
2847,P5,14072.994079195469,14206.433653201562
2848,P1,13689.573717160594,13800.33029191458
2848,P2,13800.33029191458,13931.531741800727
2848,P3,13931.531741800727,14122.726220451648
2848,P4,14122.726220451648,14456.962102715546
2848,P7,14456.962102715546,14574.097987062574
2849,P3,13697.203104055312,13853.637724672128
2849,P4,13853.637724672128,14091.944348898125
2849,P5,14091.944348898125,14210.295801806617
2849,P6,14210.295801806617,14305.72276130948
2850,P1,13707.774577165073,13804.609377536022
2850,P2,13804.609377536022,13914.958386219183
2850,P3,13914.958386219183,14068.90715654981
2850,P4,14068.90715654981,14289.509536337178
2850,P5,14289.509536337178,14413.26737606305
2850,P6,14413.26737606305,14526.45781935624
2851,P1,13712.39590817784,13788.136051551255
2851,P2,13788.136051551255,13909.719866579728
2851,P3,13909.719866579728,14034.111421803364
2851,P4,14034.111421803364,14246.00355260766
2851,P7,14246.00355260766,14346.664291597825
2852,P1,13721.751289004327,13793.042575260137
2852,P2,13793.042575260137,13862.746202638018
2852,P3,13862.746202638018,13962.072039163331
2852,P4,13962.072039163331,14160.9386888867
2852,P5,14160.9386888867,14249.117751885091
2852,P6,14249.117751885091,14342.94137531413
2853,P1,13722.083546192147,13798.660267153728
2853,P2,13798.660267153728,13958.7688832356
2853,P3,13958.7688832356,14062.050257070596
2853,P4,14062.050257070596,14218.02237567996
2853,P6,14218.02237567996,14295.373755348295
2854,P3,13722.842326465488,13864.873434520008
2854,P4,13864.873434520008,14085.24489368686
2854,P5,14085.24489368686,14211.77643846342
2854,P6,14211.77643846342,14325.852241288028
2855,P1,13723.187511858932,13795.808085055078
2855,P2,13795.808085055078,13895.029157690886
2855,P3,13895.029157690886,14004.517637217943
2855,P5,14004.517637217943,14105.39950071953
2855,P6,14105.39950071953,14246.345008467639
2855,P7,14246.345008467639,14338.618579859865
2856,P1,13725.336670740371,13803.691469101908
2856,P2,13803.691469101908,13910.315257099859
2856,P3,13910.315257099859,14027.49526209085
2856,P4,14027.49526209085,14295.20604253592
2856,P7,14295.20604253592,14396.121134247065
2857,P1,13726.159558634721,13831.824912018637
2857,P2,13831.824912018637,13978.313172491384
2857,P3,13978.313172491384,14171.96821127181
2857,P5,14171.96821127181,14334.364487526893
2857,P6,14334.364487526893,14512.349366886574
2858,P2,13750.53684272363,13877.549536525798
2858,P3,13877.549536525798,14037.954663191578
2858,P4,14037.954663191578,14317.186627964618
2858,P7,14317.186627964618,14448.201359804641
2859,P1,13757.031765904478,13883.557886388384
2859,P2,13883.557886388384,14017.092178520033
2859,P3,14017.092178520033,14191.048749503261
2859,P5,14191.048749503261,14335.770894807281
2859,P6,14335.770894807281,14492.3725019032
2859,P7,14492.3725019032,14615.558679387
2860,P1,13760.974901476367,13835.809739286988
2860,P2,13835.809739286988,13928.71922143713
2860,P3,13928.71922143713,14040.03690672798
2860,P4,14040.03690672798,14255.87248388825
2860,P5,14255.87248388825,14393.548863728889
2860,P6,14393.548863728889,14467.421868269976
2860,P7,14467.421868269976,14567.504298127235
2861,P1,13764.391692320525,13895.267876682394
2861,P2,13895.267876682394,14087.15176614566
2861,P3,14087.15176614566,14316.188179671992
2861,P5,14316.188179671992,14493.520846051708
2861,P6,14493.520846051708,14753.485885749815
2862,P1,13767.07189712586,13912.093754523296
2862,P2,13912.093754523296,14118.750705128308
2862,P3,14118.750705128308,14348.954733502203
2862,P4,14348.954733502203,14739.287291717268
2862,P6,14739.287291717268,14917.480452250244
2863,P1,13780.390818683225,13859.183280609104
2863,P2,13859.183280609104,13991.913037789242
2863,P3,13991.913037789242,14123.851536644204
2863,P4,14123.851536644204,14354.89876479376
2863,P7,14354.89876479376,14438.19481649014
2864,P2,13790.785075422093,13915.2977959991
2864,P3,13915.2977959991,14083.580608048665
2864,P5,14083.580608048665,14227.071112193404
2865,P3,13796.533139913356,13947.740319228755
2865,P4,13947.740319228755,14221.695099227112
2865,P6,14221.695099227112,14360.054348358906
2866,P1,13801.380204974002,13864.941234663154
2866,P2,13864.941234663154,14025.066929640701
2866,P3,14025.066929640701,14157.054170749345
2866,P4,14157.054170749345,14410.018900834184
2866,P7,14410.018900834184,14509.354938248567
2867,P3,13802.620233246513,13910.60237328708
2867,P4,13910.60237328708,14094.728677227782
2867,P7,14094.728677227782,14173.758606503054
2868,P1,13803.252670676813,13895.21459288891
2868,P2,13895.21459288891,14009.088593527968
2868,P3,14009.088593527968,14146.208048352913
2868,P4,14146.208048352913,14348.656117335515
2868,P7,14348.656117335515,14463.437625034128
2869,P1,13805.388373995851,13882.283403284157
2869,P2,13882.283403284157,13980.578323234584
2869,P3,13980.578323234584,14101.097705458533
2869,P5,14101.097705458533,14201.811115136159
2869,P6,14201.811115136159,14285.971251884717
2870,P1,13807.875541090758,13899.307690465335
2870,P2,13899.307690465335,14004.10814091111
2870,P3,14004.10814091111,14157.172403217657
2870,P4,14157.172403217657,14347.868799610542
2870,P6,14347.868799610542,14491.75503907859
2871,P1,13810.983312543995,13911.235811637338
2871,P2,13911.235811637338,14000.357082411518
2871,P3,14000.357082411518,14153.982610390192
2871,P4,14153.982610390192,14386.415804461438
2871,P6,14386.415804461438,14496.155233052175
2872,P1,13812.613528961892,13881.822665033158
2872,P2,13881.822665033158,13976.745343572755
2872,P3,13976.745343572755,14094.538613818055
2872,P4,14094.538613818055,14299.07705125176
2872,P5,14299.07705125176,14391.052397934085
2873,P1,13814.385805952761,13931.721582681108
2873,P2,13931.721582681108,14061.007658773668
2873,P3,14061.007658773668,14267.948273889846
2873,P5,14267.948273889846,14414.7304904341
2874,P3,13818.186173656724,13994.141544282771
2874,P4,13994.141544282771,14234.240269760405
2874,P5,14234.240269760405,14346.087598478158
2875,P2,13820.753121540773,13943.263073488395
2875,P3,13943.263073488395,14117.464892568625
2875,P4,14117.464892568625,14370.77534811719
2875,P5,14370.77534811719,14529.232096606564
2875,P6,14529.232096606564,14682.323482739106
2876,P1,13832.4522600954,13921.783372189058
2876,P2,13921.783372189058,14008.246151694448
2876,P3,14008.246151694448,14128.950087435227
2876,P4,14128.950087435227,14369.796469987805
2876,P5,14369.796469987805,14499.175514194103
2877,P2,13833.01851305519,13952.906358988344
2877,P3,13952.906358988344,14155.08688883925
2877,P4,14155.08688883925,14450.32965047989
2877,P5,14450.32965047989,14630.918800600164
2877,P6,14630.918800600164,14764.92876222124
2878,P2,13846.314665390868,13919.862476227465
2878,P3,13919.862476227465,14014.285908305039
2878,P4,14014.285908305039,14166.364881219983
2878,P7,14166.364881219983,14231.325383540128
2879,P1,13851.32636951301,13927.929138595135
2879,P2,13927.929138595135,14014.950944756492
2879,P3,14014.950944756492,14154.887853714028
2879,P4,14154.887853714028,14392.101447258516
2879,P5,14392.101447258516,14566.693864509256
2879,P6,14566.693864509256,14662.850953763313
2879,P7,14662.850953763313,14762.404820172966
2880,P1,13855.679834899709,13935.121993869403
2880,P2,13935.121993869403,14057.336290907051
2880,P3,14057.336290907051,14234.819424261881
2880,P4,14234.819424261881,14482.541413971861
2880,P5,14482.541413971861,14585.813041552317
2880,P6,14585.813041552317,14724.78381400787
2881,P1,13870.241619111066,13992.283304466057
2881,P2,13992.283304466057,14128.980433090836
2881,P3,14128.980433090836,14302.807290420626
2881,P4,14302.807290420626,14682.367888734761
2881,P7,14682.367888734761,14791.822460987056
2882,P3,13875.550735999013,14101.427655386688
2882,P4,14101.427655386688,14409.822825490566
2882,P5,14409.822825490566,14596.171144109443
2882,P6,14596.171144109443,14761.63475479444
2882,P7,14761.63475479444,14909.432143746604
2883,P3,13886.974006437296,14047.587821654055
2883,P5,14047.587821654055,14206.50028221133
2883,P6,14206.50028221133,14355.423411051204
2884,P2,13889.071960404504,14000.701673722206
2884,P3,14000.701673722206,14140.999241214748
2884,P4,14140.999241214748,14446.611594120272
2884,P7,14446.611594120272,14560.93617580222
2885,P2,13901.989730136991,14011.358021493334
2885,P3,14011.358021493334,14186.558565230154
2885,P4,14186.558565230154,14457.313417085988
2885,P5,14457.313417085988,14615.82946649137
2885,P6,14615.82946649137,14749.222855271077
2886,P1,13913.317805301738,13972.830432141684
2886,P2,13972.830432141684,14056.51115465688
2886,P3,14056.51115465688,14141.388552402303
2886,P4,14141.388552402303,14432.64645399041
2886,P5,14432.64645399041,14520.493058238852
2887,P1,13913.739534861817,14029.632614897699
2887,P2,14029.632614897699,14198.418853093846
2887,P3,14198.418853093846,14414.385340792258
2887,P5,14414.385340792258,14600.749547406907
2888,P3,13932.140147052623,14093.326915267426
2888,P4,14093.326915267426,14442.168597668348
2888,P6,14442.168597668348,14570.074271078225
2889,P1,13933.3395743636,14025.16881669584
2889,P2,14025.16881669584,14132.679161128393
2889,P3,14132.679161128393,14276.02682140727
2889,P5,14276.02682140727,14438.672045038524
2889,P6,14438.672045038524,14559.027541722468
2890,P2,13937.856933360386,14185.34330046945
2890,P3,14185.34330046945,14432.074808666554
2890,P4,14432.074808666554,14818.886587090343
2890,P6,14818.886587090343,15065.506011003268
2890,P7,15065.506011003268,15258.822073250101
2891,P1,13950.033427607023,14044.50411480187
2891,P2,14044.50411480187,14185.990311108615
2891,P3,14185.990311108615,14391.147792709557
2891,P5,14391.147792709557,14563.549295695126
2892,P3,13956.139833807223,14155.567987966238
2892,P5,14155.567987966238,14319.695820112267
2893,P1,13960.203605648461,14097.957985144096
2893,P2,14097.957985144096,14291.074175100248
2893,P3,14291.074175100248,14540.267920181304
2893,P5,14540.267920181304,14700.790928034427
2893,P6,14700.790928034427,14882.763958337826
2894,P2,13964.710735166545,14098.369736536348
2894,P3,14098.369736536348,14305.29320034999
2894,P4,14305.29320034999,14551.492405232786
2894,P7,14551.492405232786,14674.202424271507
2895,P3,13965.02939161036,14139.020137950449
2895,P4,14139.020137950449,14433.612210940144
2895,P6,14433.612210940144,14600.447609042369
2896,P3,13965.3376805602,14077.352391951905
2896,P4,14077.352391951905,14270.54250880709
2896,P5,14270.54250880709,14496.029639744631
2896,P6,14496.029639744631,14646.521152166897
2896,P7,14646.521152166897,14726.78329705842
2897,P3,13967.019115917245,14185.960371126803
2897,P5,14185.960371126803,14356.376457428301
2897,P6,14356.376457428301,14525.692447415488
2897,P7,14525.692447415488,14667.430671026394
2898,P1,13970.902645005744,14048.05498764208
2898,P2,14048.05498764208,14154.157192567394
2898,P3,14154.157192567394,14296.88964519405
2898,P4,14296.88964519405,14499.862673600968
2898,P6,14499.862673600968,14612.672597830404
2899,P3,13978.051551286608,14150.883308034692
2899,P4,14150.883308034692,14404.719212759197
2899,P7,14404.719212759197,14517.500970688468
2900,P3,13978.226321225467,14162.3860496784
2900,P5,14162.3860496784,14308.299140158904
2900,P6,14308.299140158904,14442.48960417275
2901,P2,13980.740091058624,14079.38782939616
2901,P3,14079.38782939616,14222.549931591571
2901,P4,14222.549931591571,14457.57410038055
2901,P6,14457.57410038055,14581.698769520215
2902,P1,13984.346185953522,14099.734649312803
2902,P2,14099.734649312803,14238.570989818125
2902,P3,14238.570989818125,14433.930526484168
2902,P4,14433.930526484168,14682.09125022595
2902,P5,14682.09125022595,14853.842737931285
2902,P6,14853.842737931285,14997.766820903373
2903,P1,13993.974988512642,14082.298880489667
2903,P2,14082.298880489667,14208.840072801368
2903,P3,14208.840072801368,14376.080244748084
2903,P4,14376.080244748084,14611.85579818322
2903,P7,14611.85579818322,14703.792774949743
2904,P2,13994.30053527793,14148.331613550272
2904,P3,14148.331613550272,14375.221008766177
2904,P4,14375.221008766177,14692.49125022717
2904,P5,14692.49125022717,14902.997656926636
2904,P6,14902.997656926636,15061.269247377873
2905,P1,13996.718534905493,14116.700318204497
2905,P2,14116.700318204497,14234.356106042142
2905,P3,14234.356106042142,14387.011122262493
2905,P5,14387.011122262493,14552.18534687969
2905,P6,14552.18534687969,14675.842591127152
2906,P1,13997.810550684755,14091.272778434735
2906,P2,14091.272778434735,14200.427140781669
2906,P3,14200.427140781669,14358.342321714474
2906,P4,14358.342321714474,14621.010526077533
2906,P7,14621.010526077533,14778.353922965818
2907,P1,14001.78597024381,14066.643198331716
2907,P2,14066.643198331716,14178.916354684647
2907,P3,14178.916354684647,14304.29311277234
2907,P4,14304.29311277234,14553.400305627692
2907,P5,14553.400305627692,14673.389581578826
2907,P6,14673.389581578826,14762.992508485346
2908,P1,14031.606572767392,14123.685377109303
2908,P2,14123.685377109303,14237.137419261242
2908,P3,14237.137419261242,14393.442237931471
2908,P5,14393.442237931471,14515.570241058229
2908,P6,14515.570241058229,14750.283579331015
2909,P2,14032.812852608964,14122.366522314464
2909,P3,14122.366522314464,14249.100350019626
2909,P4,14249.100350019626,14437.812865078267
2909,P5,14437.812865078267,14553.298993676499
2909,P6,14553.298993676499,14642.950014560254
2910,P1,14034.101950815924,14150.697247473254
2910,P2,14150.697247473254,14304.18794994989
2910,P3,14304.18794994989,14533.951895300908
2910,P4,14533.951895300908,14873.529971693319
2910,P5,14873.529971693319,15106.215829424114
2910,P6,15106.215829424114,15261.16332896701
2911,P2,14048.577299928955,14164.790929183873
2911,P3,14164.790929183873,14309.624647892211
2911,P5,14309.624647892211,14425.899022081545
2911,P6,14425.899022081545,14531.920952723785
2912,P3,14048.961863569286,14220.961169712045
2912,P5,14220.961169712045,14389.684028088051
2912,P6,14389.684028088051,14519.677976311037
2913,P3,14050.598751211111,14264.153290329255
2913,P5,14264.153290329255,14435.20412759045
2913,P6,14435.20412759045,14627.58913765659
2913,P7,14627.58913765659,14760.893403895254
2914,P3,14052.924581297708,14199.24410407517
2914,P4,14199.24410407517,14451.123651601445
2914,P6,14451.123651601445,14561.219801931999
2915,P3,14056.248825960593,14204.474483439237
2915,P5,14204.474483439237,14337.72350968746
2915,P6,14337.72350968746,14432.38024117099
2916,P1,14061.989756378098,14155.240302741675
2916,P2,14155.240302741675,14282.575378305673
2916,P3,14282.575378305673,14463.158614581329
2916,P5,14463.158614581329,14605.877240070133
2917,P1,14063.962726318885,14166.009319471368
2917,P2,14166.009319471368,14317.422685422049
2917,P3,14317.422685422049,14479.572005192631
2917,P5,14479.572005192631,14632.097472335006
2918,P1,14071.575310766746,14175.525987043678
2918,P2,14175.525987043678,14312.54814056947
2918,P3,14312.54814056947,14540.575102403896
2918,P4,14540.575102403896,14832.435499807707
2918,P6,14832.435499807707,14984.197634819498
2919,P1,14082.0044986633,14267.282662582742
2919,P2,14267.282662582742,14433.00581093909
2919,P3,14433.00581093909,14617.485442828138
2919,P4,14617.485442828138,14868.14993940088
2919,P6,14868.14993940088,15056.627628069513
2919,P7,15056.627628069513,15180.906752223835
2920,P1,14083.858739346912,14165.209253425708
2920,P2,14165.209253425708,14276.462309150034
2920,P3,14276.462309150034,14437.043025912997
2920,P4,14437.043025912997,14665.609393640534
2920,P5,14665.609393640534,14786.297345919038
2921,P3,14086.143803009683,14213.198685063475
2921,P4,14213.198685063475,14369.683894617627
2921,P7,14369.683894617627,14441.179977798598
2922,P2,14092.33167216632,14214.14870553193
2922,P3,14214.14870553193,14358.416322119643
2922,P4,14358.416322119643,14734.870732181673
2922,P7,14734.870732181673,14835.544730263
2923,P3,14100.834725384826,14299.19514974507
2923,P5,14299.19514974507,14463.192441358988
2923,P6,14463.192441358988,14611.586671887208
2923,P7,14611.586671887208,14706.862044195632
2924,P1,14101.102650049837,14194.42384430358
2924,P2,14194.42384430358,14342.448698385819
2924,P3,14342.448698385819,14562.141003635392
2924,P5,14562.141003635392,14723.806788514847
2924,P6,14723.806788514847,14876.053012163733
2925,P3,14105.817800446936,14292.401803300736
2925,P4,14292.401803300736,14565.652666081243
2925,P6,14565.652666081243,14696.086881420348
2926,P3,14111.69097441828,14275.387570523219
2926,P5,14275.387570523219,14406.083832767636
2927,P1,14112.391385580371,14223.980970919683
2927,P2,14223.980970919683,14371.579958414895
2927,P3,14371.579958414895,14568.342334544963
2927,P4,14568.342334544963,14910.306833632196
2927,P7,14910.306833632196,15048.909954963721
2928,P1,14114.948902541018,14231.611687764238
2928,P2,14231.611687764238,14377.377570105362
2928,P3,14377.377570105362,14570.25370486861
2928,P4,14570.25370486861,14864.585415592308
2928,P5,14864.585415592308,15038.860045011605
2929,P1,14122.907537880272,14255.552725539523
2929,P2,14255.552725539523,14403.372011734327
2929,P3,14403.372011734327,14651.380290207942
2929,P4,14651.380290207942,15011.92605510985
2929,P6,15011.92605510985,15212.78442885646
2930,P1,14123.824495675693,14204.745958089685
2930,P2,14204.745958089685,14307.555605530628
2930,P3,14307.555605530628,14448.054242134216
2930,P5,14448.054242134216,14662.008964770821
2930,P6,14662.008964770821,14759.206268616073
2931,P2,14126.469283494329,14284.273515054521
2931,P3,14284.273515054521,14464.99827861732
2931,P4,14464.99827861732,14723.114138895038
2931,P6,14723.114138895038,14847.615646778913
2932,P1,14130.381945503126,14212.37724214063
2932,P2,14212.37724214063,14323.23836416581
2932,P3,14323.23836416581,14457.983041581509
2932,P4,14457.983041581509,14685.12942226724
2932,P7,14685.12942226724,14847.797627770558
2933,P3,14131.974258043223,14235.849081329028
2933,P4,14235.849081329028,14454.658069786336
2933,P6,14454.658069786336,14571.15929383155
2934,P3,14138.00564461251,14287.941715684114
2934,P5,14287.941715684114,14423.597994428668
2934,P6,14423.597994428668,14536.211286734693
2935,P1,14142.87786697696,14232.466704691613
2935,P2,14232.466704691613,14347.779369725205
2935,P3,14347.779369725205,14469.862885395289
2935,P5,14469.862885395289,14599.45749783489
2935,P6,14599.45749783489,14710.07409822957
2936,P3,14146.080236705267,14323.192922637694
2936,P4,14323.192922637694,14652.152923011987
2936,P6,14652.152923011987,14794.591256974962
2936,P7,14794.591256974962,14909.454579858786
2937,P1,14155.015270117061,14262.735041400518
2937,P2,14262.735041400518,14384.632820825595
2937,P3,14384.632820825595,14576.267295021144
2937,P4,14576.267295021144,14883.633036668154
2937,P7,14883.633036668154,15007.52361447682
2938,P2,14161.205894298302,14272.09475946705
2938,P3,14272.09475946705,14427.55528948488
2938,P4,14427.55528948488,14645.675895523353
2938,P6,14645.675895523353,14748.181716829587
2939,P2,14172.267815251196,14248.011817102057
2939,P3,14248.011817102057,14348.20676826484
2939,P5,14348.20676826484,14474.660774450962
2940,P3,14177.787958810859,14368.164946887202
2940,P4,14368.164946887202,14728.398746788394
2940,P5,14728.398746788394,14924.988668084829
2940,P6,14924.988668084829,15067.1722152597
2941,P3,14177.924372615395,14377.403905175079
2941,P5,14377.403905175079,14492.883790359103
2942,P2,14178.953284094068,14281.505457406678
2942,P3,14281.505457406678,14406.585032853161
2942,P5,14406.585032853161,14553.523705460751
2943,P1,14184.672432780542,14382.237484511752
2943,P2,14382.237484511752,14507.77660043585
2943,P3,14507.77660043585,14628.62683921872
2943,P5,14628.62683921872,14741.808867329497
2943,P6,14741.808867329497,14843.151335511
2944,P2,14191.778440726937,14270.525226959211
2944,P3,14270.525226959211,14399.5250661106
2944,P4,14399.5250661106,14561.427415395878
2944,P6,14561.427415395878,14635.999924718784
2945,P3,14192.943861772916,14353.335955084087
2945,P4,14353.335955084087,14661.192434615814
2945,P5,14661.192434615814,14803.111746142742
2945,P6,14803.111746142742,14926.618980260228
2946,P1,14198.82830030338,14267.297616140975
2946,P2,14267.297616140975,14353.684567182878
2946,P3,14353.684567182878,14474.724121130745
2946,P5,14474.724121130745,14615.142113582464
2947,P2,14207.413212359488,14314.288979321724
2947,P3,14314.288979321724,14520.20708000437
2947,P4,14520.20708000437,14750.763403815314
2947,P5,14750.763403815314,14864.053473133197
2948,P1,14207.453954830513,14300.983558420248
2948,P2,14300.983558420248,14409.69467516227
2948,P3,14409.69467516227,14585.633449383851
2948,P4,14585.633449383851,14794.867029440511
2948,P7,14794.867029440511,14898.66877428421
2949,P3,14207.494246910237,14478.338471191584
2949,P5,14478.338471191584,14674.846719688328
2949,P6,14674.846719688328,14849.672249546311
2949,P7,14849.672249546311,15017.117695738985
2950,P3,14208.454101866826,14403.194127048688
2950,P5,14403.194127048688,14582.630988106888
2951,P2,14208.651539254079,14350.099152090854
2951,P3,14350.099152090854,14476.2035320761
2951,P5,14476.2035320761,14763.275662985228
2951,P6,14763.275662985228,14881.49024844317
2952,P3,14212.001969336083,14336.778970215355
2952,P5,14336.778970215355,14461.227245787088
2952,P6,14461.227245787088,14617.979260920423
2952,P7,14617.979260920423,14713.27602919284
2953,P1,14215.48318140039,14345.270787209733
2953,P2,14345.270787209733,14477.90134784158
2953,P3,14477.90134784158,14620.866413731223
2953,P5,14620.866413731223,14739.272939807637
2954,P1,14217.30172738287,14316.964604311719
2954,P2,14316.964604311719,14426.725569627399
2954,P3,14426.725569627399,14579.768530296855
2954,P4,14579.768530296855,14811.272236258501
2954,P7,14811.272236258501,14939.764137236943
2955,P3,14222.123247693049,14426.634876685726
2955,P4,14426.634876685726,14730.526274879709
2955,P6,14730.526274879709,14879.419104017266
2956,P1,14233.642759179793,14348.716402333039
2956,P2,14348.716402333039,14476.963422378145
2956,P3,14476.963422378145,14650.699726842591
2956,P5,14650.699726842591,14826.870456447505
2956,P6,14826.870456447505,15000.64811716873
2957,P1,14235.896138681903,14303.472329282511
2957,P2,14303.472329282511,14389.02996219177
2957,P3,14389.02996219177,14506.88169126067
2957,P4,14506.88169126067,14724.128681651599
2957,P6,14724.128681651599,14832.337837281117
2957,P7,14832.337837281117,14903.224785444794
2958,P2,14242.923928798595,14371.859888822313
2958,P3,14371.859888822313,14560.016850931053
2958,P5,14560.016850931053,14745.917036545563
2959,P1,14243.515238643919,14312.46888212806
2959,P2,14312.46888212806,14384.366676031863
2959,P3,14384.366676031863,14496.426608412288
2959,P5,14496.426608412288,14617.81365720249
2959,P6,14617.81365720249,14721.716275139888
2960,P1,14253.452196550179,14362.901463009759
2960,P2,14362.901463009759,14514.34588935263
2960,P3,14514.34588935263,14703.98867423964
2960,P5,14703.98867423964,14879.706160791033
2961,P2,14260.004454135664,14358.077591950032
2961,P3,14358.077591950032,14486.398635136014
2961,P4,14486.398635136014,14709.166350834821
2961,P6,14709.166350834821,14805.695252346502
2962,P3,14260.631966298324,14434.355064900416
2962,P5,14434.355064900416,14620.377139918543
2962,P6,14620.377139918543,14751.25704601612
2963,P2,14261.593785990946,14364.829714972086
2963,P3,14364.829714972086,14520.82788260876
2963,P4,14520.82788260876,14738.457371056666
2963,P5,14738.457371056666,14845.873929345022
2963,P6,14845.873929345022,14965.951241865145
2964,P1,14267.660623936159,14356.948339016048
2964,P2,14356.948339016048,14476.160618981941
2964,P3,14476.160618981941,14679.808960275517
2964,P4,14679.808960275517,14914.137452807014
2964,P6,14914.137452807014,15039.806284926644
2965,P3,14268.563683231745,14414.427577296878
2965,P4,14414.427577296878,14701.229245488912
2965,P5,14701.229245488912,14853.952417310085
2966,P2,14270.403572301435,14357.434545209724
2966,P3,14357.434545209724,14510.684153638158
2966,P4,14510.684153638158,14721.257312623398
2966,P6,14721.257312623398,14797.304044995622
2966,P7,14797.304044995622,14900.911980967623
2967,P3,14273.9226452164,14396.97465445197
2967,P5,14396.97465445197,14508.310457222042
2968,P2,14281.552453373433,14443.412122445252
2968,P3,14443.412122445252,14613.142018110828
2968,P5,14613.142018110828,14806.458805073251
2969,P3,14282.031117565846,14435.621866121353
2969,P4,14435.621866121353,14712.25663599004
2969,P5,14712.25663599004,14864.044985916285
2970,P1,14285.40487960399,14397.231668313398
2970,P2,14397.231668313398,14527.52488123382
2970,P3,14527.52488123382,14705.95372621404
2970,P4,14705.95372621404,14971.966986271338
2970,P5,14971.966986271338,15123.134008178382
2970,P6,15123.134008178382,15284.168571816768
2971,P2,14290.208122404054,14440.57446655067
2971,P3,14440.57446655067,14649.899147427657
2971,P4,14649.899147427657,14945.284482243485
2971,P6,14945.284482243485,15089.016865947584
2972,P1,14296.434584694407,14394.92346761332
2972,P2,14394.92346761332,14494.476933811216
2972,P3,14494.476933811216,14631.751434406473
2972,P5,14631.751434406473,14751.786748604934
2972,P6,14751.786748604934,14864.867331524323
2973,P3,14300.417979799295,14471.358369971704
2973,P4,14471.358369971704,14830.771811584746
2973,P5,14830.771811584746,15014.633396994856
2973,P6,15014.633396994856,15154.87427162077
2974,P3,14300.623623133957,14398.574639146666
2974,P4,14398.574639146666,14561.92677321056
2974,P6,14561.92677321056,14655.106191414803
2975,P1,14304.506377120964,14451.544854380216
2975,P2,14451.544854380216,14567.200503271071
2975,P3,14567.200503271071,14725.923115455107
2975,P4,14725.923115455107,14959.707968586277
2975,P6,14959.707968586277,15078.642327153853
2976,P2,14306.724333300139,14452.097506715229
2976,P3,14452.097506715229,14659.35507387615
2976,P4,14659.35507387615,14956.859652354833
2976,P7,14956.859652354833,15083.790303530628
2977,P1,14307.019153730604,14387.967464350018
2977,P2,14387.967464350018,14467.896164169972
2977,P3,14467.896164169972,14606.812875576758
2977,P4,14606.812875576758,14805.920683881997
2977,P6,14805.920683881997,14894.455878641304
2978,P2,14314.719923314251,14638.063036678268
2978,P3,14638.063036678268,14842.518804997733
2978,P5,14842.518804997733,15053.809271098604
2978,P6,15053.809271098604,15215.727935838708
2978,P7,15215.727935838708,15386.60583169059
2979,P3,14317.476179951273,14572.575345382751
2979,P5,14572.575345382751,14728.438858533527
2979,P6,14728.438858533527,14895.9366946691
2979,P7,14895.9366946691,15015.899845434258
2980,P3,14323.705184664357,14596.623161014648
2980,P4,14596.623161014648,14912.22183080584
2980,P6,14912.22183080584,15048.40341719895
2981,P3,14325.33445674636,14482.177107273823
2981,P4,14482.177107273823,14788.08930132191
2981,P7,14788.08930132191,14912.303659221583
2982,P1,14325.468676140497,14399.854958080998
2982,P2,14399.854958080998,14493.984654705055
2982,P3,14493.984654705055,14600.383510964744
2982,P4,14600.383510964744,14772.318284759918
2982,P5,14772.318284759918,14881.427939193994
2982,P6,14881.427939193994,14985.072689840812
2982,P7,14985.072689840812,15065.332795457001
2983,P1,14328.135609462868,14434.710826671266
2983,P2,14434.710826671266,14560.857806185704
2983,P3,14560.857806185704,14730.80275387759
2983,P5,14730.80275387759,14869.128648920314
2983,P6,14869.128648920314,14990.379609651949
2984,P2,14334.688405204375,14436.350705777011
2984,P3,14436.350705777011,14600.042191234488
2984,P5,14600.042191234488,14706.60955786952
2984,P6,14706.60955786952,14818.065264256258
2985,P3,14335.996314035177,14451.265860887841
2985,P5,14451.265860887841,14543.219459158167
2986,P2,14352.15184587581,14461.555769041053
2986,P3,14461.555769041053,14563.446535316269
2986,P5,14563.446535316269,14659.203403961987
2986,P6,14659.203403961987,14757.697388292256
2987,P1,14357.299072861051,14456.245831016011
2987,P2,14456.245831016011,14556.20341702187
2987,P3,14556.20341702187,14695.781575063256
2987,P4,14695.781575063256,14961.045183383367
2987,P7,14961.045183383367,15051.529235576923
2988,P1,14357.793759497907,14522.841622367656
2988,P2,14522.841622367656,14613.812703228698
2988,P3,14613.812703228698,14825.319203996036
2988,P5,14825.319203996036,14966.835546526761
2989,P2,14365.152536586007,14499.687730980646
2989,P3,14499.687730980646,14717.05281105561
2989,P5,14717.05281105561,14909.450989707326
2989,P6,14909.450989707326,15083.033639397005
2990,P2,14366.410449676358,14472.329471603516
2990,P3,14472.329471603516,14626.064788817686
2990,P4,14626.064788817686,14869.979696427488
2990,P5,14869.979696427488,15009.256765736098
2991,P3,14374.490128097095,14561.195874275278
2991,P5,14561.195874275278,14769.616797178362
2992,P1,14379.977016171588,14479.162308290197
2992,P2,14479.162308290197,14583.265918587984
2992,P3,14583.265918587984,14847.313771947553
2992,P5,14847.313771947553,14999.24228042547
2993,P1,14381.904528961413,14544.150403260772
2993,P2,14544.150403260772,14644.098647918356
2993,P3,14644.098647918356,14772.322562239242
2993,P4,14772.322562239242,15057.682151826863
2993,P6,15057.682151826863,15177.93991725552
2994,P3,14383.131997749191,14546.775140562688
2994,P4,14546.775140562688,14825.482947550126
2994,P6,14825.482947550126,14974.039839883293
2995,P3,14383.146777604683,14616.410778478816
2995,P5,14616.410778478816,14730.743021182776
2996,P3,14387.108118829037,14541.251621395639
2996,P4,14541.251621395639,14811.074962766152
2996,P5,14811.074962766152,14933.774981354589
2997,P2,14391.216525809186,14504.09626531059
2997,P3,14504.09626531059,14672.950070893807
2997,P4,14672.950070893807,14890.908766725306
2997,P7,14890.908766725306,15010.165808607402
2998,P1,14391.675492828304,14498.24651054369
2998,P2,14498.24651054369,14669.29896969674
2998,P3,14669.29896969674,14821.54170839868
2998,P4,14821.54170839868,15065.927893683218
2998,P6,15065.927893683218,15179.624068653542
2999,P1,14396.620851566551,14495.456911318253
2999,P2,14495.456911318253,14621.117461327687
2999,P3,14621.117461327687,14807.817520622906
2999,P4,14807.817520622906,15117.694246078223
2999,P7,15117.694246078223,15259.804520312382
